"platform","name","rate_per_1k","cost_per_1k","min_qty","max_qty","provider","id"
"facebook","Facebook Post Likes [🇹🇭Thailand🇹🇭] [Refill: No] [Start Time: 1 - 12 Hour] [Speed:100/Day] [UPDATED 15.10.2025]","1.344","0.96","100","50000","wizsmm","086e0480-f48b-400f-86c0-122646065170"
"facebook","🇦🇪 Facebook - 𝐂𝐨𝐦𝐦𝐞𝐧𝐭 𝐋𝐢𝐤𝐞 (👍👍👍) - United Arab Emirates - Non Drop - 200-300/Day | 30 Days Refill","11.004","7.86","50","10000","wizsmm","0a7ea02d-2877-48c5-9485-e9839c4ad36e"
"facebook","Facebook Live Stream Views - S2 [ 150 Minutes ]","14.112","10.08","50","1998","wizsmm","00249109-3e73-44e6-8b5a-631ba8fbbd8d"
"facebook","♛ Facebook Post Likes - [ Max - 100K ] [ Good Quality ] [ 5k-10k/day ] [ 30 Days Refill ] INSTANT","2.464","1.76","10","100000","wizsmm","012b0ec2-6802-43e0-808e-7e0c8421f118"
"facebook","🇲🇾 Facebook - Post React 𝐒𝐚𝐝 (😢)	 - Malaysia - Non Drop - 200-300/Day | 30 Days Refill","9.632","6.88","50","10000","wizsmm","012bd535-eaee-48c4-9e34-572a3afe47e8"
"facebook","♛ Facebook followers - [ Max - 1M ] [ 5k-10k/Day ] [ 30 Days Refill ] 1-6 HRS","1.33","0.95","10","1000000","wizsmm","017ec419-d47b-4392-8680-d2d5a3fb4a32"
"facebook","Sweden Traffic from Facebook","0.77","0.55","1000","1000000","wizsmm","01d17d34-89b5-439e-8651-0c2b7261a1e0"
"facebook","🇨🇦 Facebook - Post React 𝐋𝐨𝐯𝐞 (❤️) - Canada - Non Drop - 200-300/Day | 30 Days Refill","8.134","5.81","50","10000","wizsmm","02537eee-3b7a-4fde-966c-3aa30a9ae47a"
"facebook","Facebook Shares [🇵🇭Philippines🇵🇭] [30 Days Refill] [150/D] [0-12/H]","3.864","2.76","10","300","wizsmm","02aa08c4-65c7-4282-9fc3-6efd2e373d6d"
"facebook","Facebook Followers [ 🚀25K ] [ Instant Start ] [ Cancel Button ] [ ♻️60D ]","0.84","0.6","10","100000","wizsmm","03827809-21a4-4510-bc53-08a693a80e54"
"facebook","🇨🇦 Facebook 𝐆𝐫𝐨𝐮𝐩 𝐌𝐞𝐦𝐛𝐞𝐫𝐬 - Canada - Non Drop - 200-500/Day | 30 Days Refill","12.208","8.72","50","10000","wizsmm","04bef966-cf00-455f-b348-bc6271c48f85"
"facebook","Facebook Video / Reels Views [ 500k+/day ] 0-1 HRS","0.112","0.08","100","10000000","wizsmm","04c724d4-adc6-484b-9dcd-513f2ad24d99"
"facebook","🇨🇦 Facebook - 𝗣𝗼𝘀𝘁 (𝐑𝐚𝐧𝐝𝐨𝐦 𝗖𝗼𝗺𝗺𝗲𝗻𝘁𝘀) - 𝐅𝐞𝐦𝐚𝐥𝐞 𝐏𝐫𝐨𝐟𝐢𝐥𝐞 💁‍ - Canada - Non Drop - 100-200/Day | 30 Days Refill","20.342","14.53","5","1000","wizsmm","0502f047-45ae-477c-a824-3ebf67d99b56"
"facebook","🇧🇷 Facebook - Post React 𝐇𝐚𝐇𝐚 (😆) - Brazil - Non Drop - 200-300/Day | 30 Days Refill","10.85","7.75","50","10000","wizsmm","06494e11-cd22-4dc5-a1ee-c0c5d2bef1ce"
"facebook","🇫🇷 Facebook - 𝐏𝐨𝐬𝐭/𝐕𝐢𝐝𝐞𝐨 𝐒𝐡𝐚𝐫𝐞 (𝐀𝐥𝐥 𝐋𝐢𝐧𝐤𝐬) France - Non Drop - 200-300/Day | 30 Days Refill","18.984","13.56","20","10000","wizsmm","07adff9b-d0b8-4b9c-aafa-4257ddad585b"
"facebook","Facebook Profile Followers [🇵🇭Philippines🇵🇭] [30 Days Refill] [50-150/D] [0-12/H]","3.864","2.76","10","500","wizsmm","07c784c8-e8aa-430f-ba54-6b8ead2b05f9"
"facebook","Facebook Costum Comments [🇵🇭Philippines🇵🇭] [500-1K/D] [0-24/H]","50.988","36.42","10","1000","wizsmm","0940cd62-149c-4d5f-8b73-019fcfa61de2"
"facebook","🇩🇪 Facebook - Post 𝐋𝐢𝐤𝐞𝐬 (👍) 𝐅𝐞𝐦𝐚𝐥𝐞 - Germany - Non Drop - 200-300/Day | 30 Days Refill","9.632","6.88","50","10000","wizsmm","09efca1c-3a98-4b50-a2aa-f1e4131d3231"
"facebook","🇳🇬 Facebook - 𝗣𝗼𝘀𝘁 (𝗖𝘂𝘀𝘁𝗼𝗺 𝗖𝗼𝗺𝗺𝗲𝗻𝘁𝘀) - Nigeria - Non Drop - 100-200/Day | 30 Days Refill","20.636","14.74","5","1000","wizsmm","0a02b4cc-a2b6-431a-aa2c-a01a258e7859"
"facebook","Facebook  Reels Share - [ 1k/day ] [ 30 Days Refill ] 6-12 HRS","7.056","5.04","50","300000","wizsmm","0a2ea7ba-64dd-4c03-bc2d-c86ad7a51e70"
"facebook","🇧🇷 Facebook - 𝐂𝐨𝐦𝐦𝐞𝐧𝐭 React 𝐖𝐨𝐰 (😯😯😯) - Brazil - Non Drop - 200-300/Day | 30 Days Refill","10.85","7.75","50","10000","wizsmm","0a3212f0-ac09-4e2b-897c-506ae1907e33"
"facebook","🇵🇭 Facebook - Post 𝐋𝐢𝐤𝐞𝐬 (👍) 𝐅𝐞𝐦𝐚𝐥𝐞 - Philippines - Non Drop - 200-300/Day | 30 Days Refill","11.004","7.86","50","10000","wizsmm","0b8c7f53-06da-4cfd-bd6d-85a3d57deea2"
"facebook","Facebook Female Page Review [Real] [USA] [Start time: 0-12 Hour ]","70.56","50.4","1","500","wizsmm","0c1e25c6-31bb-434e-aa17-5c39760a12b2"
"facebook","Facebook Followers | HQ+Real | Low Drop | Day 50K | 60 Days Refill","0.742","0.52","10","500000","wizsmm","0c25542c-6cac-4a52-84a4-9cd748bad99f"
"facebook","Facebook Post Reactions | 😂Haha | 🔥𝐈𝐧𝐬𝐭𝐚𝐧𝐭 𝐒𝐭𝐚𝐫𝐭 | 🚀10K/Day | ♻️30 Days Guarantee","1.26","0.9","50","1000000","wizsmm","0cfb5faa-a05f-472b-abdb-5922479652c8"
"facebook","Facebook Video Views [ 5k-10k/day ] 0-24 HRS","0.322","0.23","100","1000000","wizsmm","0ea987e4-c296-4259-a4c7-85b80f5355de"
"facebook","🇯🇵 Facebook - 𝗣𝗼𝘀𝘁 (𝐑𝐚𝐧𝐝𝐨𝐦 𝗖𝗼𝗺𝗺𝗲𝗻𝘁𝘀) - 𝑴𝒂𝒍𝒆 𝑷𝒓𝒐𝒇𝒊𝒍𝒆 👦 - Japan - Non Drop - 100-200/Day | 30 Days Refill","23.058","16.47","5","1000","wizsmm","0ed115ef-d6f6-47a7-bbee-6579d169d58b"
"facebook","🇵🇭 Facebook | Profile/Page - Followers - Philippines - Non Drop - 200-300/Day | 30 Days Refill","17.878","12.77","50","10000","wizsmm","0ed70337-e61f-49c0-b5bc-f9b0924ff6d1"
"facebook","🇫🇷 Facebook - 𝐂𝐨𝐦𝐦𝐞𝐧𝐭 React 𝐋𝐨𝐯𝐞 (❤️❤️❤️) - France - Non Drop - 200-300/Day | 30 Days Refill","10.85","7.75","20","10000","wizsmm","0edaab78-c277-4f81-9a2b-03d649a51742"
"facebook","🇯🇵 Facebook - Post 𝐋𝐢𝐤𝐞𝐬 (👍) 𝐅𝐞𝐦𝐚𝐥𝐞 - Japan - Non Drop - 200-300/Day | 30 Days Refill","9.562","6.83","50","10000","wizsmm","0fb968d6-b26e-4036-997e-449cd2433b75"
"facebook","Facebook Live Stream Views - S8 [ 60 Minutes ]","7.224","5.16","50","2000","wizsmm","100de785-97cc-410e-8adf-aa736c02dc59"
"facebook","Facebook Page Like + Followers [ 3k-5k/day ] [ 30 Days Refill ] 0-6 HRS","2.562","1.83","100","500000","wizsmm","1147e861-d09a-4659-9f6a-caea9579441b"
"facebook","Facebook Live Stream Views - S9 [ 60 Minutes ]","7.84","5.6","50","20000","wizsmm","115414c1-c49c-478c-ba40-22545861ed64"
"facebook","Facebook Page Likes + Followers - [ Max - 100K ] [ Non Drop, 5-10k/day ] [ 60 Days Guaranteed ] 12-24 HRS","3.43","2.45","1000","50000","wizsmm","11db15fb-214e-4c29-99b4-b803e90f9f54"
"facebook","Facebook Live Stream Views- [ 330 Minutes ]","2.52","1.8","20","10000","wizsmm","11dd6868-ccb0-45e0-bd5a-38f8542813fb"
"facebook","🇨🇦 Facebook - 𝐂𝐨𝐦𝐦𝐞𝐧𝐭 React 𝐖𝐨𝐰 (😯😯😯) - Canada - Non Drop - 200-300/Day | 30 Days Refill","8.134","5.81","50","10000","wizsmm","1269a10d-b964-4f6a-82f7-165de86e598e"
"facebook","🇵🇭 Facebook - 𝗣𝗼𝘀𝘁 (𝗘𝗺𝗼𝗷𝗶 𝗖𝗼𝗺𝗺𝗲𝗻𝘁𝘀) - Philippines - Non Drop - 100-200/Day | 30 Days Refill","22.008","15.72","5","1000","wizsmm","12c395e6-385f-4cc6-b72e-be59dddb0450"
"facebook","Facebook Costum Comments [🇵🇭Philippines🇵🇭] [30 Days Refill] [150/D] [0-12/H]","18.816","13.44","5","300","wizsmm","140f6456-0ff6-4891-8cb9-20c1e31b5fa8"
"facebook","🇳🇬 Facebook - 𝗣𝗼𝘀𝘁 (𝗖𝘂𝘀𝘁𝗼𝗺 𝗖𝗼𝗺𝗺𝗲𝗻𝘁𝘀) - 𝑴𝒂𝒍𝒆 𝑷𝒓𝒐𝒇𝒊𝒍𝒆 👦 - Nigeria - Non Drop - 100-200/Day | 30 Days Refill","20.636","14.74","5","1000","wizsmm","14472670-da0c-4169-96f2-3cb97802b4ff"
"facebook","FACEBOOK COMMENTS-LIKE [USA] [MAX 1K]","158.592","113.28","100","1000","wizsmm","145eba03-e731-4b56-af2e-60590399a96d"
"facebook","Facebook Page Followers [🇹🇭Thailand🇹🇭] [30 Days Refill] 100-1K/D] [0-8/H]","4.06","2.9","100","50000","wizsmm","153d2ed2-b979-4e3f-8c81-68ae8077455c"
"facebook","Facebook Live Organic Viewers | Max 100K | 100% Concurrent | 24 Hours","112.896","80.64","10","30000","wizsmm","156be445-a07e-4daa-8634-0e73f89176e2"
"facebook","Facebook Random Comments - [ Max-500 ] [ 30 Days Refill ] 12-24 HRS","16.8","12","10","100","wizsmm","15885e63-dc90-4890-8ab8-f30c7d570d81"
"facebook","Canada Traffic from Facebook","0.56","0.4","500","1000000","wizsmm","15d11be7-bdb8-45a1-84bf-04c8d992fd82"
"facebook","🇫🇷 Facebook 𝐆𝐫𝐨𝐮𝐩 𝐌𝐞𝐦𝐛𝐞𝐫𝐬 - France - Non Drop - 200-500/Day | 30 Days Refill","16.268","11.62","20","10000","wizsmm","16739f52-4ddb-4105-8b0f-08cac4724267"
"facebook","Facebook Personal Profile Followers - [ High Speed ] [ 10k-50k/day ] 0-24 HRS","1.33","0.95","10","1000000","wizsmm","0e60c06f-e9a9-493c-954a-eca5140387cb"
"facebook","Facebook Followers [High Quality] [30 Days Refill] [500K/D] [Instant]","0.49","0.35","50","500000","wizsmm","18c3c2e5-7493-4c84-9717-1a479072c73b"
"facebook","🇦🇪 Facebook - 𝐂𝐨𝐦𝐦𝐞𝐧𝐭 React 𝐖𝐨𝐰 (😯😯😯) - United Arab Emirates - Non Drop - 200-300/Day | 30 Days Refill","11.004","7.86","50","10000","wizsmm","16db1262-edd0-4e30-8deb-ca1ee378092d"
"facebook","Facebook Comment RANDOM [🇮🇹ITALY🇮🇹] [REAL] [NON DROP] [Start Time: 0-24 Hours]","65.52","46.8","1","500","wizsmm","16ded499-9835-4775-a39a-ccad5f6aef0b"
"facebook","Facebook Live Stream Views - S8 [ 180 Minutes ]","21.644","15.46","50","2000","wizsmm","185531f2-56eb-4e77-a9dc-d6d6e1514cf0"
"facebook","Facebook Live Stream Views - S7 [ 90 Minutes ]","13.174","9.41","20","20000","wizsmm","185f140c-2d63-456f-81cc-202b6b7ce33b"
"facebook","Facebook All Type Page Likes and Followers [World Wide] [Lifetime Refill] [50-100K/D] [Instant]","1.344","0.96","10","500000","wizsmm","1874f52e-d8a2-419d-a59a-8afb7df0e121"
"facebook","♛ Facebook Video / Reels Views [ 10 Min ] [ 100k+/day ] 0-1 HRS","1.554","1.11","500","10000000","wizsmm","18a262af-1724-4cdb-a45b-26a15f879b3b"
"facebook","Facebook Post Reaction CARE [🇩🇪GERMANY🇩🇪] [PAGE/Profile] [NON DROP] [Start Time: 0-24 Hours]","11.466","8.19","10","500","wizsmm","18bef95e-872d-4f1a-81e5-86d64ed6c5c8"
"facebook","FACEBOOK POST LIKE [USA FEMALE] [MAX 1K]","3.976","2.84","100","1000","wizsmm","18c1e430-acc4-4120-882b-3943a1258d80"
"facebook","🇨🇦 Facebook 𝐏𝐚𝐠𝐞 𝐑𝐞𝐯𝐢𝐞𝐰 (Yes-Recommendations) [𝐖𝐢𝐭𝐡𝐨𝐮𝐭 𝐂𝐮𝐬𝐭𝐨𝐦 𝐂𝐨𝐦𝐦𝐞𝐧𝐭𝐬] - Canada - Non Drop - 100-200/Day | 30 Days Refill","20.342","14.53","50","1000","wizsmm","19961405-a5ff-444c-b82f-7c84aa7c65fe"
"facebook","Facebook Post Reaction HAHA [🇩🇪GERMANY🇩🇪] [PAGE/Profile] [NON DROP] [Start Time: 0-24 Hours]","11.466","8.19","10","500","wizsmm","19cf9121-331f-4ed5-9b0a-5d23d2e84acd"
"facebook","Thailand Traffic from Facebook [LQ]","0.238","0.17","88","88888888","wizsmm","1aeefecd-542a-4710-9349-d1e30f6d9551"
"facebook","Facebook Post Reaction LOVE [🇩🇪GERMANY🇩🇪] [PAGE/Profile] [NON DROP] [Start Time: 0-24 Hours]","11.466","8.19","10","500","wizsmm","1b09a4e3-3237-4f2f-a154-a4c59a2bc487"
"facebook","🇫🇷 Facebook - 𝐂𝐨𝐦𝐦𝐞𝐧𝐭 React 𝐖𝐨𝐰 (😯😯😯) - France - Non Drop - 200-300/Day | 30 Days Refill","10.85","7.75","20","10000","wizsmm","1c0bad55-6a8d-4ad2-97f6-f4b7a80e74e2"
"facebook","🇯🇵 Facebook 𝐏𝐚𝐠𝐞 𝐑𝐞𝐯𝐢𝐞𝐰 (Yes-Recommendations) [𝐖𝐢𝐭𝐡𝐨𝐮𝐭 𝐂𝐮𝐬𝐭𝐨𝐦 𝐂𝐨𝐦𝐦𝐞𝐧𝐭𝐬] - Japan - Non Drop - 100-200/Day | 30 Days Refill","23.058","16.47","5","1000","wizsmm","1e2a9c03-c739-41df-a952-59683c062ff5"
"facebook","Facebook Post Share [🇵🇭Philippines🇵🇭] [500-1K/D] [0-24/H]","4.746","3.39","100","10000","wizsmm","205a6ca8-58eb-4d79-a5fe-7b725e8a4c93"
"facebook","Facebook Post Reactions [😡𝐀𝐧𝐠𝐫𝐲] - [🚀10K] - [⚡Instant] - [♻️30D]","0.84","0.6","50","1000000","wizsmm","20827c28-5690-4398-b906-561c10f2433c"
"facebook","🇪🇬 Facebook Male Page Rating + Custom Comments [5⭐] [Max: 1k] [Refill: Lifetime] [Start Time: 48 Hours] [Speed: 500/Day]","13.16","9.4","50","10000","wizsmm","20947218-2297-4083-8288-5ec5722b3d5c"
"facebook","Facebook Followers [All Types] [30 Days Refill] [10-20K/D] [Instant]","1.89","1.35","10","5000000","wizsmm","24c7819b-6fed-444d-9eb1-c3e145a3ec7c"
"facebook","India Traffic from Facebook","0.56","0.4","500","1000000","wizsmm","251ca3fa-f24c-4b66-9a81-a63030ff344e"
"facebook","Facebook Post Reaction | Max 100K | Care 🥰 | Instant Start | No Refill | Speed: 20K/Day","0.672","0.48","10","100000","wizsmm","25b10b70-67ac-4acf-a791-57bf9d519d39"
"facebook","Facebook Post Likes [English Names] [Cancel Enabled Working] [High Quality] [30 Days Refill] [30K] [Instant]","3.64","2.6","10","10000","wizsmm","25fed109-ba02-4199-b91b-d28b36d71544"
"facebook","🔵Facebook - PHOTO/POST  Haha React😁[100%PHILIPPINES🇵🇭] [⚡️Speed:10K/Day] [🎯Instant]🔥FAST🔥","5.292","3.78","100","1000","wizsmm","261a4c99-eaba-4e05-8823-2781b3942061"
"facebook","Facebook Indian Followers [No Drop] [Lifetime Guarantee] [5-10K/D] [Start 3 Hours]","1.68","1.2","100","100000","wizsmm","288eee91-d7ff-4f63-b9ea-017344ab4349"
"facebook","Taiwan Traffic from Facebook","0.238","0.17","88","88888888","wizsmm","28999526-c463-4768-90b0-a1431529ae79"
"facebook","Facebook Post Likes | [🇺🇸US🇺🇸] Male | | 𝗥𝗘𝗙𝗜𝗟𝗟 30D | Start 0-24h","11.466","8.19","25","3000","wizsmm","2899981c-1f42-4781-9e60-a141e8f87559"
"facebook","🇺🇸 FACEBOOK REEL SHARES [USA] [10K]","69.552","49.68","5","10000","wizsmm","2987aacb-fddb-4b00-9cbe-7fff592df088"
"facebook","🇧🇷 Facebook Page Likes - Brazil - Non Drop - 200-300/Day | 30 Days Refill","17.668","12.62","50","10000","wizsmm","2aefea16-e267-41ac-8454-3cd26bca80fd"
"facebook","Facebook Live Stream Views - [ Stay 4 Hour ] INSTANT","18.116","12.94","200","10000","wizsmm","2b4132cf-5203-4cf9-b6d7-f7849f1542f0"
"facebook","🇦🇪 Facebook - Post React 𝐖𝐨𝐰 (😯) - United Arab Emirates - Non Drop - 200-300/Day | 30 Days Refill","11.004","7.86","50","10000","wizsmm","2b48a5d3-4861-4b67-8d19-447adad0e509"
"facebook","Facebook Custom Comments - [ Max-500 ] [ 30 Days Refill ] 12-24 HRS","16.8","12","10","100","wizsmm","2c10f891-c08f-4877-be35-e122a76fa1c0"
"facebook","🇦🇪 Facebook - 𝐄𝐯𝐞𝐧𝐭 𝐉𝐨𝐢𝐧 (𝐆𝐨𝐢𝐧𝐠) - United Arab Emirates - Non Drop - 200-300/Day | 30 Days Refill","16.506","11.79","50","10000","wizsmm","2defc8bd-d0d2-449f-8be5-c82ec2546a81"
"facebook","🇫🇷 Facebook - 𝐂𝐨𝐦𝐦𝐞𝐧𝐭 React 𝐂𝐚𝐫𝐞 (🥰🥰🥰) - France - Non Drop - 200-300/Day | 30 Days Refill","10.85","7.75","20","10000","wizsmm","2e99444c-ee17-4a30-9f5c-a06e49cb83c5"
"facebook","Indonesia Traffic from Facebook","0.56","0.4","500","1000000","wizsmm","30360d9d-68d1-40b1-83f4-6ed525449644"
"facebook","Facebook views -  [ 200k/day ] INSTANT","0.056","0.04","10","2147483647","wizsmm","31626bc3-4340-4ceb-936f-29bb5d36ef15"
"facebook","Facebook Live Stream Views - S9 [ 30 Minutes ]","3.92","2.8","50","20000","wizsmm","327d04b9-d596-47fe-9436-5fb416770a24"
"facebook","🇧🇷 Facebook - 𝐄𝐯𝐞𝐧𝐭 𝐉𝐨𝐢𝐧 (𝐈𝐧𝐭𝐞𝐫𝐞𝐬𝐭) - Brazil - Non Drop - 200-300/Day | 30 Days Refill","13.58","9.7","50","10000","wizsmm","328be38f-d537-4f73-af29-87ce094744dd"
"facebook","🇦🇪 Facebook - 𝗣𝗼𝘀𝘁 (𝐑𝐚𝐧𝐝𝐨𝐦 𝗖𝗼𝗺𝗺𝗲𝗻𝘁𝘀) - 𝐅𝐞𝐦𝐚𝐥𝐞 𝐏𝐫𝐨𝐟𝐢𝐥𝐞 💁‍ - United Arab Emirates - Non Drop - 100-200/Day | 30 Days Refill","23.38","16.7","5","1000","wizsmm","3296d9b7-5a60-4d9e-97ad-34ab56796a16"
"facebook","Facebook Live Organic Viewers | Max 100K | 100% Concurrent | 8 Hours","37.632","26.88","10","30000","wizsmm","32a373f6-87b6-4438-96bc-4ac62393737d"
"facebook","Facebook Page Likes [🇺🇸US🇺🇸] [REAL][FEMALE] [NON DROP] [Start Time: 0-24 Hours]","11.466","8.19","10","5000","wizsmm","33b71918-3bf9-4435-ad0c-40095152367d"
"facebook","Facebook Live Stream Views - [ 90 Minutes ]","23.52","16.8","20","10000","wizsmm","340c1373-a9f2-404e-9904-84fed8df93b3"
"facebook","🇨🇦 Facebook - 𝗣𝗼𝘀𝘁 (𝗖𝘂𝘀𝘁𝗼𝗺 𝗖𝗼𝗺𝗺𝗲𝗻𝘁𝘀) - 𝐅𝐞𝐦𝐚𝐥𝐞 𝐏𝐫𝐨𝐟𝐢𝐥𝐞 💁‍ - Canada - Non Drop - 100-200/Day | 30 Days Refill","20.342","14.53","5","1000","wizsmm","3540bca6-7dc2-4ac5-88e0-7a631a01c4ef"
"facebook","🇯🇵 Facebook - 𝐂𝐨𝐦𝐦𝐞𝐧𝐭 React 𝐒𝐚𝐝 (😢😢😢) - Japan - Non Drop - 200-300/Day | 30 Days Refill","9.562","6.83","50","10000","wizsmm","3691846f-d78d-4595-b629-bfb8e2ac6009"
"facebook","Ukraine Traffic from Facebook","0.56","0.4","500","1000000","wizsmm","37bffa6d-79cb-40fd-8b0b-ec73c7a21436"
"facebook","🇲🇾 Facebook - 𝐄𝐯𝐞𝐧𝐭 𝐉𝐨𝐢𝐧 (𝐈𝐧𝐭𝐞𝐫𝐞𝐬𝐭) - Malaysia - Non Drop - 200-300/Day | 30 Days Refill","13.762","9.83","50","10000","wizsmm","380fa110-518f-42df-9802-197a7699ab60"
"facebook","Poland Traffic from  Facebook","0.56","0.4","500","1000000","wizsmm","390b5f21-2a6c-42cc-b9ca-55cf38234239"
"facebook","Facebook Live Stream Views - [ Stay 1 Hour ] INSTANT","4.536","3.24","200","10000","wizsmm","3921db22-ddd9-477e-beea-53b3b124d6b1"
"facebook","Facebook Philippines Random + Emoji Comments [High Quality] [Guarantee: 30 Days] [1-5K/D] [0-2/H]","28.224","20.16","1","10000","wizsmm","3a84fe8c-9bf3-4623-b184-1322a2f3ae32"
"facebook","Germany Traffic from Facebook [LQ]","0.238","0.17","88","88888888","wizsmm","3ae4c3d2-327e-497d-be17-7a75683da906"
"facebook","Facebook Real Followers [ Max - 500k ] [ less Drop ] [ No Refill ] INSTANT","0.56","0.4","10","500000","wizsmm","3babe08f-4cd2-49a5-8256-afb404ec2def"
"facebook","Facebook Post Likes - [ World Wide ] [ No Refill ] [ High Quality ] [ 5k/day ]","1.89","1.35","10","5000","wizsmm","3bc540ff-5e1a-4038-ae29-aa5ab1d01837"
"facebook","Facebook Live Organic Viewers | Max 100K | 100% Concurrent | 9 Hours","42.336","30.24","10","30000","wizsmm","3bc83345-289d-43ff-a034-c957de9f6d34"
"facebook","Facebook All Type Followers [🇵🇭Philippines🇵🇭] [500-1K/D] [0-24/H]","5.502","3.93","100","5000","wizsmm","3cd03e9d-84ed-4e69-8a71-409b566dce64"
"facebook","🇵🇭 Facebook - Post React 𝐂𝐚𝐫𝐞 (🥰) - Philippines - Non Drop - 200-300/Day | 30 Days Refill","11.004","7.86","50","10000","wizsmm","3d046a2a-daad-464e-b995-f6b13d9d288f"
"facebook","Czech Republic Traffic from Facebook","0.56","0.4","500","1000000","wizsmm","3d2817e6-1a93-4c2a-b0d4-faf9e43913d2"
"facebook","🇵🇭 Facebook - Post React 𝐋𝐨𝐯𝐞 (❤️) - Philippines - Non Drop - 200-300/Day | 30 Days Refill","11.004","7.86","50","10000","wizsmm","3d484805-5c34-48b8-ac40-9ddbc79a560e"
"facebook","🇵🇭 Facebook - Post React 𝐒𝐚𝐝 (😢) - Philippines - Non Drop - 200-300/Day | 30 Days Refill","11.004","7.86","50","10000","wizsmm","3d490a1b-edf3-4e02-9793-fbc02b6388c6"
"facebook","🇧🇷 Facebook - Post Likes (𝐀𝐥𝐥 𝐋𝐢𝐧𝐤𝐬) Brazil - Non Drop - 200-300/Day | 30 Days Refill","10.85","7.75","50","10000","wizsmm","3e193862-08a9-4f95-9ad2-dcc3a8fc18a5"
"facebook","🇵🇭 Facebook - 𝐄𝐯𝐞𝐧𝐭 𝐉𝐨𝐢𝐧 (𝐆𝐨𝐢𝐧𝐠) - Philippines - Non Drop - 200-300/Day | 30 Days Refill","11.004","7.86","50","10000","wizsmm","3f769b84-e286-406b-a3e6-984a0a866cb9"
"facebook","🇻🇳 Facebook - Post 𝐋𝐢𝐤𝐞𝐬 (👍) 𝑴𝒂𝒍𝒆 - Vietnam - Non Drop - 200-300/Day | 30 Days Refill","9.632","6.88","50","10000","wizsmm","3f9924b5-4896-488f-8072-e8b0df447e47"
"facebook","Facebook 60K Minutes [Monetization] [50-100K/D] [0-1/H] [60+ Minutes]","2.03","1.45","1000","1000","wizsmm","3fa2b1d7-052f-403e-adf8-bae77514ce37"
"facebook","Facebook Group Member [🇩🇪GERMANY🇩🇪] [REAL] [NON DROP] [Start Time: 0-24 Hours]","11.466","8.19","10","10000","wizsmm","4094dd2d-c6d1-4cdf-a754-7d302a493400"
"facebook","Facebook Page Likes + Followers [ 𝐒𝐞𝐫𝐯𝐞𝐫 𝟐 ] [ 🚀5K ] [ Instant Start ] [ Cancel Button ] [ ♻️30D ]","1.82","1.3","10","100000","wizsmm","41171799-a8b3-4b70-942c-429a083c53c4"
"facebook","Facebook Group Member [🇮🇹ITALY🇮🇹] [REAL] [NON DROP] [Start Time: 0-24 Hours]","11.466","8.19","10","1000","wizsmm","427c1f49-aab8-45b2-9a2a-044554476609"
"facebook","Facebook Live Stream Views - S7 [ 180 Minutes ]","26.348","18.82","20","20000","wizsmm","43b864ec-c506-460b-9dd9-d158c646c025"
"facebook","Facebook Comments [Custom] [USA] [Female] [Max:2K] [Refill: 30 Days] [Start Time: 1-12 Hour] [Speed:500/Day]","141.12","100.8","1","2000","wizsmm","43ee64a5-3939-4944-8797-70493b2c1581"
"facebook","🇩🇪 Facebook - 𝐂𝐨𝐦𝐦𝐞𝐧𝐭 𝐋𝐢𝐤𝐞 (👍👍👍) - Germany - Non Drop - 200-300/Day | 30 Days Refill","9.632","6.88","50","10000","wizsmm","44915a79-542d-455b-ac65-8f646b5b2d96"
"facebook","Facebook Live Stream Views - S1 [ 30 Minutes ]","15.064","10.76","50","2000","wizsmm","46aa7880-6ceb-4404-87b5-53776d9486af"
"facebook","France Traffic from Facebook [LQ]","0.238","0.17","88","88888888","wizsmm","47cf6c33-27b8-4842-8ecb-2b4cf152d994"
"facebook","🇫🇷 Facebook - 𝗣𝗼𝘀𝘁 (𝗖𝘂𝘀𝘁𝗼𝗺 𝗖𝗼𝗺𝗺𝗲𝗻𝘁𝘀) - 𝑴𝒂𝒍𝒆 𝑷𝒓𝒐𝒇𝒊𝒍𝒆 👦 - France - Non Drop - 100-200/Day | 30 Days Refill","23.044","16.46","5","1000","wizsmm","47d984a4-e430-4b8b-9f54-48c920e9707a"
"facebook","Facebook Page Followers [USA] [Insights Europe] [High Quality] [30 Days Refill] [30K] [Instant]","10.08","7.2","50","1000","wizsmm","480b042a-21d3-4dbb-a9a2-1f71a53e004a"
"facebook","Facebook Post Shares - [ Increase Virtual ] 1-24 HRS","1.778","1.27","30","10000000","wizsmm","48234c3f-933b-407a-a862-11ba01acf74f"
"facebook","Facebook Live Stream Views - S8 [ 300 Minutes ]","36.064","25.76","50","2000","wizsmm","482fd57f-f5ef-4089-8838-4fb809026c89"
"facebook","🇳🇬 Facebook - 𝐂𝐨𝐦𝐦𝐞𝐧𝐭 React 𝐇𝐚𝐇𝐚 (😆😆😆) - Nigeria - Non Drop - 200-300/Day | 30 Days Refill","9.632","6.88","50","10000","wizsmm","48ff70f4-3bf6-43a4-8ce1-663f42bb40c6"
"facebook","Facebook Comment Custom [🇺🇸US🇺🇸 BLACK] [NON DROP] [Start Time: 0-24 Hours]","65.52","46.8","5","2000","wizsmm","4a6ce65b-d622-44dc-85f4-2ca03fb5d85c"
"facebook","🇬🇧 Facebook - 𝐄𝐯𝐞𝐧𝐭 𝐉𝐨𝐢𝐧 (𝐆𝐨𝐢𝐧𝐠) - United kingdom - Non Drop - 200-300/Day | 30 Days Refill","16.31","11.65","50","10000","wizsmm","4aad3e99-8d89-49ed-b1ed-56362f5df738"
"facebook","🇰🇷 Facebook Group Member [KOREA] [Max: 150] [Refill: 30 Days] [Start Time: 0 - 12 Hours] [Speed: 100/Day]","16.562","11.83","10","150","wizsmm","4baa91e0-1615-4443-ac1b-09042e1d37e0"
"facebook","Facebook Costum Comments [🇹🇭Thailand🇹🇭] [Refill: 30 Days] [Start Time: 1-12 Hour] [Speed:100/Day]","11.48","8.2","10","50000","wizsmm","4be334ae-4e8d-4b6e-bc00-f71997edeef7"
"facebook","Facebook Post Reaction ANGRY [🇫🇷FRANCE🇫🇷] [PAGE/Profile] [NON DROP] [Start Time: 0-24 Hours]","11.466","8.19","10","500","wizsmm","4c3a78ce-fb9f-4a58-a677-5b085885be94"
"facebook","Facebook Video / Reels Views [15 Sec] [100K+/D] [0-1/H]","0.854","0.61","500","10000000","wizsmm","4c78aeb1-1dab-4782-a350-7666ad53c32a"
"facebook","🇲🇾 Facebook - 𝐂𝐨𝐦𝐦𝐞𝐧𝐭 React 𝐂𝐚𝐫𝐞 (🥰🥰🥰) - Malaysia - Non Drop - 200-300/Day | 30 Days Refill","9.632","6.88","50","10000","wizsmm","4cd6ffee-548e-496e-a75d-e9ddb609a1d1"
"facebook","🔵Facebook - PHOTO/POST Sad React 😢[100%PHILIPPINES🇵🇭] [⚡️Speed:10K/Day] [🎯Instant]🔥FAST🔥","5.292","3.78","100","1000","wizsmm","4eb0e62e-8e49-45c3-816a-3f70d8c3b8cb"
"facebook","Live Facebook Views [Stay 30 Minutes] [⚡Instant]  [⭐Guaranteed Direct]  [MIN 10]","4.2","3","10","1000","wizsmm","4ebf96dc-89c7-44ed-a6b1-646f98edd3ab"
"facebook","Facebook Reels Views - [ 72H Delivery ]","0.126","0.09","100000","10000000","wizsmm","4f6e2628-a0c8-413a-b06d-12559410458a"
"facebook","Facebook Followers [Profile / Page ] [USA] [Max:5K] [Refill: 30 Days] [Start Time: 1-12 Hour] [Speed:400/Day]","14.112","10.08","10","5000","wizsmm","4fbe0d01-7abb-4ed3-9ca0-e631ce1f2580"
"facebook","Facebook Group Members [🇵🇭Philippines🇵🇭] [30 Days Refill] [150/D] [0-12/H]","3.864","2.76","10","500","wizsmm","4fd8092e-9e9d-4ade-a901-84d747f194d8"
"facebook","♛ Facebook Post Likes - [ Max 200k ] [ 10k/day ] [ Non Drop, Lifetime Guaranteed ] INSTANT","1.638","1.17","50","200000","wizsmm","50143b18-a27b-4e6f-ab5d-dd58acd6c496"
"facebook","🇳🇬 Facebook - 𝐄𝐯𝐞𝐧𝐭 𝐉𝐨𝐢𝐧 (𝐈𝐧𝐭𝐞𝐫𝐞𝐬𝐭) - Nigeria - Non Drop - 200-300/Day | 30 Days Refill","12.376","8.84","50","10000","wizsmm","502ab67a-48d0-42f3-905f-095048a5cc3c"
"facebook","Live Facebook Views [Stay 12 hours] [⚡Instant]  [⭐Guaranteed Direct]  [MIN 10]","109.55","78.25","10","1000","wizsmm","50ce388c-53a5-41b8-a179-206ddf8777d7"
"facebook","🇦🇪 Facebook - 𝗣𝗼𝘀𝘁 (𝗘𝗺𝗼𝗷𝗶 𝗖𝗼𝗺𝗺𝗲𝗻𝘁𝘀) - United Arab Emirates - Non Drop - 100-200/Day | 30 Days Refill","22.008","15.72","5","1000","wizsmm","512c5ff1-7efe-4b7b-9881-69affac9f6a8"
"facebook","🇦🇪 Facebook 𝐆𝐫𝐨𝐮𝐩 𝐌𝐞𝐦𝐛𝐞𝐫𝐬 - United Arab Emirates - Non Drop - 200-500/Day | 30 Days Refill","16.506","11.79","50","10000","wizsmm","515f1fa7-55f0-4132-9720-861a327649d8"
"facebook","🇩🇪 Facebook - 𝗣𝗼𝘀𝘁 (𝗖𝘂𝘀𝘁𝗼𝗺 𝗖𝗼𝗺𝗺𝗲𝗻𝘁𝘀) - 𝐅𝐞𝐦𝐚𝐥𝐞 𝐏𝐫𝐨𝐟𝐢𝐥𝐞 💁‍ - Germany - Non Drop - 100-200/Day | 30 Days Refill","22.008","15.72","5","1000","wizsmm","51cf9261-a3e4-4783-b3be-3a5e5d5f043d"
"facebook","🇯🇵 Facebook - Post Likes (𝐀𝐥𝐥 𝐋𝐢𝐧𝐤𝐬) Japan - Non Drop - 200-300/Day | 30 Days Refill","9.562","6.83","50","10000","wizsmm","52764cd5-ad53-4283-9385-2fa550218079"
"facebook","Facebook Germany Page Reviews [30 Days Refill] [100-200/D] [0-1/H]","70.56","50.4","1","500","wizsmm","546e2834-e55e-4f84-a768-24f3ac574df3"
"facebook","🇨🇦 Facebook - 𝐂𝐨𝐦𝐦𝐞𝐧𝐭 React 𝐂𝐚𝐫𝐞 (🥰🥰🥰) - Canada - Non Drop - 200-300/Day | 30 Days Refill","8.134","5.81","50","10000","wizsmm","54b20a42-bd90-4919-8ef1-92121a8a2421"
"facebook","🇩🇪 Facebook - 𝗣𝗼𝘀𝘁 (𝗖𝘂𝘀𝘁𝗼𝗺 𝗖𝗼𝗺𝗺𝗲𝗻𝘁𝘀) - Germany - Non Drop - 100-200/Day | 30 Days Refill","22.008","15.72","5","1000","wizsmm","557d1460-082f-412f-a842-5253caaefda3"
"facebook","🇫🇷 Facebook - 𝐂𝐨𝐦𝐦𝐞𝐧𝐭 React 𝐇𝐚𝐇𝐚 (😆😆😆) - France - Non Drop - 200-300/Day | 30 Days Refill","10.85","7.75","20","10000","wizsmm","5614c5b9-50d2-473f-9735-c215eb422261"
"facebook","Switzerland Traffic from Facebook","0.882","0.63","1000","1000000","wizsmm","56c3c3fa-08eb-4beb-aaaf-c84e7d6a1978"
"facebook","Facebook Live Stream Views - S3 [ 90 Minutes ]","10.122","7.23","50","10000","wizsmm","56db8f3a-316c-485a-9f03-2b01fc17adea"
"facebook","Facebook Followers - [ Max - 100K ] [ Worldwide, 500-2k/day ] [ 90 Days Guaranteed ] 1-24 HRS","1.96","1.4","100","100000","wizsmm","56dfb37b-76b9-43c6-a278-463720bd1a0b"
"facebook","Facebook Followers [High Quality] [Cancel Enabled] [500K/D] [Instant]","0.406","0.29","50","500000","wizsmm","572ec3d8-4c31-4b59-ac3c-d1536909c538"
"facebook","Facebook Event Interested [ Non Drop ] [ 1-5k/day ] 0-10 Hrs","2.436","1.74","50","50000","wizsmm","59af2fd7-ddb6-4d0f-a2f6-cca4e2409bc2"
"facebook","🇳🇬 Facebook - 𝐄𝐯𝐞𝐧𝐭 𝐉𝐨𝐢𝐧 (𝐆𝐨𝐢𝐧𝐠) - Nigeria - Non Drop - 200-300/Day | 30 Days Refill","12.376","8.84","50","10000","wizsmm","59b081f1-96e2-4495-b342-f3a2a03761e1"
"facebook","Facebook Page Likes + Followers - [ Max - 1M ] [ Working On All Type ] [ 3k-5k/day ] [ 60 Days Guaranteed ] 1-12 HRS","1.96","1.4","100","1000000","wizsmm","5ad93ebe-fe9f-46f5-a3e3-1d3d4c958d2c"
"facebook","🇧🇷 Facebook - Post React 𝐋𝐨𝐯𝐞 (❤️) - Brazil - Non Drop - 200-300/Day | 30 Days Refill","10.85","7.75","50","10000","wizsmm","5aed5c0c-4241-4f30-a0e6-b7cbd0dc92b2"
"facebook","Facebook All Type Followers [World Wide] [Lifetime Refill] [50-100K/D] [Instant]","0.784","0.56","10","500000","wizsmm","5b0bf02a-3a26-4acc-91e0-daea8be53fd6"
"facebook","Facebook Live Organic Viewers | Max 100K | 100% Concurrent | 300 Minutes","23.52","16.8","10","30000","wizsmm","5c460082-39fe-4260-ac72-4681189f5c7c"
"facebook","Facebook Post Likes - [ Max - 10K ] [ 1k/day  ] [ 30 Days Refill ] 1-2 HRS","1.974","1.41","10","10000","wizsmm","5c5e13ec-f9c6-40d3-a3db-19c0ca699c6a"
"facebook","🇯🇵 Facebook - Post React 𝐂𝐚𝐫𝐞 (🥰) - Japan - Non Drop - 200-300/Day | 30 Days Refill","9.562","6.83","50","10000","wizsmm","5c6b5165-7b73-41dd-8caf-3ff9f86ff37d"
"facebook","Facebook Live Stream Views [Max: 10K] [Stay: 60 Minutes] [Start Time: INSTANT]","4.9","3.5","10","20000","wizsmm","5c7406da-0fde-4bd8-ba95-921807215328"
"facebook","🇦🇪 Facebook - 𝗣𝗼𝘀𝘁 (𝐑𝐚𝐧𝐝𝐨𝐦 𝗖𝗼𝗺𝗺𝗲𝗻𝘁𝘀)  - United Arab Emirates - Non Drop - 100-200/Day | 30 Days Refill","22.008","15.72","5","1000","wizsmm","5d91c363-92fd-4ea3-ab41-5e67f13753a5"
"facebook","🇯🇵 Facebook - 𝐄𝐯𝐞𝐧𝐭 𝐉𝐨𝐢𝐧 (𝐈𝐧𝐭𝐞𝐫𝐞𝐬𝐭) - Japan - Non Drop - 200-300/Day | 30 Days Refill","10.85","7.75","50","10000","wizsmm","5dbe4f25-2d15-4d6c-9b9e-98ed4fcb14d2"
"facebook","Facebook Live Stream Views - S2 [ 90 Minutes ]","14.112","10.08","20","10000","wizsmm","5e8bfe13-9c06-4a99-a597-ef917519b278"
"facebook","Facebook Post Likes [USA] [Male] [Max:3k] [Refill: 30 Days] [Start Time: 1-12 Hour] [Speed:200/Day]","14.112","10.08","10","3000","wizsmm","5e928ca5-bd1d-4037-8643-ea43d7e2e98d"
"facebook","Facebook Event Going - [ 1k/day ] [ 30 Days Refill ] 1-6 HRS","2.94","2.1","100","10000","wizsmm","5ea57507-2d07-4130-9ba1-e2f9f352d39e"
"facebook","Facebook Page Like + Followers - [ 1k-3k/day ] [ 30 Days Refill ]  0-6 HRS","2.436","1.74","10","500000","wizsmm","5fd7cfdb-f95c-44b8-bfc1-4d4d12a05e1b"
"facebook","Facebook Page Like + Followers - [ 50k/day ] [ 30 Days Refill ] INSTANT","2.604","1.86","50","1000000","wizsmm","6019a70f-3157-4059-9e9e-83eaeda89af1"
"facebook","Facebook 600K Minutes [ Monetization ] [ 3-5 Days Delivery ] [ 60+ Minutes ]","5.376","3.84","1000","1000","wizsmm","62067738-2511-4344-985d-0570f44e8ac3"
"facebook","Facebook Post Reaction HAHA [🇫🇷FRANCE🇫🇷] [PAGE/Profile] [NON DROP] [Start Time: 0-24 Hours]","11.466","8.19","10","500","wizsmm","62338080-8046-4426-a031-31042f0643eb"
"facebook","🇯🇵 Facebook | Profile/Page - Followers - Japan - Non Drop - 200-300/Day | 30 Days Refill","21.7","15.5","50","10000","wizsmm","62b7c61b-5391-4e98-824f-eb181770ad6f"
"facebook","Facebook Video / Reels Views [10 Sec] [100K+/D] [0-1/H]","0.826","0.59","500","10000000","wizsmm","63d1b038-6de5-4a1c-85a6-4a3f636f2054"
"facebook","Facebook Live Stream Views - S9 [ 210 Minutes ]","27.44","19.6","50","20000","wizsmm","63e62af0-52a4-4045-ba2c-e6cd52dba9b5"
"facebook","🇧🇷 Facebook - 𝗣𝗼𝘀𝘁 (𝐑𝐚𝐧𝐝𝐨𝐦 𝗖𝗼𝗺𝗺𝗲𝗻𝘁𝘀)  - Brazil - Non Drop - 100-200/Day | 30 Days Refill","20.328","14.52","5","1000","wizsmm","650c8c40-a89c-4c2a-b055-aa8753fd89de"
"facebook","Facebook Live Stream Views - S2 [ 180 Minutes ]","16.464","11.76","50","2000","wizsmm","651e255a-d2bf-4032-b7f2-4a2efb2bc9ef"
"facebook","Facebook Germany Costum Comments [30 Days Refill] [100-200/D] [0-1/H]","70.56","50.4","1","1000","wizsmm","653037c8-944f-4711-a9ae-b8310ff94668"
"facebook","Facebook Story Views - [ Max - 2k ] INSTANT-1HRS","2.59","1.85","100","20000","wizsmm","65e4197d-863c-4643-a6d3-092dc035758c"
"facebook","Facebook Followers [Profile / Page ] [UK] [Max:2K] [Refill: 30 Days] [Start Time: 1-12 Hour] [Speed:100/Day]","18.0908","12.922","10","10000","wizsmm","66181744-3254-4d86-8274-95e85167333a"
"facebook","🇦🇪 Facebook - Post Likes (𝐀𝐥𝐥 𝐋𝐢𝐧𝐤𝐬) United Arab Emirates - Non Drop - 200-300/Day | 30 Days Refill","11.004","7.86","50","10000","wizsmm","66b850fa-6498-4635-b545-73dc9a3274f5"
"facebook","Facebook Page Likes [🇩🇪GERMANY🇩🇪] [REAL] [NON DROP] [Start Time: 0-24 Hours]","11.466","8.19","10","500","wizsmm","6738a44a-0dbc-46a6-9127-54c09a6aab74"
"facebook","Facebook Post Likes [ 150K ] [ Instant ] [ Sad React-😢] Lifetime~100% NON DROP","0.826","0.59","50","50000","wizsmm","674707b4-a94d-416b-997e-01bed95f7b65"
"facebook","Facebook Live Stream Views [Max: 10K] [Stay: 30 Minutes] [Start Time: INSTANT]","2.45","1.75","10","20000","wizsmm","6755dcd4-4fd3-4031-bfe5-3d49f48574c4"
"facebook","Facebook Page Review - [ Yes Recommend + 25 Random English world/ Rec ❤️ ] [ 100/day ] INSTANT-6HRS","16.8","12","5","300","wizsmm","676cb958-73c7-4a70-8c53-9a3050f58f43"
"facebook","Facebook 60K Minutes [Monetization] [50-100K/D] [0-48/H] [60+ Minutes]","2.016","1.44","1000","1000","wizsmm","6930bb4a-1db6-4f15-84a3-cd4a467cd68e"
"facebook","🇨🇦 Facebook - 𝐂𝐨𝐦𝐦𝐞𝐧𝐭 React 𝐒𝐚𝐝 (😢😢😢) - Canada - Non Drop - 200-300/Day | 30 Days Refill","8.134","5.81","50","10000","wizsmm","693fb0e7-ab18-47a6-985a-b3f708e7cf55"
"facebook","Facebook Page Review [Real] [USA] [Start time: 0-12 Hour ]","70.56","50.4","1","5000","wizsmm","6a3eb059-298e-4eb4-b3d7-757deb7c211c"
"facebook","Facebook Live Organic Viewers | Max 100K | 100% Concurrent | 7 Days","790.272","564.48","10","30000","wizsmm","6b97ce39-4242-4f2a-8776-6ba2aec05a9d"
"facebook","🇵🇭 Facebook - 𝐂𝐨𝐦𝐦𝐞𝐧𝐭 𝐋𝐢𝐤𝐞 (👍👍👍) - Philippines - Non Drop - 200-300/Day | 30 Days Refill","11.004","7.86","50","10000","wizsmm","6d669584-b482-4035-ae7d-32256bdbe213"
"facebook","🇺🇸 Facebook USA 5 Star Page Reviews [150/D] [0-4/H]","69.552","49.68","5","150","wizsmm","6e1676ee-a583-46cd-acbf-3ccc138a32cc"
"facebook","🇩🇪 Facebook - 𝐂𝐨𝐦𝐦𝐞𝐧𝐭 React 𝐖𝐨𝐰 (😯😯😯) - Germany - Non Drop - 200-300/Day | 30 Days Refill","9.632","6.88","50","10000","wizsmm","6e5216be-b057-4e44-b392-277ae6e4b78e"
"facebook","Facebook Live Stream Views - S4 [ 180 Minutes ]","43.918","31.37","50","2000","wizsmm","6eaa5e66-0f3a-481b-a25e-a8c9ab84ed43"
"facebook","Facebook Views [3 Seconds] [50-100K/D] [0-1/H]","0.056","0.04","500","10000000","wizsmm","6faf6914-c64c-4288-a9a0-1c41cb812fb2"
"facebook","🇫🇷 Facebook - 𝗣𝗼𝘀𝘁 (𝗖𝘂𝘀𝘁𝗼𝗺 𝗖𝗼𝗺𝗺𝗲𝗻𝘁𝘀) - 𝐅𝐞𝐦𝐚𝐥𝐞 𝐏𝐫𝐨𝐟𝐢𝐥𝐞 💁‍ - France - Non Drop - 100-200/Day | 30 Days Refill","23.044","16.46","5","1000","wizsmm","6fcfc1d7-07e9-4755-b746-fb60a40520fa"
"facebook","🇵🇭 Facebook - 𝐂𝐨𝐦𝐦𝐞𝐧𝐭 React 𝐂𝐚𝐫𝐞 (🥰🥰🥰) - Philippines - Non Drop - 200-300/Day | 30 Days Refill","11.004","7.86","50","10000","wizsmm","6fda604c-4b06-4b26-8948-3e572138ffff"
"facebook","Italy Traffic from Facebook [LQ]","0.238","0.17","88","88888888","wizsmm","6feef4ca-fdc0-4c84-94e8-d623809fcfdb"
"facebook","Colombia Traffic from Facebook","0.56","0.4","500","1000000","wizsmm","7014520b-f6d7-4dd3-a963-188519b3bc71"
"facebook","FACEBOOK POST SHARE [USA] [MAX 2K]","158.592","113.28","100","2000","wizsmm","702e1bcb-2c93-408f-ac11-0a41c1d71045"
"facebook","Facebook Post Like | No Drop | Instant [ R30 ]","6.384","4.56","10","40000","wizsmm","71e6a307-a3de-4a62-92c3-249af35db16f"
"facebook","Facebook Live Stream Views - [ 150 Minutes ]","9.1","6.5","50","2000","wizsmm","71e9f67f-e977-427d-acab-b6fa4e18e6ad"
"facebook","Facebook All Type Page Likes and Followers [World Wide] [30 Days Refill] [50-100K/D] [Instant]","1.008","0.72","10","500000","wizsmm","7268514f-3e22-4d64-84e7-1f2673cef919"
"facebook","🇲🇾 Facebook - 𝗣𝗼𝘀𝘁 (𝗖𝘂𝘀𝘁𝗼𝗺 𝗖𝗼𝗺𝗺𝗲𝗻𝘁𝘀) - Malaysia - Non Drop - 100-200/Day | 30 Days Refill","22.008","15.72","5","1000","wizsmm","728414c7-7a39-4d6a-b409-8efb5aa1ff37"
"facebook","Facebook Post Reactions [👍𝐋𝐢𝐤𝐞] - [🚀10K] - [⚡Instant] - [♻️30D]","0.84","0.6","50","1000000","wizsmm","72d0d571-ef8d-4795-b0bf-32427c698818"
"facebook","Facebook Views [Lifetime Guaranteed] [Millions Daily] [0-12/H Start]","0.07","0.05","1000","10000000","wizsmm","74ae1503-412f-4e4c-8b20-c244226ee7a3"
"facebook","Facebook Post Comment Likes 👍 [ 30 Days Refill ] INSTANT","2.142","1.53","10","3000","wizsmm","74fbeaa3-0110-4168-86c4-236707b6b9d5"
"facebook","🇯🇵 Facebook Page Likes - Japan - Non Drop - 200-300/Day | 30 Days Refill","21.7","15.5","50","10000","wizsmm","005a64f4-f758-4251-9ede-d2246005d3ec"
"facebook","Facebook Live Stream Views - S9 [ 150 Minutes ]","19.6","14","50","20000","wizsmm","753b7e5e-079c-44d0-8bb3-d75cb2876b67"
"facebook","🇲🇾 Facebook - 𝐂𝐨𝐦𝐦𝐞𝐧𝐭 𝐋𝐢𝐤𝐞 (👍👍👍) - Malaysia - Non Drop - 200-300/Day | 30 Days Refill","9.632","6.88","50","10000","wizsmm","75c14a33-7325-49b7-9184-02cd082cf5e4"
"facebook","Facebook Comment Custom [🇺🇸US🇺🇸 MALE BLACK] [NON DROP] [Start Time: 0-24 Hours]","65.52","46.8","5","200","wizsmm","75fda99a-4173-495f-ae1b-70e3985bd3b5"
"facebook","Facebook Live Organic Viewers | Max 100K | 100% Concurrent | 45 Minutes","3.528","2.52","10","30000","wizsmm","776169eb-73f7-4174-b785-c4ae4d1ea3bb"
"facebook","🇯🇵 Facebook - 𝐂𝐨𝐦𝐦𝐞𝐧𝐭 React 𝐋𝐨𝐯𝐞 (❤️❤️❤️) - Japan - Non Drop - 200-300/Day | 30 Days Refill","9.562","6.83","50","10000","wizsmm","776e6acf-9163-4fba-bbbb-853c238c8e2e"
"facebook","Facebook Followers [🇩🇪GERMANY🇩🇪] [PROFIL/PAGE] [NON DROP] [Start Time: 0-24 Hours]","11.466","8.19","10","10000","wizsmm","786f1797-312e-49b0-8585-662804394e3d"
"facebook","🇳🇬 Facebook - 𝐏𝐨𝐬𝐭/𝐕𝐢𝐝𝐞𝐨 𝐒𝐡𝐚𝐫𝐞 (𝐀𝐥𝐥 𝐋𝐢𝐧𝐤𝐬) Nigeria - Non Drop - 200-300/Day | 30 Days Refill","16.506","11.79","50","10000","wizsmm","79679f5e-08bb-4132-9fad-47cf9bc9f145"
"facebook","Facebook Reel Views - [ 20k/day ] 0-6 HRS","2.408","1.72","500","100000000","wizsmm","796c3102-4417-48cf-a06c-4d7c9c88c45c"
"facebook","Brazil Traffic from Facebook [LQ]","0.238","0.17","88","88888888","wizsmm","79e22cbf-d0ba-491a-9a5c-5c2fb9bbd9f0"
"facebook","Facebook Video Views - [ 100k-500k/day ] INSTANT","0.14","0.1","100","10000000","wizsmm","7a07c33c-d553-4d0b-8f28-07ba52ef74e3"
"facebook","Facebook Emoji Comments - [ Max-500 ] [ 30 Days Refill ] 12-24 HRS","16.8","12","10","100","wizsmm","7a08ad52-ec8b-4f26-931a-81b01d445993"
"facebook","🇯🇵 Facebook 𝐏𝐚𝐠𝐞 𝐑𝐞𝐯𝐢𝐞𝐰 (Yes-Recommendations) [𝐖𝐢𝐭𝐡 𝐂𝐮𝐬𝐭𝐨𝐦 𝐂𝐨𝐦𝐦𝐞𝐧𝐭𝐬] - Japan - Non Drop - 100-200/Day | 30 Days Refill","24.43","17.45","5","1000","wizsmm","7ad28cc7-03d6-414b-9657-725135ae299d"
"facebook","🇵🇭 Facebook 𝐅𝐫𝐢𝐞𝐧𝐝𝐬 𝐑𝐞𝐪𝐮𝐞𝐬𝐭 - Philippines - Non Drop - 200-500/Day | 30 Days Refill","19.264","13.76","50","5000","wizsmm","7b2e636f-4cac-494a-aa76-eaf37c51b4ba"
"facebook","🇩🇪 Facebook 𝐆𝐫𝐨𝐮𝐩 𝐌𝐞𝐦𝐛𝐞𝐫𝐬 - Germany - Non Drop - 200-500/Day | 30 Days Refill","15.134","10.81","50","10000","wizsmm","7c34352f-e00f-4558-bb36-c004a148bdbf"
"facebook","Facebook Post Reaction [😢SAD😢] [🇹🇭Thailand🇹🇭] [Refill: No] [Start Time: 1 - 12 Hour] [Speed:100/Day]","1.344","0.96","100","50000","wizsmm","7c5dd91d-c7a5-4df9-831a-f5a1c71f2efc"
"facebook","♛ Facebook Page Likes + Followers - [ Max - 100K ] [ Real, 5k-10k/day ] [ 30 Days Guaranteed ] 1-2 HRS","2.352","1.68","100","100000","wizsmm","7c60f40c-2073-42d0-acd8-453710e8ed9f"
"facebook","🇩🇪 Facebook - Post Likes (𝐀𝐥𝐥 𝐋𝐢𝐧𝐤𝐬) Germany - Non Drop - 200-300/Day | 30 Days Refill","9.632","6.88","50","10000","wizsmm","7c6145df-8ea3-46a5-a10f-b4d8d5b2502f"
"facebook","Facebook Live Stream Views - S3 [ 180 Minutes ]","20.384","14.56","50","10000","wizsmm","7cfa762e-d41c-4d39-afcd-895dc6d44c08"
"facebook","Facebook Page Likes and Followers All Types [High Quality] [Real] [50-100K/D] [0-1/H] [Different Service]","1.68","1.2","100","500000","wizsmm","7dc98892-03e2-43ea-9612-f7f93fc9a1ee"
"facebook","🇧🇷 Facebook - 𝐂𝐨𝐦𝐦𝐞𝐧𝐭 React 𝐇𝐚𝐇𝐚 (😆😆😆) - Brazil - Non Drop - 200-300/Day | 30 Days Refill","10.85","7.75","50","10000","wizsmm","7f434df4-51c1-4a05-8e5e-057d88093cfd"
"facebook","Facebook Live Stream Views - [ 180 Minutes ]","10.976","7.84","50","2000","wizsmm","7f4c069d-81fc-4a60-9a1e-8f3c0e2ec62d"
"facebook","🇦🇪 Facebook - Post 𝐋𝐢𝐤𝐞𝐬 (👍) 𝑴𝒂𝒍𝒆 - United Arab Emirates - Non Drop - 200-300/Day | 30 Days Refill","11.004","7.86","50","10000","wizsmm","7f866b0b-ebc0-48b6-b9b3-2fd5d7b13354"
"facebook","🇵🇭 Facebook - Post 𝐋𝐢𝐤𝐞𝐬 (👍) Philippines - Non Drop - 200-300/Day | 30 Days Refill","11.004","7.86","50","10000","wizsmm","817ac70f-0da0-46de-8833-78575d825e49"
"facebook","🇰🇷 Facebook Post Reaction [Care] [KOREA] [Max: 150] [Refill: 30 Days] [Start Time: 0 - 6 Hour] [Speed: 150/Day]","15.925","11.375","10","150","wizsmm","817af10c-c9e4-47c3-a55e-f32888700f88"
"facebook","Facebook Comments [RANDOM] [100] [REAL] [ARAB]","92.512","66.08","10","250","wizsmm","81ac5368-b6a5-4424-8779-7671455d8c89"
"facebook","Facebook 600K Minutes [ Monetization ] [ 1-3 Days Delivery ] [ 180+ Minutes ]","3.71","2.65","1000","1000","wizsmm","82a19c48-80c9-4d61-8995-7a13cec1b03d"
"facebook","🇦🇪 Facebook - 𝐂𝐨𝐦𝐦𝐞𝐧𝐭 React 𝐇𝐚𝐇𝐚 (😆😆😆) - United Arab Emirates - Non Drop - 200-300/Day | 30 Days Refill","11.004","7.86","50","10000","wizsmm","82f6acc3-c52d-43ba-9856-80275342752d"
"facebook","Facebook Germany Post Love Reaction [30 Days Refill] [100-200/D] [0-1/H]","14.112","10.08","10","500","wizsmm","82f84b82-3af9-4bdd-8e9a-297c602e0c90"
"facebook","Facebook Event Intrested - [ 1k/day ] [ 30 Days Refill ] 1-6 HRS","3.108","2.22","100","10000","wizsmm","83e44b6e-6139-48b9-9641-5d7f05d1d9e2"
"facebook","Hong Kong Traffic from Facebook","0.56","0.4","500","1000000","wizsmm","83f018b0-679a-419f-a8ac-89423a57277d"
"facebook","Facebook Post Reaction | Max 100K | Angry 😡 | Instant Start | No Refill | Speed: 20K/Day","0.672","0.48","10","100000","wizsmm","8416c9e3-7b37-445d-9605-6171dc4a7f9f"
"facebook","🇯🇵 Facebook 𝐆𝐫𝐨𝐮𝐩 𝐌𝐞𝐦𝐛𝐞𝐫𝐬 - Japan - Non Drop - 200-500/Day | 30 Days Refill","16.31","11.65","50","10000","wizsmm","8450e63a-c44e-4a83-aed6-b530ebf590bb"
"facebook","Facebook Live Stream Views - S3 [ 300 Minutes ]","33.88","24.2","50","10000","wizsmm","85d544cf-0025-47c9-8703-b6c823fb5f3b"
"facebook","🇳🇬 Facebook 𝐅𝐫𝐢𝐞𝐧𝐝𝐬 𝐑𝐞𝐪𝐮𝐞𝐬𝐭 - Nigeria - Non Drop - 200-500/Day | 30 Days Refill","13.762","9.83","50","10000","wizsmm","86779960-46f7-4851-87b4-553e5deff1f3"
"facebook","Facebook Post Reactions [😮𝐖𝐨𝐰] - [🚀10K] - [⚡Instant] - [♻️30D]","0.84","0.6","50","1000000","wizsmm","86b520d1-6e2b-4470-9313-383e612a0971"
"facebook","Facebook Page Reviews - [ Yes Recommended ] [ Max - 100 ]","21.84","15.6","5","300","wizsmm","86b887f8-1cc2-4c28-862f-27aadad0beac"
"facebook","Facebook Followers [🇺🇸US🇺🇸] [FEMALE] [PROFIL/PAGE] [NON DROP] [Start Time: 0-24 Hours]","11.466","8.19","10","5000","wizsmm","87692178-168b-479b-b4d6-a908d747a785"
"facebook","Czech Republic Traffic from Facebook [LQ]","0.238","0.17","88","88888888","wizsmm","8777c423-52db-4e4e-8cea-e2e5a753867f"
"facebook","Facebook [ Profile / Page ] Followers [USA] [Max:10K] [Refill: 30 Days] [Start Time: 1-12 Hour] [Speed:300/Day]","14.112","10.08","10","10000","wizsmm","87a882c4-2f4c-4b59-a97b-42979b4f69da"
"facebook","🇯🇵 Facebook - Post React 𝐋𝐨𝐯𝐞 (❤️) - Japan - Non Drop - 200-300/Day | 30 Days Refill","9.562","6.83","50","10000","wizsmm","88e6eb65-43d9-4e07-b1df-a2187daa8bee"
"facebook","Facebook Real Followers [High Quality] [Almost No Drop] [50K/D] [0-1/H]","0.392","0.28","10","100000","wizsmm","8a91211e-a5f2-4687-8cb4-d35be53450f1"
"facebook","🇵🇭 Facebook Page Likes - Philippines - Non Drop - 200-300/Day | 30 Days Refill","17.878","12.77","50","10000","wizsmm","8ba71d9b-824f-433d-bb85-7fc748a6ab6e"
"facebook","CHEAPEST - Facebook Video / Reels Views [ 3 Sec ] [ 100k+/day ] 0-1 HRS","0.182","0.13","100","100000000","wizsmm","8bb4d6d9-714c-4c8f-8ed0-f2c74ca7d7bd"
"facebook","USA Traffic from Facebook","0.56","0.4","500","1000000","wizsmm","8bc02ff9-0339-4818-a42c-ad02983f5a92"
"facebook","WorldWide Traffic from Facebook","0.294","0.21","500","1000000","wizsmm","8de951b0-74f7-40f7-bf9e-104f0c484652"
"facebook","Facebook Post Reaction [😡Angry😡] [🇹🇭Thailand🇹🇭] [Refill: No] [Start Time: 1 - 12 Hour] [Speed:100/Day]","1.344","0.96","100","50000","wizsmm","8e674993-baeb-46d3-976d-f9c7b2f0c25c"
"facebook","Facebook Followers All Types [World Wide] [30 Days Refill] [30-50K/D] [0-2/H]","0.462","0.33","100","1000000","wizsmm","8f2298af-107c-4c58-bc98-fe7616d7da47"
"facebook","Russia Traffic from Facebook","0.56","0.4","500","1000000","wizsmm","8f45e19b-3bae-461a-800e-96397f7ba74f"
"facebook","Facebook Page Likes + Followers [ 𝐒𝐞𝐫𝐯𝐞𝐫 𝟏 ] [ 🚀10K ] [ Instant Start ] [ Cancel Button ] [ ♻️60D ]","1.54","1.1","10","100000","wizsmm","8f4a26d9-b5f1-4883-90aa-e880952024fe"
"facebook","Facebook Post Comment Likes 👍 [ 30 Days Refill ] INSTANT","2.212","1.58","10","8000","wizsmm","8f4d9b0d-51bb-4a7f-a9ae-8f2b39528fdf"
"facebook","Facebook Live Stream Views - S6 [ 240 Minutes ]","21.336","15.24","30","5000","wizsmm","8f7ccab4-e29b-4f7d-ac68-e328646932c1"
"facebook","Facebook Video / Reels Views [6 Min] [100K+/D] [0-1/H]","2.968","2.12","500","10000000","wizsmm","9042e0e1-5b1a-4a37-9b3b-9a8419c99e7c"
"facebook","Facebook Live Stream Views - [ 270 Minutes ]","70.56","50.4","20","10000","wizsmm","907bcee2-5baa-407b-9908-9476b5572058"
"facebook","Facebook Live Stream Views - [ 240 Minutes ]","62.72","44.8","20","10000","wizsmm","908a03eb-c80c-4057-9f63-1da8fe357d82"
"facebook","🇫🇷 Facebook - 𝗣𝗼𝘀𝘁 (𝐑𝐚𝐧𝐝𝐨𝐦 𝗖𝗼𝗺𝗺𝗲𝗻𝘁𝘀)  - France - Non Drop - 100-200/Day | 30 Days Refill","21.7","15.5","5","1000","wizsmm","90fec851-6f79-435f-bf3d-39785356afaa"
"facebook","Facebook Live Stream Likes S2 [ Instant ]","1.568","1.12","10","30000","wizsmm","91cb2fb9-ad66-4d32-a098-a424b0e0aa0e"
"facebook","🇯🇵 Facebook - Post React 𝐖𝐨𝐰 (😯) - Japan - Non Drop - 200-300/Day | 30 Days Refill","9.562","6.83","50","10000","wizsmm","921278cd-db1e-4229-8387-c043976960b8"
"facebook","Facebook Page Likes and Followers [World Wide] [30 Days Refill] [50K/D] [Instant]","1.68","1.2","10","500000","wizsmm","921db934-15da-4146-a8d5-8d1233033ce4"
"facebook","Facebook Live Organic Viewers | Max 100K | 100% Concurrent | 90 Minutes","7.056","5.04","10","30000","wizsmm","928131e6-ebcb-4f83-bbc6-fa4ac2fcbd14"
"facebook","🇫🇷 Facebook Page Likes - France - Non Drop - 200-300/Day | 30 Days Refill","17.626","12.59","20","10000","wizsmm","92f0e9e4-8ac3-4b84-b932-08dc0c31c87c"
"facebook","Facebook Post Reaction [Love] [USA] [Max:3K] [Refill: 30 Days] [Start Time: 0 - 1 Hour] [Speed:300/Day]","14.112","10.08","10","3000","wizsmm","93059e17-19b3-479e-81ef-a5b942c8fea4"
"facebook","Facebook Live Organic Viewers | Max 100K | 100% Concurrent | 180 Minutes","14.112","10.08","10","30000","wizsmm","931b8833-e536-4d83-87a1-a5443fbf086d"
"facebook","Facebook Germany Female Post Likes [30 Days Refill] [100-200/D] [0-1/H]","14.112","10.08","10","500","wizsmm","93281366-e9c4-46aa-aaba-ff4da12b2607"
"facebook","Facebook Post Like [👍] [World Wide] [High Quality] [30 Days Refill] [Instant]","0.714","0.51","10","1000000","wizsmm","93e3000b-cd6c-4c31-b3cd-c757fa8b3abd"
"facebook","Facebook Post Likes [High Quality] [Real] [50-100K/D] [0-1/H] [Different Service]","0.378","0.27","20","500000","wizsmm","93feef13-3dc7-4442-a778-1f1692f1a692"
"facebook","Facebook Page Followers [English Names] [Cancel Enabled Working] [High Quality] [30 Days Refill] [30K] [Instant]","6.664","4.76","10","10000","wizsmm","9419ca9b-d5c4-4431-9eb8-1d23926c9fcb"
"facebook","🇩🇪 Facebook | Profile/Page - Followers - Germany - Non Drop - 200-300/Day | 30 Days Refill","16.506","11.79","50","10000","wizsmm","955c6210-ab93-4460-af5d-7709f5f5461d"
"facebook","Facebook Live Stream Views - S4 [ 210 Minutes ]","51.296","36.64","50","2000","wizsmm","96a5e33a-3f12-49e8-8ad9-5dcb5e5d837f"
"facebook","🇩🇪 Facebook - Post 𝐋𝐢𝐤𝐞𝐬 (👍) 𝑴𝒂𝒍𝒆 - Germany - Non Drop - 200-300/Day | 30 Days Refill","9.632","6.88","50","10000","wizsmm","96d6f225-c7d5-467b-befb-f10eaa92899a"
"facebook","Live Facebook Views [Stay 1 hour] [⚡Instant]  [⭐Guaranteed Direct]  [MIN 10]","7.546","5.39","10","1000","wizsmm","96dcc5d2-8e7f-469f-acec-ece14164354b"
"facebook","Facebook Live Stream Views - S3 [ 30 Minutes ]","3.374","2.41","50","10000","wizsmm","96f1dee6-c7f2-4b64-8c81-e2be261427fe"
"facebook","🇨🇦 Facebook - 𝐂𝐨𝐦𝐦𝐞𝐧𝐭 𝐋𝐢𝐤𝐞 (👍👍👍) - Canada - Non Drop - 200-300/Day | 30 Days Refill","8.134","5.81","50","10000","wizsmm","9700b8c9-1ee6-454c-9deb-db7f3773c95b"
"facebook","♛ Facebook Video / Reels Views [ 6 Min ] [ 100k+/day ] 0-1 HRS","1.05","0.75","500","10000000","wizsmm","987d2097-72dd-4405-8cf3-43a7d61e80f0"
"facebook","Facebook Post Sad Reaction [🇵🇭Philippines🇵🇭] [30 Days Refill] [100/D] [0-12/H]","3.864","2.76","10","100","wizsmm","98c1808e-ce3b-4fbc-b4ce-f822d528176f"
"facebook","🇯🇵 Facebook - Post React 𝐒𝐚𝐝 (😢)	 - Japan - Non Drop - 200-300/Day | 30 Days Refill","9.562","6.83","50","10000","wizsmm","98edd177-3ebb-4208-a967-a874d489dabd"
"facebook","Facebook Live Stream Views - S2 [ 30 Minutes ]","4.704","3.36","20","10000","wizsmm","99d6979a-043a-4bcd-8c1c-9ad88281be92"
"facebook","Facebook Post Reactions [❤️𝐋𝐨𝐯𝐞] - [🚀10K] - [⚡Instant] - [♻️30D]","0.84","0.6","10","1000000","wizsmm","99f5f5ae-e571-4036-8d61-fee5ac1e4415"
"facebook","Facebook Video / Reels Views [ 3 Sec ] [ 10k-50k+/day ] 0-1 HRS","0.784","0.56","500","100000000","wizsmm","9a4d64cc-1ba6-45b4-9669-e6c5922a469d"
"facebook","♛ Facebook All Type Profile Followers - [ Max 500k ] [ 50k/day ] [ Non Drop, Lifetime Guaranteed ] 1-2 HRS","1.484","1.06","100","500000","wizsmm","9b6df350-ed72-4577-9e41-2c73c2653885"
"facebook","Facebook Live Stream Views - [ 210 Minutes ]","54.88","39.2","20","10000","wizsmm","9cff4a05-d873-4589-b286-ac39b3230a50"
"facebook","♛ Facebook Video / Reels Views [ 3 Min ] [ 100k+/day ] 0-1 HRS","0.77","0.55","500","10000000","wizsmm","9d3f778f-5a20-4261-9873-d243596f2ca8"
"facebook","Facebook Post Reaction Sad 😢 [🇵🇭Philippines🇵🇭] [500-1K/D] [0-24/H]","4.718","3.37","100","5000","wizsmm","9f4f845e-6b49-4319-a7ef-a881b31a9cfa"
"facebook","🇯🇵 Facebook - 𝗣𝗼𝘀𝘁 (𝐑𝐚𝐧𝐝𝐨𝐦 𝗖𝗼𝗺𝗺𝗲𝗻𝘁𝘀) - 𝐅𝐞𝐦𝐚𝐥𝐞 𝐏𝐫𝐨𝐟𝐢𝐥𝐞 💁‍ - Japan - Non Drop - 100-200/Day | 30 Days Refill","23.058","16.47","5","1000","wizsmm","a02816b4-3623-40de-b379-410993e04c0e"
"facebook","🇲🇾 Facebook - 𝗣𝗼𝘀𝘁 (𝐑𝐚𝐧𝐝𝐨𝐦 𝗖𝗼𝗺𝗺𝗲𝗻𝘁𝘀) - 𝐅𝐞𝐦𝐚𝐥𝐞 𝐏𝐫𝐨𝐟𝐢𝐥𝐞 💁‍ - Malaysia - Non Drop - 100-200/Day | 30 Days Refill","22.008","15.72","16","16","wizsmm","a0fcb94f-ed98-490b-959e-50d932216c80"
"facebook","Facebook Live Organic Viewers | Max 100K | 100% Concurrent | 15 Minutes","1.176","0.84","10","30000","wizsmm","a10d6f6d-96de-4805-96bd-94bb42aa895e"
"facebook","Facebook Live Stream Views - [ 480 Minutes ]","11.298","8.07","20","10000","wizsmm","a16b5896-c6e4-45a5-a761-217edb968948"
"facebook","Facebook Live Stream Views - S2 [ 210 Minutes ]","32.928","23.52","20","10000","wizsmm","a1d250fc-3576-4ac6-a376-84bb34d9637f"
"facebook","Facebook Live Stream Views [Max: 10K] [Stay: 4 Hrs] [Start Time: INSTANT]","19.6","14","10","20000","wizsmm","a247d571-5f2b-401d-9857-058d611d0f70"
"facebook","Facebook 600K Minutes [Monetization] [50-100K/D] [0-1/H] [60+ Minutes]","5.152","3.68","1000","1000","wizsmm","a275d346-bfed-476c-8e88-58e1eeaae9d5"
"facebook","Facebook Group Members [ Non Drop ] [ 30 Days Refill ] [ 1k-5k/day ] 1-8 HRS","2.044","1.46","100","500000","wizsmm","a36d4da9-cf3a-4a26-9680-4598d2e192dd"
"facebook","Facebook Custom Comments [ 100-500/day ] 1-24 HRS","28.224","20.16","10","1000","wizsmm","a392636e-d18e-4f71-999d-a063a425f888"
"facebook","🇫🇷 Facebook - Post React 𝐂𝐚𝐫𝐞 (🥰) - France - Non Drop - 200-300/Day | 30 Days Refill","10.85","7.75","20","10000","wizsmm","a3a51091-64f3-4d69-87a2-9e1e1bfcc5c0"
"facebook","🇬🇧 Facebook 𝐅𝐫𝐢𝐞𝐧𝐝𝐬 𝐑𝐞𝐪𝐮𝐞𝐬𝐭 - United kingdom - Non Drop - 200-500/Day | 30 Days Refill","19.04","13.6","50","10000","wizsmm","a60b6907-a957-4552-83ac-5d3e079d29cb"
"facebook","Facebook Live Stream Views - [ 420 Minutes ]","6.594","4.71","20","10000","wizsmm","a64dbf4e-bafb-47ac-a0a7-fa06ea99b68d"
"facebook","Facebook Post Likes [USA] [No Drop] [30 Days Refill] [100-150/D] [0-12/H]","14.112","10.08","10","3000","wizsmm","a65fab77-7dc6-457a-8f48-84e57139da92"
"facebook","Facebook Post Reaction ANGRY [🇮🇹ITALY🇮🇹] [PAGE/Profile] [NON DROP] [Start Time: 0-24 Hours]","11.466","8.19","10","500","wizsmm","a7375d4d-6be3-496a-a4bf-902ce9a94142"
"facebook","Facebook Post Likes [USA] [Female] [Max:3k] [Refill: 30 Days] [Start Time: 1-12 Hour] [Speed:200/Day]","14.112","10.08","10","3000","wizsmm","a7472145-5162-4c16-808e-cf5acff61277"
"facebook","🇨🇦 Facebook - 𝐏𝐨𝐬𝐭/𝐕𝐢𝐝𝐞𝐨 𝐒𝐡𝐚𝐫𝐞 (𝐀𝐥𝐥 𝐋𝐢𝐧𝐤𝐬) Canada - Non Drop - 200-300/Day | 30 Days Refill","16.268","11.62","50","5000","wizsmm","a74b4b6c-9aea-4c49-bbae-0b59be7ff3c4"
"facebook","Facebook Post Likes [10K] [ Instant ] [ Care React -🤗 ] Lifetime~100% NON DROP","0.826","0.59","50","50000","wizsmm","a8643962-7efc-4c8d-b5d2-240c3ba85b65"
"facebook","🇩🇪 Facebook - 𝗣𝗼𝘀𝘁 (𝐑𝐚𝐧𝐝𝐨𝐦 𝗖𝗼𝗺𝗺𝗲𝗻𝘁𝘀) - 𝑴𝒂𝒍𝒆 𝑷𝒓𝒐𝒇𝒊𝒍𝒆 👦 - Germany - Non Drop - 100-200/Day | 30 Days Refill","22.008","15.72","5","1000","wizsmm","a86aad7e-0f43-4732-b769-f63ae065a70f"
"facebook","Facebook Page Reviews - [ Yes Recommended ] [ With Custom Comment ]  [ Max - 100 ]","21.84","15.6","5","300","wizsmm","a8eb74d2-55f5-4ce8-ba51-1e8c69adb011"
"facebook","🇯🇵 Facebook - 𝗣𝗼𝘀𝘁 (𝐑𝐚𝐧𝐝𝐨𝐦 𝗖𝗼𝗺𝗺𝗲𝗻𝘁𝘀)  - Japan - Non Drop - 100-200/Day | 30 Days Refill","21.7","15.5","5","1000","wizsmm","a919a8b9-caf1-48b9-854b-fb536398e4cb"
"facebook","Mexico Traffic from Facebook","0.56","0.4","500","1000000","wizsmm","a9dbea6f-d8d6-48a1-9746-2d7dd75c09d1"
"facebook","Facebook Video / Reels Views [ 15 Sec ] [ 100k+/day ] 0-1 HRS","0.518","0.37","100","10000000","wizsmm","aa59ac22-83a0-43c9-bb49-5a8a08a84c12"
"facebook","Facebook All Type Followers [World Wide] [No Drop] [50-100K/D] [Instant]","0.56","0.4","10","500000","wizsmm","aa5e16bc-a264-4fbf-9d7b-2bb89809ce0a"
"facebook","Facebook Live Stream Views [Max: 10K] [Stay: 180 Minutes] [Start Time: INSTANT]","14.7","10.5","10","20000","wizsmm","ab078b3a-512a-4a11-be6a-e9f27b715eda"
"facebook","🇦🇪 Facebook - Post React 𝐂𝐚𝐫𝐞 (🥰) - United Arab Emirates - Non Drop - 200-300/Day | 30 Days Refill","11.004","7.86","50","10000","wizsmm","ab47d0dc-77a6-4814-88b8-13f7b8a49d3f"
"facebook","Facebook All Type Followers [World Wide] [365 Days Refill] [50-100K/D] [Instant]","0.7","0.5","10","500000","wizsmm","ab7c1c5a-1a71-428e-baca-d1d152f8c861"
"facebook","🇦🇪 Facebook - Post React 𝐇𝐚𝐇𝐚 (😆) - United Arab Emirates - Non Drop - 200-300/Day | 30 Days Refill","11.004","7.86","50","10000","wizsmm","ac757763-4bf9-47dd-875f-4c14bd80e37d"
"facebook","🇳🇬 Facebook - 𝗣𝗼𝘀𝘁 (𝐑𝐚𝐧𝐝𝐨𝐦 𝗖𝗼𝗺𝗺𝗲𝗻𝘁𝘀) - 𝐅𝐞𝐦𝐚𝐥𝐞 𝐏𝐫𝐨𝐟𝐢𝐥𝐞 💁‍ - Nigeria - Non Drop - 100-200/Day | 30 Days Refill","20.636","14.74","5","1000","wizsmm","ad4724fb-fd94-4a4f-b7fa-1e870c0a8ff8"
"facebook","♛ Facebook Page / Profile Followers - [ Max 1M ] [ 50k/day ] [ Non Drop, Lifetime Guaranteed ] 1-12 HRS","0.826","0.59","100","500000","wizsmm","ad6d5845-0d1a-4d0d-accd-62d2e067d5e8"
"facebook","Facebook Live Stream Views - S7 [ 150 Minutes ]","21.952","15.68","20","20000","wizsmm","ad813301-82c9-4dd7-9fe6-3097d277643e"
"facebook","🇧🇷 Facebook - 𝗣𝗼𝘀𝘁 (𝗖𝘂𝘀𝘁𝗼𝗺 𝗖𝗼𝗺𝗺𝗲𝗻𝘁𝘀) - 𝑴𝒂𝒍𝒆 𝑷𝒓𝒐𝒇𝒊𝒍𝒆 👦 - Brazil - Non Drop - 100-200/Day | 30 Days Refill","20.328","14.52","5","1000","wizsmm","ae391478-59ae-421b-9137-44c164c997b6"
"facebook","Facebook Live Stream Views - S6 [ 360 Minutes ]","32.62","23.3","30","5000","wizsmm","afc831d4-b90f-4a2d-a2ac-eed21673f51e"
"facebook","Facebook Post Reaction [HaHa] [USA] [Max:3K] [Refill: 30 Days] [Start Time: 0 - 1 Hour] [Speed:300/Day]","14.112","10.08","10","3000","wizsmm","b0746a07-e2bc-4b63-b4ec-06b05bd90dc1"
"facebook","🇨🇦 Facebook - 𝗣𝗼𝘀𝘁 (𝐑𝐚𝐧𝐝𝐨𝐦 𝗖𝗼𝗺𝗺𝗲𝗻𝘁𝘀)  - Canada - Non Drop - 100-200/Day | 30 Days Refill","18.984","13.56","5","1000","wizsmm","b1653bf5-e3f9-4fc3-a50a-f6a88b2818e3"
"facebook","🇧🇷 Facebook - Post 𝐋𝐢𝐤𝐞𝐬 (👍) 𝑴𝒂𝒍𝒆 - Brazil - Non Drop - 200-300/Day | 30 Days Refill","10.85","7.75","50","10000","wizsmm","b18bf254-d9cc-44f7-9e3f-192b4fac92d7"
"facebook","🇲🇾 Facebook 𝐏𝐚𝐠𝐞 𝐑𝐞𝐯𝐢𝐞𝐰 (Yes-Recommendations) [𝐖𝐢𝐭𝐡 𝐂𝐮𝐬𝐭𝐨𝐦 𝐂𝐨𝐦𝐦𝐞𝐧𝐭𝐬] - Malaysia - Non Drop - 100-200/Day | 30 Days Refill","23.38","16.7","5","1000","wizsmm","b1b78752-4d21-44da-859a-6e22f2d6da9d"
"facebook","Facebook 60K Minutes [Monetization] [50-100K/D] [0-48/H] [180+ Minutes]","1.386","0.99","1000","1000","wizsmm","b2c79483-06e4-4f7b-9508-17888f465831"
"facebook","🇫🇷 Facebook - Post React 𝐖𝐨𝐰 (😯) - France - Non Drop - 200-300/Day | 30 Days Refill","10.85","7.75","20","10000","wizsmm","b2fa54df-2afb-4f5f-a146-c9dbcba69826"
"facebook","Facebook Comment CUSTOM [🇮🇹ITALY🇮🇹] [REAL] [NON DROP] [Start Time: 0-24 Hours]","65.52","46.8","1","500","wizsmm","b48b592b-1494-47f3-9cd9-546918604864"
"facebook","Facebook Germany Post Wow Reaction [30 Days Refill] [100-200/D] [0-1/H]","14.112","10.08","10","500","wizsmm","b494b8bb-7071-419c-9ea4-95cdf829288d"
"facebook","🇫🇷 Facebook - Post 𝐋𝐢𝐤𝐞𝐬 (👍) 𝑴𝒂𝒍𝒆 - France - Non Drop - 200-300/Day | 30 Days Refill","10.85","7.75","20","10000","wizsmm","b576d2ae-0373-49b8-bfbf-aff259a762d9"
"facebook","Facebook Live Stream Views - [ 240 Minutes ]","17.248","12.32","50","2000","wizsmm","b589d449-ca09-43cf-9465-dc65113ecdc0"
"facebook","Facebook Live Stream Views - S6 [ 120 Minutes ]","10.668","7.62","30","5000","wizsmm","b59a4d29-0f75-4573-9925-50fafbc14969"
"facebook","Singapore Traffic from Facebook","0.56","0.4","500","1000000","wizsmm","b5e35355-9b65-4e96-aeb9-f8a6817d6254"
"facebook","Facebook Emotion Love [🇺🇸US🇺🇸 Black] 𝗥𝗘𝗙𝗜𝗟𝗟 30D | Start 0-24h","11.466","8.19","10","500","wizsmm","b6b71a11-b7b4-47ae-b072-dbf9b85022f8"
"facebook","🇦🇪 Facebook 𝐅𝐫𝐢𝐞𝐧𝐝𝐬 𝐑𝐞𝐪𝐮𝐞𝐬𝐭 - United Arab Emirates - Non Drop - 200-500/Day | 30 Days Refill","19.264","13.76","50","10000","wizsmm","b70d0ca5-e991-4ce7-9597-068cea8ef114"
"facebook","Facebook Post Likes [🇩🇪GERMANY🇩🇪] [PAGE/Profile] [NON DROP] [Start Time: 0-24 Hours]","11.466","8.19","25","500","wizsmm","b860150a-65de-4422-b8dc-4c4da9c9bdf2"
"facebook","Israel Traffic from Facebook","0.56","0.4","500","1000000","wizsmm","b87d5c66-1137-4a3e-807e-a52be78f80c3"
"facebook","Facebook Followers [🇺🇸US🇺🇸] [PROFIL/PAGE] [NON DROP] [Start Time: 0-24 Hours]","11.466","8.19","10","5000","wizsmm","b891a3f4-e975-4978-af01-1fae22869de7"
"facebook","Facebook 600K Minutes [ Monetization ] [ 3-5 Days Delivery ] [ 180+ Minutes ]","5.278","3.77","1000","1000","wizsmm","b909f3e6-03b1-479a-a18e-c03e9793903b"
"facebook","Facebook Followers - [ Max - 1M ] 3k/day ] [ 60 Days Guaranteed ] 1-12 HRS","0.518","0.37","100","1000000","wizsmm","b92ea05c-2254-44d9-aa95-3955c07104ad"
"facebook","Facebook Emotion Wow [🇺🇸US🇺🇸 Black] 𝗥𝗘𝗙𝗜𝗟𝗟 30D | Start 0-24h","11.466","8.19","10","500","wizsmm","b96df726-9426-447c-86d6-59fbb52cc83b"
"facebook","🇫🇷 Facebook - 𝐂𝐨𝐦𝐦𝐞𝐧𝐭 React 𝐒𝐚𝐝 (😢😢😢) - France - Non Drop - 200-300/Day | 30 Days Refill","10.85","7.75","20","10000","wizsmm","ba8322c4-86a5-4218-8996-f45d02b961de"
"facebook","Facebook Video Views [ 3 Sec ] [ 50-100k/day ] 0-1 HRS","0.042","0.03","500","10000000","wizsmm","bbe27f5c-041e-4848-abae-b2179d80cafb"
"facebook","🇳🇬 Facebook - 𝗣𝗼𝘀𝘁 (𝐑𝐚𝐧𝐝𝐨𝐦 𝗖𝗼𝗺𝗺𝗲𝗻𝘁𝘀)  - Nigeria - Non Drop - 100-200/Day | 30 Days Refill","20.636","14.74","5","1000","wizsmm","bc001e34-8b09-451b-ac63-a647677763fc"
"facebook","Moldova Traffic from Facebook","0.77","0.55","1000","1000000","wizsmm","bc33ecbc-f441-4b94-b354-0b96dc010c29"
"facebook","Facebook Video / Reels Views [ 10 Sec ] [ 100k+/day ] 0-1 HRS","0.49","0.35","100","10000000","wizsmm","bc340890-d6a5-42d5-b965-cef19bb6282b"
"facebook","🇲🇾 Facebook 𝐏𝐚𝐠𝐞 𝐑𝐞𝐯𝐢𝐞𝐰 (Yes-Recommendations) [𝐖𝐢𝐭𝐡𝐨𝐮𝐭 𝐂𝐮𝐬𝐭𝐨𝐦 𝐂𝐨𝐦𝐦𝐞𝐧𝐭𝐬] - Malaysia - Non Drop - 100-200/Day | 30 Days Refill","23.38","16.7","5","1000","wizsmm","bc38e337-0dad-4976-9c1d-9fb394f334bf"
"facebook","Facebook 60K Minutes [Monetization] [50-100K/D] [0-48/H] [60+ Minutes]","1.932","1.38","1000","1000","wizsmm","bc43f1c8-fda9-4a0e-9a6a-1415d3d262f5"
"facebook","🇻🇳 Facebook 𝐏𝐚𝐠𝐞 𝐑𝐞𝐯𝐢𝐞𝐰 (Yes-Recommendations) [𝐖𝐢𝐭𝐡𝐨𝐮𝐭 𝐂𝐮𝐬𝐭𝐨𝐦 𝐂𝐨𝐦𝐦𝐞𝐧𝐭𝐬] - Vietnam - Non Drop - 100-200/Day | 30 Days Refill","22.008","15.72","50","1000","wizsmm","bd27345e-2770-445d-90d6-ee82c3be7595"
"facebook","🇲🇾 Facebook - Post React 𝐖𝐨𝐰 (😯) - Malaysia - Non Drop - 200-300/Day | 30 Days Refill","9.632","6.88","50","10000","wizsmm","c1b9dffc-4947-4248-a265-8d8604e16f7c"
"facebook","Worldwide Traffic from Facebook [LQ]","0.238","0.17","88","88888888","wizsmm","c206f48d-85f5-4239-8c56-5abc8a49405f"
"facebook","Facebook Post Reaction [WOW] [USA] [Max:3K] [Refill: 30 Days] [Start Time: 0 - 1 Hour] [Speed:300/Day]","14.112","10.08","10","3000","wizsmm","c26a8cf8-98c6-4223-a683-a789d1db8f30"
"facebook","🇩🇪 Facebook - Post React 𝐇𝐚𝐇𝐚 (😆) - Germany - Non Drop - 200-300/Day | 30 Days Refill","9.632","6.88","50","10000","wizsmm","c2f8d12c-b403-4edb-a1c6-89449cc1f4b4"
"facebook","Facebook Video / Reels Views [30 Sec] [100K+/D] [0-1/H]","1.022","0.73","500","10000000","wizsmm","c3096ab3-3777-4d70-b334-1d4bce4b4e56"
"facebook","Facebook Post Likes [10K] [ Instant ] [ WoW React-😲] Lifetime~100% NON DROP","0.826","0.59","50","50000","wizsmm","c3481be5-7eeb-47e3-8f8e-e38094b1bcf7"
"facebook","🇳🇬 Facebook - 𝐂𝐨𝐦𝐦𝐞𝐧𝐭 React 𝐖𝐨𝐰 (😯😯😯) - Nigeria - Non Drop - 200-300/Day | 30 Days Refill","9.632","6.88","50","10000","wizsmm","c35ab8ab-e715-4a44-9a20-d7a7b0ec40fc"
"facebook","🇦🇪 Facebook - 𝐄𝐯𝐞𝐧𝐭 𝐉𝐨𝐢𝐧 (𝐈𝐧𝐭𝐞𝐫𝐞𝐬𝐭) - United Arab Emirates - Non Drop - 200-300/Day | 30 Days Refill","16.506","11.79","50","10000","wizsmm","c425c099-f3f2-4c38-8aa7-a7487132eba1"
"facebook","Facebook Post Reaction LOVE [🇫🇷FRANCE🇫🇷] [PAGE/Profile] [NON DROP] [Start Time: 0-24 Hours]","11.466","8.19","10","500","wizsmm","c45809bf-01f1-49ec-bf64-16e236347397"
"facebook","🇲🇾 Facebook | Profile/Page - Followers - Malaysia - Non Drop - 200-300/Day | 30 Days Refill","17.878","12.77","50","10000","wizsmm","c7117e50-e024-42c5-aff7-55060f79ed64"
"facebook","Egypt Traffic from Facebook","0.56","0.4","500","1000000","wizsmm","c82cc785-4113-4be2-a203-bb5eec351aa8"
"facebook","🇫🇷 Facebook - 𝗣𝗼𝘀𝘁 (𝐑𝐚𝐧𝐝𝐨𝐦 𝗖𝗼𝗺𝗺𝗲𝗻𝘁𝘀) - 𝑴𝒂𝒍𝒆 𝑷𝒓𝒐𝒇𝒊𝒍𝒆 👦 - France - Non Drop - 100-200/Day | 30 Days Refill","23.044","16.46","5","1000","wizsmm","c84dd15e-5fcb-4b54-8180-6fab0bc37aaf"
"facebook","Facebook Post Reaction WOW [🇮🇹ITALY🇮🇹] [PAGE/Profile] [NON DROP] [Start Time: 0-24 Hours]","11.466","8.19","10","500","wizsmm","c859f6b3-6c86-41fa-a7fe-8f4d2f9e23c5"
"facebook","Facebook Page Likes - [ Max - 100K ] [ Non Drop, 1k-2k/day  ] [ 60 Days Guaranteed ] 12-24 HRS","3.36","2.4","1000","20000","wizsmm","c86fd684-c8c6-48eb-a19c-6126410ecc56"
"facebook","🇲🇦 Facebook - 𝗣𝗼𝘀𝘁 (𝗘𝗺𝗼𝗷𝗶 𝗖𝗼𝗺𝗺𝗲𝗻𝘁𝘀) - Morocco - Non Drop - 100-200/Day | 30 Days Refill","38.206","27.29","50","100000","wizsmm","ca2449f7-ee1f-42aa-8847-f1f4ef2e000e"
"facebook","🇨🇦 Facebook 𝐏𝐚𝐠𝐞 𝐑𝐞𝐯𝐢𝐞𝐰 (Yes-Recommendations) [𝐖𝐢𝐭𝐡 𝐂𝐮𝐬𝐭𝐨𝐦 𝐂𝐨𝐦𝐦𝐞𝐧𝐭𝐬] - Canada - Non Drop - 100-200/Day | 30 Days Refill","20.342","14.53","50","1000","wizsmm","ca5ecae9-e3a2-4e76-977f-4fc0a098bc03"
"facebook","Russia Traffic from Facebook [LQ]","0.238","0.17","88","88888888","wizsmm","cbdf4033-52fd-4e5b-8f85-385cebe2f960"
"facebook","Facebook Post Reaction CARE [🇮🇹ITALY🇮🇹] [PAGE/Profile] [NON DROP] [Start Time: 0-24 Hours]","11.466","8.19","10","500","wizsmm","cca4b001-10f5-451f-baa7-5ca4ece19cae"
"facebook","🇮🇹 Facebook Post Reaction [Care] [ITALY] [Max:500] [Refill: 30 Days] [Start Time: 0 - 6 Hour] [Speed:200/Day]","15.925","11.375","10","500","wizsmm","ce919a79-76b8-43f2-8431-a5b5434e8b3a"
"facebook","Facebook All Type Page Likes and Followers [World Wide] [No Drop] [50-100K/D] [Instant]","0.882","0.63","10","500000","wizsmm","1091dd3d-3fd1-49db-91e2-a3ab28fb7500"
"facebook","Facebook Followers - Page/Profile [ Max - 1M ] [ 5k/day / High Quality ] [ 30 Days Refill ] INSTANT","0.924","0.66","10","100000","wizsmm","31590e12-8332-47d2-95cc-1cc93c93b09d"
"facebook","Facebook All Type Page Likes and Followers [High Quality] [365 Days Refill] [30-50K/D] [0-1/H]","1.302","0.93","10","500000","wizsmm","b11cc142-ced0-4f91-8a11-ea495f63e6ac"
"facebook","🇲🇾 Facebook - 𝐂𝐨𝐦𝐦𝐞𝐧𝐭 React 𝐒𝐚𝐝 (😢😢😢) - Malaysia - Non Drop - 200-300/Day | 30 Days Refill","9.632","6.88","50","10000","wizsmm","ee8bddf4-974f-440b-b2b1-b30f7a914c14"
"facebook","🇩🇪 Facebook - 𝐄𝐯𝐞𝐧𝐭 𝐉𝐨𝐢𝐧 (𝐈𝐧𝐭𝐞𝐫𝐞𝐬𝐭) - Germany - Non Drop - 200-300/Day | 30 Days Refill","12.376","8.84","50","10000","wizsmm","eeccc704-f9e5-4ded-a4ea-2452f7d0576f"
"facebook","Facebook Page Review - [ With Custom Comment ] [ Max-500 ] [ 30 Days Refill ] 12-24 HRS","16.8","12","10","100","wizsmm","ef2ea74a-1086-4804-9f06-7e15088f7afc"
"facebook","Facebook Post Reactions | 🥰Care | 🔥𝐈𝐧𝐬𝐭𝐚𝐧𝐭 𝐒𝐭𝐚𝐫𝐭 | 🚀10K/Day | ♻️30 Days Guarantee","1.26","0.9","50","1000000","wizsmm","15939587-228e-427f-b762-6d995c37a7b8"
"facebook","🇲🇾 Facebook 𝐅𝐫𝐢𝐞𝐧𝐝𝐬 𝐑𝐞𝐪𝐮𝐞𝐬𝐭 - Malaysia - Non Drop - 200-500/Day | 30 Days Refill","20.636","14.74","50","10000","wizsmm","f0aca384-5342-4aa4-b068-7a35ed35277e"
"facebook","🇧🇷 Facebook 𝐅𝐫𝐢𝐞𝐧𝐝𝐬 𝐑𝐞𝐪𝐮𝐞𝐬𝐭 - Brazil - Non Drop - 200-500/Day | 30 Days Refill","19.04","13.6","50","5000","wizsmm","f0dd8b01-fa48-4d72-bc0f-e8667c7b7ca5"
"facebook","Facebook Germany Post Likes [30 Days Refill] [100-200/D] [0-1/H]","14.112","10.08","10","500","wizsmm","f244b18f-367b-4a0c-931f-e9e143d166e8"
"facebook","🇫🇷 Facebook - 𝐂𝐨𝐦𝐦𝐞𝐧𝐭 𝐋𝐢𝐤𝐞 (👍👍👍) - France - Non Drop - 200-300/Day | 30 Days Refill","10.85","7.75","20","10000","wizsmm","f34e9031-8f72-4da7-926b-fb6c6ed52ece"
"facebook","Facebook Live Stream Views - S3 [ 150 Minutes ]","17.094","12.21","50","10000","wizsmm","f3b03e50-eb21-494d-863b-22dd1ec3fd04"
"facebook","🇹🇭 Facebook Random Comments [THAILAND] [Max: 500K] [Refill: 15D] [Start Time: 0-2 Hrs] [Speed: Up to 1K/D] 💧","10.7415","7.6725","10","1000000","wizsmm","16eae7b4-4d2e-4374-ac6a-30c253bc6f10"
"facebook","Facebook Post Reaction [Love] [France] [Max:500] [Refill: 30 Days] [Start Time: 0 - 1 Hour] [Speed:100/Day]","18.0908","12.922","10","500","wizsmm","02082fb4-dcf6-4213-98cc-a68fc0c4f152"
"facebook","🇮🇹 Facebook Post Reaction [Love] [ITALY] [Max:500] [Refill: 30 Days] [Start Time: 0 - 6 Hour] [Speed:200/Day]","15.925","11.375","10","500","wizsmm","303142f7-e0f9-4634-96be-72eb3211c0c1"
"facebook","🇲🇾 Facebook - 𝗣𝗼𝘀𝘁 (𝗖𝘂𝘀𝘁𝗼𝗺 𝗖𝗼𝗺𝗺𝗲𝗻𝘁𝘀) - 𝑴𝒂𝒍𝒆 𝑷𝒓𝒐𝒇𝒊𝒍𝒆 👦 - Malaysia - Non Drop - 100-200/Day | 30 Days Refill","22.008","15.72","5","1000","wizsmm","00c47c81-fcad-4eaa-9af0-3bca6cfd66b5"
"facebook","🇳🇬 Facebook - 𝗣𝗼𝘀𝘁 (𝐑𝐚𝐧𝐝𝐨𝐦 𝗖𝗼𝗺𝗺𝗲𝗻𝘁𝘀) - 𝑴𝒂𝒍𝒆 𝑷𝒓𝒐𝒇𝒊𝒍𝒆 👦 - Nigeria - Non Drop - 100-200/Day | 30 Days Refill","20.636","14.74","5","1000","wizsmm","02398a25-825a-45e5-aa12-1a19c400980a"
"facebook","🇯🇵 Facebook - Post 𝐋𝐢𝐤𝐞𝐬 (👍) 𝑴𝒂𝒍𝒆 - Japan - Non Drop - 200-300/Day | 30 Days Refill","9.562","6.83","50","10000","wizsmm","02d7a1b8-8176-4c5c-b5e2-f75fad8601ec"
"facebook","All-in-one Facebook","53.76","38.4","50","5000","wizsmm","032144a7-19e5-4909-b459-136b827d3513"
"facebook","🇦🇪 Facebook - 𝐂𝐨𝐦𝐦𝐞𝐧𝐭 React 𝐂𝐚𝐫𝐞 (🥰🥰🥰) - United Arab Emirates - Non Drop - 200-300/Day | 30 Days Refill","11.004","7.86","50","10000","wizsmm","03248f90-96c3-4de9-b4b2-e798f6017507"
"facebook","🇵🇭 Facebook 𝐏𝐚𝐠𝐞 𝐑𝐞𝐯𝐢𝐞𝐰 (Yes-Recommendations) [𝐖𝐢𝐭𝐡𝐨𝐮𝐭 𝐂𝐮𝐬𝐭𝐨𝐦 𝐂𝐨𝐦𝐦𝐞𝐧𝐭𝐬] - Philippines - Non Drop - 100-200/Day | 30 Days Refill","24.752","17.68","5","1000","wizsmm","2af57ec4-504a-405a-b20a-156f303fccdc"
"facebook","🇺🇸Facebook Page Likes [USA] [Max: 50K] [Refill: 30 Days] [Start Time: 1-12 Hour] [Speed: 200/Day]","18.0908","12.922","10","10000","wizsmm","040ff3fc-ea8a-43d1-8a80-a98512147161"
"facebook","🇮🇹 Facebook Group Member [ITALY] [Max:500] [Refill: 30 Days] [Start Time: 0 - 6 Hour] [Speed:200/Day]","15.925","11.375","10","1000","wizsmm","05025ef5-d676-48f2-92c4-5a0fd3a3840b"
"facebook","🇪🇬 Facebook Follower [Profile/Page] [Max: 10K] [Refill: 30 Days] [Start Time: 0 - 24 Hours] [Speed: 5K/Day]","3.5","2.5","1000","1000000","wizsmm","074fed95-e34c-4edf-a481-e6aea69f00c5"
"facebook","🇧🇷 Facebook Post Likes [Max:1K] [Refill: 15D] [Start Time: 0 - 2 Hrs] [Speed: 500/D] 💧⛔","5.25","3.75","25","3000","wizsmm","090301c0-3812-4055-92d0-6c007022c934"
"facebook","🇮🇹 Facebook Follower [Profile/Page] [ITALY] [Max:10K] [Refill: 30 Days] [Start Time: 0 - 6 Hour] [Speed:200/Day]","15.925","11.375","10","1000","wizsmm","0b554689-58cd-4fff-80e8-ff75d0f10ee5"
"facebook","🇹🇼 Facebook Post Likes [TAIWAN] [Max: 350] [Refill: 30 Days] [Start Time: 1-12 Hour] [Speed: 50-100/Day]","16.562","11.83","25","1000","wizsmm","0b65206b-0faa-4bc2-a5f3-7f51259b63ae"
"facebook","Facebook Post Likes [Italy]  [Max:150] [Refill: 30 Days] [Start Time: 1-12 Hour] [Speed:50/Day]","18.0908","12.922","10","1000","wizsmm","0cb3354c-017b-470e-bb0b-ca3475ba794c"
"facebook","🇹🇭 Facebook Post Likes [CARE 🥰] [THAILAND] [Max: 5K] [Refill: No] [Start Time: 0-2 Hrs] [Speed: Up to 5K/D] 💧","2.1986","1.5704","50","10000","wizsmm","0d164e7c-274b-4a39-a196-2edafd744b11"
"facebook","🇺🇸 Facebook Comments [Custom] [Max: 150] [Refill: 100 Days] [Start Time: 0 - 4 Hours] [Speed: 150/Day]","60.515","43.225","5","200","wizsmm","0d26c237-458c-4030-a58f-095922767bb3"
"facebook","🇺🇸Facebook Comments [USA] [RANDOM] [Refill: 10 Days] [Max: 1K] [Start Time: 0-4 Hours] [Speed: 1K/Day] ♻️","87.5","62.5","10","1000","wizsmm","0dafb038-2b87-48a3-9cdc-3da7c18d98e2"
"facebook","🇪🇬 Facebook Page Followers [Max: 10K] [Refill: 30 Days] [Start Time: 0 - 24 Hours] [Speed: 2K/Day]","3.5","2.5","1000","1000000","wizsmm","0e1e568b-b5a5-4dcf-905c-ff902a04c18f"
"facebook","🇮🇹 Facebook Page Likes [ITALY] [Max:500] [Refill: 30 Days] [Start Time: 1-12 Hour] [Speed:50/Day]","15.925","11.375","10","1000","wizsmm","10f03072-f21f-4507-bff0-847aafaf5146"
"facebook","Pakistan Traffic from Facebook","0.6125","0.4375","500","1000000","wizsmm","112c306e-eee1-4036-bc9d-a04a7abf447b"
"facebook","🇹🇷Turkey Traffic from Facebook [No Refill] [Max: 1M] [Start Time: 12 Hours] [Speed: 10K/Day]","0.6125","0.4375","500","1000000","wizsmm","1159166c-a879-4bb6-80df-ceeefc2c430d"
"facebook","Facebook Post Reaction [Care] [France] [Max:500] [Refill: 30 Days] [Start Time: 0 - 1 Hour] [Speed:100/Day]","18.0908","12.922","10","500","wizsmm","1350c375-82af-4b00-afba-8462cd404f60"
"facebook","🇪🇸Spain Traffic from Facebook [No Refill] [Max: 1M] [Start Time: 12 Hours] [Speed: 10K/Day]","0.6125","0.4375","500","1000000","wizsmm","1947c088-f8ba-411d-bef2-abf04eb970cb"
"facebook","🇹🇼 Facebook Profile Follower [TAIWAN] [Max: 350] [Refill: 30 Days] [Start Time: 1-12 Hour] [Speed: 50-100/Day]","15.925","11.375","10","1000","wizsmm","1a45119a-fe5b-4aa0-98e8-69656cb0bab1"
"facebook","🇯🇵 Facebook Page Likes - Japan - Non Drop - 200-300/Day | 30 Days Refill","21.7","15.5","50","10000","wizsmm","005a64f4-f758-4251-9ede-d2246005d3ec"
"facebook","🇹🇼 Facebook Post Reaction [Angry] [TAIWAN] [Max: 350] [Refill: 30 Days] [Start Time: 0 - 1 Hour] [Speed: 300/Day]","15.925","11.375","10","350","wizsmm","1ae2c8b8-5f79-47d5-b797-039c7f94b760"
"facebook","Facebook Post Likes [Germany] [FeMale] [Max:400] [Refill: 30 Days] [Start Time: 1-12 Hour] [Speed:200/Day]","18.0908","12.922","10","500","wizsmm","1d118f0b-4dfe-436a-b30c-e6cf6ecad9f2"
"facebook","🇪🇬 Facebook Post Likes [LOVE] [EGYPT] [Refill: Lifetime] [Max: 1.5K] [Start Time: 0-24 Hours] [Speed: Up to 1K/Day]","2.625","1.875","250","200000","wizsmm","2190e718-ae77-49e3-aa79-ae5d5e5caa07"
"facebook","🇰🇷 Facebook Post Share [KOREA] [Max: 150] [Refill: 30 Days] [Start Time: 0 - 12 Hours] [Speed: 100/Day]","17.836","12.74","10","150","wizsmm","275141eb-4014-4863-ac4d-73fe4404fa78"
"facebook","🇷🇺Russia Traffic from Facebook [No Refill] [Max: 1M] [Start Time: 12 Hours] [Speed: 10K/Day]","0.6125","0.4375","500","1000000","wizsmm","29e9442c-3d57-491c-b5e5-7f5509981070"
"facebook","🇰🇷 Facebook Page Likes [KOREA] [Max: 1K] [Refill: 30 Days] [Start Time: 0 - 12 Hours] [Speed: 100/Day]","17.836","12.74","10","1000","wizsmm","2af57e93-af83-4af2-8d8c-6d802fd58920"
"facebook","🇹🇭 Facebook Post Likes 👍 [THAILAND] [Max: 500K] [Refill: 15D] [Start Time: 0-2 Hrs] [Speed: Up to 2K/D] 💧","1.5137","1.0812","10","500000","wizsmm","2bbb9b04-6413-4d24-9ab5-23c5af6d8280"
"facebook","Facebook Post Likes {EU} [Max:2k} [Refill: 30 Days] [Start Time: 0-12Hour] [Speed:200-500/Day}","18.0908","12.922","25","2000","wizsmm","2d600615-56a7-4918-ac95-2392465d1d1d"
"facebook","🇪🇬 Facebook Post Likes [HAHA] [EGYPT] [Refill: Lifetime] [Max: 1.5K] [Start Time: 0-24 Hours] [Speed: Up to 1K/Day]","2.625","1.875","250","200000","wizsmm","2d236b9d-ba46-4588-8067-99824e760d7e"
"facebook","🇺🇸Facebook Page Likes [USA] [NEED ACCESS] [Lifetime Guaranteed] [Max: 1M] [Start Time: 1 Hour] [Speed: 3K/Day] ♻️","336","240","250","100000","wizsmm","2df619f1-1edf-4d71-96e8-1fe67f2c44a7"
"facebook","🇪🇬 Facebook Post Likes [ANGRY] [EGYPT] [Refill: Lifetime] [Max: 1.5K] [Start Time: 0-24 Hours] [Speed: Up to 1K/Day]","2.625","1.875","100","200000","wizsmm","3419e0d0-0b68-44fe-bbe7-48a4bf6d07a0"
"facebook","🇯🇵Japan Traffic from Facebook [Refill: No] [Max: 1M] [Start Time: 12 Hours] [Speed: 10K/Day]","0.6125","0.4375","500","1000000","wizsmm","3464d947-aae3-4136-900d-e901ecf61563"
"facebook","🇧🇷Brazil Traffic from Facebook [Refill: No] [Max: 1M] [Start Time: 12 Hours] [Speed: 10K/Day]","0.245","0.175","88","88888888","wizsmm","39cadf1c-6f18-47a7-a346-f310d0335840"
"facebook","🇺🇸Facebook Post Likes [USA - Female] [Refill: 10 Days] [Max: 1K] [Start Time: 0-4 Hours] [Speed: 1K/Day] ♻️","3.5","2.5","100","1000","wizsmm","3a29da72-b44b-49a5-9402-997febe4314c"
"facebook","🇰🇷 Facebook Post Likes [KOREA] [Max: 150] [Start time: 0-12 Hour] [Speed: 100/Day]","15.925","11.375","10","150","wizsmm","3d8e243e-717b-489b-887d-6e8b01e56af4"
"facebook","usFacebook Page Likes [Max: 5K] [Start Time: 0-1 Hr] [Speed: 5K/D]💧⛔","9.1875","6.5625","10","15000","wizsmm","3fc6b25f-64fb-458b-8e28-eadfa64df880"
"facebook","Facebook Post Likes [Uk] [Max:500] [Refill: 30 Days] [Start Time: 1-12 Hour] [Speed:200/Day]","18.0908","12.922","10","500","wizsmm","40314c4d-0a1a-4000-9024-d9e3bfd931ec"
"facebook","🇪🇬 Facebook EMOJI Post Likes [HaHa😂] [Refill: 30D] [Max: 20K] [Start Time: 0 - 1 Hr] [Speed: 3K/D] 🔥","1.6275","1.1625","100","1000","wizsmm","41fd8ac7-fb04-43bb-b5fd-566b2c2cce07"
"facebook","Romania Traffic from Facebook","0.6125","0.4375","500","1000000","wizsmm","423d3120-6956-479a-ab1b-957ac9477652"
"facebook","🇰🇷 Facebook Post Comments [KOREA] [CUSTOM] [Max: 150] [Start time: 0-12 Hour] [Speed: 100/Day]","32.76","23.4","1","150","wizsmm","45862de7-d851-423e-a78d-69ea0dadd9b9"
"facebook","Facebook Page Likes [UK] [Max:1.5K] [Refill: 30 Days] [Start Time: 1-12 Hour] [Speed:150/Day]","18.0908","12.922","10","5000","wizsmm","464b0de7-f4a2-4649-b55e-822204bb9548"
"facebook","🇪🇬 Facebook EMOJI Post Likes [WoW😲] [Refill: 30D] [Max: 20K] [Start Time: 0 - 1 Hr] [Speed: 3K/D] 🔥","1.6275","1.1625","100","1000","wizsmm","47d5800f-63fd-4533-b07e-19655b358045"
"facebook","🇨🇦Canada Traffic from Facebook [No Refill] [Max: 1M] [Start Time: 12 Hours] [Speed: 10K/Day]","0.6125","0.4375","500","1000000","wizsmm","47ef925c-2194-4b60-a71e-c57df41cf7c8"
"facebook","🇺🇸 Facebook Share Post [USA] [Refill: 30D] [Max: 500K] [Start Time: 0-6 Hours] [Speed: 50K/D]💧","22.3125","15.9375","10","500000","wizsmm","4a8377d8-d49d-4f59-8fd8-2deb2d7dbeb4"
"facebook","🇮🇹 Facebook Comment [ITALY] [Random] [Max:500] [Refill: 30 Days] [Start Time: 0-6 Hour] [Speed:200/Day]","79.625","56.875","1","500","wizsmm","4aabbe19-e3b1-4b5b-90a8-56adce8d5371"
"facebook","Facebook Followers [Profile / Page ] [Germany] [Max:10K] [Refill: 30 Days] [Start Time: 1-12 Hour] [Speed:300/Day]","18.0908","12.922","10","10000","wizsmm","4b2a31a3-3827-41c0-a829-3bf905d6099e"
"facebook","🇺🇸Facebook Comments [USA] [CUSTOM] [Refill: 10 Days] [Max: 1K] [Start Time: 0-4 Hours] [Speed: 1K/Day] ♻️","105","75","10","1000","wizsmm","4f97e15c-bda6-4e5e-b975-ff944d4b4aeb"
"facebook","Facebook Post Likes [Germany] [Male] [Max:400] [Refill: 30 Days] [Start Time: 1-12 Hour] [Speed:200/Day]","18.0908","12.922","10","500","wizsmm","51667ceb-b850-422b-8466-4e3ed69998dd"
"facebook","Facebook Post Reaction [Care] [Germany] [Max:500] [Refill: 30 Days] [Start Time: 0 - 1 Hour] [Speed:100/Day]","18.0908","12.922","10","500","wizsmm","51e9d212-f8a2-471c-9608-a5acaa910625"
"facebook","🇪🇬 Facebook Female Page Rating + Custom Comments [5⭐] [Max: 1k] [Refill: Lifetime] [Start Time: 48 Hours] [Speed: 500/Day]","13.16","9.4","50","10000","wizsmm","536cee75-d2ef-4143-aaa5-1c8630619c66"
"facebook","🇺🇸Facebook Followers [Profile/Page] [USA] [Max: 50K] [Refill: 30 Days] [Start Time: 1-12 Hours] [Speed: 300/Day]","18.0908","12.922","10","5000","wizsmm","55bc98a6-1550-4645-b83b-4b5d64295cf7"
"facebook","🇺🇸Facebook Post Reaction [Angry] [USA] [Max: 3K] [Refill: 30 Days] [Start Time: 0 - 1 Hour] [Speed: 300/Day]","18.0908","12.922","10","3000","wizsmm","564ac546-f220-458a-b7e5-6a794a09ebfb"
"facebook","🇪🇬 Facebook EMOJI Post Likes [LIKE👍] [Refill: 30D] [Max: 20K] [Start Time: 0 - 1 Hr] [Speed: 3K/D] 🔥","1.6275","1.1625","100","1000","wizsmm","581199e2-a52f-4e96-b919-2aa7da9a4154"
"facebook","🇲🇽Mexico Traffic from Facebook [No Refill] [Max: 1M] [Start Time: 12 Hours] [Speed: 10K/Day]","0.6125","0.4375","500","1000000","wizsmm","5816d561-be98-44c8-9a1a-e357c5434fcc"
"facebook","🇺🇸 Facebook Post Likes [USA] [CARE 🤗] ] [Max: 500K] [Refill: 30D] [Start Time: 0 - 1 Hr] [Speed: Up to 50K/D] 💧","2.975","2.125","10","500000","wizsmm","585d5706-dcf4-432a-92fe-9d05b0d52e6e"
"facebook","🇹🇼 Facebook Post Reaction [WOW] [TAIWAN] [Max: 350] [Refill: 30 Days] [Start Time: 0 - 1 Hour] [Speed: 300/Day]","15.925","11.375","10","350","wizsmm","58ee075f-ab9c-462b-be69-8f4ebafe5d6b"
"facebook","Facebook Page Likes [France] [Max:2K] [Refill: 30 Days] [Start Time: 1-12 Hour] [Speed:200/Day]","18.0908","12.922","10","1000","wizsmm","5b16635d-137d-4cdb-bfa9-614eef113151"
"facebook","🇹🇼Taiwan Traffic from Facebook [No Refill] [Max: 1M] [Start Time: 12 Hours] [Speed: 10K/Day]","0.6125","0.4375","500","1000000","wizsmm","5e5e65a6-0968-4764-8ca3-82605b48f62b"
"facebook","🇹🇭 Facebook Post Likes [SAD 😢] [THAILAND] [Max: 5K] [Refill: No] [Start Time: 0-2 Hrs] [Speed: Up to 5K/D] 💧","2.1986","1.5704","50","10000","wizsmm","5ea3a19c-b848-4201-aced-ed4d7819bc8e"
"facebook","🇺🇸Facebook Followers [Profile/Page] [USA - Female] [Max: 3K] [Refill: 30 Days] [Start Time: 1-12 Hours] [Speed: 300/Day]","18.0908","12.922","10","5000","wizsmm","617db291-0fb5-480a-b60b-19a0ad84ccf3"
"facebook","🇩🇪Germany Traffic from Facebook [No Refill] [Max: 1M] [Start Time: 12 Hours] [Speed: 10K/Day]","0.245","0.175","88","88888888","wizsmm","61ff69f5-f356-4712-a3c4-b163213e4123"
"facebook","🇺🇸🇪🇺Facebook Followers [Profile/Page] [USA / EU] [Max: 10K] [Refill: 30 Days] [Start Time: 1-12 Hours] [Speed: 400/Day]","18.0908","12.922","10","10000","wizsmm","646251d8-cefe-453e-b0f4-1044d8b53704"
"facebook","🇰🇷 Facebook Post Reaction [Love] [KOREA] [Max: 150] [Refill: 30 Days] [Start Time: 0 - 6 Hour] [Speed: 150/Day]","15.925","11.375","10","150","wizsmm","64651b4f-86dd-44a0-a534-fe8e2ae64dbe"
"facebook","Portugal Traffic from Facebook","0.6125","0.4375","500","1000000","wizsmm","66335659-385d-4c71-859c-45ae0e73495c"
"facebook","🇺🇸 Facebook Post Likes [USA] [WOW 😲] ] [Max: 500K] [Refill: 30D] [Start Time: 0 - 1 Hr] [Speed: Up to 50K/D] 💧","2.975","2.125","10","500000","wizsmm","6716360e-ccc9-4412-b3f7-2bd22b4515bc"
"facebook","Facebook Share [Germany] [Max:2K] [Refill: 30 Days] [Start Time: 1-24 Hour] [Speed:100/Day]","18.0908","12.922","5","2000","wizsmm","6920a10b-96b5-4879-b726-50d762af29a8"
"facebook","🇺🇸 Facebook Comment Like [USA] [Refill: 30D] [Max: 500K] [Start Time: 0-6 Hours] [Speed: 50K/D]💧","2.975","2.125","10","500000","wizsmm","6a39dd7a-94af-41f0-9900-a60603f5a1b4"
"facebook","🇹🇭 Facebook Post Likes 🥰 [THAILAND] [Max: 500K] [Refill: 15D] [Start Time: 0-2 Hrs] [Speed: Up to 2K/D] 💧","1.5137","1.0812","100","1000000","wizsmm","6dbc44af-3267-4164-9c6a-dfc7a0c1137b"
"facebook","🇺🇸Facebook Post Reaction [WOW] [USA] [Max: 3K] [Refill: 30 Days] [Start Time: 0 - 1 Hour] [Speed: 300/Day]","18.0908","12.922","10","3000","wizsmm","6f44e390-056d-4504-ad40-13ab2cc67f7b"
"facebook","Facebook Post Reaction [HaHa] [EU] [Max:1K] [Refill: 30 Days] [Start Time: 0 - 6 Hour] [Speed:200/Day]","18.0908","12.922","10","1000","wizsmm","7035c141-aa0b-4d6e-8005-f765481da16b"
"facebook","🇪🇬 Facebook Post Likes [CARE] [EGYPT] [Refill: Lifetime] [Max: 1.5K] [Start Time: 0-24 Hours] [Speed: Up to 1K/Day]","2.625","1.875","250","200000","wizsmm","723687ec-5f42-418a-bf48-e4c4dda749aa"
"facebook","🇰🇷 Facebook Post Comments [KOREA] [RANDOM] [Max: 150] [Start time: 0-12 Hour] [Speed: 100/Day]","32.76","23.4","1","150","wizsmm","7497c40e-c438-4595-b70f-c6de3959df21"
"facebook","🇸🇬Singapore Traffic from Facebook [No Refill] [Max: 1M] [Start Time: 12 Hours] [Speed: 10K/Day]","0.6125","0.4375","500","1000000","wizsmm","77dc030a-d594-447b-8214-1ba6056d476a"
"facebook","🇹🇭 Facebook Post Likes 😢 [THAILAND] [Max: 500K] [Refill: 15D] [Start Time: 0-2 Hrs] [Speed: Up to 2K/D] 💧","1.5137","1.0812","100","1000000","wizsmm","788b6c38-3d79-47d6-a530-8d6a9f427a87"
"facebook","🇹🇼 Facebook Post Reaction [HAHA] [TAIWAN] [Max: 350] [Refill: 30 Days] [Start Time: 0 - 1 Hour] [Speed: 300/Day]","15.925","11.375","10","350","wizsmm","79ef7c77-2c03-4d77-9f9d-e74bfaf4e58f"
"facebook","🇮🇩Indonesia Traffic from Facebook [Refill: No] [Max: 1M] [Start Time: 12 Hours] [Speed: 10K/Day]","0.35","0.25","100","1000000","wizsmm","7bba4dd5-1b69-46d1-b99a-9f451926f8a1"
"facebook","🇳🇱Netherlands Traffic from Facebook [No Refill] [Max: 1M] [Start Time: 12 Hours] [Speed: 10K/Day]","0.6125","0.4375","500","1000000","wizsmm","7e54ea13-dc73-4e42-b433-784502f9b956"
"facebook","🇮🇳India Traffic from Facebook [Refill: No] [Max: 1M] [Start Time: 12 Hours] [Speed: 10K/Day]","0.245","0.175","88","88888888","wizsmm","804ff667-fd66-4b5d-a1db-ff11ad9e3e13"
"facebook","🇹🇼 Facebook Post Reaction [Care] [TAIWAN] [Max: 350] [Refill: 30 Days] [Start Time: 0 - 1 Hour] [Speed: 300/Day]","15.925","11.375","10","350","wizsmm","831c082b-eb70-4d1f-b282-80a7d3aa4222"
"facebook","Facebook Post Reaction [Anrgy] [France] [Max:500] [Refill: 30 Days] [Start Time: 0 - 1 Hour] [Speed:100/Day]","18.0908","12.922","10","500","wizsmm","85153fc0-107f-445c-84cb-0d6f5731f64a"
"facebook","🇺🇸Facebook Post Reaction [Care] [USA] [Max:3K] [Refill: 30 Days] [Start Time: 0 - 1 Hour] [Speed: 300/Day]","18.0908","12.922","10","3000","wizsmm","86d8b3e3-49ba-4b4b-986b-3ced645f38a6"
"facebook","🇪🇬 Facebook EMOJI Post Likes [Angry😡] [Refill: 30D] [Max: 20K] [Start Time: 0 - 1 Hr] [Speed: 3K/D] 🔥","1.6275","1.1625","100","20000","wizsmm","8704be59-3c74-4ed4-95cc-323d4e34256f"
"facebook","Facebook Followers [Profile / Page ] [France] [Max:2K] [Refill: 30 Days] [Start Time: 1-12 Hour] [Speed:200/Day]","18.0908","12.922","10","20000","wizsmm","871e5bff-5fc0-4d2d-b3b6-a79b17d20bb8"
"facebook","🇪🇬 Facebook EMOJI Post Likes [Sad😥] [Refill: 30D] [Max: 20K] [Start Time: 0 - 1 Hr] [Speed: 3K/D] 🔥","1.6275","1.1625","100","1000","wizsmm","88ad1666-39a2-4167-9a28-01c6c6fe5592"
"facebook","🇹🇭 Facebook Post Likes [ANGRY 😡] [THAILAND] [Max: 5K] [Refill: No] [Start Time: 0-2 Hrs] [Speed: Up to 5K/D] 💧","2.1986","1.5704","50","10000","wizsmm","901c4d5d-d650-4fc4-84cc-472743ddb55e"
"facebook","🇬🇧UK Traffic from Facebook [Refill: No] [Max: 1M] [Start Time: 12 Hours] [Speed: 10K/Day] 💧","0.245","0.175","88","88888888","wizsmm","90895d44-0123-4cfe-b313-7427923f5a8a"
"facebook","🇵🇱Poland Traffic from  Facebook [No Refill] [Max: 1M] [Start Time: 12 Hours] [Speed: 10K/Day]","0.6125","0.4375","500","1000000","wizsmm","91d8e622-845f-46c6-a1b9-25c2c3ed0f65"
"facebook","Facebook Post Reaction [Wow] [EU] [Max:1K] [Refill: 30 Days] [Start Time: 0 - 6 Hour] [Speed:200/Day]","18.0908","12.922","10","1000","wizsmm","92b09754-db88-4943-8799-a8963d438b08"
"facebook","🇹🇭 Facebook Post Likes ❤️ [THAILAND] [Max: 500K] [Refill: 15D] [Start Time: 0-2 Hrs] [Speed: Up to 2K/D] 💧","1.5137","1.0812","100","1000000","wizsmm","93007619-f815-4a80-902b-3a6d8455b477"
"facebook","🇺🇸Facebook Post Likes [USA - Male] [Max: 3K] [Refill: 30 Days] [Start Time: 1-12 Hour] [Speed: 200/Day]","18.0908","12.922","10","3000","wizsmm","959697ea-c952-4235-9192-351b0ec99a9c"
"facebook","🇹🇭 Facebook Page Followers [THAILAND] [Max: 500K] [Refill: 15D] [Start Time: 0-2 Hrs] [Speed: Up to 1K/D] 💧","1.953","1.395","100","1000000","wizsmm","9766246a-3644-406b-b93e-17946e1c7a69"
"facebook","🇺🇦Ukraine Traffic from Facebook [No Refill] [Max: 1M] [Start Time: 12 Hours] [Speed: 10K/Day]","0.6125","0.4375","500","1000000","wizsmm","98fedaed-d534-4a07-966a-23e3f00263d4"
"facebook","🇮🇹Italy Traffic from Facebook [No Refill] [Max: 1M] [Start Time: 12 Hours] [Speed: 10K/Day]","0.665","0.475","500","1000000","wizsmm","9940520c-daaf-43b6-8b03-96bfe94cd35f"
"facebook","🇰🇷 Facebook Follower [KOREA] [Profile/Page] [Max: 1K] [Refill: 30 Days] [Start Time: 0 - 12 Hours] [Speed: 100/Day]","17.836","12.74","10","1000","wizsmm","9d88b279-10a8-4a46-af39-3b15e9cd23ce"
"facebook","🇮🇹 Facebook Post Reaction [WoW] [ITALY] [Max:500] [Refill: 30 Days] [Start Time: 0 - 6 Hour] [Speed:200/Day]","15.925","11.375","10","500","wizsmm","9ecc2e82-1577-4273-9ace-5945a81e7ce8"
"facebook","🇺🇸Facebook Post Likes [USA - Female] [Max:3K] [Refill: 30 Days] [Start Time: 1-12 Hour] [Speed: 200/Day]","18.0908","12.922","10","3000","wizsmm","9f6dcf8a-86b0-4ca4-9b25-f64d0aa98d0e"
"facebook","🇺🇸 Facebook Post Likes [USA] [LOVE ❤️] ] [Max: 500K] [Refill: 30D] [Start Time: 0 - 1 Hr] [Speed: Up to 50K/D] 💧","2.975","2.125","10","500000","wizsmm","9fd8b55e-70ea-4989-9ac8-abb0759af00f"
"facebook","🇹🇭 Facebook Post Likes 😁 [THAILAND] [Max: 500K] [Refill: 15D] [Start Time: 0-2 Hrs] [Speed: Up to 2K/D] 💧","1.5137","1.0812","100","1000000","wizsmm","a32a3c02-b4d1-442b-a534-90e9f76d6fdc"
"facebook","🇺🇸USA Traffic from Facebook [Refill: No] [Max: 1M] [Start Time: 0 - 12 Hours] [Speed: 10K/Day]💧","0.245","0.175","88","88888888","wizsmm","a47f63a8-b342-4cb2-bef4-233094242e80"
"facebook","Facebook Post Reaction [HaHa] [Germany] [Max:500] [Refill: 30 Days] [Start Time: 0 - 1 Hour] [Speed:100/Day]","18.0908","12.922","10","500","wizsmm","a5b87c87-9cd8-4468-8f21-244a6dc5de56"
"facebook","Facebook Post Reaction [Angry] [EU] [Max:1K] [Refill: 30 Days] [Start Time: 0 - 6 Hour] [Speed:200/Day]","18.0908","12.922","10","1000","wizsmm","a6e88815-7df0-4157-a251-f1044e69a010"
"facebook","🇪🇬 Facebook Profile Followers [EGYPT] [NO REFILL] [Max: 10K] [Start Time: 0-24 Hours] [Speed: 5K/Day]","2.6806","1.9147","1000","5000","wizsmm","a8c5ad93-d0ed-4a4e-83ea-0adb47a95962"
"facebook","Facebook Post Likes [Germany] [Max:400] [Refill: 30 Days] [Start Time: 1-12 Hour] [Speed:200/Day]","18.0908","12.922","10","500","wizsmm","a9b5e941-4345-4c0c-92da-699a201458c4"
"facebook","Facebook Post Reaction [HaHa] [France] [Max:500] [Refill: 30 Days] [Start Time: 0 - 1 Hour] [Speed:100/Day]","18.0908","12.922","10","500","wizsmm","ab00d445-1961-4e22-a6ff-0cff0302f0fb"
"facebook","Facebook Post Likes [France] [Max:500] [Refill: 30 Days] [Start Time: 1-12 Hour] [Speed:200/Day]","18.0908","12.922","10","500","wizsmm","ac813809-50e2-43b2-8906-7078666ce9eb"
"facebook","Facebook Page Likes [EU] [Max:8K] [Refill: 30 Days] [Start Time: 1-12 Hour] [Speed:150/Day]","18.0908","12.922","10","8000","wizsmm","ad938b2e-dd34-495a-adc8-3f65729ee414"
"facebook","🇪🇬 Facebook Page Rating + Custom Comments [5⭐] [Max: 1k] [Refill: Lifetime] [Start Time: 48 Hours] [Speed: 500/Day]","13.16","9.4","50","10000","wizsmm","add288db-0cb4-434e-b4d5-a14baae32227"
"facebook","Facebook Post Reaction [Love] [EU] [Max:1K] [Refill: 30 Days] [Start Time: 0 - 6 Hour] [Speed:200/Day]","18.0908","12.922","10","1000","wizsmm","ae240cbe-7464-41e6-828a-497d3bbf210f"
"facebook","🇺🇸 Facebook Post Likes [USA] [ANGRY 😡] ] [Max: 500K] [Refill: 30D] [Start Time: 0 - 1 Hr] [Speed: Up to 50K/D] 💧","2.975","2.125","10","500000","wizsmm","aec430ee-b628-49bf-96e1-3c648dfdc281"
"facebook","🇪🇬 Facebook Post Likes [SAD] [EGYPT] [Refill: Lifetime] [Max: 1.5K] [Start Time: 0-24 Hours] [Speed: Up to 1K/Day]","2.625","1.875","250","200000","wizsmm","af2d8e8d-3361-456c-94c7-ca22e585f37e"
"facebook","Egypt Traffic from Facebook [12H - 10K/Day]","0.665","0.475","500","1000000","wizsmm","b150fac9-0960-4ba8-8255-5eabf45802d4"
"facebook","🇹🇼 Facebook Share [TAIWAN] [Max: 5K] [Refill: 30 Days] [Start Time: 12-24 Hour] [Speed: 100/Day]","15.925","11.375","10","350","wizsmm","b2e566b1-c3ef-471e-a7d0-d1796b9c579b"
"facebook","🇺🇸Facebook Post Reaction [Love] [USA] [Max:3K] [Refill: 30 Days] [Start Time: 0 - 1 Hour] [Speed: 300/Day]","18.0908","12.922","10","3000","wizsmm","b3b3983d-dfcd-4987-844d-6c8d6a53dfac"
"facebook","🇮🇹 Facebook Post Reaction [HaHa] [ITALY] [Max:500] [Refill: 30 Days] [Start Time: 0 - 6 Hour] [Speed:200/Day]","15.925","11.375","10","500","wizsmm","b4b1d0d2-3e15-429b-b341-7e2cb0bc2794"
"facebook","🇹🇼 Facebook Post Reaction [Love] [TAIWAN] [Max: 350] [Refill: 30 Days] [Start Time: 0 - 1 Hour] [Speed: 300/Day]","15.925","11.375","25","350","wizsmm","b61b350a-3e9f-4d63-b187-21b2457f6ff3"
"facebook","Facebook Post Reaction [Care] [EU] [Max:1K] [Refill: 30 Days] [Start Time: 0 - 6 Hour] [Speed:200/Day]","18.0908","12.922","10","1000","wizsmm","b874f9ce-3fdd-4b97-a7ba-059c0f82fbbd"
"facebook","🇧🇷 Facebook Post Reactions [WoW😲]  [Max: 500] [Refill: 15D] [Start Time: 0 - 2 Hrs] [Speed: 500/D]","5.25","3.75","25","3000","wizsmm","bb898823-74dd-42e3-b7c3-84a6d7948afc"
"facebook","🇹🇼 Facebook Post Reaction [SAD] [TAIWAN] [Max: 350] [Refill: 30 Days] [Start Time: 0 - 1 Hour] [Speed: 300/Day]","15.925","11.375","10","350","wizsmm","bc5b5c9b-50e9-458d-bc9e-535edfa09a3a"
"facebook","🇹🇼 Facebook Group Member [TAIWAN] [Max: 350] [Refill: 30 Days] [Start Time: 1-12 Hour] [Speed: 200/Day]","15.925","11.375","10","350","wizsmm","bd0c4c90-b94f-47d3-b5c8-4fc5dd04655d"
"facebook","🇹🇭 Facebook Post Likes 😮 [THAILAND] [Max: 500K] [Refill: 15D] [Start Time: 0-2 Hrs] [Speed: Up to 2K/D] 💧","1.5137","1.0812","100","1000000","wizsmm","be20a955-2184-4ccd-baf7-5930d7b6008b"
"facebook","🇺🇸Facebook Post Likes [USA] [Refill: 10 Days] [Max: 1K] [Start Time: 0-4 Hours] [Speed: 1K/Day] ♻️","2.52","1.8","100","1000","wizsmm","beaffa02-e63e-4a79-8ed8-7cf3144bbdc5"
"facebook","🇹🇭 Facebook Post Likes [HAHA 😁] [THAILAND] [Max: 5K] [Refill: No] [Start Time: 0-2 Hrs] [Speed: Up to 5K/D] 💧","2.1986","1.5704","50","10000","wizsmm","c20f409d-e039-4248-849d-d6211f5eda44"
"facebook","🇪🇬 Facebook Post Likes [WOW] [EGYPT] [Refill: Lifetime] [Max: 1.5K] [Start Time: 0-24 Hours] [Speed: Up to 1K/Day]","2.625","1.875","250","200000","wizsmm","c27b0731-14f8-4619-9abc-fa8b1a1316da"
"facebook","🇹🇭 Facebook Profile Followers [THAILAND] [Max: 10K] [Refill: No] [Start Time: 0-2 Hrs] [Speed: Up to 3K/D] 💧","4.397","3.1407","10","100000","wizsmm","c2da8041-dd20-4b44-adf4-c6ccc9f5cdb5"
"facebook","🇻🇳Vietnam Traffic from Facebook [No Refill] [Max: 1M] [Start Time: 12 Hours] [Speed: 10K/Day]","0.6125","0.4375","500","1000000","wizsmm","c36796a5-07e7-466d-bd20-6f8a29c43045"
"facebook","🇧🇷 Facebook Post Reactions [HaHa😂] [Max: 500] [Refill: 15D] [Start Time: 0 - 2 Hrs] [Speed: 500/D]","5.25","3.75","25","3000","wizsmm","c41f41a9-c06d-4648-ba36-29a68dedd260"
"facebook","🇺🇸 Facebook Comments [Random] [Max: 150] [Refill: 100 Days] [Start Time: 0 - 4 Hours] [Speed: 150/Day]","51.87","37.05","5","200","wizsmm","c6631b55-f9f9-4d5a-a997-50815fec5fce"
"facebook","Website Traffic From Facebook [WW] [Refill: No] [Max: 1M] [Start Time: 0 - 12 Hours] [Speed: 50K/Day] 💧","0.245","0.175","88","88888888","wizsmm","c81864d5-e985-4e85-bb7f-1c0d3d1ad073"
"facebook","🇨🇿Czech Republic Traffic from Facebook [No Refill] [Max: 1M] [Start Time: 12 Hours] [Speed: 10K/Day]","0.6125","0.4375","500","1000000","wizsmm","c93d6115-9992-47a2-9bc1-ef120450858d"
"facebook","🇮🇹 Facebook Post Reaction [Angry] [ITALY] [Max:500] [Refill: 30 Days] [Start Time: 0 - 6 Hour] [Speed:200/Day]","15.925","11.375","10","500","wizsmm","ca160f76-0d9a-4cb5-af74-0363374e34e6"
"facebook","🇰🇷 Facebook Post Reaction [WoW] [KOREA] [Max: 150] [Refill: 30 Days] [Start Time: 0 - 6 Hour] [Speed: 150/Day]","15.925","11.375","10","150","wizsmm","ca6ab088-cc1f-47f5-82f2-9b934e74e302"
"facebook","Social Signals [Facebook] [Max: 500K] [Start Time: 0 - 1 Hour] [Speed: 10K/Day]","1.82","1.3","1000","500000","wizsmm","cb407f84-a431-4915-8b4e-433a291ba1cd"
"facebook","🇰🇷South Korea Traffic from Facebook [Refill: No] [Max: 1M] [Start Time: 12 Hours] [Speed: 10K/Day]","0.245","0.175","88","88888888","wizsmm","cc4f722f-5469-400a-8763-548aa348bd9c"
"facebook","🇪🇬 Facebook EMOJI Post Likes [Love💖] [Refill: 30D] [Max: 20K] [Start Time: 0 - 1 Hr] [Speed: 3K/D] 🔥","1.6275","1.1625","100","1000","wizsmm","cdbaaeb3-dede-4b02-92d4-cb39f4744c12"
"facebook","🇹🇭 Facebook Post Likes 😡 [THAILAND] [Max: 500K] [Refill: 15D] [Start Time: 0-2 Hrs] [Speed: Up to 2K/D] 💧","1.5137","1.0812","100","1000000","wizsmm","cdca8cb7-870d-4315-acdb-905f57297bff"
"facebook","🇪🇬 Facebook Post Likes [EGYPT] [Refill: Lifetime] [Max: 1.5K] [Start Time: 0-24 Hours] [Speed: Up to 1K/Day]","2.625","1.875","250","200000","wizsmm","2c6800c6-8dd0-4f58-a5e8-75dece5c3a32"
"facebook","🇧🇷 Facebook Post Reactions  [LOVE❤️] [Max: 500] [Refill: 15D] [Start Time: 0 - 2 Hrs] [Speed: 500/D]","5.25","3.75","25","3000","wizsmm","2fa69c8f-04e3-4eb2-a0f0-87487b4081d0"
"facebook","Facebook Post Likes","0.5","0.2","100","500000","wizsmm","6fb33980-aab2-423b-b445-54f5d48068b0"
"facebook","Facebook Video Views [10 Mins] [Max: 1M] [Start Time: 0-1 Hr] [Speed: 1M/Day] 💧","2.73","1.95","500","10000000","wizsmm","039479dc-2e62-4934-9f5e-071c50864ca9"
"facebook","Facebook Live Stream Views [Max: 500K] [Stay: 240 Minutes] [Start Time: INSTANT]","8.68","6.2","10","500000","wizsmm","050f2865-4971-41e0-874c-336570ea0fce"
"facebook","Facebook Video Views [3 Seconds] [Refill: No] [Max: 100M] [Start Time: 0 - 1 Hour] [Speed: Up to 250K/Day]","0.2048","0.1463","500","1000000000","wizsmm","051c4621-c825-482c-85b2-f0e098433c8c"
"facebook","Facebook Post Likes [Refill: No] [Max: 50K] [Start Time: 0-2 Hours] [Speed: Up to 15K/Day]","1.4599","1.0428","40","850000","wizsmm","06d8fe80-d740-4a88-9640-dd475349e7eb"
"facebook","Facebook Page Followers [Refill: 30D] [Max: 300K] [Start Time: 0-3 Hrs] [Speed: 50K/D]","0.693","0.495","50","100000","wizsmm","071f0610-b2f3-4bea-bea0-23cb1828dfe7"
"facebook","Facebook Page Likes [Canada] [Max:1.5K] [Refill: 30 Days] [Start Time: 1-12 Hour] [Speed:150/Day]","18.0908","12.922","10","5000","wizsmm","0756b2e2-ae95-46a7-8c9b-88a9805f7b90"
"facebook","Facebook Live Stream Views [Max: 20K] [Stay: 120 Minutes] [Start Time: INSTANT]","11.2","8","10","50000","wizsmm","097ac0fe-54c5-47f3-9b60-becb37e5b8c6"
"facebook","Facebook Public Group Members [Max: 10K] [Refill: 30 Days] [Start Time: 0 - 12 Hours] [Speed: 1K/Day]","1.1375","0.8125","100","1000000","wizsmm","0cda380d-99bd-4627-b858-5573ff9e91a2"
"facebook","Facebook Post Likes [EMOTICONS] [LOVE ❤️ِ] [Refill: 30D] [Max: 100K] [Start Time: 0 - 1 H] [Speed: 500/D] 💧","0.6125","0.4375","10","5000000","wizsmm","0dd4fa5f-092d-4ee7-be4d-340c908f9177"
"facebook","Facebook Profile Followers [LQ] [Refill: 30D] [Max: 1M] [Start Time: 0 - 3 Hrs] [Speed: Up to 2K/D] 💧","0.63","0.45","100","100000","wizsmm","0df166aa-15f4-4ecf-b293-6014a6527323"
"facebook","Facebook Group Members [HQ] [Refill: 30D] [Max: 3K] [Start Time: 0-1 Hr] [Speed: 1K/Day]","21.413","15.295","1","10000","wizsmm","0df8cff5-7e63-4e0c-82cc-5236559b933d"
"facebook","Facebook Live Stream Views [180 minutes] [Speed: 1000 Per Minute] [Start Time: 0 - 5 Minutes] [Refill: Lifetime]","5.9573","4.2552","10","10000","wizsmm","1037c836-de71-4c98-bf30-21e77aa10737"
"facebook","Facebook Profile Followers [Refill: No] [Max: 50K] [Start Time: 0 - 1 Hr] [Speed: 10K/Day]","0.7","0.5","10","200000","wizsmm","12e03bd5-a4f1-4332-af7a-aeef94342494"
"facebook","Facebook Post Likes [EMOTICONS] [CARE 🥰] [Refill: 30 Days] [Max: 5K] [Start Time: 1 Hour] [Speed: INSTANT] ♻️","2.45","1.75","100","2000","wizsmm","1512f804-f2d4-4ae2-92bb-609b607154df"
"facebook","Facebook Live Stream Views [Max: 10K] [Stay: 120 Minutes] [Start Time: INSTANT]","4.2672","3.048","20","20000","wizsmm","15bc6996-9a1e-44a2-b046-bda3df0ea8c9"
"facebook","Facebook Post Likes [EMOTICONS] [HAHA 😀] [Refill: No] [Max: 10K] [Start Time: 0 - 1 Hr] [Speed: 5K/DAY] 🔥","1.5344","1.096","50","100000","wizsmm","1e3064b2-d11f-44b2-8bc8-20abd8722f14"
"facebook","Facebook Page Likes [Refill: 30D] [Max: 2M] [Start Time: 0 - 6 Hrs] [Speed: Up to 100K/Day]","0.9523","0.6802","100","100000","wizsmm","203d9017-6fad-4c68-a198-ecacb40f1061"
"facebook","Facebook Live Stream Views [Max: 10K] [Stay: 30 Minutes] [Start Time: INSTANT]","2.268","1.62","10","500","wizsmm","23710cff-2354-4883-86ab-36aa9599db5d"
"facebook","Facebook Post Likes [Refill: No] [Max: 20K] [Start Time: 0-1 Hour] [Speed: 10K/Day]","0.6836","0.4883","10","200000","wizsmm","27080f08-4295-46fa-8561-04635803cb8b"
"facebook","Facebook Live Stream Views [Max: 10K] [Stay: 210 Minutes] [Start Time: INSTANT]","0.735","0.525","50","30000","wizsmm","2931bf1c-c63e-48bc-81c6-4bdd1cbdae45"
"facebook","Facebook Page Followers [Refill: 90D] [Max: 300K] [Start Time: 0-3 Hrs] [Speed: Up to 100K/D] 💧","0.5197","0.3712","10","1000000","wizsmm","2964fd88-6528-483a-a368-76220f797913"
"facebook","Facebook Post Likes [EMOTICONS] [HAHA 😂] [Refill: 30D] [Max: 100K] [Start Time: 0 - 1 H] [Speed: 500/D] 💧","0.6125","0.4375","10","5000000","wizsmm","2e2f9c63-56c3-408d-abd1-4d8286302a7f"
"facebook","Facebook Post Reaction [HaHa] [Malaysia] [Max:1K] [Refill: 30 Days] [Start Time: 0 - 6 Hour] [Speed:200/Day]","18.0908","12.922","25","1000","wizsmm","3213d00d-74fe-4c64-b59f-85642c1c67af"
"facebook","Facebook LiveStream Views [420 Mins] [Max: 10K] [Start Time: 0-1 Hr]","14.7","10.5","20","20000","wizsmm","394c8af4-99d7-42b2-9be9-6c46d84a3a77"
"facebook","Facebook Live Stream Views [Max: 20K] [Stay: 12 Hrs] [Start Time: INSTANT]","67.2","48","10","50000","wizsmm","3da8bdbf-3ce6-490c-b0a9-22cf3bbde648"
"facebook","Facebook Post Likes [HaHa 😂] [Refill: NO] [Max: 100K] [Start Time: 0 - 1 H] [Speed: 10K/D] 💧⛔","0.3366","0.2404","10","100000","wizsmm","3e69c813-cae9-40c5-9813-38c18fa660d9"
"facebook","Facebook Post Likes [EMOTICONS] [RANDOM +👍❤️🥰😀😲] [Refill: No] [Max: 100K] [Start Time: 1 Hr] [Speed: 50K/DAY] 🔥","2.1","1.49","50","100000","wizsmm","3eb5fcd3-4721-463a-a85e-8d65f0e1fb1b"
"facebook","Facebook Video Views [3 Mins] [Max: 1M] [Start Time: 0-1 Hr] [Speed: 1M/Day] 💧","1.365","0.975","500","10000000","wizsmm","3e7ee5a9-caa3-49bb-8981-90a34a928485"
"facebook","Facebook Reels Views [Max: 1M] [Start Time: 0-1 Hr] [Speed: 5K/Day] 💧","0.2867","0.2048","100","20000000","wizsmm","42ac5f8a-e1b7-4bdf-be44-bec91c469e50"
"facebook","Facebook Video Views (3 seconds) [Max: 1M] [Refill: No] [Start Time: 0 - 1 Hour] [Speed: up to 200K/Day]","0.1638","0.117","500","1000000000","wizsmm","4348b1fc-74f1-4ae8-ad75-6ab1452c6791"
"facebook","🇮🇳 Facebook Post Likes [INDIA] [Refill: 30D] [Max: 1.5K] [Start Time: 0 - 3 Hrs] [Speed: Up to 1K/D] 💧","0.7508","0.5363","100","80000","wizsmm","435ec311-36f6-4e9f-9382-b6da44d1f98a"
"facebook","🇪🇺Facebook Page Likes [100K] [EUROPE] [LIFETIME GUARANTEED] [NEED ACCESS] [Start Time: 1 Hour] [Speed: 3K/Day] ♻️","210","150","250","100000","wizsmm","4c85c747-c96c-496b-84f6-1e81e7c29fef"
"facebook","Facebook Page Likes [FRENCH SPEAKING AFRICAN COUNTRIES] [NEED ACCESS] [Lifetime Guaranteed] [Max: 1M] [Start Time: 1 Hour] [Speed: 3K/Day] ♻️","82.32","58.8","1000","1000000","wizsmm","46e1abd7-2603-4464-810c-1571266fc104"
"facebook","Facebook All Videos Views [Max: 100M] [Start Time: 0-1 Hr] [Speed: 500K/D] ⛔️💧","0.0438","0.0313","500","10000000","wizsmm","48252fa5-5c31-4ecf-8b8d-d00b10314860"
"facebook","Facebook Page Likes [Refill: No] [Max: 200K] [Start Time: 0-1 Hour] [Speed: 5K/Day]","1.097","0.7836","100","100000","wizsmm","4827b68b-d62d-43fb-9b20-508e8f64ee49"
"facebook","Facebook Live Stream Views [Max: 500] [Stay: 20 Minutes] [Start Time: INSTANT]","16.772","11.98","20","500","wizsmm","486764f6-fc30-4a16-b9d8-edb01db81425"
"facebook","Facebook Custom Comments [Max: 100K] [Start Time: 0-1 Hr] [Speed: Up to 500/D] ⛔","9.765","6.975","10","10000000","wizsmm","4968bf82-cb57-4c0f-9314-442a4a021c33"
"facebook","Facebook Live Stream Views [Max: 2K] [Stay: 180 Minutes] [Start Time: INSTANT]","13.601","9.715","10","500","wizsmm","497be810-7b2d-4f9b-8c80-ee8eb405ae28"
"facebook","Facebook Post Likes [Max: 250K] [Refill: No] [Start Time: 0-1 Hours] [Speed: Speed: 1K/Day]","1.3836","0.9883","100","250000","wizsmm","49a2556f-b576-4e5b-a2e1-fffcdff1e648"
"facebook","Facebook Female Random Comments [Max: 250] [Start Time: 1 Hour] [Speed: INSTANT] 💧","61.25","43.75","10","250","wizsmm","32ef2b43-077f-44b6-b2a0-2716907a4b5d"
"facebook","Facebook Male Random Comments [Max: 250] [Start Time: 1 Hour] [Speed: INSTANT] 💧","61.25","43.75","10","250","wizsmm","0ce5a0c7-1054-428f-afba-89fd5326b494"
"facebook","🇮🇳Facebook Indian Random Comments [Max: 30] [Start Time: 1 Hour] [Speed: INSTANT] 💧","70","50","10","250","wizsmm","fb296d82-1294-44fa-b33b-1603379775c3"
"facebook","🇧🇷Facebook Comments [RANDOM] [BRAZIL] [Max: 250] [Start Time: 0-6 Hours] [Speed: INSTANT]","70","50","10","250","wizsmm","bb5bc777-edb3-4cc7-8494-3d1d4a584a3d"
"facebook","🇫🇷Facebook Comments [RANDOM] [FRANCE] [Max: 100] [Start Time: 0-6 Hours] [Speed: INSTANT]","70","50","10","250","wizsmm","e5657e15-1797-433a-9959-a9cf7acf7091"
"facebook","🇹🇭🇻🇳Facebook Comments [RANDOM] [THAILAND/VIETNAM MIX] [Max: 100] [Start Time: 0-6 Hours] [Speed: INSTANT]","70","50","10","250","wizsmm","d64a6448-6f73-45af-ab08-bce8aed7043d"
"facebook","Facebook Comments [RANDOM] [HISPANIC] [Max: 100] [Start Time: 0-6 Hours] [Speed: INSTANT]","70","50","10","250","wizsmm","e115f47a-c19f-41d3-a244-b9ee7cdd96c0"
"facebook","🇮🇩Facebook Comments [RANDOM] [INDONESIA] [Max: 100] [Start Time: 0-6 Hours] [Speed: INSTANT]","87.5","62.5","10","250","wizsmm","d8d84af2-e2c1-4e39-8465-e4aab5abb0f4"
"facebook","🇲🇽Facebook Comments [RANDOM] [MEXICO] [Max: 100] [Start Time: 0-6 Hours] [Speed: INSTANT]","87.5","62.5","10","250","wizsmm","44d13f8d-3d08-41f4-b622-3e448fac296d"
"facebook","Facebook Comments [RANDOM] [ARAB] [Max: 100] [Start Time: 0-6 Hours] [Speed: INSTANT]","87.5","62.5","10","250","wizsmm","6a396fcc-1307-4558-8b10-cb9bbe7e2529"
"facebook","Facebook Comments Like [Refill: No] [Max: 500] [Start Time: 0-1 Hour] [Speed: 500/Hour]","87.5","62.5","10","500","wizsmm","46baf089-ed00-4fa0-8fc2-b1eea7a34190"
"facebook","FACEBOOK POST SHARE [HQ] [Max: 1K] [Start Time: 0-6 Hours] [Speed: 1K/Day]","87.5","62.5","10","1000","wizsmm","8679bf86-8741-43ca-b8a3-39a3ea78cba7"
"facebook","Facebook Female Custom Comments [Max: 250] [Start Time: 1 Hour] [Speed: INSTANT]","96.25","68.75","10","250","wizsmm","80121a74-1100-45c2-982c-ad8d308bd568"
"facebook","Facebook Male Custom Comments [Max: 250] [Start Time: 1 Hour] [Speed: INSTANT]","96.25","68.75","10","250","wizsmm","7a070513-22a8-4113-9f14-4722714d3520"
"facebook","Facebook Post Likes [EMOTICONS] [CARE 🥰] [Refill: NO] [Max: 5K] [Start Time: 0 - 1 H] [Speed: 5K/D] 💧⛔","0.9275","0.6625","10","50000","wizsmm","4c90bfa7-84dd-4a52-b5b0-a76bf9d0dcb8"
"facebook","Facebook Post Shares [Max: 200K] [Refill: Lifetime] [Start Time: 0 - 6 Hours] [Speed: 25K/Day]","2.45","1.75","100","10000000","wizsmm","4d08cc86-0b85-4d78-b3e3-5fb86cff7511"
"facebook","Facebook Page &amp; Profile Followers [Refill: 365D] [Max: 50K] [Start Time: 0 - 6 Hrs] [Speed: Up to 3K/D] 💧","0.875","0.625","100","1000000","wizsmm","cb62a315-d101-4206-8424-43bd59843a1b"
"facebook","Facebook Live Stream Views [Max: 10K] [Stay: 120 Minutes] [Start Time: INSTANT]","11.69","8.35","10","30000","wizsmm","4ec622cc-038d-4545-a6bf-a10d3a79404b"
"facebook","Facebook Page Followers [Refill: 60D] [Max: 1M] [Start Time: 0-3 Hrs] [Speed: 500K/Day]","1.1375","0.8125","100","5000000","wizsmm","4ee3202b-72d1-4343-b0b9-31035c402e83"
"facebook","Facebook Page Followers [Refill: 30D] [Max: 10K] [Start Time: 0-3 Hrs] [Speed: 2K/D] 💧 ⛔️","1.75","1.25","10","100000","wizsmm","34bee7c3-e0e7-4ab5-9ee5-280db36ad151"
"facebook","Facebook Post Likes [EMOTICONS] [WOW 😲] [Refill: 30 Days] [Max: 5K] [Start Time: 1 Hour] [Speed: INSTANT] ♻️","2.45","1.75","100","2000","wizsmm","4f54d60c-7eba-461b-b700-994bdbeed429"
"facebook","Facebook Group Members [HQ] [Refill: No] [Max: 500K] [Start Time: 0 - 1 Hr] [Speed: Up to 10K/D]","0.791","0.565","10","100000","wizsmm","578f51c4-5851-46cb-bbe8-6fdd975bc450"
"facebook","FACEBOOK PACKAGE HQ [THAILAND/VIETNAM MIX] [50-100 likes][20-30 Emotions] [10 Share][15 Comments][100+ Post Reach]","1.75","1.25","1","1","wizsmm","19c91c54-a9b6-4a08-908a-7423fd0bc39e"
"facebook","FACEBOOK PACKAGE HQ [INDINESIA] [50-100 likes][20-30 Emotions] [10 Share][15 Comments][100+ Post Reach]","1.75","1.25","1","1","wizsmm","91213761-19de-45ea-ade6-41ece74b5e02"
"facebook","FACEBOOK PACKAGE HQ [MEXICO] [50-100 likes][20-30 Emotions] [10 Share][15 Comments][100+ Post Reach]","1.75","1.25","1","1","wizsmm","ba060fe1-607d-40a3-82b8-e42bdde801d2"
"facebook","FACEBOOK PACKAGE HQ [ARAB] [50-100 likes][20-30 Emotions] [10 Share][15 Comments][100+ Post Reach]","1.75","1.25","1","1","wizsmm","44248d7d-cd61-4db9-9f7a-f960bce1b6d0"
"facebook","FACEBOOK PACKAGE HQ [FEMALE] [100 likes] [50 Emotions] [10 Share] [20 Comments] [10 Comment Reply + Likes] 100+ Post Reach","7","5","1","1","wizsmm","fc4a0896-9522-41b2-ad98-57c0a829d6bc"
"facebook","Facebook Subscription [Speed: 1 Month] [Start Time: 0-4 Hours] [100 Followers/Page Likes + 100 Likes + 20-30 Comments + 20-30 Shares]","99.75","71.25","1","1","wizsmm","f326dbb2-f37b-4714-86ba-71cf22b6bbe4"
"facebook","Facebook Subscription [Speed: 15 Days] [Start Time: 0-4 Hours] [100 Followers/Page Likes + 100 Likes + 20-30 Comments + 20-30 Shares]","49.875","35.625","1","1","wizsmm","fa2c43db-9e42-45c0-8123-444bb9eb16aa"
"facebook","Facebook Live Stream Views [270 minutes] [Speed: 1000 Per Minute] [Start Time: 0 - 5 Minutes] [Refill: Lifetime]","8.9359","6.3828","10","10000","wizsmm","59b7d1b0-26f6-4051-96f6-d7de59227430"
"facebook","Facebook Live Stream Views [Max: 10K] [Stay: 300 Minutes] [Start Time: INSTANT]","15.75","11.25","50","3000","wizsmm","4c0ae333-3985-471f-a3c6-066eefe7a89a"
"facebook","Facebook Live Stream Views [Refill: No] [Max: 2K] [Start Time: INSTANT] [Stay: 150 Minutes] ⚡️⭐","87.5","62.5","50","15000","wizsmm","dfeee675-9a73-4ca2-b4c5-6444be26faaf"
"facebook","Facebook Live Stream Views [Refill: No] [Max: 2K] [Start Time: INSTANT] [Stay: 300 Minutes] ⚡️⭐","175","125","50","2000","wizsmm","73bf29a3-6fcc-47a4-a710-08fad1a910e0"
"facebook","Facebook Live Stream Views [Max: 20K] [Stay: 150 Minutes] [Start Time: INSTANT]","14","10","10","50000","wizsmm","2379c188-1232-44af-8317-f2373b2ec25a"
"facebook","Facebook Live Stream Views [90 Minutes] [Refill: No Refill] [Start Time: 0-5 Mins] [Speed: 10K/Hour]","5.25","3.75","20","10000","wizsmm","1c82840b-3477-4a7e-9ecc-22faccbc0206"
"facebook","Facebook Live Stream Views [120 Minutes] [Refill: No Refill] [Start Time: 0-5 Mins] [Speed: 10K/Hour]","7","5","20","10000","wizsmm","85d7d518-56af-4013-8664-4ccefd9eba34"
"facebook","Facebook Live Stream Views [150 Minutes] [Refill: No Refill] [Start Time: 0-5 Mins] [Speed: 10K/Hour]","8.75","6.25","20","10000","wizsmm","d612dc4a-b8fc-47f1-9fb5-75335dbe2f42"
"facebook","Facebook Live Stream Views [180 Minutes] [Refill: No Refill] [Start Time: 0-5 Mins] [Speed: 10K/Hour]","10.5","7.5","20","10000","wizsmm","c51f93b2-78fc-413c-aeec-adfe8c30a2da"
"facebook","Facebook Live Stream Views [210 Minutes] [Refill: No Refill] [Start Time: 0-5 Mins] [Speed: 10K/Hour]","12.25","8.75","20","10000","wizsmm","acd0910c-5e2b-496a-a867-cb29a29c0ada"
"facebook","Facebook Live Stream Views [240 Minutes] [Refill: No Refill] [Start Time: 0-5 Mins] [Speed: 10K/Hour]","14","10","20","10000","wizsmm","472e042a-29ff-4970-af26-1781845e1533"
"facebook","Facebook Live Stream Views [300 Minutes] [Refill: No Refill] [Start Time: 0-5 Mins] [Speed: 10K/Hour]","15.75","11.25","20","10000","wizsmm","a6350dfe-f101-4f3c-a934-a6fa4756053e"
"facebook","Facebook Live Stream Views [360 Minutes] [Refill: No Refill] [Start Time: 0-5 Mins] [Speed: 10K/Hour]","17.5","12.5","20","10000","wizsmm","3a8f1035-62f9-4099-b40a-d1db735244a4"
"facebook","🇯🇵 Facebook Page Likes - Japan - Non Drop - 200-300/Day | 30 Days Refill","21.7","15.5","50","10000","wizsmm","005a64f4-f758-4251-9ede-d2246005d3ec"
"facebook","Facebook Live Stream Views [480 Minutes] [Refill: No Refill] [Start Time: 0-5 Mins] [Speed: 10K/Hour]","24.5","17.5","50","10000","wizsmm","747785ce-38a9-4ce5-98f1-f8361832a17c"
"facebook","Facebook Auto Live Stream Views ( 3 Days | ∞ Minutes | 3 Post / Day )","252","180","50","10000","wizsmm","33174c9d-06fc-4d64-87bb-88d7dbaccbef"
"facebook","Facebook Auto Live Stream Views ( 7 Days | ∞ Minutes | 3 Post / Day )","588","420","50","10000","wizsmm","e7f87bc6-1104-4996-b5d1-8d6a077cfe61"
"facebook","Facebook Auto Live Stream Views ( 30 Days | ∞ Minutes | 3 Posts / Day )","2520","1800","50","10000","wizsmm","e6cab8f4-bb49-4f01-9785-bbc735e85e9f"
"facebook","Facebook Video Views (3 seconds) [Max: 1M] [Start Time: 0 - 1 Hour] [Speed: 20K/Day] 💧","0.6703","0.4788","500","2147483647","wizsmm","5cac2bd9-c61e-4205-8323-5eec753b139e"
"facebook","Facebook Post Likes [Angry 😡] [Refill: NO] [Max: 100K] [Start Time: 0 - 1 H] [Speed: 10K/D] 💧⛔","0.3366","0.2404","10","100000","wizsmm","5d023d73-9663-4724-83a4-2ee205f82c9a"
"facebook","Facebook Page Likes + Followers [All Pages] [NO REFILL] [Max: 2M] [Start Time: 0 - 6 Hrs] [Speed: 10K/D] ⛔️💧","0.4437","0.3169","100","100000","wizsmm","5f882af0-3289-4bc4-afb5-4d8cf81843a8"
"facebook","Facebook Post Likes [EMOTICONS] [HAHA 😀] [Refill: 30D] [Max: 100K] [Start Time: 1 Hr] [Speed: 50K/DAY] 🔥","1.4","1","30","10000","wizsmm","61519ad5-5309-40a1-91f4-1a61f9f28bdf"
"facebook","Facebook Photo/Post Shares [Refill: Lifetime] [Start Time: 0 - 6 Hours] [Speed: Up to 1K/Day]","9.52","6.8","25","300000","wizsmm","66b29acb-c133-4aad-a6cb-e77a82212781"
"facebook","Facebook Reels Views [Max: 100M] [Start Time: 0-1 Hr] [Speed: Up to 100K/D] 💧","0.0325","0.0232","500","100000000","wizsmm","66eee63c-f488-4560-9f18-608d7f631890"
"facebook","Facebook Post Likes [Refill: No] [Max: 5K] [Start Time: Up to 2 Hours] [Speed: Up to 2K/Day]","1.1599","0.8285","100","100000","wizsmm","67e5aaf1-b080-467a-93dd-4aad09df8566"
"facebook","Facebook Page Followers [MQ] [Refill: 60D] [Max: 1M] [Start Time: 0 - 3 Hrs] [Speed: Up to 5K/D] 💧","0.6475","0.4625","100","100000","wizsmm","67f0a53b-a27e-4ce9-8fff-fc0942e2de92"
"facebook","Facebook Live Stream Views [Max: 500] [Stay: 40 Minutes] [Start Time: INSTANT]","30.66","21.9","20","500","wizsmm","6a5675da-345a-4b52-94db-a1b0bc192c3f"
"facebook","Facebook Live Stream Views [Max: 2K] [Stay: 150 Minutes] [Start Time: INSTANT]","11.333","8.095","10","500","wizsmm","6da8fba4-8539-488f-bded-411b79d85744"
"facebook","Facebook Page Likes + Followers [Refill: 90D] [Max: 200K] [Start Time: 0 - 1 Hrs] [Speed: 5K/D]","5.775","4.125","100","100000","wizsmm","714eb2dd-f81d-46cf-ab43-cd7d2558b7a1"
"facebook","Facebook Followers [Profile] [Bangladesh] [Max:100K] [Refill: 30 Days] [Start Time: 1-12 Hour] [Speed:1K/Day]","30.576","21.84","100","100000","wizsmm","71f308d3-012f-41d8-9f6b-14d6c6371188"
"facebook","Facebook Live Stream Views [Max: 10K] [Stay: 300 Minutes] [Start Time: INSTANT]","10.668","7.62","20","20000","wizsmm","748f07a4-d04b-4b47-ad02-452fa41607ef"
"facebook","Facebook Page Followers [Refill: 30D] [Max: 300K] [Start Time: 0-3 Hrs] [Speed: 50K/D]","0.693","0.495","50","100000","wizsmm","75c5bde3-41cc-4727-80ce-6a2c5d8987df"
"facebook","Facebook Positive Comments [HQ] [Refill: 30D] [Max: 1K] [Start Time: 0-1 Hr] [Speed: Up to 500/D] 💧","41.062","29.33","1","10000","wizsmm","76c32c8d-01aa-4bcf-b542-8f4574cac1d6"
"facebook","Facebook Video Plays [Max: 100M] [Start Time: 0-1 Hr] [Speed: Up to 50K/D] 💧","0.0972","0.0694","500","100000000","wizsmm","780a2cfc-3404-408f-bd26-a867c92da049"
"facebook","Facebook Post Likes [EMOTICONS] [ANGRY 😡] [Refill: NO] [Max: 5K] [Start Time: 0 - 1 H] [Speed: 5K/D] 💧⛔","0.9275","0.6625","10","50000","wizsmm","7ac6cc11-412a-4476-b2db-c76099dd5915"
"facebook","🇷🇺Facebook Page Likes [10K] [RUSSIA] [LIFETIME GUARANTEED] [Start Time: 1 Hour] [Speed: 0.5K/Day] ♻️","26.6","19","500","10000","wizsmm","7c5b55c1-224f-4372-8b04-94cd7f957359"
"facebook","Facebook Post Likes [EMOTICONS] [SAD 😢] [Refill: No] [Max: 10K] [Start Time: 0 - 1 Hr] [Speed: 5K/DAY] 🔥","1.5344","1.096","50","100000","wizsmm","7e556813-838d-4b96-b0ab-1859f6486714"
"facebook","Facebook Post Likes [EMOTICONS] [CARE 🤗] [Refill: No] [Max: 40K] [Start Time: 0 - 1 Hr] [Speed: 5K/DAY] 🔥","1.05","0.75","50","500000","wizsmm","802896e4-40e3-496e-a9e6-0192357e9f91"
"facebook","Facebook Page Followers [Refill: No] [Max: 500K] [Start Time: 0-2 Hours] [Speed: 500/Day]","0.49","0.35","10","1000000","wizsmm","83c82985-a75f-46f1-a74e-020d6a7b8644"
"facebook","Facebook Video Views [3 Seconds] [Refill: No] [Max: 10M] [Start Time: 1 Hour] [Speed: 10K/Day]","1.652","1.18","100","10000000","wizsmm","89e44f9b-ca24-4e24-b650-5b27cff8e9c0"
"facebook","Facebook Post Reaction [Care] [Malaysia] [Max:1K] [Refill: 30 Days] [Start Time: 0 - 6 Hour] [Speed:200/Day]","18.0908","12.922","25","1000","wizsmm","8a0c646f-3771-4546-84a6-8dbb0e0f3554"
"facebook","Facebook Live Stream Views [Max: 500K] [Stay: 300 Minutes] [Start Time: INSTANT]","10.85","7.75","10","500000","wizsmm","8a2fda94-5649-4610-9efd-3b3e773b9383"
"facebook","Facebook Post Likes [Refill: 30D] [Max: 100K] [Start Time: 0-1 Hr] [Speed: 500/Day]💧","0.6125","0.4375","10","5000000","wizsmm","8a4d4cbc-a190-458b-a3f7-a89c6044422f"
"facebook","Facebook Video Views (3 seconds) [Max: 1M] [Refill: No] [Start Time: 0 - 1 Hour] [Speed: 100K/Day]","0.2129","0.1521","500","1000000000","wizsmm","8acdcb9b-7e6c-4d49-8a60-a21965c3d944"
"facebook","Facebook Post Likes [EMOTICONS] [ANGRY 😡] [Refill: 30D] [Max: 100K] [Start Time: 0 - 1 H] [Speed: 500/D] 💧","0.6125","0.4375","10","5000000","wizsmm","8c849435-492f-43d4-9527-639e02a91943"
"facebook","Facebook Video Views [15 Seconds] [Max: 1M] [Start Time: 0-1 Hr] [Speed: 1M/Day] 💧","0.5096","0.364","500","10000000","wizsmm","8cda6126-21f6-4dc1-8e16-387ad12907a4"
"facebook","Facebook Live Stream Views [Max: 500K] [Stay: 15 Minutes] [Start Time: INSTANT]","0.5425","0.3875","10","500000","wizsmm","902c9989-f49e-47ab-af1a-fe5f943c2a7b"
"facebook","Facebook Profile/Page Followers [Refill: 30D] [Max: 2M] [Start Time: 0-2 Hours] [Speed: 50K/Day]","0.714","0.51","100","200000","wizsmm","9046da0e-aff4-4f88-bbde-695c1685b81f"
"facebook","Facebook Post Reaction [Love] [Malaysia] [Max:1K] [Refill: 30 Days] [Start Time: 0 - 6 Hour] [Speed:200/Day]","18.0908","12.922","25","1000","wizsmm","910e2461-bfee-4bc3-ad70-598ebd47052a"
"facebook","Facebook Live Stream Views [210 minutes] [Speed: 1000 Per Minute] [Start Time: 0 - 5 Minutes] [Refill: Lifetime]","6.9502","4.9644","10","10000","wizsmm","9b2a5b81-86e9-4cbf-8602-51c40169182e"
"facebook","Facebook Post Likes [EMOTICONS] [LOVE❤️] [Refill: No] [Max: 10K] [Start Time: 0 - 1 Hr] [Speed: 5K/DAY] 🔥","1.5344","1.096","50","100000","wizsmm","9b430230-567f-4f4e-bd77-3bff70deb107"
"facebook","Facebook Live Stream Views [Max: 10K] [Stay: 15 Minutes] [Start Time: INSTANT]","0.5334","0.381","20","20000","wizsmm","a5b58e40-0bd4-453c-901b-c3426a6fae23"
"facebook","Facebook Post Likes [EMOTICONS] [LOVE ❤️ِ] [Refill: NO] [Max: 5K] [Start Time: 0 - 1 H] [Speed: 5K/D] 💧⛔","0.9275","0.6625","10","50000","wizsmm","a5c6dd05-7755-4396-abec-8c6d9f130bae"
"facebook","Facebook Post Likes [Care 🤗] [Refill: NO] [Max: 100K] [Start Time: 0 - 1 H] [Speed: 10K/D] 💧⛔","0.3366","0.2404","10","100000","wizsmm","a696ecea-bb24-44f9-90df-8c3b82735ffd"
"facebook","Facebook Live Stream Views [Max: 2K] [Stay: 210 Minutes] [Start Time: INSTANT]","15.8673","11.3338","10","500","wizsmm","a9e96236-ce32-4eba-8725-d6b976dcfb09"
"facebook","Facebook Live Stream Views [Max: 500K] [Stay: 180 Minutes] [Start Time: INSTANT]","6.51","4.65","10","500000","wizsmm","b30d06e8-5f9e-47dc-8fcc-14c7e1c67ab0"
"facebook","Facebook Post Likes [EMOTICONS] [WOW 😮] [Refill: NO] [Max: 5K] [Start Time: 0 - 1 H] [Speed: 5K/D] 💧⛔","0.9275","0.6625","10","50000","wizsmm","c61152c7-f08e-42f3-9806-7fa88f0607d3"
"facebook","Facebook Live Stream Views [120 minutes] [Speed: 1000 Per Minute] [Start Time: 0 - 5 Minutes] [Refill: Lifetime]","3.9715","2.8368","10","10000","wizsmm","c88eb85e-9e45-4b4e-8ef0-f0bd2e6bf9d4"
"facebook","Facebook Monetizable Video Views [2&amp;#039;/30&amp;#039;] [Refill: No] [Max: 1M] [Start Time: 0-1 Hour] [Speed: 100K/Day] ⚡️💧⭐⚡️💧⭐","0.0399","0.0285","500","100000000","wizsmm","d35c6ff7-6687-4143-a31e-e7fb961aceee"
"facebook","Facebook Post Likes [EMOTICONS] [CARE 🥰] [Refill: 30D] [Max: 100K] [Start Time: 1 Hr] [Speed: 50K/DAY] 🔥","1.4","1","30","10000","wizsmm","d3905226-012b-49f6-a5d8-9e2c26dbaf03"
"facebook","Facebook Post Likes [EMOTICONS] [SAD 😢] [Refill: 30 Days] [Max: 10K] [Start Time: 1 Hour] [Speed: 10K/DAY]","0.665","0.475","10","1000000","wizsmm","d63991b7-75cf-4582-a349-7cf6cdf7f7fe"
"facebook","Facebook Video Plays [Max: 100M] [Start Time: 0-1 Hr] [Speed: Up to 500K/D] 💧","0.1651","0.1179","500","100000000","wizsmm","d7497694-f543-4c7d-a967-64e3c76d177c"
"facebook","Facebook Live Stream Views [Max: 10K] [Stay: 30 Minutes] [Start Time: INSTANT]","1.0668","0.762","20","20000","wizsmm","db798e9a-485c-43e5-9fd7-a44dd66e068a"
"facebook","Facebook Live Stream Views [Max: 20K] [Stay: 24 Hrs] [Start Time: INSTANT]","134.4","96","10","50000","wizsmm","dc55904d-5fd4-4875-860f-09533a8e8926"
"facebook","Facebook Post Likes [Refill: No] [Max: 100K] [Start Time: 0-1 Hour] [Speed: 5K/Day]","0.798","0.57","50","10000","wizsmm","df85d2d9-0c12-4dfa-b98e-107019f5d568"
"facebook","Facebook Page Likes + Followers [All Pages] [Refill: No] [Max: 500K] [Start Time: 0 - 6 Hrs] [Speed: 10K/D]","1.904","1.36","100","5000000","wizsmm","e00d86c6-840f-4e5d-bf2f-62cad14b846b"
"facebook","Facebook Live Stream Views [Max: 10K] [Stay: 60 Minutes] [Start Time: INSTANT]","2.1336","1.524","20","20000","wizsmm","e034d5d7-da0b-4fd6-9142-dcf34ab1a092"
"facebook","Facebook Post Likes [EMOTICONS] [SAD 😥] [Refill: 30D] [Max: 100K] [Start Time: 0 - 1 H] [Speed: 500/D] 💧","0.6125","0.4375","10","5000000","wizsmm","e1f43106-1158-4d99-9374-7386c4725f67"
"facebook","Facebook Share [Asia] [Max:25K] [Refill: 30 Days] [Start Time: 1-24 Hour] [Speed:500/Day]","10.3376","7.384","50","25000","wizsmm","e6a2d548-f837-4399-8903-a6be889a333b"
"facebook","Facebook Reels Views [Max: 100M] [Start Time: 0-1 Hr] [Speed: Up to 500K/D] ⛔️💧","0.1225","0.0875","100","50000000","wizsmm","eac6c1fa-09d9-4b1b-96af-6ea24c6223b2"
"facebook","Facebook Post Likes [EMOTICONS] [SAD 😢] [Refill: 30 Days] [Max: 5K] [Start Time: 1 Hour] [Speed: INSTANT] ♻️","2.45","1.75","100","2000","wizsmm","eef1c1ae-79a8-4e08-bd7f-da6b521434fd"
"facebook","Facebook Live Stream Views [Max: 20K] [Stay: 30 Minutes] [Start Time: INSTANT]","2.8","2","10","50000","wizsmm","f0f62c0a-fb28-4e9d-b6c5-9f14b8b5dfe6"
"facebook","Facebook Live Stream Views [330 minutes] [Speed: 1000 Per Minute] [Start Time: 0 - 5 Minutes] [Refill: Lifetime]","10.9217","7.8012","10","10000","wizsmm","f26babc4-4a45-465a-a422-57825e053e1d"
"facebook","Facebook Video Views [3 Seconds] [Refill: No] [Max: 100M] [Start Time: 0 - 1 Hour] [Speed: Up to 5K/Day] 💧","1.232","0.88","100","20000000","wizsmm","f2738952-d865-4c1c-8d68-5526f2d07a2d"
"facebook","Facebook Post Likes [EMOTICONS] [LOVE 😍] [Refill: 30 Days] [Max: 10K] [Start Time: 1 Hour] [Speed: 10K/Day]","0.665","0.475","10","1000000","wizsmm","f75fbcab-909e-49d0-baf5-9d011bae39d4"
"facebook","Facebook Page Likes + Followers [NO REFILL] [Max: 500K] [Start Time: 0 - 2 Hrs] [Speed: Up to 50K/D] 💧","3.5136","2.5097","100","1000000","wizsmm","f898ee2b-49ff-4192-8c49-3ae216e6df4d"
"facebook","🇹🇼 Facebook Page Likes [TAIWAN] [Max: 350] [Refill: 30 Days] [Start Time: 1-12 Hour] [Speed: 50-100/Day]","15.925","11.375","5","1000","wizsmm","cffb6ce4-9692-4a69-be65-7ea1b949abdc"
"facebook","🇹🇭 Facebook Post Likes  [LOVE ❤️] [THAILAND] [Max: 5K] [Refill: No] [Start Time: 0-2 Hrs] [Speed: Up to 5K/D] 💧","2.1986","1.5704","50","10000","wizsmm","d0a9c9ab-b310-46d4-8d00-00a6f574c958"
"facebook","🇺🇸Facebook Page Likes [USA - Female] [Max: 7K] [Refill: 30 Days] [Start Time: 1 - 12 Hours] [Speed: 100/Day]","18.0908","12.922","10","5000","wizsmm","d0c436a1-0646-49c6-9331-9953fe79f2b7"
"facebook","🇰🇷 Facebook Post Reaction [HaHa] [KOREA] [Max: 150] [Refill: 30 Days] [Start Time: 0 - 6 Hour] [Speed: 150/Day]","15.925","11.375","10","150","wizsmm","d170d49d-2a8c-43dc-bcad-cd4621ff5de9"
"facebook","🇺🇸 Facebook Shares [Max: 5K] [Refill: 100 Days] [Start Time: 0 - 4 Hours] [Speed: 1K/Day]","60.515","43.225","5","5000","wizsmm","d2813231-dd7a-4a2b-9afe-459ef6342015"
"facebook","🇪🇬 Facebook EMOJI Post Likes [Care🥰] [Refill: 30D] [Max: 20K] [Start Time: 0 - 1 Hr] [Speed: 3K/D] 🔥","1.6275","1.1625","100","1000","wizsmm","d3b22e10-9f6b-4e65-bf37-353f44ccd718"
"facebook","🇹🇭 Facebook Group Members [THAILAND] [Max: 500K] [Refill: 15D] [Start Time: 0-2 Hrs] [Speed: Up to 1K/D] 💧","2.4087","1.7205","100","1000000","wizsmm","d50e56f9-0a5e-49cd-859e-e7b58cddd089"
"facebook","Facebook Share [European] [Max:5K] [Refill: 30 Days] [Start Time: 1-24 Hour] [Speed:100/Day]","18.0908","12.922","5","5000","wizsmm","d69dd0de-3f98-4e1d-8106-6158092aa8ed"
"facebook","🇺🇸 Facebook Post Likes [USA] [HAHA 😂] [Max: 500K] [Refill: 30D] [Start Time: 0 - 1 Hr] [Speed: Up to 50K/D] 💧","2.975","2.125","10","500000","wizsmm","d77bbda1-7b98-410f-a88c-0e37aba1ca5b"
"facebook","🇫🇷France Traffic from Facebook [No Refill] [Max: 1M] [Start Time: 12 Hours] [Speed: 10K/Day]","0.35","0.25","100","1000000","wizsmm","db1cd578-90fc-44e3-ab1d-369710b2e632"
"facebook","🇹🇭 Facebook Page Likes [THAILAND] [Max: 500K] [Refill: 15D] [Start Time: 0-2 Hrs] [Speed: Up to 1K/D] 💧","2.9295","2.0925","100","1000000","wizsmm","dd7824be-b969-4222-91bd-830b1d23fedd"
"facebook","🇰🇷 Facebook Friend Request [KOREA] [Max: 150] [Refill: 30 Days] [Start Time: 0 - 12 Hours] [Speed: 100/Day]","16.562","11.83","10","150","wizsmm","ddc85e40-e08a-4c21-a2a8-582bb6581490"
"facebook","Facebook Post Likes {Spain} [Max:500} [Refill: 30 Days] [Start Time: 0-12Hour] [Speed:200-500/Day}","18.0908","12.922","25","500","wizsmm","de6710e2-3839-4a83-91b3-5a4dbce3769a"
"facebook","🇧🇷 Facebook Post Reactions [SAD 😢] [Max: 500] [Refill: 15D] [Start Time: 0 - 2 Hrs] [Speed: 500/D]","5.25","3.75","25","3000","wizsmm","e0c9005a-f6a8-4e17-8a30-d343adcf274f"
"facebook","Facebook Post Reaction [Love] [Germany] [Max:500] [Refill: 30 Days] [Start Time: 0 - 1 Hour] [Speed:100/Day]","18.0908","12.922","10","500","wizsmm","e192763c-874b-4f14-9a55-8e4fd937f01b"
"facebook","🇹🇭 Facebook Profile Followers [THAILAND] [Max: 500K] [Refill: 15D] [Start Time: 0-2 Hrs] [Speed: Up to 1K/D] 💧","2.3111","1.6508","100","1000000","wizsmm","e51ee400-0fe8-4862-9ddd-e983935cf849"
"facebook","🇪🇬 Facebook Page Rating + Random Comments [5⭐] [Max: 1k] [Refill: Lifetime] [Start Time: 48 Hours] [Speed: 500/Day]","13.16","9.4","50","10000","wizsmm","e5398521-6885-40af-869b-cf8adac1a69c"
"facebook","🇹🇭 Facebook Post Likes 👍 [THAILAND] [Max: 5K] [Refill: No] [Start Time: 0-2 Hrs] [Speed: Up to 5K/D] 💧","2.1986","1.5704","50","10000","wizsmm","e6c16c89-4253-4816-ad2a-596bfd6afc92"
"facebook","🇺🇸Facebook Comments Likes [USA] [Refill: 10 Days] [Max: 1K] [Start Time: 0-4 Hours] [Speed: 1K/Day] ♻️","140","100","100","1000","wizsmm","e7b75735-1d0f-4c81-9e9e-d32d630240a4"
"facebook","Facebook Post Reaction [Wow] [France] [Max:500] [Refill: 30 Days] [Start Time: 0 - 1 Hour] [Speed:100/Day]","18.0908","12.922","10","500","wizsmm","e8bd5e37-a04b-49b7-b262-f3dacc74856a"
"facebook","🇹🇭 Facebook Post Likes [WOW 😮] [THAILAND] [Max: 5K] [Refill: No] [Start Time: 0-2 Hrs] [Speed: Up to 5K/D] 💧","1.5963","1.1402","50","10000","wizsmm","ebe362a8-663c-4d91-8547-5c55b2f82dca"
"facebook","🇪🇬 Facebook Custom Comments [Max: 1K] [Start Time: 24 Hours] [Speed: 1K/Day]","7.7875","5.5625","50","10000","wizsmm","ed9f6345-a3ca-4aaa-9a8a-a54bb5961d7b"
"facebook","🇺🇸Facebook Share [USA] [Max: 5K] [Refill: 30 Days] [Start Time: 1 - 24 Hours] [Speed: 200/Day]","18.0908","12.922","5","5000","wizsmm","ede225f5-57d1-4b2f-96a6-d11d063e30f6"
"facebook","🇺🇸Facebook Share [USA] [Refill: 10 Days] [Max: 2K] [Start Time: 0-4 Hours] [Speed: 2K/Day] ♻️","140","100","100","2000","wizsmm","ee7a721a-db4e-41a8-83ae-068445f4d976"
"facebook","🇺🇸 Facebook Post Likes [USA] [SAD 😥] ] [Max: 500K] [Refill: 30D] [Start Time: 0 - 1 Hr] [Speed: Up to 50K/D] 💧","2.975","2.125","10","500000","wizsmm","eeddbf72-82bc-40e3-9351-ba0a17f94802"
"facebook","🇺🇸Facebook Post Reaction [HaHa] [USA] [Max: 3K] [Refill: 30 Days] [Start Time: 0 - 1 Hour] [Speed: 300/Day]","18.0908","12.922","10","3000","wizsmm","f176087a-f90b-4cae-9cc8-4698192ed095"
"facebook","🇰🇷 Facebook Page Review [KOREA] [Max: 150] [Refill: 30 Days] [Start Time: 0 - 12 Hours] [Speed: 100/Day]","16.562","11.83","10","150","wizsmm","f22b4ea3-7758-4aac-9164-aec748a5db6b"
"facebook","🇹🇭 Facebook Custom Comments [THAILAND] [Max: 50K] [Refill: No] [Start Time: 0-2 Hrs] [Speed: Up to 1K/D] 💧","3.4128","2.4377","10","1000000","wizsmm","f3206881-ce6c-452f-b883-d344f5e911df"
"facebook","🇰🇷 Facebook Post Reaction [Angry] [KOREA] [Max: 150] [Refill: 30 Days] [Start Time: 0 - 6 Hour] [Speed: 150/Day]","15.925","11.375","10","150","wizsmm","f3cb3d72-1ab8-4db1-945f-7f8a9477dfce"
"facebook","Facebook Post Reaction Haha [😂] [No Refill] [High Quality] [Instant]","0.434","0.31","10","500000","wizsmm","e44ddc94-a1f9-4747-9771-d956ad3a2047"
"facebook","Facebook Post Reaction Sad [😢] [No Refill] [High Quality] [Instant]","0.434","0.31","10","500000","wizsmm","b0f214c3-c326-4d81-adaa-c4635573d9db"
"facebook","Facebook Page Likes + Followers | HQ | Low Drop | Day 50K | 365 Days Refill","0.63","0.45","10","500000","wizsmm","0903130d-7043-44ea-8769-cfc59a2a3b53"
"facebook","Facebook Page Likes + Followers | HQ | Low Drop | Day 50K | No Refill","0.42","0.3","10","500000","wizsmm","ce4896f1-81c6-400f-ae8f-0e3b65520f0d"
"facebook","Facebook Page Likes + Followers | HQ | Low Drop | Day 50K | Lifetime Refill","0.672","0.48","10","500000","wizsmm","12d2a2be-58ec-46a6-ae70-67d9aee5458a"
"facebook","🇺🇸 Facebook Coment [USA] [Refill: 30D] [Max: 500K] [Start Time: 0-6 Hours] [Speed: 50K/D]💧","22.3125","15.9375","10","500000","wizsmm","f5fe7651-8a7c-43a8-9627-a0b64b81055a"
"facebook","🇹🇼 Facebook Comments [Random] [TAIWAN] [Max: 350] [Refill: 30 Days] [Start Time: 1-12 Hour] [Speed: 200/Day]","79.625","56.875","10","350","wizsmm","f725c82e-0e0c-4810-a370-7b7b822d2c58"
"facebook","🇺🇸 Facebook Join Group [USA] [Refill: 30D] [Max: 500K] [Start Time: 0-6 Hours] [Speed: 50K/D]💧","4.4625","3.1875","10","500000","wizsmm","f7eb7867-b904-4bb6-9746-304f304fb61c"
"facebook","Facebook Page Likes [Germany] [Max:5k] [Refill: 30 Days] [Start Time: 1-12 Hour] [Speed:200/Day]","18.0908","12.922","10","1000","wizsmm","fb500e48-93a1-4762-b360-53e94f8d1443"
"facebook","🇹🇭 Facebook Post Shares [THAILAND] [Max: 500K] [Refill: 15D] [Start Time: 0-2 Hrs] [Speed: Up to 1K/D] 💧","7.812","5.58","100","1000000","wizsmm","fbade1ec-181e-490d-9358-6601d4d404a4"
"facebook","Facebook Post Reaction [WOW] [Germany] [Max:500] [Refill: 30 Days] [Start Time: 0 - 1 Hour] [Speed:100/Day]","18.0908","12.922","10","500","wizsmm","fc8978b2-2233-4f27-b26b-f3f65490182f"
"facebook","🇹🇭Thailand Traffic from Facebook [No Refill] [Max: 1M] [Start Time: 12 Hours] [Speed: 10K/Day]","0.6125","0.4375","500","1000000","wizsmm","fc93326a-cdf5-4032-897a-098b211b2565"
"facebook","Facebook Post Reaction [Angry] [Germany] [Max:500] [Refill: 30 Days] [Start Time: 0 - 1 Hour] [Speed:100/Day]","18.0908","12.922","10","500","wizsmm","fd59405c-5566-4bb3-9f3e-11747f6ffe58"
"facebook","🇺🇸Facebook Post Likes [USA] [Max: 3K] [Refill: 30 Days] [Start Time: 1 - 12 Hours] [Speed: 200/Day]","9.0454","6.461","10","6000","wizsmm","ff05e14b-245a-4e3d-b3a5-ec833a085371"
"facebook","🇫🇷 Facebook - 𝐄𝐯𝐞𝐧𝐭 𝐉𝐨𝐢𝐧 (𝐆𝐨𝐢𝐧𝐠) - France - Non Drop - 200-300/Day | 30 Days Refill","16.268","11.62","20","10000","wizsmm","f450addc-f43c-4aed-bf5b-5f7cc2e52e5b"
"facebook","Facebook Post Likes [World Wide] [500-1K/D] [0-2/H]","1.568","1.12","50","5000","wizsmm","f4532f64-7f24-4e0a-b948-e83f6a711c34"
"facebook","Facebook Post Likes - [ Max 150k ] [ 3k-5k/day ] [ Non Drop, 30 Days Refill ] INSTANT","1.148","0.82","50","150000","wizsmm","f4625af7-22eb-47bd-8e4c-220bea9c8797"
"facebook","South Korea Traffic from Facebook","0.56","0.4","500","1000000","wizsmm","034933e0-ab9c-4a20-9799-b2021f603f35"
"facebook","Facebook Followers [Profile / Page ] [USA] [Female] [Max:3K] [Refill: 30 Days] [Start Time: 1-12 Hour] [Speed:100/Day]","14.112","10.08","10","5000","wizsmm","0474d92b-ff4e-46fa-9723-813feb766ad1"
"facebook","🇳🇬 Facebook | Profile/Page - Followers - Nigeria - Non Drop - 200-300/Day | 30 Days Refill","13.762","9.83","50","10000","wizsmm","0556e472-064a-4552-aabb-427303645de6"
"facebook","Facebook Post Likes [Philippines] [30 Days Refill] [100-200/D] [0-24/H]","14.518","10.37","50","10000","wizsmm","06e2957b-a9db-4adf-80dc-38245c2596d7"
"facebook","Facebook Live Organic Viewers | Max 100K | 100% Concurrent | 150 Minutes","11.76","8.4","10","30000","wizsmm","07563ba4-7614-4d93-9ce7-d58032b838d4"
"facebook","Facebook Live Stream Views - S4 [ 60 Minutes ]","14.742","10.53","50","2000","wizsmm","07612ee7-a671-4119-8175-3676220b7fe3"
"facebook","Facebook Post Share [🇹🇭Thailand🇹🇭] [Refill: 30 Days] [Start Time: 1-12 Hour] [Speed:100/Day]","8.358","5.97","100","50000","wizsmm","07ec7a0f-635a-44e2-b710-3799c93eed62"
"facebook","🇯🇵 Facebook - 𝗣𝗼𝘀𝘁 (𝗖𝘂𝘀𝘁𝗼𝗺 𝗖𝗼𝗺𝗺𝗲𝗻𝘁𝘀) - 𝑴𝒂𝒍𝒆 𝑷𝒓𝒐𝒇𝒊𝒍𝒆 👦 - Japan - Non Drop - 100-200/Day | 30 Days Refill","23.058","16.47","5","1000","wizsmm","08784cdd-7a1d-4090-a046-3d1a7408cc74"
"facebook","🇨🇦 Facebook - Post React 𝐖𝐨𝐰 (😯) - Canada - Non Drop - 200-300/Day | 30 Days Refill","8.134","5.81","50","10000","wizsmm","0a0e58f8-68a6-4d96-9490-20bf92e3a6f7"
"facebook","🇧🇷 Facebook - 𝗣𝗼𝘀𝘁 (𝗘𝗺𝗼𝗷𝗶 𝗖𝗼𝗺𝗺𝗲𝗻𝘁𝘀) - Brazil - Non Drop - 100-200/Day | 30 Days Refill","20.482","14.63","5","1000","wizsmm","0a0f3fe5-3b29-45b0-8d57-ea28a99dd2ae"
"facebook","Facebook Live Stream Views [Max: 10K] [Stay: 120 Minutes] [Start Time: INSTANT]","9.8","7","10","20000","wizsmm","0ad7ecba-79a7-4eab-8218-b8ac7db6257c"
"facebook","Facebook Live Stream Views - S4 [ 30 Minutes ]","7.378","5.27","50","2000","wizsmm","0b280224-84f7-4b16-b9fa-b69ed1c47cbe"
"facebook","Facebook Live Stream Views - S6 [ 330 Minutes ]","29.792","21.28","30","5000","wizsmm","0b40435b-1cdb-41a9-aad7-25653d98f07a"
"facebook","🇳🇬 Facebook - Post 𝐋𝐢𝐤𝐞𝐬 (👍) 𝐅𝐞𝐦𝐚𝐥𝐞 - Nigeria - Non Drop - 200-300/Day | 30 Days Refill","9.632","6.88","50","10000","wizsmm","0b463c96-9a66-4bd7-80b9-c98e3afa604c"
"facebook","🇵🇭 Facebook - 𝐂𝐨𝐦𝐦𝐞𝐧𝐭 React 𝐋𝐨𝐯𝐞 (❤️❤️❤️) - Philippines - Non Drop - 200-300/Day | 30 Days Refill","11.004","7.86","50","10000","wizsmm","0c62b5e0-1149-4c33-b3fe-d7c2f0734cd0"
"facebook","Facebook Post Reaction [Care] [USA] [Max:3K] [Refill: 30 Days] [Start Time: 0 - 1 Hour] [Speed:300/Day]","14.112","10.08","10","3000","wizsmm","0c7f5b22-dcb9-4553-b4ef-9912740913c5"
"facebook","India Traffic from Facebook [LQ]","0.238","0.17","88","88888888","wizsmm","0d904b27-95a7-427b-88da-ac2df1358af7"
"facebook","🇵🇭 Facebook - 𝗣𝗼𝘀𝘁 (𝗖𝘂𝘀𝘁𝗼𝗺 𝗖𝗼𝗺𝗺𝗲𝗻𝘁𝘀) - 𝐅𝐞𝐦𝐚𝐥𝐞 𝐏𝐫𝐨𝐟𝐢𝐥𝐞 💁‍ - Philippines - Non Drop - 100-200/Day | 30 Days Refill","23.38","16.7","5","1000","wizsmm","0e631448-b37f-41d7-82bf-26cd89d7c8e9"
"facebook","Facebook Video / Reels Views [ 30 Sec ] [ 100k+/day ] 0-1 HRS","0.602","0.43","100","10000000","wizsmm","0ef3ed97-8b89-457b-9b32-a7c2b83ab97f"
"facebook","🇲🇾 Facebook - 𝗣𝗼𝘀𝘁 (𝐑𝐚𝐧𝐝𝐨𝐦 𝗖𝗼𝗺𝗺𝗲𝗻𝘁𝘀)  - Malaysia - Non Drop - 100-200/Day | 30 Days Refill","20.636","14.74","5","1000","wizsmm","0f3a46dc-4a5f-467e-b11d-137d3b114b50"
"facebook","Facebook Germany Post Care Reaction [30 Days Refill] [100-200/D] [0-1/H]","14.112","10.08","10","500","wizsmm","0f6a6642-84db-4dfa-8467-e75794dc8bf8"
"facebook","Facebook Post Reaction LOVE [🇮🇹ITALY🇮🇹] [PAGE/Profile] [NON DROP] [Start Time: 0-24 Hours]","11.466","8.19","10","500","wizsmm","0f6fc228-97bd-4af8-aeac-cb764470d94a"
"facebook","Live Facebook Views [Stay 6 hours] [⚡Instant]  [⭐Guaranteed Direct]  [MIN 10]","56.882","40.63","10","1000","wizsmm","0f89c7a7-3982-42e5-84c9-41ee8d50c3e9"
"facebook","Facebook Group Members [No Drop] [30 Days Refill] [5-10K/D] [Start 3 Hours]","1.008","0.72","100","100000","wizsmm","0fa545b7-8a44-46d3-968a-50682af03a51"
"facebook","🇨🇦 Facebook - Post Likes (𝐀𝐥𝐥 𝐋𝐢𝐧𝐤𝐬) Canada - Non Drop - 200-300/Day | 30 Days Refill","8.134","5.81","50","10000","wizsmm","10a29779-c584-49cc-9297-af7313d2ea5c"
"facebook","Facebook Live Stream Views - [ 120 Minutes ]","6.594","4.71","50","2000","wizsmm","10df8b7f-a44a-4f6f-93e6-f5579c8f9d5d"
"facebook","Spain Traffic from Facebook [LQ]","0.238","0.17","88","88888888","wizsmm","1094b06a-2235-436e-b602-f9872ed75f5c"
"facebook","🇨🇦 Facebook - 𝐄𝐯𝐞𝐧𝐭 𝐉𝐨𝐢𝐧 (𝐆𝐨𝐢𝐧𝐠) - Canada - Non Drop - 200-300/Day | 30 Days Refill","12.208","8.72","50","10000","wizsmm","122120d3-1916-4a36-b1be-1e0940e0ff49"
"facebook","Facebook Views [100K Daily] [Fast Start]","0.056","0.04","500","10000000","wizsmm","12c92296-4427-4471-8225-fb3323e050c7"
"facebook","Facebook Random Comments [ 100-500/day ] 1-24 HRS","28.224","20.16","10","500","wizsmm","132b6671-8de8-472d-b614-3776bf006b67"
"facebook","Facebook Group Member Request - [ 1k-5k/day ] [ No Refill ] INSTANT","1.946","1.39","100","1000000","wizsmm","14624727-d7e7-4a0b-a04e-0aa37821ecb7"
"facebook","Facebook Germany Page Likes [30 Days Refill] [100-200/D] [0-1/H]","14.112","10.08","10","1000","wizsmm","146d9c95-fe9d-4e3d-bea4-e2aef06fc9e2"
"facebook","🇩🇪 Facebook 𝐅𝐫𝐢𝐞𝐧𝐝𝐬 𝐑𝐞𝐪𝐮𝐞𝐬𝐭 - Germany - Non Drop - 200-500/Day | 30 Days Refill","19.264","13.76","50","5000","wizsmm","171b5706-79cc-4c78-8fc4-93df896e467f"
"facebook","Facebook Live Stream Views - [ 30 Minutes ]","7.84","5.6","20","10000","wizsmm","175069f5-5df2-4e36-9d03-f4d355ffa5d5"
"facebook","Facebook Live Stream Views - S7 [ 120 Minutes ]","17.57","12.55","20","20000","wizsmm","1787f7e3-28bc-4028-9974-e0a07f4e00ac"
"facebook","Facebook Germany Event Interested [30 Days Refill] [100-200/D] [0-1/H]","14.112","10.08","1","1500","wizsmm","182cd24f-747d-4803-a388-560eb293e6c0"
"facebook","Facebook Comment Custom [🇺🇸US🇺🇸 FEMALE BLACK] [NON DROP] [Start Time: 0-24 Hours]","65.52","46.8","5","300","wizsmm","1968da18-4abc-4cdc-8728-b98b3c16b95b"
"facebook","🇵🇭 Facebook - 𝐏𝐨𝐬𝐭/𝐕𝐢𝐝𝐞𝐨 𝐒𝐡𝐚𝐫𝐞 (𝐀𝐥𝐥 𝐋𝐢𝐧𝐤𝐬) Philippines - Non Drop - 200-300/Day | 30 Days Refill","19.264","13.76","50","10000","wizsmm","1875b3e6-7fb6-4361-967f-dffd64c1c045"
"facebook","Facebook All Type Followers [High Quality] [Real] [30 Days Refill] [50-100K/D] [0-1/H] [Different Service]","1.078","0.77","10","500000","wizsmm","1a9780b3-a09a-45a3-9360-6d04c05822bf"
"facebook","Facebook Video Views [ 3 Sec ] [ 20-50k/day ] 0-1 HRS","0.63","0.45","500","100000000","wizsmm","1ba6eceb-c54d-4731-9b91-3d556b0fed61"
"facebook","Facebook Page Likes [🇺🇸US🇺🇸] [REAL] [NON DROP] [Start Time: 0-24 Hours]","11.466","8.19","10","5000","wizsmm","1da0ea16-5573-4a22-9026-b98eb303d339"
"facebook","Facebook 100K Reels Views Package [24-48H Delivery]","0.07","0.05","100000","10000000","wizsmm","1ef3af46-b0f7-4214-a09a-9d5d17074f03"
"facebook","Romania Traffic from Facebook [LQ]","0.238","0.17","88","88888888","wizsmm","1edf61cd-e42e-4a67-8fe2-7c8c72cb9dc5"
"facebook","🇦🇪 Facebook | Profile/Page - Followers - United Arab Emirates - Non Drop - 200-300/Day | 30 Days Refill","17.668","12.62","50","10000","wizsmm","1eebfea7-8d74-4805-8d64-4c63bc0a26b9"
"facebook","🇫🇷 Facebook 𝐅𝐫𝐢𝐞𝐧𝐝𝐬 𝐑𝐞𝐪𝐮𝐞𝐬𝐭 - France - Non Drop - 200-500/Day | 30 Days Refill","18.984","13.56","20","10000","wizsmm","1f5c3f48-69b4-4d3b-9efd-28bd801f58aa"
"facebook","UK Traffic from Facebook [LQ]","0.238","0.17","88","88888888","wizsmm","1f82e254-6019-4bac-acde-1bcc61810f51"
"facebook","Facebook Post Likes [🇩🇪GERMANY🇩🇪] [MALE] [NON DROP] [Start Time: 0-24 Hours]","11.466","8.19","25","500","wizsmm","1f94f722-662e-476a-8130-10b39d290e5d"
"facebook","Facebook Live Stream Views - S2 [ 240 Minutes ]","21.168","15.12","50","2000","wizsmm","200218bc-3e7f-4871-a1fb-243b0a0bbe6f"
"facebook","Facebook Post Shares - [ Increase Virtual ] 0-1 HRS","1.75","1.25","30","10000000","wizsmm","217c4b7a-ebb9-4b8a-8be7-498ffa7913a1"
"facebook","🇲🇾 Facebook - 𝐂𝐨𝐦𝐦𝐞𝐧𝐭 React 𝐇𝐚𝐇𝐚 (😆😆😆) - Malaysia - Non Drop - 200-300/Day | 30 Days Refill","9.632","6.88","50","10000","wizsmm","229c2cea-b0f6-4d1f-a1f1-d8678278d29f"
"facebook","Facebook Live Organic Viewers | Max 100K | 100% Concurrent | 210 Minutes","16.464","11.76","10","30000","wizsmm","22b7b351-9212-43df-bc29-79cbfd2b684c"
"facebook","Facebook Emotion Care [🇺🇸US🇺🇸] 𝗥𝗘𝗙𝗜𝗟𝗟 30D | Start 0-24h","11.466","8.19","10","3000","wizsmm","22ff1c08-5f49-4c4a-ab52-20f38a55e497"
"facebook","🇧🇷 Facebook - Post React 𝐒𝐚𝐝 (😢) - Brazil - Non Drop - 200-300/Day | 30 Days Refill","10.85","7.75","50","10000","wizsmm","24094340-13a1-4a85-837d-b380080c8e51"
"facebook","Facebook Post Reaction CARE [🇫🇷FRANCE🇫🇷] [PAGE/Profile] [NON DROP] [Start Time: 0-24 Hours]","11.466","8.19","10","500","wizsmm","24a1ee31-56b6-47e3-b277-670b2b9ee56e"
"facebook","🇨🇦 Facebook - Post 𝐋𝐢𝐤𝐞𝐬 (👍) 𝑴𝒂𝒍𝒆 - Canada - Non Drop - 200-300/Day | 30 Days Refill","8.134","5.81","50","10000","wizsmm","263f183c-43f8-47f0-b1e4-cf13e37e7816"
"facebook","Facebook Post Shares - [ 20k/day ] 0-12 HRS","1.106","0.79","100","10000000","wizsmm","26d521b1-7b0b-4b64-a7d2-356c93b54007"
"facebook","🇫🇷 Facebook - Post 𝐋𝐢𝐤𝐞𝐬 (👍) 𝐅𝐞𝐦𝐚𝐥𝐞 - France - Non Drop - 200-300/Day | 30 Days Refill","10.85","7.75","20","10000","wizsmm","26e7fd0a-3f14-4924-996f-6c935bba1af5"
"facebook","Philippines Traffic from Facebook","0.56","0.4","500","1000000","wizsmm","28210332-d31d-4555-934d-1d87d9782acb"
"facebook","Facebook Random Comments [High Quality] [30 Days Refill] [500-1K/D] [0-12/H] [Updated]","21.952","15.68","5","5000","wizsmm","2833453f-cf7e-47e3-af40-83401b8dfb34"
"facebook","Live Facebook Views [Stay 2 hours] [⚡Instant]  [⭐Guaranteed Direct]  [MIN 10]","15.064","10.76","10","1000","wizsmm","2abf0fd3-b456-475c-9f90-a0bee34da53c"
"facebook","Facebook 120K Minutes [Monetization] [50-100K/D] [0-1/H] [60+ Minutes]","2.996","2.14","1000","1000","wizsmm","2bece2db-14f8-46a6-9d56-18e871035d4a"
"facebook","Facebook Live Stream Views - S1 [ 300 Minutes ]","148.652","106.18","50","2000","wizsmm","2cd45bdb-e0de-4ff2-b4c3-8a2762397536"
"facebook","Facebook Live Stream Views - [ Stay 15 Minutes ] INSTANT","1.134","0.81","200","10000","wizsmm","2c3a4f18-e1db-43ae-b6a2-b651be82f585"
"facebook","Vietnam Traffic from Facebook","0.56","0.4","500","1000000","wizsmm","2cc966c8-dbd0-403d-8eef-0c7337256081"
"facebook","Facebook Post Reaction [❤️ Love❤️] [🇹🇭Thailand🇹🇭] [Refill: No] [Start Time: 1 - 12 Hour] [Speed:100/Day] [UPDATED 15.10.2025]","1.344","0.96","100","50000","wizsmm","2d4f505f-d20a-4705-b37a-2ad0b740c5e0"
"facebook","Facebook Page Likes and Followers All Types [High Quality] [Real] [365 Days Refill] [50-100K/D] [0-1/H] [Different Service]","1.932","1.38","100","500000","wizsmm","2e7467c3-0601-4be5-aaf7-44c90fa3915c"
"facebook","15141	Facebook Followers - Page/Profile [ Max - 1M ] [ 10k/day / High Quality ] [ 30 Days Refill ] INSTANT","1.764","1.26","50","1000000","wizsmm","2e2c825f-b048-4979-90d2-5ac9a7bdd140"
"facebook","Facebook Page Likes [🇮🇹ITALY🇮🇹] [REAL] [NON DROP] [Start Time: 0-24 Hours]","11.466","8.19","10","1000","wizsmm","2f678023-a0b3-41b1-beb3-324ba5d73e6c"
"facebook","Facebook Live Stream Views - S6 [ 30 Minutes ]","2.674","1.91","30","5000","wizsmm","2f8b5459-150b-4834-a5d0-dac5e9964a1e"
"facebook","🇯🇵 Facebook - 𝗣𝗼𝘀𝘁 (𝗖𝘂𝘀𝘁𝗼𝗺 𝗖𝗼𝗺𝗺𝗲𝗻𝘁𝘀) - 𝐅𝐞𝐦𝐚𝐥𝐞 𝐏𝐫𝐨𝐟𝐢𝐥𝐞 💁‍ - Japan - Non Drop - 100-200/Day | 30 Days Refill","23.058","16.47","5","1000","wizsmm","2fc352ed-d8f6-4de1-a7be-b85fa8f3c06d"
"facebook","Facebook Shares [30 Days Refill] [100K/D] [0-1/H]","0.882","0.63","100","10000000","wizsmm","2e9bd0ec-a4fa-4386-9015-fd093568bf13"
"facebook","🇲🇾 Facebook - Post React 𝐇𝐚𝐇𝐚 (😆) - Malaysia - Non Drop - 200-300/Day | 30 Days Refill","9.632","6.88","50","10000","wizsmm","30badfd5-a53e-4f15-ac55-3d74c80ad966"
"facebook","🇳🇬 Facebook - Post React 𝐖𝐨𝐰 (😯) - Nigeria - Non Drop - 200-300/Day | 30 Days Refill","9.632","6.88","50","10000","wizsmm","31d3fd53-71e7-4126-b37f-ac462367bd9a"
"facebook","Facebook Germany Followers [Page/Profile] [30 Days Refill] [100-200/D] [0-1/H]","14.112","10.08","10","10000","wizsmm","32048f93-8d60-407e-a9c7-ba83270f7674"
"facebook","Facebook followers - [  Max - 1m ] [ 50k/day ] [ 30 Days Refill ] INSTANT","0.644","0.46","100","1000000","wizsmm","316b2bd0-a36b-47e1-bac9-398fe5e49b96"
"facebook","Facebook All Type Followers [High Quality] [Real] [50-100K/D] [0-1/H] [Different Service]","1.008","0.72","10","500000","wizsmm","32ac88bc-fbee-4666-82bd-51c8d59f1873"
"facebook","Facebook Page Likes and Followers All Types [High Quality] [Real] [Lifetime] [50-100K/D] [0-1/H] [Different Service]","2.016","1.44","100","500000","wizsmm","32ec737f-d5b2-4de2-8880-afe44207ffef"
"facebook","Facebook Live Organic Viewers | Max 100K | 100% Concurrent | 7 Hours","32.928","23.52","10","30000","wizsmm","33018291-0dcb-49f7-bb28-d60c27b4dce8"
"facebook","🇳🇬 Facebook - Post React 𝐋𝐨𝐯𝐞 (❤️) - Nigeria - Non Drop - 200-300/Day | 30 Days Refill","9.632","6.88","50","10000","wizsmm","336976e0-ad8d-4e15-b29d-6c72dbb75414"
"facebook","Facebook Random Comments [ Max - 1k ] 0-6 HRS","15.848","11.32","10","1000","wizsmm","35eae32f-bc3a-406b-8fdc-ec601e833d25"
"facebook","Facebook Post Likes【Wow 😲】| Stable | HQ+Real | All Links | Low Drop | No Refill","0.336","0.24","10","100000","wizsmm","fab1fc1d-c895-4037-9bd0-333e42d3090d"
"facebook","Facebook Germany Post Angry Reaction [30 Days Refill] [100-200/D] [0-1/H]","14.112","10.08","10","500","wizsmm","375829aa-c2a0-498f-a9cf-1fdc84e79663"
"facebook","Facebook Live Stream Views - S1 [ 120 Minutes ]","44.534","31.81","50","2000","wizsmm","3772fa8b-890b-4f0c-ad4d-21b412ba50d3"
"facebook","Facebook Random Comments [Cancel Enabled] [10-50K/D] [0-1/H]","3.402","2.43","10","1000000","wizsmm","3789fc1f-0954-467b-b029-c03aebcf22ed"
"facebook","🇧🇷 Facebook - 𝐏𝐨𝐬𝐭/𝐕𝐢𝐝𝐞𝐨 𝐒𝐡𝐚𝐫𝐞 (𝐀𝐥𝐥 𝐋𝐢𝐧𝐤𝐬) Brazil - Non Drop - 200-300/Day | 30 Days Refill","20.328","14.52","50","10000","wizsmm","37a446ed-c965-4353-bcdf-cb6e2f8e1824"
"facebook","🇲🇾 Facebook - Post React 𝐂𝐚𝐫𝐞 (🥰) - Malaysia - Non Drop - 200-300/Day | 30 Days Refill","9.632","6.88","50","10000","wizsmm","381e51c9-3906-4cf8-9790-98df96c5d900"
"facebook","Facebook Live Stream Views - S4 [ 270 Minutes ]","65.87","47.05","50","2000","wizsmm","38e5d7f4-418c-4b85-87c4-6d59af57314f"
"facebook","Pakistan Traffic from Facebook [LQ]","0.238","0.17","88","88888888","wizsmm","38fb485c-97f1-42c8-8337-b1ada98403c6"
"facebook","Facebook Post Reaction WOW [🇩🇪GERMANY🇩🇪] [PAGE/Profile] [NON DROP] [Start Time: 0-24 Hours]","11.466","8.19","10","500","wizsmm","396b2df9-5265-4562-9835-e0bd159d3797"
"facebook","♛ Facebook Video / Reels Views [ 15 Sec ] [ 100k+/day ] 0-1 HRS","0.28","0.2","500","10000000","wizsmm","39d88c1c-f251-4c5f-83ff-21811e9f7e98"
"facebook","Facebook Emotion Love [🇺🇸US🇺🇸] 𝗥𝗘𝗙𝗜𝗟𝗟 30D | Start 0-24h","11.466","8.19","10","3000","wizsmm","3c189447-91a5-47f4-ba34-f29c39ff32de"
"facebook","🇯🇵 Facebook Page Likes - Japan - Non Drop - 200-300/Day | 30 Days Refill","21.7","15.5","50","10000","wizsmm","005a64f4-f758-4251-9ede-d2246005d3ec"
"facebook","Facebook Live Organic Viewers | Max 100K | 100% Concurrent | 120 Minutes","9.408","6.72","10","30000","wizsmm","3c4007ed-9436-4dbf-9b9c-cae458c26395"
"facebook","USA Traffic from Facebook [LQ]","0.238","0.17","88","88888888","wizsmm","3c6d8037-d9ac-4e31-a9c8-0f2d4837196c"
"facebook","🇧🇷 Facebook - Post React 𝐂𝐚𝐫𝐞 (🥰) - Brazil - Non Drop - 200-300/Day | 30 Days Refill","10.85","7.75","50","10000","wizsmm","3c9ad4c3-183d-426d-bdde-c890641b4b47"
"facebook","🇵🇭 Facebook - 𝐂𝐨𝐦𝐦𝐞𝐧𝐭 React 𝐖𝐨𝐰 (😯😯😯) - Philippines - Non Drop - 200-300/Day | 30 Days Refill","11.004","7.86","50","10000","wizsmm","3ddf63f6-9b50-493c-ac06-bf9df5a0bf27"
"facebook","🇦🇪 Facebook 𝐏𝐚𝐠𝐞 𝐑𝐞𝐯𝐢𝐞𝐰 (Yes-Recommendations) [𝐖𝐢𝐭𝐡𝐨𝐮𝐭 𝐂𝐮𝐬𝐭𝐨𝐦 𝐂𝐨𝐦𝐦𝐞𝐧𝐭𝐬] - United Arab Emirates - Non Drop - 100-200/Day | 30 Days Refill","24.752","17.68","5","1000","wizsmm","3ed082e4-c86d-46d8-8277-b68b1f36382c"
"facebook","Facebook Live Stream Views - [ Stay 1.5 Hour ] INSTANT","6.804","4.86","200","10000","wizsmm","401c2cff-7cc8-490a-aaac-9edc632ece29"
"facebook","Facebook Comment Custom [🇺🇸US🇺🇸 MALE] [NON DROP] [Start Time: 0-24 Hours]","65.52","46.8","5","3000","wizsmm","403c4c68-59bd-4237-b786-90f5757603c3"
"facebook","Facebook Live Stream Views - [ 90 Minutes ]","4.704","3.36","50","2000","wizsmm","406e1649-08fa-4e90-bcfa-51a5c897de6e"
"facebook","♛ Facebook Video Views - ( S1 ) [ Always Working ] [ 50k/day ] INSTANT","0.742","0.53","500","1000000","wizsmm","40876e6c-cd68-4b02-8b85-d0947037a125"
"facebook","🇫🇷 Facebook - 𝗣𝗼𝘀𝘁 (𝐑𝐚𝐧𝐝𝐨𝐦 𝗖𝗼𝗺𝗺𝗲𝗻𝘁𝘀) - 𝐅𝐞𝐦𝐚𝐥𝐞 𝐏𝐫𝐨𝐟𝐢𝐥𝐞 💁‍ - France - Non Drop - 100-200/Day | 30 Days Refill","23.044","16.46","5","1000","wizsmm","41d2b3ce-e6b3-4c58-ad63-d999431ce5fb"
"facebook","NEW Facebook Post Likes - [ Max - 10K ] [ 30 Days Refill ] INSTANT","0.35","0.25","50","100000","wizsmm","41f99112-e251-4586-bd6c-8916fa23afb3"
"facebook","🇦🇪 Facebook 𝐏𝐚𝐠𝐞 𝐑𝐞𝐯𝐢𝐞𝐰 (Yes-Recommendations) [𝐖𝐢𝐭𝐡 𝐂𝐮𝐬𝐭𝐨𝐦 𝐂𝐨𝐦𝐦𝐞𝐧𝐭𝐬] - United Arab Emirates - Non Drop - 100-200/Day | 30 Days Refill","24.752","17.68","5","1000","wizsmm","42a0971e-31e5-43dc-b24b-649479868f9b"
"facebook","Facebook Shares [All Links] [No Drop] [Lifetime Refill] [0-6/H]","1.316","0.94","100","10000000","wizsmm","42e49424-1be2-4f5d-946d-e45ff66eec1a"
"facebook","Facebook Followers [ 🚀10K ] [ Instant Start ] [ Cancel Button ] [ ♻️30D ]","0.42","0.3","10","100000","wizsmm","42ebec0c-fae4-4227-bac5-ac98cbfac339"
"facebook","Facebook Live Stream Views - [ 390 Minutes ]","4.704","3.36","20","10000","wizsmm","44c7ee99-69a8-4777-87ed-167a4d7a8548"
"facebook","Facebook Live Stream Views - S6 [ 90 Minutes ]","8.008","5.72","30","5000","wizsmm","44c8324a-6474-4f45-9ff1-ce681ba1ceeb"
"facebook","🇳🇬 Facebook - 𝗣𝗼𝘀𝘁 (𝗖𝘂𝘀𝘁𝗼𝗺 𝗖𝗼𝗺𝗺𝗲𝗻𝘁𝘀) - 𝐅𝐞𝐦𝐚𝐥𝐞 𝐏𝐫𝐨𝐟𝐢𝐥𝐞 💁‍ - Nigeria - Non Drop - 100-200/Day | 30 Days Refill","20.636","14.74","5","1000","wizsmm","45f385a9-a5fa-4971-abf5-bf4b94dd841e"
"facebook","Facebook All Type Followers [World Wide] [90 Days Refill] [50-100K/D] [Instant]","0.672","0.48","10","500000","wizsmm","465380df-9974-400f-b397-06e2c6763235"
"facebook","Facebook Live Stream Views - [ 450 Minutes ]","9.408","6.72","20","10000","wizsmm","4703889b-db99-426d-b53f-5b37caa32dec"
"facebook","Facebook Live Stream Views - S3 [ 270 Minutes ]","30.422","21.73","50","10000","wizsmm","471c88a3-9a1c-4203-acd0-fa7804f887c0"
"facebook","🇵🇭 Facebook - 𝐂𝐨𝐦𝐦𝐞𝐧𝐭 React 𝐒𝐚𝐝 (😢😢😢) - Philippines - Non Drop - 200-300/Day | 30 Days Refill","11.004","7.86","50","10000","wizsmm","4782617f-64b6-4fe4-9be7-2002cf15bb2a"
"facebook","🇩🇪 Facebook 𝐏𝐚𝐠𝐞 𝐑𝐞𝐯𝐢𝐞𝐰 (Yes-Recommendations) [𝐖𝐢𝐭𝐡 𝐂𝐮𝐬𝐭𝐨𝐦 𝐂𝐨𝐦𝐦𝐞𝐧𝐭𝐬] - Germany - Non Drop - 100-200/Day | 30 Days Refill","22.008","15.72","5","10000","wizsmm","479cf02d-1140-4569-9399-8088868064e7"
"facebook","🇺🇸 FACEBOOK COMMENT REPLY [200] [USA]","104.328","74.52","10","200","wizsmm","48bae8cb-e805-43ea-ad9d-bf2eb622f1eb"
"facebook","🇯🇵 Facebook - 𝐏𝐨𝐬𝐭/𝐕𝐢𝐝𝐞𝐨 𝐒𝐡𝐚𝐫𝐞 (𝐀𝐥𝐥 𝐋𝐢𝐧𝐤𝐬) Japan - Non Drop - 200-300/Day | 30 Days Refill","20.328","14.52","50","10000","wizsmm","492ba17a-6989-40a2-a8a6-bd0d362e6c98"
"facebook","Facebook Post Likes [USA] [30 Days Refill] [100-200/D] [0-24/H]","9.688","6.92","10","20000","wizsmm","4966c695-b3f1-42c0-ba89-6e0335bec456"
"facebook","Facebook Live Stream Views - [30 Minutes ]","2.198","1.57","50","2000","wizsmm","49aff209-020d-4841-b312-122e35e331be"
"facebook","♛ Facebook Profile Followers - [ Max 500k ] [ 10k-20k/day ] [ Non Drop, Lifetime Guaranteed ] INSTANT","1.484","1.06","100","500000","wizsmm","49ceada8-bd34-4f92-80b1-702a45991e8b"
"facebook","🇦🇪 Facebook - Post React 𝐋𝐨𝐯𝐞 (❤️) - United Arab Emirates - Non Drop - 200-300/Day | 30 Days Refill","11.004","7.86","50","10000","wizsmm","49d656c2-3c0f-42e9-a966-d01836f0ed18"
"facebook","Facebook Page Likes and Followers [High Quality] [90 Days Refill] [Instant]","0.616","0.44","100","100000","wizsmm","a86c50ce-0071-4042-bb6d-df1669af39ad"
"facebook","Facebook Post Reaction Like 👍 [🇵🇭Philippines🇵🇭] [500-1K/D] [0-24/H]","4.718","3.37","100","5000","wizsmm","cef51595-2758-422b-9209-cfd880e5b15b"
"facebook","Facebook Post Reactions [😂𝐇𝐚𝐡𝐚] - [🚀10K] - [⚡Instant] - [♻️30D]","0.84","0.6","50","1000000","wizsmm","4d3ca7ce-ae21-4266-a12c-8cd5e8f625da"
"facebook","Facebook Costum Comments [Arabic]","86.24","61.6","1","50","wizsmm","c7691bd0-f0a1-4a51-9eef-19d8c480fc5e"
"facebook","🇳🇬 Facebook - 𝗣𝗼𝘀𝘁 (𝗘𝗺𝗼𝗷𝗶 𝗖𝗼𝗺𝗺𝗲𝗻𝘁𝘀) - Nigeria - Non Drop - 100-200/Day | 30 Days Refill","20.636","14.74","5","1000","wizsmm","4db3f86a-86cf-4851-a524-17bea35a4953"
"facebook","🇯🇵 Facebook - 𝗣𝗼𝘀𝘁 (𝗖𝘂𝘀𝘁𝗼𝗺 𝗖𝗼𝗺𝗺𝗲𝗻𝘁𝘀) - Japan - Non Drop - 100-200/Day | 30 Days Refill","23.058","16.47","5","1000","wizsmm","4deb6359-a43c-4ece-b089-148c6805f0dd"
"facebook","Facebook Costum Comments [High Quality] [30 Days Refill] [500-1K/D] [0-12/H] [Updated]","18.816","13.44","20","5000","wizsmm","4e01b5c2-03be-4f63-88e5-fddfb810e29c"
"facebook","Facebook Real Event Join ( 👧 ) ( Going ) [ 1k-2k/day ] [  60 Days Refill ] 12-24 HRS","3.36","2.4","1000","20000","wizsmm","4e1c616d-1a47-49fc-8f0e-898b4ffd97d9"
"facebook","🇲🇾 Facebook 𝐆𝐫𝐨𝐮𝐩 𝐌𝐞𝐦𝐛𝐞𝐫𝐬 - Malaysia - Non Drop - 200-500/Day | 30 Days Refill","13.762","9.83","50","10000","wizsmm","4e285207-0861-4232-b4ba-0e0346f9d5b1"
"facebook","🇯🇵 Facebook - Post React 𝐇𝐚𝐇𝐚 (😆) - Japan - Non Drop - 200-300/Day | 30 Days Refill","9.562","6.83","50","10000","wizsmm","4f080068-cfaf-4e58-a3b4-87a5c8b2298a"
"facebook","Facebook Profile Followers [🇹🇭Thailand🇹🇭] [30 Days Refill] 100-1K/D] [0-8/H]","4.942","3.53","100","50000","wizsmm","4f094d60-a2a3-44e0-91df-9747183043a4"
"facebook","🇨🇦 Facebook 𝐅𝐫𝐢𝐞𝐧𝐝𝐬 𝐑𝐞𝐪𝐮𝐞𝐬𝐭 - Canada - Non Drop - 200-500/Day | 30 Days Refill","16.268","11.62","50","5000","wizsmm","5074d79b-04e0-48a0-b0b3-5dd75ade3e5a"
"facebook","🇯🇵 Facebook - Post 𝐋𝐢𝐤𝐞𝐬 (👍) Japan - Non Drop - 200-300/Day | 30 Days Refill","9.562","6.83","50","10000","wizsmm","5334836b-9d86-43e9-8347-f1724f08d243"
"facebook","Facebook Followers | HQ+Real | Low Drop | Day 50K | 90 Days Refill","0.826","0.59","10","500000","wizsmm","535639bd-d0c8-464d-8e55-01eca8453ed0"
"facebook","Facebook Live Stream Views - S2 [ 210 Minutes ]","18.816","13.44","50","2000","wizsmm","53e68081-700d-4c2f-8640-2a8ab013e613"
"facebook","Facebook Page Likes [USA] [No Drop] [30 Days Refill] [100-150/D] [0-12/H]","14.112","10.08","10","10000","wizsmm","5427942a-6bda-4f78-8daf-44bf20595d41"
"facebook","Facebook Post Reactions | 😡Angry | 🔥𝐈𝐧𝐬𝐭𝐚𝐧𝐭 𝐒𝐭𝐚𝐫𝐭 | 🚀10K/Day | ♻️30 Days Guarantee","1.26","0.9","50","1000000","wizsmm","542c9ded-80d3-42e1-af3c-b4712a332c52"
"facebook","Facebook - 𝗣𝗼𝘀𝘁 (𝗖𝘂𝘀𝘁𝗼𝗺 𝗖𝗼𝗺𝗺𝗲𝗻𝘁𝘀) - 𝐅𝐞𝐦𝐚𝐥𝐞 𝐏𝐫𝐨𝐟𝐢𝐥𝐞 💁‍[ UNITED ARAB ] [Speed 100/200 Day [Max-1K]","23.38","16.7","5","1000","wizsmm","545a231e-5faa-49e5-9101-44fe366f2016"
"facebook","Romania Traffic from Facebook","0.56","0.4","500","1000000","wizsmm","5556e9d7-9c4c-4457-aa4b-787f04a1ac7e"
"facebook","🇲🇾 Facebook - 𝗣𝗼𝘀𝘁 (𝐑𝐚𝐧𝐝𝐨𝐦 𝗖𝗼𝗺𝗺𝗲𝗻𝘁𝘀) - 𝑴𝒂𝒍𝒆 𝑷𝒓𝒐𝒇𝒊𝒍𝒆 👦 - Malaysia - Non Drop - 100-200/Day | 30 Days Refill","22.008","15.72","5","1000","wizsmm","5579b311-bbc0-4e7b-9146-08ab5873de6d"
"facebook","Australia Traffic from Facebook","0.56","0.4","500","1000000","wizsmm","56150d93-7fcc-4aca-a4ce-6b90c4eecdf2"
"facebook","Facebook Reel Views - [ Superfast, Lifetime Guaranteed ] INSTANT","0.266","0.19","100","100000000","wizsmm","56bffc9f-7fba-41ab-96ca-139b5e7bc42c"
"facebook","Facebook Live Stream Views - S9 [ 120 Minutes ]","15.68","11.2","50","20000","wizsmm","57862bb5-582c-46fe-94f4-f32bec86c318"
"facebook","🇳🇬 Facebook - Post React 𝐒𝐚𝐝 (😢)	 - Nigeria - Non Drop - 200-300/Day | 30 Days Refill","9.632","6.88","50","10000","wizsmm","58ffbaf0-acbb-4ab4-a5c2-056e5fd1c372"
"facebook","Facebook Emotion HaHa [🇺🇸US🇺🇸 Black] 𝗥𝗘𝗙𝗜𝗟𝗟 30D | Start 0-24h","11.466","8.19","10","500","wizsmm","5a1315a8-0def-430b-ac32-949929255aa2"
"facebook","South Africa Traffic from Facebook","0.56","0.4","500","1000000","wizsmm","5a7235ea-bcfb-41e2-a7a9-2abe15c116f9"
"facebook","Facebook Page Likes [🇫🇷FRANCE🇫🇷] [REAL] [NON DROP] [Start Time: 0-24 Hours]","11.466","8.19","10","10000","wizsmm","5b6a1a16-5537-4a84-a9a3-803c59691b43"
"facebook","🇧🇷 Facebook - 𝐄𝐯𝐞𝐧𝐭 𝐉𝐨𝐢𝐧 (𝐆𝐨𝐢𝐧𝐠) - Brazil - Non Drop - 200-300/Day | 30 Days Refill","13.58","9.7","50","10000","wizsmm","5bba453a-2d78-4a4e-aef4-d45f53627ed3"
"facebook","Facebook Live Stream Views - S2 [ 60 Minutes ]","9.408","6.72","20","10000","wizsmm","5be9d967-a5f7-4a0d-a535-636fcd6d33b8"
"facebook","🇲🇾 Facebook - 𝐂𝐨𝐦𝐦𝐞𝐧𝐭 React 𝐖𝐨𝐰 (😯😯😯) - Malaysia - Non Drop - 200-300/Day | 30 Days Refill","9.632","6.88","50","10000","wizsmm","5cc6165b-b7b2-479f-bfb7-c1e118c35636"
"facebook","Facebook Germany Event Join [30 Days Refill] [100-200/D] [0-1/H]","14.112","10.08","1","1500","wizsmm","5cfaf942-71a9-4254-b458-016238a600e8"
"facebook","Facebook Post Wow Reaction [🇵🇭Philippines🇵🇭] [30 Days Refill] [100/D] [0-12/H]","3.864","2.76","10","100","wizsmm","5d1f21b6-85e0-4c4f-a447-19c76dfa408a"
"facebook","South Korea Social Shares from Facebook","1.414","1.01","100","100000","wizsmm","5d37c2b1-aaa6-4c91-80fb-6e9b87d3fedd"
"facebook","Facebook All Type Followers [World Wide] [60 Days Refill] [50-100K/D] [Instant]","0.658","0.47","10","500000","wizsmm","5d453d34-4f53-463a-bf65-32be227a27e4"
"facebook","Facebook Emoji Comments [ Max - 1k ] 0-6 HRS","15.848","11.32","10","1000","wizsmm","5dcc95fa-6064-4015-8195-cf69062d4fd6"
"facebook","Facebook Live Stream Views - S3 [ 240 Minutes ]","26.978","19.27","50","10000","wizsmm","5dd7b732-6521-4fba-a32a-f8493f9a1ee6"
"facebook","Facebook Post Reaction HaHa 😀 [🇵🇭Philippines🇵🇭] [500-1K/D] [0-24/H]","4.34","3.1","100","5000","wizsmm","5ee50aa0-d0ee-4fac-88f9-3eb372b1ed9e"
"facebook","Facebook Post Reaction Wow 😲 [🇵🇭Philippines🇵🇭] [500-1K/D] [0-24/H]","4.718","3.37","100","5000","wizsmm","609d9e42-a1bd-4571-a9e6-0cc9ecdc364f"
"facebook","Facebook Followers - Page/Profile [ Max - 1M ] [ High Quality ] [ 30 Days Refill ] INSTANT","1.764","1.26","50","1000000","wizsmm","60b88103-51c0-4bff-864b-6b8e58b9db3b"
"facebook","🇲🇾 Facebook - Post 𝐋𝐢𝐤𝐞𝐬 (👍) 𝑴𝒂𝒍𝒆 - Malaysia - Non Drop - 200-300/Day | 30 Days Refill","9.632","6.88","50","10000","wizsmm","6119ded9-dc17-4793-a42c-796e15ef3cb0"
"facebook","Italy Traffic from Facebook","0.56","0.4","500","1000000","wizsmm","612e5d65-23f1-4e7c-aab5-d9b044c88ab5"
"facebook","🇧🇷 Facebook 𝐏𝐚𝐠𝐞 𝐑𝐞𝐯𝐢𝐞𝐰 (Yes-Recommendations) [𝐖𝐢𝐭𝐡𝐨𝐮𝐭 𝐂𝐮𝐬𝐭𝐨𝐦 𝐂𝐨𝐦𝐦𝐞𝐧𝐭𝐬] - Brazil - Non Drop - 100-200/Day | 30 Days Refill","23.058","16.47","5","1000","wizsmm","631373a1-06b1-4dd2-9720-35ec6581e759"
"facebook","South Korea Traffic from Facebook [LQ]","0.238","0.17","88","88888888","wizsmm","633a4c4e-7af9-469a-93ed-87f2b22b9779"
"facebook","🇩🇪 Facebook - Post 𝐋𝐢𝐤𝐞𝐬 (👍) Germany - Non Drop - 200-300/Day | 30 Days Refill","9.632","6.88","50","10000","wizsmm","63664305-b2bc-42d9-bcd4-0d39ac339478"
"facebook","Facebook Germany Male Post Likes [30 Days Refill] [100-200/D] [0-1/H]","14.112","10.08","10","500","wizsmm","6433b93b-5e3e-425e-8a57-8f9effdf4b02"
"facebook","🇧🇷 Facebook - 𝐂𝐨𝐦𝐦𝐞𝐧𝐭 React 𝐋𝐨𝐯𝐞 (❤️❤️❤️) - Brazil - Non Drop - 200-300/Day | 30 Days Refill","10.85","7.75","50","10000","wizsmm","670e8f62-4967-4d7d-9d24-5327de4289a0"
"facebook","Facebook Comments [Custom] [USA] [Male] [Max:3K] [Refill: 30 Days] [Start Time: 1-12 Hour] [Speed:500/Day]","141.12","100.8","1","3000","wizsmm","682a5ff6-36cf-4cb0-822d-47be3a965bb4"
"facebook","Facebook Followers [🇮🇹ITALY🇮🇹] [PROFIL/PAGE] [NON DROP] [Start Time: 0-24 Hours]","11.466","8.19","10","1000","wizsmm","683c7608-f4fd-4244-b70e-6b3abecfab65"
"facebook","🇳🇬 Facebook - Post 𝐋𝐢𝐤𝐞𝐬 (👍) Nigeria - Non Drop - 200-300/Day | 30 Days Refill","9.632","6.88","50","10000","wizsmm","689fb844-b286-428c-a3e9-6602c856bc63"
"facebook","🇩🇪 Facebook - Post React 𝐖𝐨𝐰 (😯) - Germany - Non Drop - 200-300/Day | 30 Days Refill","9.632","6.88","50","10000","wizsmm","6a147aee-016d-432e-82a8-b42d6464be87"
"facebook","🇳🇬 Facebook - 𝐂𝐨𝐦𝐦𝐞𝐧𝐭 React 𝐋𝐨𝐯𝐞 (❤️❤️❤️) - Nigeria - Non Drop - 200-300/Day | 30 Days Refill","9.632","6.88","50","10000","wizsmm","6aace3fa-5f80-4b0a-b27f-7786959012cc"
"facebook","Facebook Story Views [Instant] [Only Working Service in the Market]","1.092","0.78","100","500000","wizsmm","6abd79a7-e5dc-48cf-8b63-468c4d798c61"
"facebook","Facebook Page Likes","1","0.6","100","100000","wizsmm","c65b841d-d9f1-4450-8888-bda6d81e8747"
"facebook","♛ Facebook Video / Reels Views [ 30 Sec ] [ 100k+/day ] 0-1 HRS","0.322","0.23","500","10000000","wizsmm","6b4586d2-a1df-40c4-8a30-ac90dc7b90bc"
"facebook","Facebook Live Stream Views - [ 60 Minutes ]","15.68","11.2","20","10000","wizsmm","6b8ce4ed-5e36-4d38-944d-e2abb1fd8bc4"
"facebook","Facebook Live Stream Views - S6 [ 210 Minutes ]","18.508","13.22","30","5000","wizsmm","6c03baa4-d9b9-4dab-b049-a9a1f7cf492a"
"facebook","Facebook Event (Going) [Refill: 30 Days] [Start Time: 0 - 6 Hours] [Speed: Up to 1K/Day]","3.2725","2.3375","100","10000","wizsmm","00c75935-fda2-42a9-8d67-759e7722ae2f"
"facebook","Facebook Event (Interested) [Refill: 30 Days] [Start Time: 0 - 6 Hours] [Speed: Up to 1K/Day]","3.2725","2.3375","100","10000","wizsmm","00ce176f-04ec-49d2-b911-116e99701c36"
"facebook","USA Social Shares from Facebook","1.106","0.79","100","100000","wizsmm","6c783290-63fe-411a-b2cb-146cbf9f5fc6"
"facebook","Facebook Page Likes and Followers [Indian] [30 Days Refill] [5-10K/D] [0-2/H]","1.176","0.84","50","1000000","wizsmm","6d71cd29-c40f-45de-a4f4-343c7ab24cdb"
"facebook","Facebook  Page Likes [Refill: 15 Days] [Start Time: 0 - 3 Hours] [Speed: Up to 2K/Day] ⛔","2.0146","1.439","10","1000000","wizsmm","01cfd80d-b8b1-4a9e-911f-ad46717b0b37"
"facebook","Brazil Traffic from Facebook","0.56","0.4","500","1000000","wizsmm","6ef88558-6046-46aa-8cf8-ddf99618d095"
"facebook","🇩🇪 Facebook - 𝐂𝐨𝐦𝐦𝐞𝐧𝐭 React 𝐒𝐚𝐝 (😢😢😢) - Germany - Non Drop - 200-300/Day | 30 Days Refill","9.632","6.88","50","10000","wizsmm","6f0997fc-720a-4f5c-bd63-90758d4c7328"
"facebook","🇳🇬 Facebook 𝐆𝐫𝐨𝐮𝐩 𝐌𝐞𝐦𝐛𝐞𝐫𝐬 - Nigeria - Non Drop - 200-500/Day | 30 Days Refill","12.376","8.84","50","10000","wizsmm","6f577ba0-ff4b-4596-bb77-e3937ca8089f"
"facebook","🇧🇷 Facebook - 𝗣𝗼𝘀𝘁 (𝗖𝘂𝘀𝘁𝗼𝗺 𝗖𝗼𝗺𝗺𝗲𝗻𝘁𝘀) - Brazil - Non Drop - 100-200/Day | 30 Days Refill","20.328","14.52","5","1000","wizsmm","721e0d42-9688-4a15-a3fa-b2e7b7eb4088"
"facebook","Facebook Live Stream Views - S7 [ 300 Minutes ]","43.904","31.36","20","20000","wizsmm","73397eb8-4ae3-4de3-9b34-4f86f1e5df27"
"facebook","🇳🇬 Facebook - 𝐂𝐨𝐦𝐦𝐞𝐧𝐭 React 𝐒𝐚𝐝 (😢😢😢) - Nigeria - Non Drop - 200-300/Day | 30 Days Refill","9.632","6.88","50","10000","wizsmm","73543b4d-f880-46c6-9e82-54fb23eae799"
"facebook","Facebook Live Stream Views - S7 [ 30 Minutes ]","4.396","3.14","20","20000","wizsmm","73aa98b6-173a-4b68-93ca-99c9b895b3b9"
"facebook","Facebook Followers | HQ+Real | Low Drop | Day 50K | Lifetime Refill","0.994","0.71","10","500000","wizsmm","755f7075-dbd1-43b4-8722-1f1b918c8fd1"
"facebook","Facebook Post Likes [10K] [ Instant ] [ Haha React-😀] Lifetime~100% NON DROP","0.826","0.59","50","50000","wizsmm","75a537ca-1a9e-45af-aa62-3e2142945b99"
"facebook","Facebook Page Likes and Followers [UK USA World Mix] [Lifetime] [20-40K/D] [0-1/H]","5.04","3.6","10","100000","wizsmm","76270864-030b-4aa8-9995-ed1d41d29b96"
"facebook","Facebook Page Likes + Followers [🚀5K] - [⚡Instant] - [♻️30D]","1.764","1.26","10","100000","wizsmm","766d41ac-7fd4-4ff8-84de-06ef1ad0c0a5"
"facebook","Facebook Live Stream Views - S1 [ 150 Minutes ]","59.43","42.45","50","2000","wizsmm","76bd8daf-03dc-48cc-84a4-74fc21ebbd83"
"facebook","Facebook Page Followers [Refill: 30D] [Max: 1M] [Start Time: 0-3 Hrs] [Speed: 10K/D] ⛔️💧","0.9523","0.6802","100","1000000","wizsmm","041b2932-fe06-4730-9710-875578deeaff"
"facebook","Facebook Post Share - [ 10k/day ] [ Non Drop ] 0-6 HRS","3.878","2.77","50","100000","wizsmm","77c879c4-a233-4140-9ed2-6883fff2c250"
"facebook","🇩🇪 Facebook - 𝗣𝗼𝘀𝘁 (𝗖𝘂𝘀𝘁𝗼𝗺 𝗖𝗼𝗺𝗺𝗲𝗻𝘁𝘀) - 𝑴𝒂𝒍𝒆 𝑷𝒓𝒐𝒇𝒊𝒍𝒆 👦 - Germany - Non Drop - 100-200/Day | 30 Days Refill","22.008","15.72","5","1000","wizsmm","77cac6fe-05ff-41b1-9888-05b0ac316414"
"facebook","🇲🇾 Facebook - 𝗣𝗼𝘀𝘁 (𝗖𝘂𝘀𝘁𝗼𝗺 𝗖𝗼𝗺𝗺𝗲𝗻𝘁𝘀) - 𝐅𝐞𝐦𝐚𝐥𝐞 𝐏𝐫𝐨𝐟𝐢𝐥𝐞 💁‍ - Malaysia - Non Drop - 100-200/Day | 30 Days Refill","22.008","15.72","5","1000","wizsmm","780394b8-95ac-49a7-b564-cc8ce964a403"
"facebook","Facebook Live Stream Views - S2 [ 150 Minutes ]","23.52","16.8","20","10000","wizsmm","7915a16d-fb17-445b-adab-db57cd4017a9"
"facebook","Facebook Post Likes [EMOTICONS] [LOVE❤️] [Refill: 30D] [Max: 100K] [Start Time: 1 Hr] [Speed: 50K/DAY] 🔥","1.4","1","30","10000","wizsmm","06ecd969-81e1-40e9-96d5-cba7ace739ef"
"facebook","Facebook Video / Reels Views [3 Sec] [100K+/D] [0-1/H]","0.686","0.49","500","10000000","wizsmm","7b732ab5-7215-4a7e-971e-444ff98cd573"
"facebook","🇳🇬 Facebook - Post React 𝐇𝐚𝐇𝐚 (😆) - Nigeria - Non Drop - 200-300/Day | 30 Days Refill","9.632","6.88","50","10000","wizsmm","7b965aa0-d084-4fb9-8568-fba8fd1caf0d"
"facebook","Spain Traffic from Facebook","0.56","0.4","500","1000000","wizsmm","7ba225fa-7518-4607-9195-770c5d2539ac"
"facebook","Facebook Post Reaction [😂HaHA😂] [🇹🇭Thailand🇹🇭] [Refill: No] [Start Time: 1 - 12 Hour] [Speed:100/Day]","1.344","0.96","100","50000","wizsmm","7cba86ff-dc19-43dd-930a-c558f3597839"
"facebook","Facebook Live Stream Views - S6 [ 180 Minutes ]","15.68","11.2","30","5000","wizsmm","7d13475e-a113-49a1-8e2e-97f743099adb"
"facebook","Facebook Live Organic Viewers | Max 100K | 100% Concurrent | 60 Minutes","4.704","3.36","10","30000","wizsmm","7d60c07b-2577-4a82-ae5c-240bee23025d"
"facebook","Facebook Comment Custom [🇺🇸US🇺🇸 FEMALE] [NON DROP] [Start Time: 0-24 Hours]","65.52","46.8","5","2000","wizsmm","7eded656-2d54-48a9-aae9-69c0e32cb133"
"facebook","Facebook All Type Followers [High Quality] [Real] [90 Days Refill] [50-100K/D] [0-1/H]","1.218","0.87","10","500000","wizsmm","7ee5b5f3-5f82-49ee-a9e2-158b22b7f1e8"
"facebook","Facebook Post Likes [Refill: No] [Max: 20K] [Start Time: 0-1 Hr] [Speed: 20K/D]","0.5639","0.4028","50","500000","wizsmm","0aa5d1ef-3218-41d8-929f-ffc17d4c4001"
"facebook","Facebook Post Likes [EMOTICONS] [HAHA 😂] [Refill: 30 Days] [Max: 10K] [Start Time: 1 Hour] [Speed: 10K/DAY]","0.665","0.475","10","1000000","wizsmm","0a6a8111-5dbb-4d4d-864c-90ba40ad80b1"
"facebook","Facebook Post Likes [USA] [Max:3k] [Refill: 30 Days] [Start Time: 1-12 Hour] [Speed:200/Day]","14.112","10.08","10","6000","wizsmm","7eed7589-0efe-44a9-9916-2bff44788a4f"
"facebook","Facebook Page Likes and Followers All Types [High Quality] [Real] [30 Days Refill] [50-100K/D] [0-1/H] [Different Service]","1.764","1.26","100","500000","wizsmm","80311f5b-d8bc-46b0-8970-d1dc6a0d6700"
"facebook","Facebook Shares [Bangladesh] [30 Days Refill] [1-2K/D] [0-24/H]","2.184","1.56","100","1000000","wizsmm","8105660c-d341-44cc-b7bb-1762afcef152"
"facebook","Facebook Post Likes - [ Max - 20k ] [ 10k/day ] [ 30 Days Refill ] INSTANT","2.52","1.8","10","20000","wizsmm","811fa08d-a852-4f6f-ab1b-09d460b20b09"
"facebook","Facebook All Type Followers [High Quality] [Real] [365 Days Refill] [50-100K/D] [0-1/H] [Different Service]","1.344","0.96","10","500000","wizsmm","81248d6f-49aa-4076-aa01-81c85f255e29"
"facebook","Facebook Page Likes + Followers [NO REFILL] [Max: 200K] [Start Time: 0 - 1 Hrs] [Speed: 5K/D]","1.0199","0.7285","100","250000","wizsmm","0c04facc-a65e-4b8d-bf0e-6c9736695e99"
"facebook","Facebook Live Stream Views - S3 [ 210 Minutes ]","23.996","17.14","50","10000","wizsmm","81479780-93a5-466d-87d2-4d1a08117268"
"facebook","Facebook Live Stream Views - S9 [ 90 Minutes ]","11.76","8.4","50","20000","wizsmm","8213e87f-4adc-450c-84ef-2df14cc2745f"
"facebook","Facebook Post Reactions [🥰𝐂𝐚𝐫𝐞] - [🚀10K] - [⚡Instant] - [♻️30D]","0.84","0.6","50","1000000","wizsmm","823c3fae-7f01-4f1f-9eb9-8ed6d56c0cc2"
"facebook","Facebook Post Reactions [😢𝐒𝐚𝐝] - [🚀10K] - [⚡Instant] - [♻️30D]","0.84","0.6","50","1000000","wizsmm","8330bd3d-3be9-4f72-b050-639dfc55387e"
"facebook","Facebook Profile Followers [Refill: 90D] [Max: 500K] [Start Time: 0-2 Hrs] [Speed: 100K/D]","1.1375","0.8125","100","4000000","wizsmm","0cfcb07b-db09-4e22-b689-435db2a230f7"
"facebook","🇧🇷 Facebook - 𝐂𝐨𝐦𝐦𝐞𝐧𝐭 React 𝐒𝐚𝐝 (😢😢😢) - Brazil - Non Drop - 200-300/Day | 30 Days Refill","10.85","7.75","50","10000","wizsmm","837b1001-149e-433c-8950-13262be6fd1d"
"facebook","🇵🇭 Facebook 𝐏𝐚𝐠𝐞 𝐑𝐞𝐯𝐢𝐞𝐰 (Yes-Recommendations) [𝐖𝐢𝐭𝐡 𝐂𝐮𝐬𝐭𝐨𝐦 𝐂𝐨𝐦𝐦𝐞𝐧𝐭𝐬] - Philippines - Non Drop - 100-200/Day | 30 Days Refill","24.752","17.68","5","5000","wizsmm","861db89f-4a58-4c36-851b-5ddb622e3250"
"facebook","Facebook Post Likes [EMOTICONS] [WOW 😲] [Refill: 30D] [Max: 100K] [Start Time: 1 Hr] [Speed: 50K/DAY] 🔥","1.4","1","30","10000","wizsmm","0eaa9de3-d61d-4bb3-bf28-cff6b4eb7640"
"facebook","Facebook Live Stream Views [Max: 20K] [Stay: 180 Minutes] [Start Time: INSTANT]","16.8","12","10","50000","wizsmm","0e9f9a6f-410a-4ccf-928b-cc9f9f68ba8a"
"facebook","Facebook Live Stream Views - S9 [ 240 Minutes ]","31.36","22.4","50","20000","wizsmm","86fc3b06-7cac-46f6-944e-039eb0e2a087"
"facebook","🇯🇵 Facebook - 𝐂𝐨𝐦𝐦𝐞𝐧𝐭 𝐋𝐢𝐤𝐞 (👍👍👍) - Japan - Non Drop - 200-300/Day | 30 Days Refill","9.562","6.83","50","10000","wizsmm","872b3e1e-11c8-4fd7-bd2a-2e32f5eb6e98"
"facebook","Facebook Post Likes [Max: 50K] [Refill: No] [Start Time: 0-1 Hours] [Speed: 5K/Day] ♻️","0.6842","0.4887","10","1000000","wizsmm","10f6c6fd-90aa-450d-8ec3-c9e732ea66e1"
"facebook","Facebook Live Organic Viewers | Max 100K | 100% Concurrent | 6 Hours","28.224","20.16","10","30000","wizsmm","89244e33-68fc-4596-afa7-5f4acc2d8344"
"facebook","Facebook Germany Post Haha Reaction [30 Days Refill] [100-200/D] [0-1/H]","14.112","10.08","10","500","wizsmm","8931a3da-4d9a-48f0-8a14-ca71ace0dc0c"
"facebook","Facebook Post Likes [EMOTICONS] [LOVE ❤️ِ] [Refill: NO] [Max: 20K] [Start Time: 1 Hour] [Speed: 10K/DAY] 🔥","0.3454","0.2467","10","200000","wizsmm","13ae8639-7cb9-4003-8a74-d1064dd28186"
"facebook","Facebook Live Stream Views - S8 [ 90 Minutes ]","10.668","7.62","50","10000","wizsmm","89e4a932-3ad1-4fe1-80ff-7c2a9b7688de"
"facebook","Facebook Live Stream Views - [ 360 Minutes ]","1.26","0.9","20","10000","wizsmm","89f32772-99de-45d8-9528-f4f06c250bc9"
"facebook","🇵🇭 Facebook - 𝐂𝐨𝐦𝐦𝐞𝐧𝐭 React 𝐇𝐚𝐇𝐚 (😆😆😆) - Philippines - Non Drop - 200-300/Day | 30 Days Refill","11.004","7.86","50","10000","wizsmm","89f8d775-fc07-4929-8384-29c6ad4d808f"
"facebook","Facebook Live Stream Views - S6 [ 300 Minutes ]","26.978","19.27","30","5000","wizsmm","89fc3452-958f-46d0-b4d6-86ff8b4a16ef"
"facebook","Live Facebook Views [Stay 15 Minutes] [⚡Instant]  [⭐Guaranteed Direct]  [MIN 10]","2.128","1.52","10","1000","wizsmm","8a62b3ce-9167-4ce6-b996-3c314aba14ff"
"facebook","Facebook All In One [ All Type Page Like, Follow, Group, Post like Link Accepted ] [ 30 Days Refill ] [ 10k-20k/day ] 0-6 HRS","2.268","1.62","10","500000","wizsmm","8afa4ade-825e-4e34-9cb4-b3616f20cd6e"
"facebook","Facebook 180K Minutes [Monetization] [50-100K/D] [0-1/H] [60+ Minutes]","3.976","2.84","1000","1000","wizsmm","8b3dbbca-36cb-4f1a-866e-31bd980f8a90"
"facebook","Facebook Page &amp; Profile Followers [Refill: 60D] [Max: 300K] [Start Time: 0-3 Hrs] [Speed: Up to 300K/D] ⛔️💧","0.945","0.675","100","300000","wizsmm","1491de44-f3e3-41d2-9413-ddb595effd6c"
"facebook","Facebook Real Event Join ( 👧 ) ( Intrest ) [ 1k-2k/day ] [  60 Days Refill ] 12-24 HRS","3.36","2.4","1000","20000","wizsmm","8b7f72f5-12c0-492b-81de-9617f548225b"
"facebook","Facebook Post Likes [🇩🇪GERMANY🇩🇪] [FEMALE] [NON DROP] [Start Time: 0-24 Hours]","11.466","8.19","25","500","wizsmm","8bf88e6c-2b70-47f1-aa45-ade47af58ff6"
"facebook","🇦🇪 Facebook - Post 𝐋𝐢𝐤𝐞𝐬 (👍) United Arab Emirates - Non Drop - 200-300/Day | 30 Days Refill","11.004","7.86","50","10000","wizsmm","8c2a3029-443e-4bf0-8ad2-231a07533766"
"facebook","🇩🇪 Facebook Page Likes - Germany - Non Drop - 200-300/Day | 30 Days Refill","17.878","12.77","50","10000","wizsmm","8c7475b3-4ccd-42a6-8280-359948e46f2f"
"facebook","🇳🇬 Facebook 𝐏𝐚𝐠𝐞 𝐑𝐞𝐯𝐢𝐞𝐰 (Yes-Recommendations) [𝐖𝐢𝐭𝐡 𝐂𝐮𝐬𝐭𝐨𝐦 𝐂𝐨𝐦𝐦𝐞𝐧𝐭𝐬] - Nigeria - Non Drop - 100-200/Day | 30 Days Refill","22.008","15.72","5","1000","wizsmm","8c769d3b-31c6-4bf4-940d-b6678c5b94c7"
"facebook","Facebook Post Angry Reaction [🇵🇭Philippines🇵🇭] [30 Days Refill] [100/D] [0-12/H]","3.864","2.76","10","100","wizsmm","8d88d521-58d0-43a5-8bac-b729977e49c8"
"facebook","Facebook Post Shares - [ Max - 20k ] [ 1k/day ] [ R30 ] 0-6 Hrs","1.036","0.74","100","100000000","wizsmm","8d902f50-f8e6-4594-9acf-57339eaa4836"
"facebook","Facebook LiveStream Views [360 Mins] [Max: 10K] [Start Time: 0-1 Hr]","12.6","9","20","20000","wizsmm","162dc1b2-0f4d-4ea4-bbb5-a0a99f259091"
"facebook","Facebook Post Likes [Canada] [Max:1.5k] [Refill: 30 Days] [Start Time: 1-12 Hour] [Speed:200/Day]","18.0908","12.922","25","1500","wizsmm","1712ffcd-d846-4cb8-a8ae-904cb1a39fac"
"facebook","🇩🇪 Facebook - 𝐂𝐨𝐦𝐦𝐞𝐧𝐭 React 𝐂𝐚𝐫𝐞 (🥰🥰🥰) - Germany - Non Drop - 200-300/Day | 30 Days Refill","9.632","6.88","50","10000","wizsmm","8db23bcf-cab8-44c0-a705-fc8c1aea5742"
"facebook","🇨🇦 Facebook | Profile/Page - Followers - Canada - Non Drop - 200-300/Day | 30 Days Refill","13.566","9.69","50","10000","wizsmm","8dd881bd-fa64-4e60-bdfb-ca93269698f1"
"facebook","🇨🇦 Facebook - 𝗣𝗼𝘀𝘁 (𝐑𝐚𝐧𝐝𝐨𝐦 𝗖𝗼𝗺𝗺𝗲𝗻𝘁𝘀) - 𝑴𝒂𝒍𝒆 𝑷𝒓𝒐𝒇𝒊𝒍𝒆 👦 - Canada - Non Drop - 100-200/Day | 30 Days Refill","20.342","14.53","5","1000","wizsmm","8ed5c294-c8ca-4c81-b627-676e375abf89"
"facebook","Facebook Live Stream Views - S9 [ 180 Minutes ]","23.52","16.8","50","20000","wizsmm","8ee9a28a-aa6a-48ec-aba4-3d6f01e3a955"
"facebook","Facebook Live Stream Views - S3 [ 60 Minutes ]","6.748","4.82","50","10000","wizsmm","8f7f19c1-dc92-4e71-abf0-fc2aa3f0a1c9"
"facebook","🇲🇾 Facebook - Post React 𝐋𝐨𝐯𝐞 (❤️) - Malaysia - Non Drop - 200-300/Day | 30 Days Refill","9.632","6.88","50","10000","wizsmm","8f851fa7-d824-4299-b5f1-cf7ade54db07"
"facebook","Facebook Followers | HQ+Real | Low Drop | Day 50K | 30 Days Refill","0.658","0.47","10","500000","wizsmm","8fa49595-2499-4780-adb7-f8864e9a7b3a"
"facebook","Facebook Page Followers [Refill: 90 Days] [Start Time: 0 - 12 Hours] [Speed: Up to 5K/Day]","0.9275","0.6625","50","1000000","wizsmm","17f247d3-c63a-4129-97d2-60ec44cd3bd9"
"facebook","Facebook Post Reaction [WoW] [Malaysia] [Max:1K] [Refill: 30 Days] [Start Time: 0 - 6 Hour] [Speed:200/Day]","18.0908","12.922","25","1000","wizsmm","182e2f2a-ecf6-41e3-b7c4-1f073624baa7"
"facebook","Facebook Live Stream Views - S2 [ 180 Minutes ]","28.224","20.16","20","10000","wizsmm","90187445-5a48-461f-ac7d-9a70fe20c70b"
"facebook","Iran Traffic from Facebook","0.56","0.4","500","1000000","wizsmm","903efead-c2aa-4a15-8ffe-dfcdccc9cf62"
"facebook","🇦🇪 Facebook - 𝗣𝗼𝘀𝘁 (𝐑𝐚𝐧𝐝𝐨𝐦 𝗖𝗼𝗺𝗺𝗲𝗻𝘁𝘀) - 𝑴𝒂𝒍𝒆 𝑷𝒓𝒐𝒇𝒊𝒍𝒆 👦 - United Arab Emirates - Non Drop - 100-200/Day | 30 Days Refill","23.38","16.7","5","1000","wizsmm","9105cc97-006b-4a23-b849-2bec5e95d7d4"
"facebook","🇩🇪 Facebook - 𝐂𝐨𝐦𝐦𝐞𝐧𝐭 React 𝐋𝐨𝐯𝐞 (❤️❤️❤️) - Germany - Non Drop - 200-300/Day | 30 Days Refill","9.632","6.88","50","10000","wizsmm","910ed5fe-c937-4597-a5ee-9faa19873d71"
"facebook","Facebook Video views [100k/day] Video/Reel","0.14","0.1","50","2000000","wizsmm","9140d033-fc70-48bb-bb88-820b73e1ff82"
"facebook","Facebook Poll Votes [🇵🇭Philippines🇵🇭] [500-1K/D] [0-24/H]","37.296","26.64","20","5000","wizsmm","914717eb-34c8-49e5-977b-4667b4911a5a"
"facebook","Facebook Comments [CUSTOM] [100] [REAL] [ARAB]","129.528","92.52","10","250","wizsmm","915cbd87-3e98-4acc-834c-0ac078272406"
"facebook","🇦🇪 Facebook - Post React 𝐒𝐚𝐝 (😢) - United Arab Emirates - Non Drop - 200-300/Day | 30 Days Refill","11.004","7.86","50","10000","wizsmm","92819277-1b63-4ad8-b73c-e69b8ecbda36"
"facebook","🚨🚨 Facebook Page Like and Follows [Emergency Fast Server] [High Quality] [30 Days] [𝑭𝒂𝒔𝒕𝒆𝒔𝒕]","2.548","1.82","50","1000000","wizsmm","92b0009f-0a97-4732-9b4d-f7fb73fce598"
"facebook","Facebook Post Likes [Refill: 30D] [Max: 100K] [Start Time: 0-1 Hr] [Speed: 1K/D]💧","0.665","0.475","10","500000","wizsmm","1a8de491-8fa0-44b4-a015-fef353138d09"
"facebook","Facebook Post Likes [Refill: No] [Max: 100K] [Start Time: 0-1 Hr] [Speed: 10K/D]","2.3939","1.7199","50","100000","wizsmm","19fce7a3-2035-4ad4-953c-41afa7ad6304"
"facebook","Facebook Live Stream Views [Max: 10K] [Stay: 240 Minutes] [Start Time: INSTANT]","8.5344","6.096","20","20000","wizsmm","1a489af6-92d4-40f7-803c-25c506edb817"
"facebook","Facebook Video Views [10 Seconds] [Max: 1M] [Start Time: 0-1 Hr] [Speed: 1M/Day] 💧","0.4914","0.351","500","10000000","wizsmm","1aaf18b7-c546-4ffe-8eb0-75fde9c384ad"
"facebook","Facebook Post Likes [USA] [Insights Europe] [High Quality] [30 Days Refill] [30K] [Instant]","7.056","5.04","10","10000","wizsmm","92bdde7a-d89a-4488-bd35-14c8a89a2788"
"facebook","Facebook Live Stream Views - S7 [ 60 Minutes ]","8.792","6.28","20","20000","wizsmm","92c742e6-1ea2-4d29-8d87-43f7f63366be"
"facebook","Live Facebook Views [Stay 1.5 hours] [⚡Instant]  [⭐Guaranteed Direct]  [MIN 10]","11.312","8.08","10","1000","wizsmm","93c60879-ffb1-4fe2-98aa-cf39d24d9143"
"facebook","Facebook Live Stream Views [Max: 500K] [Stay: 90 Minutes] [Start Time: INSTANT]","3.255","2.325","10","500000","wizsmm","1c6ffd42-037d-48fd-ad52-8ac8696f7d68"
"facebook","🇩🇪 Facebook - 𝗣𝗼𝘀𝘁 (𝐑𝐚𝐧𝐝𝐨𝐦 𝗖𝗼𝗺𝗺𝗲𝗻𝘁𝘀) - 𝐅𝐞𝐦𝐚𝐥𝐞 𝐏𝐫𝐨𝐟𝐢𝐥𝐞 💁‍ - Germany - Non Drop - 100-200/Day | 30 Days Refill","22.008","15.72","5","1000","wizsmm","9478ca71-58ac-4a2e-b9fe-f1308fd7c97c"
"facebook","🇧🇷 Facebook - Post React 𝐖𝐨𝐰 (😯) - Brazil - Non Drop - 200-300/Day | 30 Days Refill","10.85","7.75","50","10000","wizsmm","94ea328e-70b8-44f5-85ed-b256351f7574"
"facebook","Facebook Live Stream Views - [ 120 Minutes ]","31.36","22.4","20","10000","wizsmm","95f79eb4-7935-4363-ab8c-42ff58dbddc6"
"facebook","Facebook Profile Followers [HQ] [Refill: 30D] [Max: 1M] [Start Time: 0 - 3 Hrs] [Speed: Up to 5K/D] 💧","1.54","1.1","100","100000","wizsmm","1d277906-7d43-4bc9-9f45-bb6a5872d28d"
"facebook","Facebook Post Likes [EMOTICONS] [LOVE 😍] [Refill: No] [Max: 5K] [Start Time: 1 Hour] [Speed: INSTANT]","2.45","1.75","100","2000","wizsmm","1d800bd8-97ba-425b-9f54-56886a27dfd1"
"facebook","Facebook Group Members [USA] [Insights Europe] [High Quality] [30 Days Refill] [30K] [Instant]","8.064","5.76","50","2500","wizsmm","9614c87e-b509-4050-8c58-4726e99d513f"
"facebook","Facebook Indian Page likes and Followers [No Drop] [Lifetime Guarantee] [5-10K/D] [Start 3 Hours]","1.512","1.08","100","100000","wizsmm","963b1ecc-ffc2-46cc-babd-d1e9d4e631ab"
"facebook","Facebook Live Stream Views [Max: 10K] [Stay: 6 Hrs] [Start Time: INSTANT]","29.4","21","10","20000","wizsmm","975db68e-ee08-4523-a2f2-ff115689235c"
"facebook","Facebook Live Stream Views - S2 [ 120 Minutes ]","11.76","8.4","50","2000","wizsmm","9765ec68-9d95-4061-8e16-6a3d6d7fe6cd"
"facebook","Facebook Post Reaction LOVE [USA] [30 Days Refill] [100-200/D] [0-24/H] [Min 1]","30.24","21.6","1","1000","wizsmm","97b443b7-7dde-445a-89e6-edd319f81622"
"facebook","Facebook Nefative Comments [Real HQ] [Refill: 30D] [Max: 1K] [Start Time: 0-1 Hr] [Speed: Up to 500/D] 💧","28.77","20.55","10","1000000","wizsmm","1f579d81-8d7b-4db1-b33d-856d2886d8d9"
"facebook","Facebook Video Views - [ 50-100k/day ] 0-1 HRS","0.868","0.62","500","100000000","wizsmm","98337271-8ed8-4d31-b82d-3c4a758ad850"
"facebook","Germany Traffic from Facebook","0.56","0.4","500","1000000","wizsmm","997e64af-cacd-497f-8544-9780f6e88663"
"facebook","🇫🇷 Facebook | Profile/Page - Followers - France - Non Drop - 200-300/Day | 30 Days Refill","17.626","12.59","20","10000","wizsmm","9992d347-79d2-49b0-bc1e-98a72aaba20c"
"facebook","🇵🇭 Facebook - 𝐄𝐯𝐞𝐧𝐭 𝐉𝐨𝐢𝐧 (𝐈𝐧𝐭𝐞𝐫𝐞𝐬𝐭) - Philippines - Non Drop - 200-300/Day | 30 Days Refill","11.004","7.86","50","10000","wizsmm","9abd853e-1b3a-40b3-89a1-26f290a2de41"
"facebook","Facebook Post Likes |[🇺🇸US🇺🇸] Female| 𝗥𝗘𝗙𝗜𝗟𝗟 30D | Start 0-24h","11.466","8.19","25","3000","wizsmm","9be4bb52-0ffb-4ab3-9809-dcb9f68ecea7"
"facebook","Facebook Live Stream Views - S6 [ 270 Minutes ]","24.15","17.25","30","5000","wizsmm","9bf514c7-1acd-45c3-ba1c-8343ccb84b07"
"facebook","Facebook Live Stream Views - [ 150 Minutes ]","39.2","28","20","10000","wizsmm","9daada06-4a0a-4e9b-86ac-d15bd8a0bd1c"
"facebook","Facebook Views [Lifetime Guaranteed] [Millions Daily] [0-1/H Start]","0.042","0.03","100","10000000","wizsmm","9dab9d3e-c6a7-4842-a90e-9bb9044c40cb"
"facebook","🇨🇦 Facebook - 𝗣𝗼𝘀𝘁 (𝗘𝗺𝗼𝗷𝗶 𝗖𝗼𝗺𝗺𝗲𝗻𝘁𝘀) - Canada - Non Drop - 100-200/Day | 30 Days Refill","18.984","13.56","5","1000","wizsmm","9e9bed96-ca5c-4a8b-9eaf-47137b507828"
"facebook","Facebook Live Stream Views - [ 180 Minutes ]","47.04","33.6","20","10000","wizsmm","9eb3f895-745c-48a5-8e92-d1c2c9aa3ae0"
"facebook","🇧🇷 Facebook - Post 𝐋𝐢𝐤𝐞𝐬 (👍) Brazil - Non Drop - 200-300/Day | 30 Days Refill","10.85","7.75","50","10000","wizsmm","9ec885dc-e450-46cf-bde7-69ca824bd51c"
"facebook","Facebook Post Likes [Refill: No] [Max: 3K] [Start Time: 0-1 Hr] [Speed: 2K/Day]","0.7195","0.5139","10","200000","wizsmm","23a01c6b-a206-40bd-8356-7d7adde155bd"
"facebook","🇲🇾 Facebook - Post Likes (𝐀𝐥𝐥 𝐋𝐢𝐧𝐤𝐬) Malaysia - Non Drop - 200-300/Day | 30 Days Refill","9.632","6.88","50","10000","wizsmm","9ee63ddf-0d7d-4c9b-bc2b-ec749f8c9d96"
"facebook","🇫🇷 Facebook - Post Likes (𝐀𝐥𝐥 𝐋𝐢𝐧𝐤𝐬) France - Non Drop - 200-300/Day | 30 Days Refill","10.85","7.75","20","10000","wizsmm","a0026750-c040-4537-956a-0469938aa2f6"
"facebook","Facebook Followers - [ Max - 1M ] [ 5-10k/day ] [ 30 Days Guaranteed ] 1-24 HRS","1.344","0.96","100","1000000","wizsmm","a06ad1a8-0513-4206-9602-fe0e1e28c4b9"
"facebook","Japan Traffic from Facebook","0.56","0.4","500","1000000","wizsmm","a0819fb0-7fb6-4c9b-bc9a-8f8446008076"
"facebook","🇳🇬 Facebook 𝐏𝐚𝐠𝐞 𝐑𝐞𝐯𝐢𝐞𝐰 (Yes-Recommendations) [𝐖𝐢𝐭𝐡𝐨𝐮𝐭 𝐂𝐮𝐬𝐭𝐨𝐦 𝐂𝐨𝐦𝐦𝐞𝐧𝐭𝐬] - Nigeria - Non Drop - 100-200/Day | 30 Days Refill","22.008","15.72","5","1000","wizsmm","a093ea53-7389-448f-8bee-23cfd2e0d829"
"facebook","Facebook Post Likes [Refill: No] [Max: 50k] [Start Time: 0-3 Hrs] [Speed: 10K/Day]","1.05","0.75","30","20000","wizsmm","241a95f7-bafb-49ac-9956-e9be40f2585f"
"facebook","🇲🇾 Facebook - 𝗣𝗼𝘀𝘁 (𝗘𝗺𝗼𝗷𝗶 𝗖𝗼𝗺𝗺𝗲𝗻𝘁𝘀) - Malaysia - Non Drop - 100-200/Day | 30 Days Refill","20.636","14.74","50","1000","wizsmm","a0a414f3-e1f5-4a50-8b9e-cff276e7dc3e"
"facebook","Facebook Post Reactions | ❤️Love | 🔥𝐈𝐧𝐬𝐭𝐚𝐧𝐭 𝐒𝐭𝐚𝐫𝐭 | 🚀10K/Day | ♻️30 Days Guarantee","1.26","0.9","50","1000000","wizsmm","a5de9fd2-7782-414d-ab8f-aa1582666347"
"facebook","🇯🇵 Facebook - 𝐄𝐯𝐞𝐧𝐭 𝐉𝐨𝐢𝐧 (𝐆𝐨𝐢𝐧𝐠) - Japan - Non Drop - 200-300/Day | 30 Days Refill","10.85","7.75","50","10000","wizsmm","a6c69634-3c91-46a3-8d9a-9281579cdfdb"
"facebook","Facebook Reels Views - [ 100k+/day ] 0-1 HRS","0.14","0.1","100","10000000","wizsmm","a7744a59-a814-4e76-b4ed-a1e77c73ebf1"
"facebook","Thailand Traffic from Facebook","0.56","0.4","500","1000000","wizsmm","a7ada8c9-5d58-45ed-ba2b-f7bf9a535ccb"
"facebook","Facebook Live Stream Views - S1 [ 210 Minutes ]","103.964","74.26","50","2000","wizsmm","a7d8f72a-4044-4b36-aebe-e77b6547d24c"
"facebook","Facebook Live Stream Views - S2 [ 60 Minutes ]","7.056","5.04","50","2000","wizsmm","a8455e3a-54c3-41f2-b31f-8b9ea7c3ea16"
"facebook","Facebook Video / Reels Views [ 3 Sec ] [ 100k+/day ] 0-1 HRS","1.106","0.79","500","100000000","wizsmm","a8550612-7af0-499e-bbd7-de4168ed9750"
"facebook","Facebook Post Reactions | 👍Like | 🔥𝐈𝐧𝐬𝐭𝐚𝐧𝐭 𝐒𝐭𝐚𝐫𝐭 | 🚀10K/Day | ♻️30 Days Guarantee","1.26","0.9","50","1000000","wizsmm","a85d03dc-f005-4365-a2eb-f0717b9463d2"
"facebook","🇵🇭 Facebook - Post React 𝐖𝐨𝐰 (😯) - Philippines - Non Drop - 200-300/Day | 30 Days Refill","11.004","7.86","50","10000","wizsmm","a93f29f1-bbaa-498f-9f94-35793f194dd8"
"facebook","Facebook Germany Group Members [30 Days Refill] [100-200/D] [0-1/H]","14.112","10.08","10","10000","wizsmm","a9a1ce94-4d18-4c28-a955-55d58e2e78c0"
"facebook","Facebook Video / Reels Views [1 Min] [100K+/D] [0-1/H]","1.19","0.85","500","10000000","wizsmm","aaa56bcc-825b-4dc8-8dac-70ecfd5c5281"
"facebook","Facebook Followers [Refill: No] [Max: 900K] [Start Time: 0-3 Hrs] [Speed: 200K/D]💧⛔","0.7","0.5","10","100000","wizsmm","261e877b-acad-403d-995b-54068fff431e"
"facebook","🇯🇵 Facebook - 𝐂𝐨𝐦𝐦𝐞𝐧𝐭 React 𝐂𝐚𝐫𝐞 (🥰🥰🥰) - Japan - Non Drop - 200-300/Day | 30 Days Refill","9.562","6.83","50","10000","wizsmm","abb2a0a0-3bd0-4c18-9903-73433ccf086d"
"facebook","🇧🇷 Facebook - 𝐂𝐨𝐦𝐦𝐞𝐧𝐭 React 𝐂𝐚𝐫𝐞 (🥰🥰🥰) - Brazil - Non Drop - 200-300/Day | 30 Days Refill","10.85","7.75","50","10000","wizsmm","ac0dbbb8-1fed-4a8a-a993-1ad8e7dd0989"
"facebook","Facebook Page Likes + Followers - [ Max - 100K ] [ 10k/day ] [ 30 Days Guaranteed ] INSTANT","3.514","2.51","50","100000","wizsmm","ac147bc5-9bdf-45be-a3c0-89b2f59d1428"
"facebook","🇩🇪 Facebook - 𝗣𝗼𝘀𝘁 (𝗘𝗺𝗼𝗷𝗶 𝗖𝗼𝗺𝗺𝗲𝗻𝘁𝘀) - Germany - Non Drop - 100-200/Day | 30 Days Refill","20.636","14.74","5","1000","wizsmm","ac218451-9322-4f4a-b07e-67791360f3bb"
"facebook","Facebook Followers [All Types] [10-20K/D] [Instant]","1.736","1.24","10","5000000","wizsmm","ac832284-82fb-43b7-a600-6446876c5193"
"facebook","Facebook Live Organic Viewers | Max 100K | 100% Concurrent | 30 Minutes","2.352","1.68","10","30000","wizsmm","acb9faaf-7525-4cf7-9b10-8d2da8fc31db"
"facebook","Facebook Video Views - [ 100k-200k/day ] 0-3 HRS","0.182","0.13","100","100000000","wizsmm","acda3aa5-c534-4234-bcf7-cead0386be3b"
"facebook","🇵🇭 Facebook - 𝗣𝗼𝘀𝘁 (𝐑𝐚𝐧𝐝𝐨𝐦 𝗖𝗼𝗺𝗺𝗲𝗻𝘁𝘀) - 𝐅𝐞𝐦𝐚𝐥𝐞 𝐏𝐫𝐨𝐟𝐢𝐥𝐞 💁‍ - Philippines - Non Drop - 100-200/Day | 30 Days Refill","23.38","16.7","5","1000","wizsmm","ace7b17c-7a5c-41f1-bed7-52bce6d6bca6"
"facebook","Facebook Video / Reels Views [3 Min] [100K+/D] [0-1/H]","2.296","1.64","500","10000000","wizsmm","adf5aa69-d8bf-4139-8fda-5e257f3007e5"
"facebook","🇧🇷 Facebook 𝐆𝐫𝐨𝐮𝐩 𝐌𝐞𝐦𝐛𝐞𝐫𝐬 - Brazil - Non Drop - 200-500/Day | 30 Days Refill","17.668","12.62","50","10000","wizsmm","aede20fc-94fd-4ce8-bf7a-ff010883cae7"
"facebook","🇩🇪 Facebook - 𝐂𝐨𝐦𝐦𝐞𝐧𝐭 React 𝐇𝐚𝐇𝐚 (😆😆😆) - Germany - Non Drop - 200-300/Day | 30 Days Refill","9.632","6.88","50","10000","wizsmm","af7ede8d-08fe-497f-9ea3-dd59425a63b0"
"facebook","🇫🇷 Facebook - Post React 𝐇𝐚𝐇𝐚 (😆) - France - Non Drop - 200-300/Day | 30 Days Refill","10.85","7.75","20","10000","wizsmm","b09d6ca8-97e7-4fd7-b5cd-e0d528c48b81"
"facebook","🇫🇷 Facebook - 𝐄𝐯𝐞𝐧𝐭 𝐉𝐨𝐢𝐧 (𝐈𝐧𝐭𝐞𝐫𝐞𝐬𝐭) - France - Non Drop - 200-300/Day | 30 Days Refill","16.268","11.62","20","10000","wizsmm","b1ce369c-d74f-4ee8-a41e-bc3fbf318de6"
"facebook","🇦🇪 Facebook Page Likes - United Arab Emirates - Non Drop - 200-300/Day | 30 Days Refill","17.668","12.62","50","10000","wizsmm","b2256e6e-2310-4739-83f9-1ad80cb31faf"
"facebook","Facebook Followers All Types [Indian] [30 Days Refill] [5-10K/D] [0-2/H]","1.176","0.84","50","1000000","wizsmm","b22de9e7-5eaf-4f88-87bf-f72705409c48"
"facebook","Facebook Page Followers + Likes [Refill: 7D] [Max: 2M] [Start Time: 0-2 Hrs] [Speed: 40K/D] ⛔️💧","0.9523","0.6802","100","1000000","wizsmm","299a0053-c4d3-4bdb-b3d1-bccd28ab8ea9"
"facebook","Facebook Profile Followers [Refill: 90 Days] [Start Time: 0 - 12 Hours] [Speed: Up to 5K/Day]","0.9275","0.6625","50","1000000","wizsmm","28f925c9-e6ac-4006-a02e-920e79abae6d"
"facebook","🇫🇷 Facebook - 𝗣𝗼𝘀𝘁 (𝗖𝘂𝘀𝘁𝗼𝗺 𝗖𝗼𝗺𝗺𝗲𝗻𝘁𝘀) - France - Non Drop - 100-200/Day | 30 Days Refill","23.044","16.46","5","1000","wizsmm","b25bdd32-1c47-4ba2-8aea-d4d323511cbe"
"facebook","Facebook Post Care Reaction [🇵🇭Philippines🇵🇭] [30 Days Refill] [100/D] [0-12/H]","3.864","2.76","10","100","wizsmm","b3540bc0-bc9c-45f6-aafa-5540c445d3e4"
"facebook","🇩🇪 Facebook - 𝗣𝗼𝘀𝘁 (𝐑𝐚𝐧𝐝𝐨𝐦 𝗖𝗼𝗺𝗺𝗲𝗻𝘁𝘀)  - Germany - Non Drop - 100-200/Day | 30 Days Refill","20.636","14.74","5","10000","wizsmm","b35d5709-064d-4b5c-a149-4c3ba370090e"
"facebook","Facebook Emotion Angry [🇺🇸US🇺🇸] 𝗥𝗘𝗙𝗜𝗟𝗟 30D | Start 0-24h","11.466","8.19","10","3000","wizsmm","b3a6252d-a8ed-44b5-9be1-22055ab2f6ec"
"facebook","Pakistan Traffic from Facebook","0.56","0.4","500","1000000","wizsmm","e2ed2fad-474e-4d35-ac03-cc7ec03410c3"
"facebook","🇵🇭 Facebook - 𝗣𝗼𝘀𝘁 (𝗖𝘂𝘀𝘁𝗼𝗺 𝗖𝗼𝗺𝗺𝗲𝗻𝘁𝘀) - 𝑴𝒂𝒍𝒆 𝑷𝒓𝒐𝒇𝒊𝒍𝒆 👦 - Philippines - Non Drop - 100-200/Day | 30 Days Refill","23.38","16.7","5","1000","wizsmm","b6410cc9-34d8-4c65-82cd-2c150fe2af44"
"facebook","Facebook Followers - [ Profile / Page ] [ 5k/day ] [ 30 Days Guaranteed ] 0-6 HRS","3.514","2.51","1000","50000","wizsmm","b64921d4-ebf1-4954-b456-55122aed85e9"
"facebook","Facebook Post Likes [🇵🇭Philippines🇵🇭] [30 Days Refill] [150/D] [0-12/H]","3.864","2.76","20","500","wizsmm","b730f2fa-23f4-4f8f-8636-1568a2a7faf8"
"facebook","Facebook Live Stream Views [240 minutes] [Speed: 1000 Per Minute] [Start Time: 0 - 5 Minutes] [Refill: Lifetime]","7.943","5.6736","10","10000","wizsmm","2b4e98f7-b1d7-40e7-90fa-e18779309d98"
"facebook","🇨🇦 Facebook - 𝗣𝗼𝘀𝘁 (𝗖𝘂𝘀𝘁𝗼𝗺 𝗖𝗼𝗺𝗺𝗲𝗻𝘁𝘀) - 𝑴𝒂𝒍𝒆 𝑷𝒓𝒐𝒇𝒊𝒍𝒆 👦 - Canada - Non Drop - 100-200/Day | 30 Days Refill","20.342","14.53","5","1000","wizsmm","b9f9f63c-ab58-4c86-8478-5b7b5b977f8f"
"facebook","🇦🇪 Facebook - 𝐂𝐨𝐦𝐦𝐞𝐧𝐭 React 𝐋𝐨𝐯𝐞 (❤️❤️❤️) - United Arab Emirates - Non Drop - 200-300/Day | 30 Days Refill","11.004","7.86","50","10000","wizsmm","bb2cc91c-9bcc-4c43-bf43-a94ff5e84119"
"facebook","🇳🇬 Facebook - 𝐂𝐨𝐦𝐦𝐞𝐧𝐭 𝐋𝐢𝐤𝐞 (👍👍👍) - Nigeria - Non Drop - 200-300/Day | 30 Days Refill","9.632","6.88","50","10000","wizsmm","bbcfd33c-1264-4cac-beb3-95798192ba40"
"facebook","Facebook Page Likes [Refill: 30 Days] [Max: 100K] [Start Time: 0-1 Hour] [Speed: 3K/Day]","1.0707","0.7648","100","100000","wizsmm","2d348628-a22f-4be1-b69d-10a9231939ac"
"facebook","Facebook Profile Followers [English Names] [Cancel Enabled Working] [High Quality] [30 Days Refill] [30K] [Instant]","6.664","4.76","10","10000","wizsmm","bcb1395b-e432-4dfc-8594-a7dad9bad506"
"facebook","Facebook Comment Custom [🇺🇸US🇺🇸] [NON DROP] [Start Time: 0-24 Hours]","65.52","46.8","5","200","wizsmm","bcb63663-6827-41c2-9b07-34442f432062"
"facebook","Facebook Group Members [Works for Private Groups] [Lifetime Guarantee] [5-10K/D] [Start 3 Hours]","1.176","0.84","100","100000","wizsmm","bd56d7ea-eeeb-4ec2-b3aa-c6e641a9b1b3"
"facebook","🇧🇷 Facebook - 𝐂𝐨𝐦𝐦𝐞𝐧𝐭 𝐋𝐢𝐤𝐞 (👍👍👍) - Brazil - Non Drop - 200-300/Day | 30 Days Refill","10.85","7.75","50","10000","wizsmm","bdec8254-8163-4e96-a187-84b72a921241"
"facebook","Facebook Post Shares [ Lifetime Guaranteed ] [ 10k/day ] 0-24 HRS","0.56","0.4","100","100000000","wizsmm","be2c3b13-d966-4521-b9f2-bcb5ff0df709"
"facebook","Facebook Reels Views [Max: 100M] [Start Time: 0-1 Hr] [Speed: Up to 5K/D] 💧","0.0525","0.0375","100","1000000000","wizsmm","2f3b4103-0163-4d61-a01d-add16dcd7e96"
"facebook","Facebook Video Views [15 Seconds] [Max: 1M] [Start Time: 0-1 Hr] [Speed: 50K/Day] 💧","1.001","0.715","500","20000000","wizsmm","2ffabf3c-82e2-4501-a610-0463c1ae17fd"
"facebook","Facebook Live Stream Views [480 minutes] [Speed: 1000 Per Minute] [Start Time: 0 - 5 Minutes] [Refill: Lifetime]","15.8861","11.3472","10","10000","wizsmm","301053ac-c5dc-4cdd-be61-eeb4b7224992"
"facebook","Facebook Live Organic Viewers | Max 100K | 100% Concurrent | 270 Minutes","21.168","15.12","10","30000","wizsmm","bf09bdd9-ed43-4a09-9ec6-90ed70d0472e"
"facebook","Facebook [Female] Custom Comments","42","30","5","1000","wizsmm","bf3e22c9-1019-40b6-9c44-77ab3b984017"
"facebook","Facebook Live Stream Views - [ Stay 6 Hour ] INSTANT","27.328","19.52","200","10000","wizsmm","bff5883b-4134-4f5f-b909-207e22e0bf0f"
"facebook","🇦🇪 Facebook - 𝗣𝗼𝘀𝘁 (𝗖𝘂𝘀𝘁𝗼𝗺 𝗖𝗼𝗺𝗺𝗲𝗻𝘁𝘀) - 𝐅𝐞𝐦𝐚𝐥𝐞 𝐏𝐫𝐨𝐟𝐢𝐥𝐞 💁‍ - United Arab Emirates - Non Drop - 100-200/Day | 30 Days Refill","23.38","16.7","5","1000","wizsmm","bffa809d-f6d9-47ba-b67d-f5d679938a99"
"facebook","🇵🇭 Facebook - Post React 𝐇𝐚𝐇𝐚 (😆) - Philippines - Non Drop - 200-300/Day | 30 Days Refill","11.004","7.86","50","10000","wizsmm","c03cdb36-a498-4980-b08c-11d5e3164025"
"facebook","🇦🇪 Facebook - 𝗣𝗼𝘀𝘁 (𝗖𝘂𝘀𝘁𝗼𝗺 𝗖𝗼𝗺𝗺𝗲𝗻𝘁𝘀) - United Arab Emirates - Non Drop - 100-200/Day | 30 Days Refill","23.38","16.7","5","1000","wizsmm","c0f6bb2d-1a8b-489d-9d3c-cbf61e3444b4"
"facebook","Facebook Post Reaction | Max 100K | Like 👍 | Instant Start | No Refill | Speed: 20K/Day","0.672","0.48","10","100000","wizsmm","c1211816-63bf-4014-829d-3da85ecda895"
"facebook","🇯🇵 Facebook - 𝐂𝐨𝐦𝐦𝐞𝐧𝐭 React 𝐖𝐨𝐰 (😯😯😯) - Japan - Non Drop - 200-300/Day | 30 Days Refill","9.562","6.83","50","10000","wizsmm","c17f060f-2d54-476a-90c0-1dd24a860d75"
"facebook","Facebook Page Likes [Stable] [Refill: 60 Days] [Max: 50K] [Start Time: 0 - 3 Hours] [Speed: Up to 10K/Day]","1.3411","0.9579","100","100000","wizsmm","3530756e-e643-4187-a785-0bb7f44531e1"
"facebook","Ireland Traffic from Facebook","0.56","0.4","500","1000000","wizsmm","c2c1abf6-04c2-48b0-9cd3-f6c864ddbd8e"
"facebook","Facebook Post Reaction | Max 100K |  Love ❤️ | Instant Start | No Refill | Speed: 20K/Day","0.672","0.48","10","100000","wizsmm","c3c91f6a-94d6-47e7-830b-eacacabd0165"
"facebook","🇩🇪 Facebook - Post React 𝐂𝐚𝐫𝐞 (🥰) - Germany - Non Drop - 200-300/Day | 30 Days Refill","9.632","6.88","50","10000","wizsmm","c3d51f4d-b82a-4451-89bc-8e690aa175c9"
"facebook","Facebook Group Members [🇵🇭Philippines🇵🇭] [500-1K/D] [0-24/H]","5.502","3.93","100","5000","wizsmm","c5623bab-2ea2-4231-9aa1-d1a31d851c75"
"facebook","Bangladesh Traffic from Facebook","0.56","0.4","500","1000000","wizsmm","c5fd6f2f-2c17-40f1-8a71-42c235f74b80"
"facebook","Facebook Shares [Works for Videos] [Lifetime Guaranteed] [10-100K/D] [0-24/H]","0.63","0.45","100","100000000","wizsmm","c61b2fcc-9ce0-4cf8-bb1d-87978ea354fd"
"facebook","Facebook Video / Reels Views [ 3 Sec ] [ 100k+/day ] 0-3 HRS","0.182","0.13","100","100000000","wizsmm","c61c05ff-d848-4ac6-a6e9-f3785bc3dc09"
"facebook","🇩🇪 Facebook 𝐏𝐚𝐠𝐞 𝐑𝐞𝐯𝐢𝐞𝐰 (Yes-Recommendations) [𝐖𝐢𝐭𝐡𝐨𝐮𝐭 𝐂𝐮𝐬𝐭𝐨𝐦 𝐂𝐨𝐦𝐦𝐞𝐧𝐭𝐬] - Germany - Non Drop - 100-200/Day | 30 Days Refill","22.008","15.72","5","10000","wizsmm","c66e9555-24ee-449a-8d97-2822f596ef3e"
"facebook","♛ Facebook All Type Profile Followers - [ Max - 200k ] [ 3-5k/day ] [ Non Drop, Lifetime Guaranteed ] INSTANT","1.148","0.82","100","200000","wizsmm","c72cd73e-ee64-49a5-96f1-35099d9fae01"
"facebook","Facebook Profile Followers [Refill: 30 Days] [Max: 100K] [Start Time: 0-2 Hours] [Speed: 20K/Day] ♻️","1.7437","1.2455","50","1000000","wizsmm","3a0efd87-a677-4059-968b-e042d2011b1d"
"facebook","🇫🇷 Facebook 𝐏𝐚𝐠𝐞 𝐑𝐞𝐯𝐢𝐞𝐰 (Yes-Recommendations) [𝐖𝐢𝐭𝐡 𝐂𝐮𝐬𝐭𝐨𝐦 𝐂𝐨𝐦𝐦𝐞𝐧𝐭𝐬] - France - Non Drop - 100-200/Day | 30 Days Refill","24.402","17.43","5","1000","wizsmm","c7721b59-1a9a-4e69-8052-8e5037ec1902"
"facebook","Facebook Live Stream Views - S4 [ 150 Minutes ]","36.708","26.22","50","2000","wizsmm","c79b39c6-898b-4007-9079-e331db30d6fe"
"facebook","Facebook Page Likes [USA] [ 👩Female👩] [Max:5k] [Refill: 30 Days] [Start Time: 1-12 Hour] [Speed:100/Day]","14.112","10.08","10","10000","wizsmm","c7c5f3d0-57bc-4459-bdd3-5c54b8d5eb03"
"facebook","Facebook Post Likes [USA] [30 Days Refill] [100-200/D] [0-24/H]","9.072","6.48","10","50000","wizsmm","c7ced09d-c216-48ec-8b59-2ace0d90af37"
"facebook","Facebook Post Shares [HQ] [Refill: 30D] [Max: 3K] [Start Time: 0-1 Hr] [Speed: 1K/Day]","35.868","25.62","1","10000","wizsmm","3b6ecee6-7683-49f8-970a-a7e714325af1"
"facebook","Facebook Live Stream Views - [ 210 Minutes ]","13.174","9.41","50","2000","wizsmm","ca85ba71-39f3-4ff5-9706-e1e91e185f4c"
"facebook","Facebook Live Stream Views - S2 [ 300 Minutes ]","47.04","33.6","20","10000","wizsmm","caaa5f11-d747-4607-8722-946c1c58f262"
"facebook","Facebook Page Review - [ Yes Recommendation ] [ Max-500 ] [ 30 Days Refill ] 12-24 HRS","16.8","12","10","100","wizsmm","cab0b075-c721-401a-bf71-5b10ff40378a"
"facebook","Facebook Post Reaction [🥰CARE🥰 ] [🇹🇭Thailand🇹🇭] [Refill: No] [Start Time: 1 - 12 Hour] [Speed:100/Day]","1.344","0.96","100","50000","wizsmm","caeec59c-a381-410c-b9bb-8f8750dc2949"
"facebook","Facebook Live Stream Views - [ Stay 30 Minutes ] INSTANT","2.268","1.62","200","10000","wizsmm","cbf59c0d-32b4-4653-9c28-bc6a81c86d96"
"facebook","🇲🇾 Facebook - Post 𝐋𝐢𝐤𝐞𝐬 (👍) 𝐅𝐞𝐦𝐚𝐥𝐞 - Malaysia - Non Drop - 200-300/Day | 30 Days Refill","9.632","6.88","50","10000","wizsmm","cc0bfd57-f47d-42b7-9437-2fce253e7e1e"
"facebook","Facebook 60K Minutes [Monetization] [50-100K/D] [0-24/H] [120+ Minutes]","1.526","1.09","1000","1000","wizsmm","ccc2c474-a826-42ed-a6b6-27ee44532382"
"facebook","🇲🇾 Facebook - Post 𝐋𝐢𝐤𝐞𝐬 (👍) Malaysia - Non Drop - 200-300/Day | 30 Days Refill","9.632","6.88","50","10000","wizsmm","ccc9af33-7fb1-492d-819f-7d7c5b9341eb"
"facebook","Portugal Traffic from Facebook","0.56","0.4","500","1000000","wizsmm","cdd77f45-83b8-4db0-bf7d-7303e90b11b0"
"facebook","🇦🇪 Facebook - Post 𝐋𝐢𝐤𝐞𝐬 (👍) 𝐅𝐞𝐦𝐚𝐥𝐞 - United Arab Emirates - Non Drop - 200-300/Day | 30 Days Refill","11.004","7.86","50","10000","wizsmm","cde19f62-ada1-4015-b9f3-82d334a5f809"
"facebook","🇨🇦 Facebook - Post React 𝐂𝐚𝐫𝐞 (🥰) - Canada - Non Drop - 200-300/Day | 30 Days Refill","8.134","5.81","50","10000","wizsmm","cdef285a-e275-42fd-b88a-a1dff9432bea"
"facebook","🇫🇷 Facebook 𝐏𝐚𝐠𝐞 𝐑𝐞𝐯𝐢𝐞𝐰 (Yes-Recommendations) [𝐖𝐢𝐭𝐡𝐨𝐮𝐭 𝐂𝐮𝐬𝐭𝐨𝐦 𝐂𝐨𝐦𝐦𝐞𝐧𝐭𝐬] - France - Non Drop - 100-200/Day | 30 Days Refill","24.402","17.43","5","1000","wizsmm","0eeaaeb7-08d3-46fc-a98c-0f667a5a2afb"
"facebook","Facebook Post Reaction | Max 100K |  Sad 😢  | Instant Start | No Refill | Speed: 20K/Day","0.672","0.48","10","100000","wizsmm","1f11d7cf-f4a9-4ebd-9418-26f4100c0ed1"
"facebook","Facebook - Page Likes + Followers ( Max 50K ) ( Instant ) ( 15K-20K/Day ) ( R30 ) ⛔♻️","2.604","1.86","50","1000000","wizsmm","3a204219-ad0c-4965-82a8-93baec8d34af"
"facebook","Facebook All Type Page Likes and Followers [High Quality] [30-50K/D] [0-1/H]","0.98","0.7","10","500000","wizsmm","834dad53-df5b-46df-a6fd-b0837b991aec"
"facebook","Facebook Post Likes【Care 🤗】| Stable | HQ+Real | All Links | Low Drop | No Refill","0.336","0.24","10","100000","wizsmm","b4519945-901e-4dc8-a7e6-3559c944629e"
"facebook","Facebook 60K Minutes [Monetization] [50-100K/D] [0-48/H] [180+ Minutes]","1.358","0.97","1000","1000","wizsmm","14c198d1-2fa2-49e8-94f1-75abde46f582"
"facebook","Facebook Emotion Care [🇺🇸US🇺🇸 Black] 𝗥𝗘𝗙𝗜𝗟𝗟 30D | Start 0-24h","11.466","8.19","10","500","wizsmm","09234d42-de7a-461c-a98c-73cb3ee4054f"
"facebook","Facebook Live Stream Views - S6 [ 60 Minutes ]","5.334","3.81","30","5000","wizsmm","093f4099-4430-4ec8-baa0-6fe8572da041"
"facebook","Facebook Live Stream Views [Max: 2K[ [Start Time: INSTANT] [Speed: 300 Minutes]","22.666","16.19","10","500","wizsmm","41f14563-a39b-42bd-b881-8cd05d154a08"
"facebook","Facebook Page &amp; Profile Followers [Refill: 30D] [Max: 2M] [Start Time: 0-3 Hrs] [Speed: Up to 100K/D] ⛔️💧","0.9282","0.663","100","200000","wizsmm","44360cd3-d31b-4041-81a9-73c8620d569d"
"facebook","Facebook Live Stream Views [Max: 500K] [Stay: 120 Minutes] [Start Time: INSTANT]","4.34","3.1","10","500000","wizsmm","45076449-856c-47ac-9e59-2c71a6d7c4fd"
"facebook","Facebook Profile Followers [Refill: 30D] [Max: 50K] [Start Time: 0 - 1 Hr] [Speed: 10K/Day]","1.05","0.75","10","200000","wizsmm","4531e3f1-74c5-4edf-a6ef-447af37c1c7c"
"facebook","Facebook Page Followers [Refill: 30D] [Max: 10K] [Start Time: 0-3 Hrs] [Speed: 2K/D] 💧 ⛔️","1.75","1.25","10","100000","wizsmm","9e333894-472e-4352-a8c9-56b0316b81ab"
"facebook","Facebook Post Shares [Refill: No] [Max: 500K] [Start Time: 0 - 2 Hrs] [Speed: Up to 100K/D]","1.5558","1.1113","100","500000","wizsmm","457bba03-297d-41f1-927f-da998856f9e9"
"facebook","Facebook Live Stream Likes [Max: 250K] [Refill: No] [Max: 20k] [Start Time: 0-1 Hour] [Speed: 5K/Day]","0.4655","0.3325","10","1000000","wizsmm","46107cda-cc43-4ac8-ba1b-41d8ed0a2d85"
"facebook","Facebook Group Members [Refill: 7D] [Max: 100K] [Start Time: 0 - 3 Hrs] [Speed: Up to 10K/Day] ⛔️💧","0.9975","0.7125","10","100000","wizsmm","479b1f36-d9e7-4433-9a9d-1ae93a185137"
"facebook","FACEBOOK POST LIKE [WW] [FEMALE]  [Refill: 10 Days] [Max: 1K] [Start Time: 0-4 Hours] [Speed: 1K/Day] ♻️","2.625","1.875","100","1000","wizsmm","c68cbc0a-300c-4102-a1a3-836cf64e8ddc"
"facebook","Facebook - Post - Package ~  [ 𝟓𝟎-𝟏𝟐𝟎 𝐥𝐢𝐤𝐞𝐬 | 𝟑𝟎-𝟒𝟎 𝐄𝐦𝐨𝐭𝐢𝐨𝐧𝐬😍😀😲 | 𝟐𝟓 𝐒𝐡𝐚𝐫𝐞 | 𝟏𝟎 𝐂𝐮𝐬𝐭𝐨𝐦 𝐂𝐨𝐦𝐦𝐞𝐧𝐭𝐬 | 𝟏𝟎𝟎+ 𝐏𝐨𝐬𝐭 𝐑𝐞𝐚𝐜𝐡 ] ⏰ 𝐈𝐧𝐬𝐭𝐚𝐧𝐭 - 𝟔 𝐡𝐨𝐮𝐫𝐬","2.52","1.8","1","1","wizsmm","b248c390-afcc-4f46-8da3-1636747d9f50"
"facebook","Facebook - Post - Package ~  [ 𝟐𝟎𝟎-𝟑𝟎𝟎 𝐥𝐢𝐤𝐞𝐬 | 𝟓𝟎-𝟕𝟓 𝐄𝐦𝐨𝐭𝐢𝐨𝐧𝐬😍😀😲 | 𝟓𝟎 𝐒𝐡𝐚𝐫𝐞+ | 𝟐𝟎 𝐂𝐮𝐬𝐭𝐨𝐦 𝐂𝐨𝐦𝐦𝐞𝐧𝐭𝐬 | 𝟐𝟎𝟎+ 𝐏𝐨𝐬𝐭 𝐑𝐞𝐚𝐜𝐡] ⏰ 𝐈𝐧𝐬𝐭𝐚𝐧𝐭 - 𝟔 𝐡𝐨𝐮𝐫𝐬","5.026","3.59","1","1","wizsmm","692e3e8f-02cd-4362-accf-97cfe0942224"
"facebook","Facebook - Post - Package ~  [ 𝟑𝟎𝟎-𝟒𝟎𝟎 𝐥𝐢𝐤𝐞𝐬 | 𝟕𝟓-𝟏𝟎𝟎 𝐄𝐦𝐨𝐭𝐢𝐨𝐧𝐬😍😀😲 | 𝟕𝟓 𝐒𝐡𝐚𝐫𝐞 | 𝟑𝟎 𝐂𝐮𝐬𝐭𝐨𝐦 𝐂𝐨𝐦𝐦𝐞𝐧𝐭𝐬  | 𝟑𝟎𝟎+ 𝐏𝐨𝐬𝐭 𝐑𝐞𝐚𝐜𝐡] ⏰ 𝐈𝐧𝐬𝐭𝐚𝐧𝐭 - 𝟔 𝐡𝐨𝐮𝐫𝐬","7.532","5.38","1","1","wizsmm","4b1a314a-6521-451b-b995-1af7c904eefb"
"facebook","Facebook - Post - Package ~  [ 𝟒𝟎𝟎-𝟓𝟎𝟎 𝐥𝐢𝐤𝐞𝐬 | 𝟏𝟎𝟎-𝟏𝟓𝟎 𝐄𝐦𝐨𝐭𝐢𝐨𝐧𝐬😍😀😲 | 𝟏𝟎𝟎 𝐒𝐡𝐚𝐫𝐞 |  𝟒𝟎 𝐂𝐮𝐬𝐭𝐨𝐦 𝐂𝐨𝐦𝐦𝐞𝐧𝐭𝐬 | 𝟒𝟎𝟎+ 𝐏𝐨𝐬𝐭 𝐑𝐞𝐚𝐜𝐡] ⏰ 𝐈𝐧𝐬𝐭𝐚𝐧𝐭 - 𝟔 𝐡𝐨𝐮𝐫𝐬","12.544","8.96","1","1","wizsmm","5b885a1d-f711-41ab-8ba1-84589cf80b45"
"facebook","Facebook Reels Views [Max: 100M] [Start Time: 0-1 Hr] [Speed: 500K/D] ⛔️💧","0.203","0.145","500","10000000","wizsmm","4afaddec-43af-47c5-87a0-53569f0dd3cd"
"facebook","Facebook Post Likes - (HQ) ☑️","9.24","6.6","100","30000","wizsmm","4d7bfebb-6cf0-46e5-b21e-e7e379cd74fe"
"facebook","Facebook Post Likes - Best Quality ⭐⭐⭐⭐⭐","11.34","8.1","20","20000","wizsmm","2574c1c5-2faa-4b39-a10c-e60250754292"
"facebook","Facebook Post Reaction LOVE","25.2","18","50","2000","wizsmm","6f96eaf7-6e9f-4413-97a0-4036fb887593"
"facebook","Facebook Post Reaction CARE","25.2","18","50","2000","wizsmm","be532240-0e5b-4a31-ba7c-cf620b2cb16a"
"facebook","Facebook Post Reaction HAHA","25.2","18","50","2000","wizsmm","13ade114-21f3-4374-8764-354bf5da9a3a"
"facebook","Facebook Post Reaction WOW","25.2","18","50","2000","wizsmm","54237642-8c99-4464-b0be-022a57209cab"
"facebook","Facebook Post Reaction SAD","25.2","18","50","2000","wizsmm","b3745453-3276-46a8-9e9a-ad5866c0ae01"
"facebook","Facebook Post Reaction ANGRY","25.2","18","50","2000","wizsmm","c65ebf38-db72-48d6-9af0-e7e08ca0b099"
"facebook","Facebook Comment Likes","30.24","21.6","50","5000","wizsmm","4cb0512a-f7e2-4f47-9944-034d5e525fb3"
"facebook","Facebook Post shares -  (HQ) ☑️","31.92","22.8","20","5000","wizsmm","9cd3ffbf-24f4-456d-bb21-a9113e8a01db"
"facebook","Facebook Post Shares","31.92","22.8","20","5000","wizsmm","18ddfab8-c930-45ae-b2e7-aea4b4748280"
"facebook","Facebook Fan-page Followers","33.6","24","50","15000","wizsmm","b664f1ae-823b-49fb-9aa3-0cd0bfda8a05"
"facebook","Facebook Profile Friends","36.96","26.4","50","5000","wizsmm","ba68fcf4-1399-46bb-a4a7-d443e0bf442a"
"facebook","Facebook Profile Followers","36.96","26.4","50","20000","wizsmm","d5975695-f4fc-42d0-9764-9ea129115735"
"facebook","Facebook Group Members","36.96","26.4","50","19999","wizsmm","c2cca39c-3e6c-44f9-b5ed-39a4f1023fe4"
"facebook","Facebook - Voting 📊✅","45.36","32.4","10","5000","wizsmm","824b873a-e54d-457e-8f4d-7bce58686ee3"
"facebook","FB video views real users ","50.4","36","1000","20000","wizsmm","ed7c1f60-ea0c-4582-87bb-a5da38e25a75"
"facebook","Facebook Custom Post comments","369.6","264","5","1000","wizsmm","7dccec31-dc4b-4654-89ec-d403f5e3f6ba"
"facebook","Facebook Positive Recommendation 5 stars ( custom reviews ✅ )","873.6","624","10","5000","wizsmm","ea81993e-7c68-4a0e-b3d0-892a0e85c822"
"facebook","🇮🇳Facebook Indian Custom Comments [Max: 30] [Start Time: 1 Hour] [Speed: INSTANT]","105","75","10","250","wizsmm","1dde8cc6-b693-45e5-8d5b-5877215b4c66"
"facebook","🇧🇷Facebook Comments [CUSTOM] [BRAZIL] [Max: 100] [Start Time: 0-6 Hours] [Speed: INSTANT]","105","75","10","250","wizsmm","e7863b24-3164-4196-9e3b-0440d8853374"
"facebook","🇫🇷Facebook Comments [CUSTOM] [FRANCE] [Max: 100] [Start Time: 0-6 Hours] [Speed: INSTANT]","105","75","10","250","wizsmm","46d64749-f75c-4fc6-9b9d-17cf6eed3f12"
"facebook","🇹🇭🇻🇳Facebook Comments [CUSTOM] [THAILAND/VIETNAM MIX] [Max: 100] [Start Time: 0-6 Hours] [Speed: INSTANT]","105","75","10","250","wizsmm","1582ce87-c952-4b1d-ab15-9fc2e9de7078"
"facebook","Facebook Comments [CUSTOM] [HISPANIC] [Max: 100] [Start Time: 0-6 Hours] [Speed: INSTANT]","105","75","10","250","wizsmm","7eab707c-7fff-49f1-b229-0e14f1150221"
"facebook","🇮🇩Facebook Comments [CUSTOM] [INDONESIA] [Max: 100] [Start Time: 0-6 Hours] [Speed: INSTANT]","122.5","87.5","10","250","wizsmm","8549406f-3862-4970-88c5-8453a3f75495"
"facebook","🇲🇽Facebook Comments [CUSTOM] [MEXICO] [Max: 100] [Start Time: 0-6 Hours] [Speed: INSTANT]","122.5","87.5","10","250","wizsmm","f8a922dd-7c14-44b7-acdf-f926c2cb1a7a"
"facebook","Facebook Comments [CUSTOM] [ARAB]  [Max: 100] [Start Time: 0-6 Hours] [Speed: INSTANT]","122.5","87.5","10","250","wizsmm","491f8b2f-bcc7-4ac2-a79e-98278dfa6953"
"facebook","Facebook Comment Reply [Refill: No] [Max: 200] [Start Time: 0-6 Hours] [Speed: 200/Hour]","140","100","10","250","wizsmm","c61486bc-aa2c-488d-9d34-b17595087e2d"
"facebook","Facebook Custom Comments [🇩🇪 Germany] [Max: 100]","819","585","4","50","wizsmm","da79bdce-90a8-41cf-a31a-70e372d97c0e"
"facebook","Facebook Custom Comments [🇫🇷 France] [Max: 100]","819","585","4","50","wizsmm","93ed4c9d-9f8c-4d10-bedc-b3c8b6cd7809"
"facebook","Facebook Reels Views [Max: 10M] [Start Time: 0-1 Hr] [Speed: 200K/D] 💧","0.1225","0.0875","100","90000000","wizsmm","4e7ec4ec-3b3d-4721-bcd8-a742cd27de22"
"facebook","Facebook Page Followers [Refill: 365D] [Max: 50K] [Start Time: 0 - 6 Hrs] [Speed: Up to 3K/D] 💧","0.875","0.625","100","1000000","wizsmm","216dfdc0-b764-4e7a-9a08-801d8403c43b"
"facebook","Facebook Page Followers [PAGE with Like Button] [Refill: 365D] [Max: 50K] [Start Time: 0 - 6 Hrs] [Speed: Up to 3K/D] 💧","0.875","0.625","100","1000000","wizsmm","fadb01b1-b6ff-42d3-8692-d33aaf215e38"
"facebook","Facebook Page Followers [PAGE with Follow Button] [Refill: 365D] [Max: 50K] [Start Time: 0 - 6 Hrs] [Speed: Up to 3K/D] 💧","0.875","0.625","100","1000000","wizsmm","8f51baed-7fb4-4f9f-bf2e-b59af211ef3a"
"facebook","Facebook Custom Comments [🇺🇸 USA &amp; 🇬🇧 UK] [Max: 100]","819","585","4","50","wizsmm","12d19c7a-efff-4ca9-8d53-19ddcb69ce75"
"facebook","Facebook Post Likes [🇩🇪 Germany] [Max: 100]","409.5","292.5","5","100","wizsmm","d2ff2c43-851a-4dd3-9989-90895d881da6"
"facebook","Facebook Post Likes [🇫🇷 France] [Max: 50]","409.5","292.5","5","50","wizsmm","414dd663-5ecd-45e4-b133-5a425291aa12"
"facebook","Facebook Post Likes [🇺🇸 USA &amp; 🇬🇧 UK] [Max: 50]","409.5","292.5","5","50","wizsmm","4db6b011-0002-4071-9a6a-964859b33ae3"
"facebook","2389 - FB Post Likes [Germany] [No Drop] [30 Days Refill] [50-100/D] [0-12/H]","14.112","10.08","10","1000","wizsmm","ea19aaee-3e8b-4a6b-861c-8347aa95a4e7"
"facebook","Facebook Post Likes [Germany] [No Drop] [Lifetime] [200-300/D] [0-4/H]","164.668","117.62","10","500","wizsmm","175b14d7-84b2-458f-aecc-3f9a7da0814f"
"facebook","5908 - Facebook Post Likes Germany Premium 🇩🇪","405.72","289.8","5","100","wizsmm","94954cd5-fa0e-4809-b426-fe2e3d6368f2"
"facebook","FB Post Likes UK only","420","300","5","20","wizsmm","5c3fff1a-b40b-4a3f-8dc9-ec285619b08b"
"facebook","Facebook Page Likes [🇩🇪 Germany] [Max: 100]","409.5","292.5","5","100","wizsmm","9079a6f6-9cdb-415b-8091-22b990a2fdf8"
"facebook","Facebook Profile Followers [🇩🇪 Germany] [Max: 100]","409.5","292.5","5","100","wizsmm","954f63c9-47e0-4c74-abde-fbc5dc4f71da"
"facebook","Facebook Profile Friends [🇩🇪 Germany] [Max: 100]","409.5","292.5","5","250","wizsmm","daa01152-9a2a-41ee-9ddb-8ac1128b6f8b"
"facebook","Facebook Group Members [🇩🇪 Germany] [Max: 100]","409.5","292.5","5","100","wizsmm","5ad7bba6-382d-4790-aa94-62065685e4fb"
"facebook","Facebook Event Interested [🇩🇪 Germany] [Max: 100]","409.5","292.5","5","100","wizsmm","72ac2254-a430-4eb9-af5f-d58f9d017ae2"
"facebook","Facebook Event Going [🇩🇪 Germany] [Max: 100]","409.5","292.5","5","100","wizsmm","0ac908e6-e620-4f56-9f7c-5fdb6cd0356e"
"facebook","Facebook Post Reaction [🤗 Care - 🇩🇪 Germany] [Max: 100]","409.5","292.5","5","100","wizsmm","a819c62f-6547-4695-8323-b51a23e925e8"
"facebook","Facebook Post Reaction [😂 Haha - 🇩🇪 Germany] [Max: 100]","409.5","292.5","5","100","wizsmm","5d92e678-2894-44dc-b945-e9f332d9e422"
"facebook","Facebook Post Reaction [😲 Wow - 🇩🇪 Germany] [Max: 100]","409.5","292.5","5","100","wizsmm","8c6b28d0-0003-4e4f-af68-cff0afcc881e"
"facebook","Facebook Post Reaction [😔 Sad - 🇩🇪 Germany] [Max: 100]","409.5","292.5","5","100","wizsmm","75ce0c4b-1b5e-4b31-9ce2-eb338fd8d29d"
"facebook","Facebook Post Reaction [❤️ Love - 🇩🇪 Germany] [Max: 100]","409.5","292.5","5","100","wizsmm","4c781774-e36e-4768-aeb6-c09d2dc48ecc"
"facebook","Facebook Page Likes [WORLD WIDE] Advertiser Access","82.32","58.8","1000","1000000","wizsmm","16688306-a33c-4313-8efe-60c1c5e028b4"
"facebook","Facebook Page Likes [🇪🇺 EUROPE] Advertiser Access","168","120","500","100000","wizsmm","0ecc16f7-c5a1-4ba8-a6fb-26b14df01120"
"facebook","Facebook Page Likes [🇺🇸 UNITED STATES] Advertiser Access","336","240","250","100000","wizsmm","4be297ff-6ba7-414f-a3e3-2bd08b0f6be1"
"facebook","Facebook Profile Followers [Refill: 30 Days] [Start Time: 0 - 6 Hours] [Speed: Up to 3K/Day]","5.25","3.75","1000","1000000","wizsmm","f9e10cf1-7cc2-475e-ae25-fa5bca886731"
"facebook","Facebook Profile Followers [WORLDWIDE] [Refill: No] [Max: 100] [Start Time: 1 Hour] [Speed: 100/Day]","4.375","3.125","100","2000","wizsmm","b40fccf9-df83-4562-a69f-1b8abad6dd06"
"facebook","Facebook Live Stream Views [Max: 2K] [Stay: 240 Minutes] [Start Time: INSTANT]","18.1335","12.9525","10","500","wizsmm","50c58297-fcd9-440a-8d2e-e3fdbef23a79"
"facebook","Facebook Post Likes [EMOTICONS] [ANGRY 😠] [Refill: No] [Max: 40K] [Start Time: 0 - 1 Hr] [Speed: 5K/DAY] 🔥","1.05","0.75","50","500000","wizsmm","51930b7b-57a3-4241-9740-9cd2f68485a6"
"facebook","Facebook Post Likes [EMOTICONS] [LOVE❤️] [Refill: No] [Max: 40K] [Start Time: 0 - 1 Hr] [Speed: 5K/DAY] 🔥","1.05","0.75","50","500000","wizsmm","5360ad0d-d077-4f27-9283-80f0ddb25255"
"facebook","Facebook Profile Followers [Refill: 7D] [Max: 100K] [Start Time: 0-1 Hr] [Speed: 1K/D]","0.6019","0.4299","100","1000000","wizsmm","542879af-ba27-4862-adce-f3456dedb84b"
"facebook","Facebook Recommend Page [HQ] [Max: 3K] [Refill: 30D] [Start Time: 0 - 2 Hrs] [Speed: 1K/D]","43.7675","31.2625","5","1000","wizsmm","5532e48a-e785-4213-a757-36cf71c2ab8a"
"facebook","Facebook Page Likes + Followers [NO REFILL] [Max: 500K] [Start Time: 0 - 3 Hrs] [Speed: 100K/Day]","4.6507","3.3219","100","100000","wizsmm","56d24688-9ee7-41cb-bc9c-1bff1c7c81b9"
"facebook","Facebook Story Views [Max: 100K] [Start Time: 0-1 Hr] [Speed: 50K/Hr] 💧","2.0286","1.449","100","20000","wizsmm","56d472ed-a00f-42dc-b3c0-26500469e99c"
"facebook","Facebook Followers [Profile &amp; Page] [Refill: 60D] [Max: 10K] [Start Time: 0-3 Hrs] [Speed: 5K/D]","0.525","0.375","100","5000000","wizsmm","57007bbf-a23e-453e-baee-0ed8d8f4b32d"
"facebook","Facebook Followers [🇫🇷FRANCE🇫🇷] [PROFIL/PAGE] [NON DROP] [Start Time: 0-24 Hours]","11.466","8.19","10","20000","wizsmm","823a92e0-c348-4494-9c16-2e771d3a1992"
"facebook","Facebook Comment Custom [🇫🇷FRANCE🇫🇷]  [NON DROP] [Start Time: 0-24 Hours]","65.52","46.8","1","500","wizsmm","5710b764-edca-4c64-8376-d2d72120523a"
"facebook","🇩🇪 Facebook Share [GERMANY] [REAL] [NON DROP] [Start Time: 0-24 Hours]","11.466","8.19","10","2000","wizsmm","daa0a275-dfb9-4fbf-bc79-6699235bffbe"
"facebook","Facebook Page Review [🇩🇪GERMANY🇩🇪]  [NON DROP] [Start Time: 0-24 Hours]","65.52","46.8","1","500","wizsmm","280704b6-fd2e-4ac8-9dac-96b92af78182"
"facebook","Facebook Page Review [🇫🇷FRANCE🇫🇷]  [NON DROP] [Start Time: 0-24 Hours]","65.52","46.8","5","500","wizsmm","4070c890-af7b-4a49-8ce3-742a7ee9e662"
"facebook","Facebook Nigeria Video Views [100K]🇳🇬","5.572","3.98","500","100000","wizsmm","56302456-487e-4a08-b043-c62c45259fc6"
"facebook","Facebook Nigeria Story Views [5K]🇳🇬","20.888","14.92","100","5000","wizsmm","53cc0c61-fd73-4a1f-9566-40c6da54f93f"
"facebook","Facebook Page Likes + Followers [Refill: 365D] [Max: 50K] [Start Time: 0 - 6 Hrs] [Speed: Up to 3K/D] 💧","1.6625","1.1875","100","100000","wizsmm","5846cf46-87f0-4719-b266-b2c897f6a112"
"facebook","Facebook Nigeria Likes [5K]🇳🇬","27.846","19.89","100","5000","wizsmm","f010874a-d30d-4254-b476-2d3ed0db5822"
"facebook","FACEBOOK PACKAGE HQ [USA] [50-100 likes][20-30 Emotions] [10 Share][15 Comments][100+ Post Reach]","1.75","1.25","1","1","wizsmm","a4330954-1cd6-4223-95df-b8cbd7f12e1e"
"facebook","FACEBOOK PACKAGE HQ [INDIAN] [50-100 likes][20-30 Emotions] [10 Share][15 Comments][100+ Post Reach]","1.75","1.25","1","1","wizsmm","0695ed16-7909-42e0-b36f-3eec7613bfda"
"facebook","FACEBOOK PACKAGE HQ [BRAZIL] [50-100 likes][20-30 Emotions] [10 Share][15 Comments][100+ Post Reach]","1.75","1.25","1","1","wizsmm","de810b55-e0fd-4ab5-9c75-a3e9a5811351"
"facebook","FACEBOOK PACKAGE HQ [HISPANIC] [50-100 likes][20-30 Emotions] [10 Share][15 Comments][100+ Post Reach]","1.75","1.25","1","1","wizsmm","b70600ba-6d4f-4c1f-8152-71b9de17e5ea"
"facebook","FACEBOOK PACKAGE HQ [FRANCE] [50-100 likes][20-30 Emotions] [10 Share][15 Comments][100+ Post Reach]","1.75","1.25","1","1","wizsmm","2a399afd-c958-42aa-9f17-6762bec7203d"
"facebook","Facebook Nigeria Comments [5K]🇳🇬","27.846","19.89","50","5000","wizsmm","693793f7-3eb9-4912-9a4a-9c254ea8f215"
"facebook","Facebook Nigeria Comments [UNIQUE VOTES] [5K]","27.846","19.89","50","5000","wizsmm","38be0cea-cd15-4b52-88ab-402f8297cad7"
"facebook","Facebook Nigeria Shares [5K]🇳🇬","48.734","34.81","50","5000","wizsmm","e6188dcc-a3bb-4df6-b118-7a3c59506404"
"facebook","Facebook Nigeria Page Likes [20K]🇳🇬","34.818","24.87","100","20000","wizsmm","83c8a531-0e30-4085-8ed1-b9da06375da2"
"facebook","Facebook Nigeria Page Followers [20K]🇳🇬","34.818","24.87","100","20000","wizsmm","f5080db7-ae4b-49e4-a5c5-0a20f921f64d"
"facebook","Facebook Nigeria Friend Request [10K]🇳🇬","55.692","39.78","25","10000","wizsmm","d71eb90a-5511-457a-93dc-e0363b2e3007"
"facebook","Facebook Nigeria Group Join [5K]🇳🇬","69.622","49.73","50","5000","wizsmm","92428148-7383-4bb0-836f-83f2dac1222c"
"facebook","Facebook Page Likes + Followers | HQ+Real | Low Drop | Day 50K | No Refill","0.714","0.51","10","1000000","wizsmm","8dcbbb50-b130-41c5-92f7-3826c678afa1"
"facebook","Facebook Page Likes + Followers | HQ+Real | Low Drop | Day 50K | 30 Days Refill","0.742","0.53","10","1000000","wizsmm","55eb3ff9-a63e-48ff-814b-94aa1219d956"
"facebook","Facebook Page Likes + Followers | HQ+Real | Low Drop | Day 50K | 60 Days Refill","0.784","0.56","10","1000000","wizsmm","e5b52c6d-4b21-448c-a6ee-5cfd4dc474ca"
"facebook","Facebook Page Likes + Followers | HQ+Real | Low Drop | Day 50K | 90 Days Refill","0.812","0.58","10","1000000","wizsmm","b2585e9e-931e-4d8c-8be7-21991c60226e"
"facebook","Facebook Page Likes + Followers | HQ+Real | Low Drop | Day 50K | 365 Days Refill","0.91","0.65","10","1000000","wizsmm","b4347e08-411c-4a20-89fc-13dc3bd5e819"
"facebook","Facebook Page Likes + Followers | HQ+Real | Low Drop | Day 50K | Lifetime Refill","1.008","0.72","10","1000000","wizsmm","a3310aee-5892-4d4d-b650-5342f658f2a8"
"facebook","Facebook Super Instant Real Post Likes 👍 (Refill 30 Days) 🌏","2.1","1.5","100","2000","wizsmm","14537169-e18a-4b8e-9c47-d50742916697"
"facebook","Facebook Super Instant Real Hearts/Love ❤️ (Refill 30 Days) 🌏","2.1","1.5","100","2000","wizsmm","5cd8c983-96b6-4ab1-b3a4-2a8e128fcdbf"
"facebook","Facebook Super Instant Real Angry React 😡 (Refill 30 Days) 🌏","2.1","1.5","100","2000","wizsmm","69bb50b3-7abf-4389-b902-feae8dbeca36"
"facebook","Facebook Super Instant Real Haha React 😂 (Refill 30 Days) 🌏","2.1","1.5","100","2000","wizsmm","1869ede9-8c45-48c1-bfaf-b87d005382c4"
"facebook","Facebook Super Instant Real WoW 😮 React (Refill 30 Days) 🌏","2.1","1.5","100","2000","wizsmm","98c2aac4-cdea-4a48-b93e-7aed426ec50f"
"facebook","Facebook Super Instant Real Sad 😢 React (Refill 30 Days) 🌏","2.1","1.5","100","2000","wizsmm","acfc2d4d-e66a-425c-97bb-ab614645daee"
"facebook","Facebook Super Instant Real Care React (Refill 30 Days) 🌏","2.1","1.5","100","2000","wizsmm","0f69fb71-da58-421b-b7ec-8ac7c2f32add"
"facebook","Facebook Profile Followers (Refill 30 Days) 🌏","4.536","3.24","100","2000","wizsmm","00767b2b-bf4a-4293-b98e-03013b2c266e"
"facebook","Facebook Subscription [Speed: 10 Days] [Start Time: 0-4 Hours] [100 Followers/Page Likes + 100 Likes + 20-30 Comments + 20-30 Shares]","33.25","23.75","1","1","wizsmm","de721686-d078-4f86-b729-7731660ed87b"
"facebook","Facebook Subscription [Speed: 5 Days] [Start Time: 0-4 Hours] [100 Followers/Page Likes + 100 Likes + 20-30 Comments + 20-30 Shares]","16.625","11.875","1","1","wizsmm","a137a146-11aa-46cd-afd6-6982aa8d558b"
"facebook","Facebook Story Views [Max: 1K] [Start Time: 1 Hour] [Speed: 1K/Day]","8.4","6","20","1000","wizsmm","592a009a-80a7-430f-8d48-4d218717f2fe"
"facebook","Facebook Auto Post Likes | 7 days | 5 new posts per day | 40-50 likes for each new post","3.276","2.34","1","1","wizsmm","d49cf233-82d0-44d8-bd93-19e747d14537"
"facebook","Facebook Auto Post Likes | 7 days | 5 new posts per day | 80-100 likes for each new post","6.552","4.68","1","1","wizsmm","264e4121-3950-44dd-8a5c-855c20497353"
"facebook","Facebook Auto Post Likes | 7 days | 5 new posts per day | 180-200 likes for each new post","13.104","9.36","1","1","wizsmm","528ec346-4060-48bf-a3b1-5d82cc7216f6"
"facebook","Facebook Auto Post Likes | 7 days | 5 new posts per day | 900-1000 likes for each new post","65.52","46.8","1","1","wizsmm","b7feb8d1-e968-43d3-9127-99bb0b98c6af"
"facebook","Facebook Auto Post Likes | 15 days | 5 new posts per day | 40-50 likes for each new post","6.552","4.68","1","1","wizsmm","7819d4c2-a239-4430-8f69-c1478365f5bb"
"facebook","Facebook Auto Post Likes | 15 days | 5 new posts per day | 80-100 likes for each new post","13.104","9.36","1","1","wizsmm","84ea06f9-a543-40d9-be9c-7d4afd4669b4"
"facebook","Facebook Auto Post Likes | 15 days | 5 new posts per day | 180-200 likes for each new post","26.208","18.72","1","1","wizsmm","0e69d7a1-1239-4e2b-b8d0-95b4d1b6bfa3"
"facebook","Facebook Auto Post Likes | 15 days | 5 new posts per day | 900-1000 likes for each new post","131.04","93.6","1","1","wizsmm","dee90a7b-7889-4c4b-b124-61ba7bed7f74"
"facebook","Facebook Auto Post Likes | 30 days | 5 new posts per day | 40-50 likes for each new post","13.104","9.36","1","1","wizsmm","6123329b-b1e1-4bec-86f3-e8e9fd450437"
"facebook","Facebook Auto Post Likes | 30 days | 5 new posts per day | 80-100 likes for each new post","26.208","18.72","1","1","wizsmm","72c13b28-a79b-4c39-9486-0b26dae3c4b9"
"facebook","Facebook Auto Post Likes | 30 days | 5 new posts per day | 180-200 likes for each new post","52.416","37.44","1","1","wizsmm","420496fc-89fa-467f-995d-7408c0208d40"
"facebook","Facebook Auto Post Likes | 30 days | 5 new posts per day | 900-1000 likes for each new post","262.08","187.2","1","1","wizsmm","c233807e-129c-48ca-b397-d5d51f17db6c"
"facebook","Facebook Live Stream Views [Max: 10K] [Stay: 480 Minutes] [Start Time: INSTANT]","16.8","12","20","20000","wizsmm","5aacaea9-6bb0-4dce-b860-3bb550b5ed92"
"facebook","Facebook Page Likes [Refill: 30D] [Max: 1M] [Start Time: 0-3 Hrs] [Speed: 10K/D] 💧⛔️","0.9523","0.6802","100","1000000","wizsmm","5aef1503-486d-4c09-bc3f-fc739590cc6f"
"facebook","Facebook Live Stream Views [Max: 500K] [Stay: 30 Minutes] [Start Time: INSTANT]","1.085","0.775","10","500000","wizsmm","5b885d00-f503-4b58-bcd4-406b4a1f247a"
"facebook","🇧🇷 Facebook - 𝗣𝗼𝘀𝘁 (𝗖𝘂𝘀𝘁𝗼𝗺 𝗖𝗼𝗺𝗺𝗲𝗻𝘁𝘀) - 𝐅𝐞𝐦𝐚𝐥𝐞 𝐏𝐫𝐨𝐟𝐢𝐥𝐞 💁‍ - Brazil - Non Drop - 100-200/Day | 30 Days Refill","20.328","14.52","5","1000","wizsmm","099c3bbf-5035-45f4-8e25-2331ada7a1bd"
"facebook","Facebook Fan Page Likes [ 𝐀𝐫𝐚𝐛𝐢𝐜 𝐂𝐨𝐮𝐧𝐭𝐫𝐲 ] ⚡ Speed: 500+/Day ♻️ 𝐑𝟑𝟎𝐃","16.31","11.65","50","10000","wizsmm","b042dc7d-fc52-4199-95c7-40c0cec0c15d"
"facebook","Facebook | Profile/FanPage - Followers [ 𝐀𝐫𝐚𝐛𝐢𝐜 𝐂𝐨𝐮𝐧𝐭𝐫𝐲 ] ⚡ Speed: 500+/Day ♻️ 𝐑𝟑𝟎𝐃","16.31","11.65","50","10000","wizsmm","13b9d88f-45c0-4340-9fc0-64ba23194641"
"facebook","Facebook 𝐆𝐫𝐨𝐮𝐩 𝐌𝐞𝐦𝐛𝐞𝐫𝐬 [ 𝐀𝐫𝐚𝐛𝐢𝐜 𝐂𝐨𝐮𝐧𝐭𝐫𝐲 ] ⚡ Speed: 500+/Day ♻️ 𝐑𝟑𝟎𝐃","13.58","9.7","50","10000","wizsmm","07e9c586-4ab5-4385-baae-0ff9fbebb285"
"facebook","Facebook 𝐅𝐫𝐢𝐞𝐧𝐝𝐬 𝐑𝐞𝐪𝐮𝐞𝐬𝐭 [ 𝐀𝐫𝐚𝐛𝐢𝐜 𝐂𝐨𝐮𝐧𝐭𝐫𝐲 ] ⚡ Speed: 500+/Day ♻️ 𝐑𝟑𝟎𝐃","19.04","13.6","50","10000","wizsmm","e8978db8-05a4-4962-8be5-70796cc31c94"
"facebook","Facebook | Profile/ Followers [ 𝐀𝐫𝐚𝐛𝐢𝐜 𝐂𝐨𝐮𝐧𝐭𝐫𝐲 ] ⚡ Speed: 500+/Day ♻️ 𝐑𝟑𝟎𝐃","16.31","11.65","50","10000","wizsmm","56e7a80d-4ef7-4304-8c69-4f324c9e54fc"
"facebook","Facebook - Post 𝐋𝐢𝐤𝐞𝐬 (👍) [ 𝐀𝐫𝐚𝐛𝐢𝐜 𝐂𝐨𝐮𝐧𝐭𝐫𝐲 ] ⚡ Speed: 500+/Day ♻️ 𝐑𝟑𝟎𝐃","8.19","5.85","50","10000","wizsmm","55abd4a5-279c-4985-be94-eb8aa21bd010"
"facebook","Facebook - Post Likes  (𝐀𝐥𝐥 𝐋𝐢𝐧𝐤𝐬👍) [ 𝐀𝐫𝐚𝐛𝐢𝐜 𝐂𝐨𝐮𝐧𝐭𝐫𝐲 ] ⚡ Speed: 500+/Day ♻️ 𝐑𝟑𝟎𝐃","8.19","5.85","50","10000","wizsmm","3f468809-536e-41d8-b9b2-3d58c3298714"
"facebook","Facebook - Post 𝐋𝐢𝐤𝐞𝐬 (👍👍) {𝑴𝒂𝒍𝒆 Profile} [ 𝐀𝐫𝐚𝐛𝐢𝐜 𝐂𝐨𝐮𝐧𝐭𝐫𝐲 ] ⚡ Speed: 500+/Day ♻️ 𝐑𝟑𝟎𝐃","8.19","5.85","50","10000","wizsmm","c06ed687-8aa0-44db-8cc6-3a99919bf93a"
"facebook","Facebook - Post 𝐋𝐢𝐤𝐞𝐬 (👍👍) 𝐅𝐞𝐦𝐚𝐥𝐞 Profile [ 𝐀𝐫𝐚𝐛𝐢𝐜 𝐂𝐨𝐮𝐧𝐭𝐫𝐲 ] ⚡ Speed: 500+/Day ♻️ 𝐑𝟑𝟎𝐃","8.19","5.85","50","10000","wizsmm","cde1504b-ec91-4918-9b8a-7324bcad442e"
"facebook","Facebook - Post React 𝐋𝐨𝐯𝐞 ❤️) [ 𝐀𝐫𝐚𝐛𝐢𝐜 𝐂𝐨𝐮𝐧𝐭𝐫𝐲 ] ⚡ Speed: 500+/Day ♻️ 𝐑𝟑𝟎𝐃","8.19","5.85","50","10000","wizsmm","6dd65b76-424a-40cf-8389-eb84726ed6c9"
"facebook","Facebook - Post React 𝐂𝐚𝐫𝐞 (🥰) [ 𝐀𝐫𝐚𝐛𝐢𝐜 𝐂𝐨𝐮𝐧𝐭𝐫𝐲 ] ⚡ Speed: 500+/Day ♻️ 𝐑𝟑𝟎𝐃","8.19","5.85","50","10000","wizsmm","d9501918-06ee-4a1b-8017-f8b9954eb6a8"
"facebook","Facebook - Post React 𝐖𝐨𝐰 (😯) [ 𝐀𝐫𝐚𝐛𝐢𝐜 𝐂𝐨𝐮𝐧𝐭𝐫𝐲 ] ⚡ Speed: 500+/Day ♻️ 𝐑𝟑𝟎𝐃","8.19","5.85","50","10000","wizsmm","1003d50e-613d-4762-ab0e-6bb449559b4d"
"facebook","Facebook - Post React 𝐇𝐚𝐇𝐚 (😆) [ 𝐀𝐫𝐚𝐛𝐢𝐜 𝐂𝐨𝐮𝐧𝐭𝐫𝐲 ] ⚡ Speed: 500+/Day ♻️ 𝐑𝟑𝟎𝐃","8.19","5.85","50","10000","wizsmm","ab615422-bae3-49bc-8f40-a97027c4b7a0"
"facebook","Facebook - Post React 𝐒𝐚𝐝 (😢) [ 𝐀𝐫𝐚𝐛𝐢𝐜 𝐂𝐨𝐮𝐧𝐭𝐫𝐲 ] ⚡ Speed: 500+/Day ♻️ 𝐑𝟑𝟎𝐃","8.19","5.85","50","10000","wizsmm","eb4453b9-f556-4a54-8422-49307cb082ba"
"facebook","Facebook Live Stream Views [30 Minutes] [Refill: No Refill] [Start Time: 0-5 Mins] [Speed: 10K/Hour]","1.75","1.25","20","10000","wizsmm","0e866f95-fe50-4d27-8824-53375c922fae"
"facebook","Facebook Live Stream Views [60 Minutes] [Refill: No Refill] [Start Time: 0-5 Mins] [Speed: 10K/Hour]","3.5","2.5","20","10000","wizsmm","95ea7af8-6eb9-4c80-b8b8-8ab4bb8cd88e"
"facebook","Facebook - 𝐂𝐨𝐦𝐦𝐞𝐧𝐭 𝐋𝐢𝐤𝐞 (👍👍) [ 𝐀𝐫𝐚𝐛𝐢𝐜 𝐂𝐨𝐮𝐧𝐭𝐫𝐲 ] ⚡ Speed: 500+/Day ♻️ 𝐑𝟑𝟎𝐃","8.19","5.85","50","10000","wizsmm","8e081742-c4e1-4bd9-b510-879e32e890e4"
"facebook","Facebook - 𝐂𝐨𝐦𝐦𝐞𝐧𝐭 React 𝐋𝐨𝐯𝐞 (❤️❤️) [ 𝐀𝐫𝐚𝐛𝐢𝐜 𝐂𝐨𝐮𝐧𝐭𝐫𝐲 ] ⚡ Speed: 500+/Day ♻️ 𝐑𝟑𝟎𝐃","8.19","5.85","50","10000","wizsmm","04b41a9a-9f58-4a76-82b5-21d157863071"
"facebook","Facebook - 𝐂𝐨𝐦𝐦𝐞𝐧𝐭 React 𝐂𝐚𝐫𝐞 (🥰🥰) [ 𝐀𝐫𝐚𝐛𝐢𝐜 𝐂𝐨𝐮𝐧𝐭𝐫𝐲 ] ⚡ Speed: 500+/Day ♻️ 𝐑𝟑𝟎𝐃","8.19","5.85","50","10000","wizsmm","c6158d25-a1e9-4636-89da-507ecb90b9e4"
"facebook","Facebook - 𝐂𝐨𝐦𝐦𝐞𝐧𝐭 React 𝐖𝐨𝐰 (😯😯) [ 𝐀𝐫𝐚𝐛𝐢𝐜 𝐂𝐨𝐮𝐧𝐭𝐫𝐲 ] ⚡ Speed: 500+/Day ♻️ 𝐑𝟑𝟎𝐃","8.19","5.85","50","10000","wizsmm","9392534c-d9fa-463b-923b-c0eb52f7b0fe"
"facebook","Facebook - 𝐂𝐨𝐦𝐦𝐞𝐧𝐭 React 𝐇𝐚𝐇𝐚 (😆😆) [ 𝐀𝐫𝐚𝐛𝐢𝐜 𝐂𝐨𝐮𝐧𝐭𝐫𝐲 ] ⚡ Speed: 500+/Day ♻️ 𝐑𝟑𝟎𝐃","8.19","5.85","50","10000","wizsmm","3b9447b9-c173-4cdd-a61a-aa9c9abdb135"
"facebook","Facebook - 𝐂𝐨𝐦𝐦𝐞𝐧𝐭 React 𝐒𝐚𝐝 (😢😢) [ 𝐀𝐫𝐚𝐛𝐢𝐜 𝐂𝐨𝐮𝐧𝐭𝐫𝐲 ] ⚡ Speed: 500+/Day ♻️ 𝐑𝟑𝟎𝐃","8.19","5.85","50","10000","wizsmm","3f3df44a-03d9-448e-beef-6ad36ad3ebf5"
"facebook","Facebook - 𝐄𝐯𝐞𝐧𝐭 𝐉𝐨𝐢𝐧 (𝐆𝐨𝐢𝐧𝐠) [ 𝐀𝐫𝐚𝐛𝐢𝐜 𝐂𝐨𝐮𝐧𝐭𝐫𝐲 ] ⚡ Speed: 500+/Day ♻️ 𝐑𝟑𝟎𝐃","13.58","9.7","50","10000","wizsmm","fdc341a2-7bd0-4c26-98a9-1202c6d68f5e"
"facebook","Facebook - 𝐄𝐯𝐞𝐧𝐭 𝐉𝐨𝐢𝐧 (𝐈𝐧𝐭𝐞𝐫𝐞𝐬𝐭) [ 𝐀𝐫𝐚𝐛𝐢𝐜 𝐂𝐨𝐮𝐧𝐭𝐫𝐲 ] ⚡ Speed: 500+/Day ♻️ 𝐑𝟑𝟎𝐃","13.58","9.7","50","10000","wizsmm","aeb976cb-ce24-444f-b997-01f3ffcf21b3"
"facebook","Facebook 𝐏𝐚𝐠𝐞 𝐑𝐞𝐯𝐢𝐞𝐰 (Yes-Recs) [𝐖𝐢𝐭𝐡 𝐂𝐮𝐬𝐭𝐨𝐦 𝐂𝐨𝐦𝐦𝐞𝐧𝐭𝐬] [ 𝐀𝐫𝐚𝐛𝐢𝐜 𝐂𝐨𝐮𝐧𝐭𝐫𝐲 ] ⚡ Speed: 500+/Day ♻️ 𝐑𝟑𝟎𝐃","21.77","15.55","5","10000","wizsmm","e3606b6c-a988-4dce-aaa2-e8beb0b6fd1d"
"facebook","Facebook 𝐏𝐚𝐠𝐞 𝐑𝐞𝐯𝐢𝐞𝐰 (Yes-Recs) [𝐖𝐢𝐭𝐡𝐨𝐮𝐭 𝐂𝐮𝐬𝐭𝐨𝐦 𝐂𝐨𝐦𝐦𝐞𝐧𝐭𝐬] [ 𝐀𝐫𝐚𝐛𝐢𝐜 𝐂𝐨𝐮𝐧𝐭𝐫𝐲 ] ⚡ Speed: 500+/Day ♻️ 𝐑𝟑𝟎𝐃","21.77","15.55","5","10000","wizsmm","7fce0ce0-909a-4454-9a20-f05698f73b0f"
"facebook","Facebook - 𝗣𝗼𝘀𝘁 (𝐑𝐚𝐧𝐝𝐨𝐦 𝗖𝗼𝗺𝗺𝗲𝗻𝘁𝘀) [ 𝐀𝐫𝐚𝐛𝐢𝐜 𝐂𝐨𝐮𝐧𝐭𝐫𝐲 ] ⚡ Speed: 500+/Day ♻️ 𝐑𝟑𝟎𝐃","18.984","13.56","5","10000","wizsmm","e4c7c0d2-6ddb-4e28-aa58-d35f70b30f20"
"facebook","Facebook - 𝗣𝗼𝘀𝘁 (𝗘𝗺𝗼𝗷𝗶 𝗖𝗼𝗺𝗺𝗲𝗻𝘁𝘀) [ 𝐀𝐫𝐚𝐛𝐢𝐜 𝐂𝐨𝐮𝐧𝐭𝐫𝐲 ] ⚡ Speed: 500+/Day ♻️ 𝐑𝟑𝟎𝐃","18.984","13.56","5","10000","wizsmm","05976127-ee26-4b3c-a0dc-78f438c7225e"
"facebook","Facebook - 𝗣𝗼𝘀𝘁 (𝗖𝘂𝘀𝘁𝗼𝗺 𝗖𝗼𝗺𝗺𝗲𝗻𝘁𝘀) [ 𝐀𝐫𝐚𝐛𝐢𝐜 𝐂𝐨𝐮𝐧𝐭𝐫𝐲 ] ⚡ Speed: 500+/Day ♻️ 𝐑𝟑𝟎𝐃","20.342","14.53","5","10000","wizsmm","3fddca68-5338-4c44-b8a6-6f0b1418ec96"
"facebook","Facebook - 𝗣𝗼𝘀𝘁 (𝗖𝘂𝘀𝘁𝗼𝗺 𝗖𝗼𝗺𝗺𝗲𝗻𝘁𝘀) - 𝑴𝒂𝒍𝒆 𝑷𝒓𝒐𝒇𝒊𝒍𝒆 👦 [ 𝐀𝐫𝐚𝐛𝐢𝐜 𝐂𝐨𝐮𝐧𝐭𝐫𝐲 ] ⚡ Speed: 500+/Day ♻️ 𝐑𝟑𝟎𝐃","20.342","14.53","5","10000","wizsmm","6d6047db-f889-4669-9518-ca41e04b4298"
"facebook","Facebook - 𝗣𝗼𝘀𝘁 (𝗖𝘂𝘀𝘁𝗼𝗺 𝗖𝗼𝗺𝗺𝗲𝗻𝘁𝘀) - 𝐅𝐞𝐦𝐚𝐥𝐞 𝐏𝐫𝐨𝐟𝐢𝐥𝐞 💁‍ [ 𝐀𝐫𝐚𝐛𝐢𝐜 𝐂𝐨𝐮𝐧𝐭𝐫𝐲 ] ⚡ Speed: 500+/Day ♻️ 𝐑𝟑𝟎𝐃","20.342","14.53","5","10000","wizsmm","f93debb1-a8aa-4816-8e3d-4af39c29930d"
"facebook","Facebook - 𝗣𝗼𝘀𝘁 (𝐑𝐚𝐧𝐝𝐨𝐦 𝗖𝗼𝗺𝗺𝗲𝗻𝘁𝘀) - 𝑴𝒂𝒍𝒆 𝑷𝒓𝒐𝒇𝒊𝒍𝒆 👦 [ 𝐀𝐫𝐚𝐛𝐢𝐜 𝐂𝐨𝐮𝐧𝐭𝐫𝐲 ] ⚡ Speed: 500+/Day ♻️ 𝐑𝟑𝟎𝐃","20.342","14.53","5","10000","wizsmm","d980747b-59a8-4819-891f-67b218714b86"
"facebook","Facebook - 𝗣𝗼𝘀𝘁 (𝐑𝐚𝐧𝐝𝐨𝐦 𝗖𝗼𝗺𝗺𝗲𝗻𝘁𝘀) - 𝐅𝐞𝐦𝐚𝐥𝐞 𝐏𝐫𝐨𝐟𝐢𝐥𝐞 💁‍ [ 𝐀𝐫𝐚𝐛𝐢𝐜 𝐂𝐨𝐮𝐧𝐭𝐫𝐲 ] ⚡ Speed: 500+/Day ♻️ 𝐑𝟑𝟎𝐃","20.342","14.53","5","10000","wizsmm","d3ba1c23-a2b8-4438-b717-f6c5bd064ae3"
"facebook","Facebook 𝐏𝐎𝐋𝐋 Votes 🎄🎄[ 𝐀𝐫𝐚𝐛𝐢𝐜 𝐂𝐨𝐮𝐧𝐭𝐫𝐲 ] ⚡ Speed: 500+/Day ♻️ 𝐑𝟑𝟎𝐃","24.402","17.43","50","10000","wizsmm","86aa9e66-2ed6-4624-aee8-7198dfe9327e"
"facebook","Facebook Shares [ 𝐀𝐫𝐚𝐛𝐢𝐜 𝐂𝐨𝐮𝐧𝐭𝐫𝐲 ] ⚡ Speed: 500+/Day ♻️ 𝐑𝟑𝟎𝐃","18.984","13.56","50","10000","wizsmm","44c9e120-4f64-450c-b6cf-bfdfa88a8212"
"facebook","Facebook Followers [ All type link Works ] [ Instant Run ] [ 10k/Day ]","1.806","1.29","50","1000000","wizsmm","876b090d-402c-4490-ada6-232c0e7e8588"
"facebook","Facebook Post Likes  [Refill: No] [Max: 10K] [Start Time: 0-1 Hour] [Speed: 2K/Day] 💧","0.8287","0.5919","10","10000","wizsmm","5da1193f-5cc7-46ab-8a93-b95301bb2d88"
"facebook","Facebook - Page Likes + Followers ( Max 100K ) ( Instant ) ( 10K-15K/Day ) ( R7 ) ⛔♻️","0.434","0.31","100","100000","wizsmm","41991b34-c803-4dd9-89ef-ac5e831c3806"
"facebook","Facebook Live Stream Views [Max: 10K] [Stay: 150 Minutes] [Start Time: INSTANT]","14.6125","10.4375","10","30000","wizsmm","608b1770-8fab-4f5b-a827-2e1079a01b37"
"facebook","Facebook Live Stream Views [Max: 10K] [Stay: 180 Minutes] [Start Time: INSTANT]","17.535","12.525","10","30000","wizsmm","61355d41-e689-4820-ade7-67218e9c52a7"
"facebook","Facebook Post Likes [EMOTICONS] [WOW 😲] [Refill: No] [Max: 10K] [Start Time: 0 - 1 Hr] [Speed: 5K/DAY] 🔥","1.5344","1.096","50","100000","wizsmm","61ba858a-53a9-4bd8-9851-547b272f3134"
"facebook","Facebook Live Stream Views [30 minutes] [Speed: 1000 Per Minute] [Start Time: 0 - 5 Minutes] [Refill: Lifetime]","0.9929","0.7092","10","10000","wizsmm","63499080-e6c3-4438-b609-4cde456ee5ce"
"facebook","Facebook Post Likes [Brazil] [Max:150] [Refill: 30 Days] [Start Time: 1-12 Hour] [Speed: 200/Day]","8.6122","6.1516","10","500","wizsmm","6490fca5-0839-4ab3-b07a-999ea7d9c1af"
"facebook","Facebook Live Stream Views [Max: 10K] [Stay: 90 Minutes] [Start Time: INSTANT]","8.7675","6.2625","30","30000","wizsmm","64ed0e3d-ccaa-43d0-b3b2-c95472dad382"
"facebook","Facebook Reels Views [Max: 10M] [Start Time: 0-1 Hr] [Speed: 1M/Day] 💧","0.1456","0.104","100","10000000","wizsmm","65672ac3-3e76-4278-ac6e-4ab8972aae1c"
"facebook","Facebook HQ Profile Followers [Refill: 30D] [Max: 500K] [Start Time: 0-2 Hrs] [Speed: 20K/D]💧♻️","0.84","0.6","10","500000","wizsmm","671201a0-7c6a-449b-862e-1044530b2a23"
"facebook","Facebook Post Likes [Max: 50K] [Refill: 15 Days] [Start Time: 0-1 Hours] [Speed: Speed: 5K/Day] ♻️","0.449","0.3207","10","1000000","wizsmm","675f1c42-a4d8-4613-9610-31baf4bb6ebb"
"facebook","Facebook Post Likes [EMOTICONS] [SAD😥] [Refill: NO] [Max: 5K] [Start Time: 0 - 1 H] [Speed: 5K/D] 💧⛔","0.9275","0.6625","10","50000","wizsmm","679c69e8-3d96-44c5-a386-55f8d33983bb"
"facebook","Facebook Live Stream Views [420 minutes] [Speed: 1000 Per Minute] [Start Time: 0 - 5 Minutes] [Refill: Lifetime]","13.9003","9.9288","10","10000","wizsmm","69b00590-5337-46dd-8e10-c1d547f5f7f1"
"facebook","Facebook Video Views [3 Secs Retention] [Max: 10M] [Start Time: 0 - 1 Hour] [Speed: 500K/Day]","0.2048","0.1463","500","1000000000","wizsmm","6ad3b068-2a96-4870-a9f4-d04532abc107"
"facebook","Facebook Post Likes [Real] [World Wide] [1K/D] [0-1/H]","7.896","5.64","1","15000","wizsmm","9e0f2c81-9c15-417a-b84f-f32bde1d22aa"
"facebook","Facebook Page Likes [Real] [World Wide] [1K/D] [0-1/H]","7.896","5.64","1","15000","wizsmm","b266054b-acdb-4e43-9f8b-da8e68aadf26"
"facebook","Facebook Followers [Real] [World Wide] [1K/D] [0-1/H]","7.896","5.64","1","15000","wizsmm","461a44a3-dfa0-4cda-b12a-e17a819f8743"
"facebook","Facebook Group Members [Real] [World Wide] [1K/D] [0-1/H]","16.212","11.58","1","15000","wizsmm","14e8ac7c-4c1f-4d24-98ca-b74b9d758ade"
"facebook","Facebook Shares [Real] [World Wide] [1K/D] [0-1/H]","28.728","20.52","1","15000","wizsmm","596bfd31-68c2-47af-934a-8ca997e11340"
"facebook","Facebook Random Comments [Real] [World Wide] [1K/D] [0-1/H]","32.928","23.52","1","15000","wizsmm","09f39c2f-9949-45c6-98de-909abfa41b63"
"facebook","Facebook Friend Requests [Real] [World Wide] [1K/D] [0-1/H]","16.212","11.58","1","15000","wizsmm","f9bfabf9-b298-49f4-bea6-50305df9230c"
"facebook","Facebook Votes [Real] [World Wide] [1K/D] [0-1/H]","12.096","8.64","10","15000","wizsmm","05ce4845-3453-44ae-a382-e294475bbb10"
"facebook","Facebook Event Interested / Going [Real] [World Wide] [1K/D] [0-1/H]","12.096","8.64","1","15000","wizsmm","6ccf88c0-da8a-408c-a564-c9cca6a26bbe"
"facebook","Facebook Costum Comments [30 Days Refill] [1K/D] [0-10/H]","8.4","6","5","20000","wizsmm","378c20eb-d849-422a-a273-cee9463df752"
"facebook","Facebook Random Comments [30 Days Refill] [1K/D] [0-10/H]","8.4","6","5","20000","wizsmm","ff45d31f-d0a4-401c-b950-34c252da6868"
"facebook","Facebook Emoji Comments [30 Days Refill] [1K/D] [0-10/H]","8.4","6","5","20000","wizsmm","cb477494-12d9-497d-803b-deaef7cdb279"
"facebook","Facebook Comment Likes [Real] [World Wide] [1K/D] [0-1/H]","12.096","8.64","1","15000","wizsmm","36222e96-ea16-4737-992c-fd249fa15652"
"facebook","Facebook Live Stream Viewers [ 15 minutes ]","0.56","0.4","10","10000","wizsmm","a8eb86ce-e51c-4b92-8afd-c13c0db3cb79"
"facebook","Facebook Live Stream Viewers [ 30 minutes ]","1.106","0.79","10","10000","wizsmm","354826b4-e591-4328-8197-0191501d9036"
"facebook","Facebook Live Stream Viewers [ 45 minutes ]","1.652","1.18","10","10000","wizsmm","dfa58617-d6ac-44c2-9339-98db8e115ce1"
"facebook","Facebook Live Stream Viewers [ 60 minutes ]","2.198","1.57","10","10000","wizsmm","9ce2f4c4-76bf-404b-a8c2-4937669d3862"
"facebook","Facebook Live Stream Viewers [ 90 minutes ]","3.29","2.35","10","10000","wizsmm","dee102d3-0ab3-4f87-9d69-58c8f68bb4ab"
"facebook","Facebook Live Stream Viewers [ 120 minutes ]","4.382","3.13","10","10000","wizsmm","fe9c7d62-f62c-4ea2-a37d-176dc5e266ac"
"facebook","Facebook Live Stream Viewers [ 150 minutes ]","5.474","3.91","10","10000","wizsmm","e7b107af-9c9a-49b1-8363-3a9c008a5b23"
"facebook","Facebook Live Stream Viewers [ 180 minutes ]","6.566","4.69","10","10000","wizsmm","28e6ba8b-0708-407a-a1e3-d494bb80631e"
"facebook","Facebook Live Stream Viewers [ 210 minutes ]","7.658","5.47","10","10000","wizsmm","39efc047-a960-4cdd-88fb-f0c3c57640a8"
"facebook","Facebook Live Stream Viewers [ 240 minutes ]","8.75","6.25","10","10000","wizsmm","a159c050-e383-4e66-af03-b1e502848002"
"facebook","Facebook Live Stream Viewers [ 270 minutes ]","9.842","7.03","10","10000","wizsmm","5fad6b61-69b1-4bb8-998f-3b798233ef51"
"facebook","Facebook Live Stream Viewers [ 300 minutes ]","10.934","7.81","10","10000","wizsmm","57ba4a79-a076-4f78-8b48-859ceadbb929"
"facebook","Facebook Live Stream Viewers [ 360 minutes ]","13.118","9.37","10","10000","wizsmm","551aace2-5dc5-4609-9301-608f92da23bf"
"facebook","Facebook Live Stream Viewers [ 420 minutes ]","15.302","10.93","10","10000","wizsmm","d58d8d77-7e28-4ab5-960c-fb9688c775d7"
"facebook","Facebook Video Views [6 Mins] [Max: 1M] [Start Time: 0-1 Hr] [Speed: 1M/Day] 💧","1.82","1.3","500","10000000","wizsmm","6e9e0676-5631-4aa0-ba9c-6ce916342b48"
"facebook","Facebook Post Likes [EMOTICONS] [SAD 😢] [Refill: 30 Days] [Max: 10K] [Start Time: 1 Hour] [Speed: 10K/DAY]","0.665","0.475","10","1000000","wizsmm","6f65653b-4dd3-4893-a956-d60f268c14e2"
"facebook","Facebook Page Likes + Followers | Max 50M | HQ Accounts | Low Drop | Lifetime Refill♻️ | Speed: 50K/Day","1.134","0.81","10","500000","wizsmm","a23fb50b-e3ec-4723-873c-d8e6157283d3"
"facebook","Facebook Followers | Page &amp; Profile | Max 5M | HQ Profiles | Low Drop | No Refill | Instant Start | Speed: 100K/Day 🚀","0.644","0.46","100","500000","wizsmm","22eba7c3-bb31-440d-8261-7ad076efe9e5"
"facebook","Facebook Followers | Page &amp; Profile | Max 5M | HQ Profiles | Low Drop | 30 Days Refill ♻️| Instant Start | Speed: 100K/Day 🚀","0.756","0.54","100","1000000","wizsmm","7c25985c-5f09-40aa-8d0d-773e7887ed4f"
"facebook","Facebook Followers | Page &amp; Profile | Max 5M | HQ Profiles | Low Drop | 60 Days Refill ♻️| Instant Start | Speed: 100K/Day 🚀","0.42","0.3","10","100000","wizsmm","da9c2097-9892-4d97-979e-96956c5b526a"
"facebook","Facebook Followers | Page &amp; Profile | Max 5M | HQ Profiles | Low Drop | 90 Days Refill ♻️| Instant Start | Speed: 100K/Day 🚀","0.434","0.31","10","100000","wizsmm","5e217ce5-648f-4be6-9aad-0f7388d68173"
"facebook","Facebook Followers | Page &amp; Profile | Max 5M | HQ Profiles | Low Drop | 365 Days Refill ♻️| Instant Start | Speed: 100K/Day 🚀","0.462","0.33","10","100000","wizsmm","26d87e27-6d5e-4bf3-9570-465a58c5ef65"
"facebook","Facebook Followers | Page &amp; Profile | Max 5M | HQ Profiles | Low Drop | Lifetime Refill ♻️| Instant Start | Speed: 100K/Day 🚀","0.826","0.59","100","500000","wizsmm","daafeae8-2686-4f96-88ec-7fb0454afc69"
"facebook","Facebook Page Likes + Followers | Max 50M | HQ Accounts | Low Drop | No Refill | Speed: 50K/Day","1.176","0.84","10","50000000","wizsmm","3524d51b-4383-4f35-94fa-d34a032b3fc0"
"facebook","Facebook Page Likes [Australia] [Max:500] [Refill: 30 Days] [Start Time: 1-12 Hour] [Speed:150/Day]","18.0908","12.922","10","5000","wizsmm","7030c2c7-14ce-4d9e-9f44-a562beb9483c"
"facebook","Facebook Page Likes + Followers | Max 50M | HQ Accounts | Low Drop | 30 Days Refill♻️ | Speed: 50K/Day","0.98","0.7","10","50000000","wizsmm","abd65a05-136d-46e2-b912-21f9efe3fef6"
"facebook","Facebook Page Likes + Followers | Max 50M | HQ Accounts | Low Drop | 365 Days Refill♻️ | Speed: 50K/Day","1.092","0.78","10","500000","wizsmm","30039788-7519-4bde-91f0-8db1052a6a5a"
"facebook","Facebook Page Likes + Followers | Max 50M | HQ Accounts | Low Drop | 60 Days Refill♻️ | Speed: 50K/Day","0.952","0.68","10","1000000","wizsmm","3a3bff3c-be07-4a9f-8f29-ad973444aed3"
"facebook","Facebook Page Likes + Followers | Max 50M | HQ Accounts | Low Drop | 90 Days Refill♻️ | Speed: 50K/Day","1.05","0.75","10","50000000","wizsmm","e4d75459-c2e5-4363-9c50-67e490d20a36"
"facebook","Facebook Post Reaction Likes [👍] [No Refill] [High Quality] [Instant]","0.434","0.31","10","500000","wizsmm","2fc0cce5-1001-4311-b32d-69ee37b5659b"
"facebook","Facebook Post Reaction Love [❤️] [No Refill] [High Quality] [Instant]","0.434","0.31","10","500000","wizsmm","17587352-d8e0-4083-b45b-1ec12f8f8f3a"
"facebook","Facebook Post Reaction Wow [😯] [No Refill] [High Quality] [Instant]","0.434","0.31","10","500000","wizsmm","d00b43e2-9884-4d4b-b05e-30ec4a3959a7"
"facebook","Facebook Post Reaction Care [🥰] [No Refill] [High Quality] [Instant]","0.434","0.31","10","500000","wizsmm","3fb37f69-424d-46b1-9808-3eb6a53dfb23"
"facebook","Facebook Post Reaction Angry [🤬] [No Refill] [High Quality] [Instant]","0.434","0.31","10","500000","wizsmm","f3e64a23-6e8c-4b51-9f33-f024f468f146"
"facebook","Facebook All Type Page Likes and Followers [High Quality] [30 Days Refill] [30-50K/D] [0-1/H]","1.022","0.73","10","500000","wizsmm","d832584f-294a-4eb6-ada2-572d9c6f1387"
"facebook","Facebook All Type Page Likes and Followers [High Quality] [60 Days Refill] [30-50K/D] [0-1/H]","1.064","0.76","10","500000","wizsmm","bf3f0f76-c504-4d14-9e95-91f78ef42221"
"facebook","Facebook All Type Page Likes and Followers [High Quality] [Lifetime Refill] [30-50K/D] [0-1/H]","1.386","0.99","10","500000","wizsmm","99fddfef-b702-4d33-a375-9b70faa255e9"
"facebook","Facebook All Type Followers [High Quality] [30-50K/D] [0-1/H]","0.714","0.51","10","500000","wizsmm","829d9d60-8c3f-4105-b0c3-6d0dd99731d9"
"facebook","Facebook All Type Followers [High Quality] [30 Days Refill] [30-50K/D] [0-1/H]","0.742","0.53","10","500000","wizsmm","bb6edbd6-f432-4de0-82bb-982e246a3703"
"facebook","Facebook All Type Followers [High Quality] [60 Days Refill] [30-50K/D] [0-1/H]","0.784","0.56","10","500000","wizsmm","915547d7-2170-4a57-9ac8-ed5971a925b6"
"facebook","Facebook All Type Followers [High Quality] [90 Days Refill] [30-50K/D] [0-1/H]","0.812","0.58","10","500000","wizsmm","83f2529a-00cf-4846-a5fb-1aedcd7a55b4"
"facebook","Facebook All Type Followers [High Quality] [365 Days Refill] [30-50K/D] [0-1/H]","0.952","0.68","10","500000","wizsmm","ddb931ac-b9a6-4819-8df5-faf9acc90832"
"facebook","Facebook All Type Followers [High Quality] [Lifetime Refill] [30-50K/D] [0-1/H]","1.008","0.72","10","500000","wizsmm","8b06e6f2-1ed1-4767-bdf1-76b24d6ed67c"
"facebook","Facebook Followers | HQ+Real | Low Drop | Day 50K | No Refill","0.378","0.27","50","100000","wizsmm","0a7e39df-81da-4569-bda3-dc0027033bb5"
"facebook","Facebook Followers | HQ+Real | Low Drop | Day 50K | 30 Days Refill","0.518","0.37","50","100000","wizsmm","c4a07202-4bf0-4fca-9825-eae4db647788"
"facebook","Facebook Followers | HQ+Real | Low Drop | Day 50K | 60 Days Refill","0.532","0.38","50","100000","wizsmm","4fce73a4-f051-4bcb-b645-27e423dfdd60"
"facebook","Facebook Followers | HQ+Real | Low Drop | Day 50K | 90 Days Refill","0.56","0.4","50","100000","wizsmm","aa62a575-247f-4c2b-b2e3-1212a4b388d3"
"facebook","Facebook Followers | HQ+Real | Low Drop | Day 50K | 365 Days Refill","0.574","0.41","50","100000","wizsmm","4d097780-bdb7-4fe3-a65f-b5d3c111f2fb"
"facebook","Facebook Followers | HQ+Real | Low Drop | Day 50K | Lifetime Refill","0.588","0.42","50","100000","wizsmm","47197581-de01-4c3d-9df0-e7e1b8d46372"
"facebook","Facebook Group Members | HQ+Real | Low Drop | Day 50K | No Refill","0.756","0.54","100","200000","wizsmm","3b52d39a-cae0-42a4-85ea-5f091418d6a6"
"facebook","Facebook Group Members | HQ+Real | Low Drop | Day 50K | 30 Days Refill","0.812","0.58","100","200000","wizsmm","41c573bd-2083-4869-afa6-029c190af9f8"
"facebook","Facebook Group Members | HQ+Real | Low Drop | Day 50K | 60 Days Refill","0.882","0.63","100","200000","wizsmm","21525206-1af6-4155-b173-95d414b52413"
"facebook","Facebook Group Members | HQ+Real | Low Drop | Day 50K | 90 Days Refill","0.952","0.68","100","200000","wizsmm","5b7645c9-9c2f-43a4-b5bf-2d708a67c11b"
"facebook","Facebook Group Members | HQ+Real | Low Drop | Day 50K | 365 Days Refill","0.98","0.7","100","200000","wizsmm","359e945e-047e-4fa2-ba26-6c7a015278cb"
"facebook","Facebook Group Members | HQ+Real | Low Drop | Day 50K | Lifetime Refill","1.008","0.72","100","200000","wizsmm","15ee7de0-963e-4f4a-b49f-545a7e319c25"
"facebook","Facebook Group Members [High Quality] [Almost No Drop] [Instant]","1.008","0.72","10","1000000","wizsmm","d823e522-88d8-4215-907b-b269718a6b70"
"facebook","Facebook Group Members [High Quality] [30 Days Refill] [Instant]","1.176","0.84","100","1000000","wizsmm","200e3c11-1ea0-4765-a4cd-a0ac39d7dcbf"
"facebook","Facebook All Type Page Likes and Followers [High Quality] [90 Days Refill] [30-50K/D] [0-1/H]","1.12","0.8","10","500000","wizsmm","d4c1c1a6-9820-4bb8-b88a-1834a513ab3b"
"facebook","Facebook Profile Followers [HQ] [Refill: No] [Max: 50K] [Start Time: 0-1 Hr] [Speed: Up to 5K/D]","0.4323","0.3088","100","1000000","wizsmm","74e5d2bc-1608-4645-a14b-c0b115008e5c"
"facebook","Facebook Page Likes + Followers | HQ | Low Drop | Day 50K | 60 Days Refill","0.546","0.39","10","500000","wizsmm","d9827aa7-6d3c-4641-9b11-4096abd8a0e0"
"facebook","Facebook Post Reaction Love ❤️ [English Names] [Cancel Enabled Working] [High Quality] [30 Days Refill] [30K] [Instant]","3.64","2.6","10","10000","wizsmm","de6b837b-dc52-41d9-8437-2ca755dbe88e"
"facebook","Facebook Post Reaction Wow 😯 [English Names] [Cancel Enabled Working] [High Quality] [30 Days Refill] [30K] [Instant]","3.64","2.6","10","10000","wizsmm","ca580bf6-bc8a-4171-9e37-31afd21ee1a2"
"facebook","Facebook Post Reaction Haha 😂 [English Names] [Cancel Enabled Working] [High Quality] [30 Days Refill] [30K] [Instant]","3.64","2.6","10","10000","wizsmm","59392c31-c0fc-4dec-911b-b5160be52047"
"facebook","Facebook Post Reaction Sad 😢 [English Names] [Cancel Enabled Working] [High Quality] [30 Days Refill] [30K] [Instant]","3.64","2.6","10","10000","wizsmm","653857d9-0b92-40b4-849e-b7e521b4f291"
"facebook","Facebook Post Reaction Care 🥰 [English Names] [Cancel Enabled Working] [High Quality] [30 Days Refill] [30K] [Instant]","3.64","2.6","10","10000","wizsmm","316d2e13-be07-4567-aa9f-da6f5aa48aa1"
"facebook","Facebook Post Reaction Angry 🤬 [English Names] [Cancel Enabled Working] [High Quality] [30 Days Refill] [30K] [Instant]","3.64","2.6","10","10000","wizsmm","ec792de8-a8d8-4cb3-acdb-0298e75fb744"
"facebook","Facebook Page Likes + Followers | HQ | Low Drop | Day 50K | 30 Days Refill","0.504","0.36","10","500000","wizsmm","f8643062-b2a1-4040-a5a6-065563d65f2f"
"facebook","Facebook Page Likes + Followers | HQ | Low Drop | Day 50K | 90 Days Refill","0.588","0.42","10","500000","wizsmm","86dedc53-28a3-4478-9c38-550452393023"
"facebook","Facebook Page Likes and Followers [High Quality] [30 Days Refill] [100K/D] [0-1/H]","0.952","0.68","10","100000","wizsmm","a334914b-ae2f-4aa9-9cbc-5a718cea692f"
"facebook","🇹🇭 Facebook Thailand Followers [High Quality + Real] [5K/D] [Instant]","3.864","2.76","10","100000","wizsmm","783fee61-d3f0-4f24-a380-97a0fe123fe9"
"facebook","🇹🇭 Facebook Thailand Followers [High Quality + Real] [30 Days Refill] [5K/D] [Instant]","4.2","3","10","100000","wizsmm","5fc8a137-8e71-43c1-8123-ac6da0ce0d22"
"facebook","🇹🇭 Facebook Thailand Post Likes [High Quality + Real] [5K/D] [Instant]","1.932","1.38","10","100000","wizsmm","02592533-dde9-4274-b0cc-d04760d53d85"
"facebook","🇹🇭 Facebook Thailand Post Likes [High Quality + Real] [30 Days Refill] [5K/D] [Instant]","2.1","1.5","10","100000","wizsmm","17e96141-d313-42ca-a384-7d77f85379b8"
"facebook","Facebook Group Members [Refill: 30D] [Start Time: 0 - 3 Hrs] [Speed: Up to 5K/Day]","1.575","1.125","100","1000000000","wizsmm","77a43f64-0b37-4f33-9443-2a0edcd227d6"
"facebook","Facebook Group Members [High Quality] [30 Days Refill] [100K/D] [0-1/H]","0.882","0.63","100","1000000","wizsmm","665c3315-373b-40ec-ada8-9b98f9aa738e"
"facebook","Facebook Views [All Video Types] [3 Sec Retention] [Lifetime Guaranteed] [100K+/D] [Instant]","0.182","0.13","100","10000000","wizsmm","3f7fb6a8-65be-4f39-b57b-ea85f36a179e"
"facebook","Facebook Views [All Video Types] [10 Sec Retention] [Lifetime Guaranteed] [100K+/D] [Instant]","0.196","0.14","100","10000000","wizsmm","50804e7d-8121-48c5-ae55-192ce5566bc4"
"facebook","Facebook Views [All Video Types] [15 Sec Retention] [Lifetime Guaranteed] [100K+/D] [Instant]","0.196","0.14","100","10000000","wizsmm","fcc75876-7a4e-4439-ab1b-373a10baf6f9"
"facebook","Facebook Views [All Video Types] [30 Sec Retention] [Lifetime Guaranteed] [100K+/D] [Instant]","0.21","0.15","100","10000000","wizsmm","ba68c341-da9a-4ba2-844f-26dfb7f75bb6"
"facebook","Facebook Views [All Video Types] [1 Min Retention] [Lifetime Guaranteed] [100K+/D] [Instant]","0.224","0.16","100","10000000","wizsmm","b2440988-5606-46b8-ae53-00eef4b6272c"
"facebook","Facebook Views [All Video Types] [3 Min Retention] [Lifetime Guaranteed] [100K+/D] [Instant]","0.224","0.16","100","10000000","wizsmm","d4070da4-beff-4ea8-b3bf-4422c754bbf2"
"facebook","Facebook Views [All Video Types] [5 Min Retention] [Lifetime Guaranteed] [100K+/D] [Instant]","0.238","0.17","100","10000000","wizsmm","81f79c3b-f9cc-4299-8b32-ecd8b2e9fd28"
"facebook","Facebook Views [All Video Types] [10 Min Retention] [Lifetime Guaranteed] [100K+/D] [Instant]","0.252","0.18","100","10000000","wizsmm","493a4a43-36d2-4bb3-a604-4e268baa2a9b"
"facebook","Facebook Views [All Video Types] [15 Min Retention] [Lifetime Guaranteed] [100K+/D] [Instant]","0.252","0.18","100","10000000","wizsmm","acf18581-b90f-4838-a604-22813ab66677"
"facebook","Facebook Live Stream Views [60 minutes] [Speed: 1000 Per Minute] [Start Time: 0 - 5 Minutes] [Refill: Lifetime]","1.9858","1.4184","10","10000","wizsmm","79287c40-74cf-4d93-8eeb-201e024803ae"
"facebook","Facebook Live Stream Views [Max: 20K] [Stay: 90 Minutes] [Start Time: INSTANT]","8.4","6","10","50000","wizsmm","7aa943b7-4f79-456c-8235-f700172341ac"
"facebook","🇹🇭 Facebook Thailand Post Love Reaction ❤️ [High Quality + Real] [5K/D] [Instant]","1.932","1.38","10","100000","wizsmm","7b9f711c-a8c5-43f5-89de-fde94f67fa3c"
"facebook","🇹🇭 Facebook Thailand Post Care Reaction 🤗 [High Quality + Real] [5K/D] [Instant]","1.932","1.38","10","100000","wizsmm","00941e5d-f5ba-492a-b967-86b40a95f7cf"
"facebook","🇹🇭 Facebook Thailand Post Haha Reaction 😄 [High Quality + Real] [5K/D] [Instant]","1.932","1.38","10","100000","wizsmm","4eab2d40-60ef-435b-af68-ae52635f11c6"
"facebook","🇹🇭 Facebook Thailand Post Wow Reaction 😲 [High Quality + Real] [5K/D] [Instant]","1.932","1.38","10","100000","wizsmm","c9d16ae4-aa03-442c-8d1b-e647721c02f3"
"facebook","🇹🇭 Facebook Thailand Post Sad Reaction 😥 [High Quality + Real] [5K/D] [Instant]","1.932","1.38","10","100000","wizsmm","8e33c191-50b3-4543-a855-b7e588d4a0c6"
"facebook","🇹🇭 Facebook Thailand Post Angry Reaction 🤬 [High Quality + Real] [5K/D] [Instant]","1.932","1.38","10","100000","wizsmm","364f31a6-106d-4cfd-b380-075ee117fcd1"
"facebook","🇹🇭 Facebook Thailand Post Love Reaction ❤️ [High Quality + Real] [30 Days Refill] [5K/D] [Instant]","2.1","1.5","10","100000","wizsmm","abfdf012-f2b1-4664-8e69-48e1fbb8ae2c"
"facebook","🇹🇭 Facebook Thailand Post Love Reaction 🤗 [High Quality + Real] [30 Days Refill] [5K/D] [Instant]","2.1","1.5","10","100000","wizsmm","a757b41a-a471-4497-b256-b188f876123b"
"facebook","🇹🇭 Facebook Thailand Post Haha Reaction 😄 [High Quality + Real] [30 Days Refill] [5K/D] [Instant]","2.1","1.5","10","100000","wizsmm","79e77086-c9f9-4038-99ff-e13efc6bb3fa"
"facebook","🇹🇭 Facebook Thailand Post Wow Reaction 😲 [High Quality + Real] [30 Days Refill] [5K/D] [Instant]","2.1","1.5","10","100000","wizsmm","694405dc-97dd-4dc2-acfe-5d1647ccab21"
"facebook","🇹🇭 Facebook Thailand Post Sad Reaction 😥 [High Quality + Real] [30 Days Refill] [5K/D] [Instant]","2.1","1.5","10","100000","wizsmm","6e54a63e-289d-4099-b13c-bf549d357687"
"facebook","🇹🇭 Facebook Thailand Post Angry Reaction 🤬 [High Quality + Real] [30 Days Refill] [5K/D] [Instant]","2.1","1.5","10","100000","wizsmm","9a2966d5-c66c-444a-824c-884a7afcb747"
"facebook","Facebook Page Followers [Refill: Lifetime] [Max: 10K] [Start Time: 8 Hours] [Speed: 10K/Day]","1.1375","0.8125","100","3000000","wizsmm","7d5a7887-f1b6-44e4-8179-095c19bf73b9"
"facebook","Facebook Post Likes [EMOTICONS] CARE 🥰] [Refill: No] [Max: 10K] [Start Time: 0 - 1 Hr] [Speed: 5K/DAY] 🔥","1.5344","1.096","50","100000","wizsmm","7e461f5a-7b4f-4d2e-8c06-a0f14cd255db"
"facebook","Facebook Reels Views [Max: 100M] [Start Time: 0-1 Hr] [Speed: Up to 5K/D] 💧","0.0088","0.0063","100","2147483647","wizsmm","819db440-6131-4dbd-b9c9-c0a301107c32"
"facebook","Facebook Profile Followers [HQ] [Refill: 30D] [Max: 3K] [Start Time: 1 Hr] [Speed: 1K/Day]","17.591","12.565","1","10000","wizsmm","828c94f1-a79e-4adf-9ba7-d80f47ef1dc0"
"facebook","Facebook Page Likes + Followers [NO REFILL] [Max: 500K] [Start Time: 0 - 3 Hrs] [Speed: 10K/Day]","0.7703","0.5502","100","500000","wizsmm","85e3878e-e81b-45ee-adcd-0050b3c5b46c"
"facebook","Facebook Live Stream Views [Max: 2K] [Stay: 90 Minutes] [Start Time: INSTANT]","6.8005","4.8575","10","500","wizsmm","85feda93-360d-4c4e-92ea-0768735ead13"
"facebook","Facebook Live Stream Views [Max: 500] [Stay: 30 Minutes] [Start Time: INSTANT]","23.786","16.99","20","500","wizsmm","87493735-69cc-4e8d-a9bd-9c14da6d2702"
"facebook","🇪🇬 Facebook Post Likes [EGYPT] [Refill: 180 Days] [Max: 10K] [Start Time: 0-24 Hours] [Speed: 300-500/Day]","1.6275","1.1625","100","3000","wizsmm","88a17b72-df32-4b4a-acbc-ccda6e36b156"
"facebook","Facebook Post Likes [EMOTICONS] [CARE 🥰] [Refill: 30D] [Max: 100K] [Start Time: 0 - 1 H] [Speed: 500/D] 💧","0.6125","0.4375","10","5000000","wizsmm","89651dec-3c00-4103-a319-6792fc87753d"
"facebook","Facebook Post Likes [EMOTICONS] [ANGRY 😡] [Refill: 30D] [Max: 100K] [Start Time: 1 Hr] [Speed: 50K/DAY] 🔥","1.4","1","30","10000","wizsmm","94e772a7-6752-4b7f-b807-64465ab7f44a"
"facebook","Facebook Post Likes [EMOTICONS] [ANGRY 😡] [Refill: 30 Days] [Max: 10K] [Start Time: 1 Hour] [Speed: 10K/DAY]","0.665","0.475","10","1000000","wizsmm","96f2bef7-89cb-42cb-a481-5d958799238f"
"facebook","Facebook Video Views [3 Seconds] [Max: 1M] [Start Time: 0-1 Hr] [Speed: 500K/Day] 💧","0.7963","0.5688","100","20000000","wizsmm","9718c46c-653b-4d25-ad7c-4d9041187d21"
"facebook","Facebook Live Stream Views [Max: 5K] [Stay: 30 Minutes] [Start Time: INSTANT]","3.0394","2.171","30","5000","wizsmm","981d7cd7-7da3-4ac4-b8cd-1dba0e226a9e"
"facebook","Facebook Subscription [Speed: 2 Days] [Start Time: 0-4 Hours] [100 Followers/Page Likes + 100 Likes + 20-30 Comments + 20-30 Shares]","6.65","4.75","1","1","wizsmm","9a3e4a42-ce3d-474a-90e5-35df8317b9bb"
"facebook","Facebook Video Views [60 Seconds] [Max: 1M] [Start Time: 0-1 Hr] [Speed: 1M/Day] 💧","0.6916","0.494","500","10000000","wizsmm","9a944de4-9dc3-435e-8477-5617e3a7f3fb"
"facebook","Facebook Live Stream Views [360 minutes] [Speed: 1000 Per Minute] [Start Time: 0 - 5 Minutes] [Refill: Lifetime]","11.9146","8.5104","10","10000","wizsmm","9a990474-784b-48d4-9684-5ff7682a18f5"
"facebook","Facebook Post Likes [LOVE ❤️ِ] [Refill: NO] [Max: 100K] [Start Time: 0 - 1 H] [Speed: 10K/D] 💧⛔","0.3366","0.2404","10","100000","wizsmm","9be5c156-3096-4aae-b68c-69a4a76aee2f"
"facebook","Facebook Post Likes [EMOTICONS] [ANGRY 😡] [Refill: No] [Max: 10K] [Start Time: 0 - 1 Hr] [Speed: 5K/DAY] 🔥","1.5344","1.096","50","100000","wizsmm","9cd7a0f4-3777-4319-a087-99ef74b14df6"
"facebook","Facebook Live Stream Views [390 minutes] [Speed: 1000 Per Minute] [Start Time: 0 - 5 Minutes] [Refill: Lifetime]","12.9074","9.2196","10","10000","wizsmm","9f143d97-4969-440d-b7e8-2f498ecc1f15"
"facebook","Facebook Post Likes [Refill: No] [Max: 100K] [Start Time: 0-1 Hr] [Speed: 10K/D]💧⛔","0.3366","0.2404","10","100000","wizsmm","9f9a2356-081a-49bd-ae16-45a216870590"
"facebook","Facebook Page Likes [Refill: 90 Days] [Max: 40K] [Start Time: 0-2 Hours] [Speed: 100-500/Day] ♻️","0.6983","0.4988","10","1000000","wizsmm","a1a893ab-0045-4d56-a88b-42867b8c771b"
"facebook","Facebook Post Likes [Sad 😢] [Refill: NO] [Max: 100K] [Start Time: 0 - 1 H] [Speed: 10K/D] 💧⛔","0.3366","0.2404","10","100000","wizsmm","a2a08483-35f8-40a7-814f-625c69e77627"
"facebook","Facebook Live Stream Views [Max: 10K] [Stay: 45 Minutes] [Start Time: INSTANT]","1.6002","1.143","20","20000","wizsmm","a2f3d8f7-7717-42e5-b9cc-ecce2490c036"
"facebook","Facebook Video Views [30 Seconds] [Refill: No] [Max: 10M] [Start Time: 1 Hour] [Speed: Up to 100K/Day]","0.1365","0.0975","500","10000000","wizsmm","a3a36681-a338-42e0-b9de-a5af843588e8"
"facebook","Facebook Post Likes [EMOTICONS] [WOW 😮] [Refill: 30D] [Max: 100K] [Start Time: 0 - 1 H] [Speed: 500/D] 💧","0.6125","0.4375","10","5000000","wizsmm","a411cd4d-687e-41ba-9260-0fdba2c34f73"
"facebook","Facebook Live Stream Views [300 minutes] [Speed: 1000 Per Minute] [Start Time: 0 - 5 Minutes] [Refill: Lifetime]","9.9288","7.092","10","10000","wizsmm","a455a40d-629d-4085-ab42-367736a17c3e"
"facebook","Facebook Post Likes [EMOTICONS] [WOW 😮] [Refill: No] [Max: 40K] [Start Time: 0 - 1 Hr] [Speed: 5K/DAY] 🔥","1.05","0.75","50","500000","wizsmm","a5550c09-5930-4f93-abca-498fc06093ec"
"facebook","Facebook Post Likes [EMOTICONS] [POS + NEG] [Refill: No] [Max: 100K] [Start Time: 1 Hr] [Speed: 50K/DAY] 🔥","2.1","1.5","50","100000","wizsmm","a5560e7e-b083-455f-8044-9ce14534215e"
"facebook","Facebook Post Likes [EMOTICONS] [HAHA 😂] [Refill: NO] [Max: 5K] [Start Time: 0 - 1 H] [Speed: 5K/D] 💧⛔","0.9275","0.6625","10","50000","wizsmm","a556923e-2f55-4935-b25e-fe4fac8d76d8"
"facebook","Facebook Video Views [3 Seconds] [Refill: No] [Max: 10M] [Start Time: 1 Hour] [Speed: Up to 100K/Day]","0.2048","0.1463","500","1000000000","wizsmm","a795b2a7-e711-4ddb-af6f-5a9743df177b"
"facebook","Facebook HQ Profile Followers [Refill: No] [Max: 500K] [Start Time: 0-2 Hrs] [Speed: 20K/D]💧","0.805","0.575","10","500000","wizsmm","a8140f85-1986-4df7-ae68-c2d6c4cc2523"
"facebook","Facebook Post Likes [EMOTICONS] [CARE 🥰] [Refill: NO] [Max: 20K] [Start Time: 1 Hour] [Speed: 10K/DAY] 🔥","0.3454","0.2467","10","200000","wizsmm","a8a0a4fc-0563-4c00-ae21-9d369d925451"
"facebook","Facebook Video Views [10 Seconds] [Refill: No] [Max: 10M] [Start Time: 1 Hour] [Speed: Up to 100K/Day]","0.3185","0.2275","500","10000000","wizsmm","a987a4d4-93ba-46ab-8281-268c27fbfe90"
"facebook","Facebook US [Female] Post Reactions 👍 [Like] [30 Days Refill] [100-200/D] [0-1/H]","5.25","3.75","10","10000","wizsmm","a499d4a1-8a17-43de-9033-987d4c6805bc"
"facebook","Facebook US [Female] Post Reaction ❤️ [Love] [30 Days Refill] [100-200/D] [0-1/H]","5.25","3.75","10","10000","wizsmm","cca0f530-cd19-41dd-ac31-a8dec69a506d"
"facebook","Facebook US [Female] Post Reaction 🥰 [Care] [30 Days Refill] [100-200/D] [0-1/H]","5.25","3.75","10","10000","wizsmm","e73b845b-f0a0-4b94-96ef-35f9c4843432"
"facebook","Facebook US [Female] Post Reaction 😲 [WoW] [30 Days Refill] [100-200/D] [0-1/H]","5.25","3.75","10","10000","wizsmm","11846106-7743-44e1-b3d9-d53939a0e1b2"
"facebook","Facebook US [Female] Post Reaction 😀 [HaHa] [30 Days Refill] [100-200/D] [0-1/H]","5.25","3.75","10","10000","wizsmm","20744221-c67e-4ea4-8cc8-ebf5421e80fd"
"facebook","Facebook US [Female] Post Reaction 😡 [Angry] [30 Days Refill] [100-200/D] [0-1/H]","5.25","3.75","10","10000","wizsmm","a1a9a220-405a-40e8-9514-fe132dd1a9d1"
"facebook","Facebook US [Female] Post Reaction 😥 [Sad] [30 Days Refill] [100-200/D] [0-1/H]","5.25","3.75","10","10000","wizsmm","5319f0a8-4657-48d3-9e96-fb8793299311"
"facebook","Facebook US [Female] Post Reaction [Random] [No Refill] [100-200/D] [0-1/H]","5.25","3.75","10","10000","wizsmm","0dce59a1-1233-4f6f-a3df-9f9b907d3e1e"
"facebook","Facebook Live Stream Views [150 minutes] [Speed: 1000 Per Minute] [Start Time: 0 - 5 Minutes] [Refill: Lifetime]","4.9644","3.546","10","10000","wizsmm","aabd4312-a0be-417d-be0c-1eca7d0c9acc"
"facebook","Facebook Live Stream Views [Max: 500K] [Stay: 60 Minutes] [Start Time: INSTANT]","2.17","1.55","10","500000","wizsmm","af2f3c7f-cb4d-4656-a67a-710691641bd0"
"facebook","Facebook Profile Followers [Refill: 30D] [Max: 500K] [Start Time: 0-1 Hr] [Speed: 50K/D]","0.6019","0.4299","100","1000000","wizsmm","af4be8f3-9e7e-4698-bb5e-22cdd3d4990a"
"facebook","Facebook Post Likes [HQ] [Refill: 30D] [Max: 3K] [Start Time: 0-1 Hr] [Speed: 1K/Day]","29.7675","21.2625","20","1000","wizsmm","af57ab5f-312a-4b3f-b38d-c4ab222b90a3"
"facebook","Facebook Video Views [All Links] [High Speed] [Instant]","0.14","0.1","100","10000000","wizsmm","589af511-4b14-4919-aa59-b3493abc77ae"
"facebook","Facebook Video Views [All Links] [Unlimited] [High Speed] [Instant]","0.14","0.1","100","10000000","wizsmm","377b92cc-2ba8-4b70-b38e-37aad4896c56"
"facebook","Facebook Video Views + Impressions [All Links] [High Speed] [Instant]","0.14","0.1","100","10000000","wizsmm","b0a6550a-4592-4bb6-a2f2-c3d04a55c23a"
"facebook","Facebook Video Views + Reach [All Links] [High Speed] [Instant]","0.14","0.1","100","10000000","wizsmm","ebfec0e8-54ea-4096-be1e-a2f14cd211dc"
"facebook","Facebook Video Views + Reach + Impressions [All Links] [High Speed] [Instant]","0.154","0.11","100","10000000","wizsmm","2d792699-a130-4469-bbf4-f84333739c52"
"facebook","Facebook Followers [High Quality] [No Refill] [100K/D] [0-1/H]","0.406","0.29","50","1000000","wizsmm","e3f9a26a-6f79-4512-85d3-7270a104ea94"
"facebook","Facebook Post Likes [High Quality] [100K/D] [Instant]","0.504","0.36","10","100000","wizsmm","499bd822-90df-4e4c-b846-09b25d1caada"
"facebook","Facebook LiveStream Views [330 Mins] [Max: 10K] [Start Time: 0-1 Hr]","11.55","8.25","20","20000","wizsmm","b1e1a243-fd72-472a-a6f1-f32adb4ded02"
"facebook","Facebook Live Stream Views [Max: 10K] [Stay: 240 Minutes] [Start Time: INSTANT]","12.6","9","50","500000","wizsmm","b23af429-eac5-4d90-950b-78b411f1a1c5"
"facebook","Facebook Photo/Post Shares [CUSTOM COMMENTS] [Refill: No] [Max: 50K] [Start Time: 0 - 2 Hrs] [Speed: Up to 3K/Day]","1.8375","1.3125","10","10000","wizsmm","b28505e7-3f67-48b1-a591-b09ced0cd6fd"
"facebook","Facebook Post Reaction [ Love ❤️ ] [High Quality] [100K/D] [Instant]","0.504","0.36","10","100000","wizsmm","15b9cdb9-ce65-411b-a3a0-a6f66ccd2cdb"
"facebook","Facebook Post Reaction [ Care  🥰 ] [High Quality] [100K/D] [Instant]","0.504","0.36","10","100000","wizsmm","5f4aeb43-bd82-4f51-9879-e4fae7770211"
"facebook","Facebook Post Reaction [ Haha 😂 ] [High Quality] [100K/D] [Instant]","0.504","0.36","10","100000","wizsmm","ed520d38-93b0-45c3-ad67-de2704f12d0d"
"facebook","Facebook Post Reaction [ Wow 😮] [High Quality] [100K/D] [Instant]","0.504","0.36","10","100000","wizsmm","4a3fe39b-8c97-432b-abef-85b1c9fc0aa2"
"facebook","Facebook Post Reaction [ Sad 😥] [High Quality] [100K/D] [Instant]","0.504","0.36","10","100000","wizsmm","7a4d2d0b-b313-440f-b50c-cec669f2cbbf"
"facebook","Facebook Post Reaction [ Angry 😡] [High Quality] [100K/D] [Instant]","0.504","0.36","10","100000","wizsmm","fcdbd880-4ed5-46d6-a209-533403ef7fdf"
"facebook","Facebook Post Likes【Like 👍】| Stable | HQ+Real | All Links | Low Drop | No Refill","0.336","0.24","10","100000","wizsmm","b041f227-4068-470c-97c3-f362a7d4a51e"
"facebook","Facebook Post Likes【Love ❤️】| Stable | HQ+Real | All Links | Low Drop | No Refill","0.336","0.24","10","100000","wizsmm","adc6958b-8e65-40b7-9205-c0a85ee5c08f"
"facebook","Facebook Post Likes【Haha 😂】| Stable | HQ+Real | All Links | Low Drop | No Refill","0.336","0.24","10","100000","wizsmm","b69360ae-e164-4aa2-8da1-15bf0c1bb774"
"facebook","Facebook Post Likes【Sad 😥】| Stable | HQ+Real | All Links | Low Drop | No Refill","0.336","0.24","10","100000","wizsmm","2896b04a-6815-40c8-a8b4-76a71fa2d3b1"
"facebook","Facebook Post Likes【Angry 🤬】| Stable | HQ+Real | All Links | Low Drop | No Refill","0.336","0.24","10","100000","wizsmm","41b5f13b-8ab9-4781-87d6-81aa196a2281"
"facebook","Facebook All Type Followers [No Drop] [30 Days Refill] [10-20K/D] [0-5/H] [Different Service]","0.476","0.34","10","100000","wizsmm","1564c0c7-7065-40e0-99fb-2c5efa72ea9a"
"facebook","Facebook Followers | Stable | HQ+Real | All Links | Low Drop | No Refill","0.532","0.38","10","100000","wizsmm","64483bb1-ee30-40df-86ac-7814266b387f"
"facebook","Facebook Page Likes+Followers | Stable | HQ+Real | All Links | Low Drop | No Refill","0.462","0.33","10","100000","wizsmm","a03e43e6-5be3-4ef1-b88f-93000bef4cc1"
"facebook","Facebook All Type Page likes and Followers [No Refill] [10-20K/D] [Instant]","0.952","0.68","10","100000","wizsmm","b22d0163-3ed6-43d0-ae8a-74da6ad50151"
"facebook","Facebook Post Likes [Refill: No] [Max: 50K] [Start Time: 0-1 Hour] [Speed: Up to 50K/Day]","1.0797","0.7712","50","100000","wizsmm","b42c4e45-bcd7-4f7e-bd44-965c951fafbd"
"facebook","Facebook Live Stream Views [Max: 2K] [Stay: 120 Minutes] [Start Time: INSTANT]","9.0668","6.4763","10","500","wizsmm","b5c80008-ea14-4623-8eb3-828e18b09896"
"facebook","Facebook Page Followers [LQ] [Refill: 30D] [Max: 1M] [Start Time: 0 - 3 Hrs] [Speed: Up to 5K/D] 💧","0.6125","0.4375","100","100000","wizsmm","b7141951-43c8-4fd9-971a-3e6c6d726cc1"
"facebook","Facebook Page Likes [Refill: 30D] [Max: 10K] [Start Time: 0-3 Hrs] [Speed: 500/D] 💧⛔️","0.9523","0.6802","100","100000","wizsmm","b7cf2c65-fb45-4133-b63a-74df415a68e0"
"facebook","Facebook Page Followers [Refill: Lifetime] [Max: 100K] [Start Time: 0 - 1 Hours] [Speed: Up to 10K/Day]","1.1375","0.8125","100","3000000","wizsmm","b8a5747d-4fe3-4db6-99d4-39d74627b8c7"
"facebook","Facebook Page Likes [Malaysia] [Max:1K] [Refill: 30 Days] [Start Time: 1-12 Hour] [Speed:100/Day]","17.836","12.74","10","1000","wizsmm","b8a69010-ff65-477b-9453-99c707cc6e5f"
"facebook","Facebook Live Stream Views [Max: 20K] [Stay: 15 Minutes] [Start Time: INSTANT]","1.4","1","10","50000","wizsmm","b8e1b3f5-3f37-49d3-9b0c-b3dd8405d306"
"facebook","Facebook Followers [Profile / Page ] [Malaysia] [Max:1K] [Refill: 30 Days] [Start Time: 1-12 Hour] [Speed:100/Day]","18.0908","12.922","50","10000","wizsmm","ba0cd419-61de-4a45-b8f6-7efec2a2bd75"
"facebook","Facebook Post Reactions [👍 LIKE]","0.28","0.2","10","500000","wizsmm","eb0db707-700f-44b2-961c-df8959d08c51"
"facebook","Facebook Post Reactions [💗 LOVE]","0.28","0.2","10","500000","wizsmm","69958c3a-ebbe-4356-8624-816596624bb1"
"facebook","Facebook Post Reactions [🥰 CARE]","0.28","0.2","10","500000","wizsmm","c58d21c7-937a-4331-9e0b-d1aa05d0af61"
"facebook","Facebook Post Reactions [😡 ANGRY]","0.28","0.2","10","500000","wizsmm","230e2b91-42bb-421f-8ecd-40913b73073f"
"facebook","Facebook Post Reactions [😂 HAHA]","0.28","0.2","10","500000","wizsmm","c65f60ab-8920-47d9-b22b-162ba1ea9e80"
"facebook","Facebook Post Reactions [😮 WOW]","0.28","0.2","10","500000","wizsmm","818f1bc4-01d7-4d17-8567-83a5456a4908"
"facebook","Facebook Post Reactions [😥 SAD]","0.28","0.2","10","500000","wizsmm","ed7f5418-30d0-4493-9b5b-63eecf7977f4"
"facebook","Facebook Post Likes [EMOTICONS] [ANGRY 😡] [Refill: NO] [Max: 20K] [Start Time: 1 Hour] [Speed: 10K/DAY] 🔥","0.3454","0.2467","10","200000","wizsmm","bb76ab5c-17f6-494e-805a-3bffa665094d"
"facebook","Facebook Post Likes [Refill: No] [Max: 5K] [Start Time: Up to 2 Hours] [Speed: Up to 2K/Day]","1.1599","0.8285","10","200000","wizsmm","bdfeed41-c5d6-4016-aeb1-4e3100b55f21"
"facebook","Facebook Video Views [30 Seconds] [Max: 1M] [Start Time: 0-1 Hr] [Speed: 1M/Day] 💧","0.6006","0.429","500","10000000","wizsmm","be0af4c0-155c-4e80-a624-bb2bac47a9fd"
"facebook","Facebook Profile Followers [Refill: Lifetime] [Max: 500K] [Start Time: 0-6 Hours] [Speed: 10K/Day]","1.1375","0.8125","10","2000000","wizsmm","be9b7a66-0330-41e3-8396-89e78973a869"
"facebook","Facebook Post Likes [USA] [30 Days Refill] [1-3K/D] [0-8/H]","3.108","2.22","10","500000","wizsmm","8c40dfe4-4dcc-4ae7-b5b9-1bc861c84cc7"
"facebook","Facebook Love Reactions [USA] [30 Days Refill] [1-3K/D] [0-8/H]","3.108","2.22","10","500000","wizsmm","f3f1871d-c237-47c4-be2d-ff6a500961c5"
"facebook","Facebook Sad Reactions [USA] [30 Days Refill] [1-3K/D] [0-8/H]","3.108","2.22","10","500000","wizsmm","bcccb84e-679a-4db7-95a5-1d6099be5d27"
"facebook","Facebook Wow Reactions [USA] [30 Days Refill] [1-3K/D] [0-8/H]","3.108","2.22","10","500000","wizsmm","bed8dd9e-42cf-495d-8897-3d1de06547ac"
"facebook","Facebook Post Likes [EMOTICONS] [SAD 😢] [Refill: No] [Max: 40K] [Start Time: 0 - 1 Hr] [Speed: 5K/DAY] 🔥","1.05","0.75","50","500000","wizsmm","bfa9b24d-9865-40fe-9819-505cdcddbe3e"
"facebook","Facebook Post Likes [EMOTICONS] [SAD 😢] [Refill: 30D] [Max: 100K] [Start Time: 1 Hr] [Speed: 50K/DAY] 🔥","1.4","1","30","10000","wizsmm","bfb351ce-1fe6-4f9e-8a9b-86ef43bfea1f"
"facebook","Facebook Angry Reactions [USA] [30 Days Refill] [1-3K/D] [0-8/H]","3.108","2.22","10","500000","wizsmm","16ec11f7-eec6-40c9-a0fe-57996945cabc"
"facebook","Facebook Care Reactions [USA] [30 Days Refill] [1-3K/D] [0-8/H]","3.108","2.22","10","500000","wizsmm","ce653eb5-56bf-4239-8ea1-76c7fb0e9eb5"
"facebook","Facebook Haha Reactions [USA] [30 Days Refill] [1-3K/D] [0-8/H]","3.108","2.22","10","500000","wizsmm","2b64f299-84e6-4a51-9c0f-0d51d583bd64"
"facebook","Facebook Comment Likes [USA] [30 Days Refill] [1-3K/D] [0-8/H]","3.108","2.22","10","500000","wizsmm","c4d239bd-f455-4bcb-a840-ccfebe90457a"
"facebook","Facebook Group Members [USA] [30 Days Refill] [1-3K/D] [0-8/H]","4.704","3.36","10","500000","wizsmm","d89b9f49-878f-453f-a316-57e4fad68fd9"
"facebook","Facebook Post Shares [USA] [30 Days Refill] [1-3K/D] [0-8/H]","23.52","16.8","10","500000","wizsmm","c058e128-8737-4338-a1c0-d8ecce9336a7"
"facebook","Facebook Costum Comments [USA] [30 Days Refill] [1-3K/D] [0-8/H]","23.52","16.8","10","500000","wizsmm","89ecd785-d2c4-40f7-b230-7e2e0699354b"
"facebook","Facebook Followers [USA] [30 Days Refill] [1-3K/D] [0-8/H]","4.704","3.36","10","500000","wizsmm","006d67f6-c9dc-472c-baf4-be88d2d92cdf"
"facebook","Facebook Page Likes [USA] [30 Days Refill] [1-3K/D] [0-8/H]","4.704","3.36","10","500000","wizsmm","cb587a09-d677-4242-9394-3f26fa1673c0"
"facebook","Facebook Page Likes [NEED ACCESS] [Refill: Lifetime] [Max: 1M] [Start Time: 1 Hour] [Speed: 3K/Day] ♻️","82.32","58.8","3000","1000000","wizsmm","c21fa281-d022-4e3e-8e57-ff409b3d0b33"
"facebook","Facebook Page Likes [Refill: 30D] [Max: 1M] [Start Time: 0-1 Hour] [Speed: 5K/Day]","1.6275","1.1625","50","1000000","wizsmm","c3cb3213-7c2f-4c91-b779-6b5bcaf7b10e"
"facebook","Facebook Page Likes + Followers [LQ] [Refill: 15D] [Max: 1M] [Start Time: 0-1 Hour] [Speed: 2K/Day]","1.5575","1.1125","50","1000000","wizsmm","c3db65d8-8703-4818-a440-f2377c0e070a"
"facebook","Facebook Page Likes [Refill: 30 Days] [Max: 50K] [Start Time: 0-1 Hour] [Speed: 2K/Day] ♻️","3.6564","2.6117","100","100000","wizsmm","c53d93ae-4f0a-4517-8a14-d3ab8e3d6270"
"facebook","Facebook Group Members [HQ] [Refill: 30D] [Max: 1M] [Start Time: 0 - 1 Hr] [Speed: Up to 50K/D]","0.5012","0.358","500","1000000","wizsmm","c581e72a-67c4-4b36-a332-e93da7c2d87b"
"facebook","Facebook Page Likes and Followers [High Quality] [Almost No Drop] [Instant]","0.378","0.27","100","100000","wizsmm","e0be3630-7e4b-4a98-9061-58999f4f0cba"
"facebook","Facebook Page Likes and Followers [High Quality] [30 Days Refill] [Instant]","0.476","0.34","100","100000","wizsmm","f011ade4-269b-469a-915f-20f503b8643c"
"facebook","Facebook Page Likes and Followers [High Quality] [60 Days Refill] [Instant]","0.546","0.39","100","100000","wizsmm","b3c8ed3d-6bbd-4746-a760-a63f674af7ae"
"facebook","Facebook Page Likes and Followers [High Quality] [365 Days Refill] [Instant]","0.672","0.48","100","100000","wizsmm","193f032a-5d00-4ee0-9284-aed2082614c8"
"facebook","Facebook Page Likes and Followers [High Quality] [Lifetime Refill] [Instant]","0.742","0.53","100","100000","wizsmm","3e3a2723-2871-481a-b62e-1aaace2ff9bb"
"facebook","FACEBOOK PACKAGE HQ [ARAB] [50-100 likes][20-30 Emotions] [10 Share][15 Comments][100+ Post Reach]","1.652","1.18","1","1","wizsmm","bd4b4c5e-de7b-4144-8d18-00ee1e96bc35"
"facebook","1275 - FB Page Likes and Followers [Arabic] [Lifetime] [1-5K/D] [0-48/H]","4.2","3","1000","100000","wizsmm","bbc36828-d601-4c16-bf5f-8e7cd98b63de"
"facebook","2384 - FB Page Likes [Germany] [No Drop] [30 Days Refill] [100-150/D] [0-12/H]","14.112","10.08","10","1000","wizsmm","2ddb6bda-413c-497c-affb-cf7f0cbca7fd"
"facebook","1766 - FB Page Likes  [Germany] [No Drop] [Lifetime] [100-300/D] [0-4/H]","164.668","117.62","10","1000","wizsmm","5adecce7-8519-470a-93aa-5bbbd7f8fa87"
"facebook","Facebook Arabic Page Likes [30 Days Refill] [50-100/D] [0-24/H]","17.388","12.42","50","10000","wizsmm","d85bfc1d-eb1d-418e-8f18-7fa7c1faea3c"
"facebook","Facebook Arabic Followers [30 Days Refill] [50-100/D] [0-24/H]","17.388","12.42","50","10000","wizsmm","6feeaed4-a988-430e-9543-bb5f9527e1cb"
"facebook","Facebook Post Likes [🇩🇪 Germany] [Max: 100]","483","345","5","100","wizsmm","e01539bd-1cb2-4fa7-90b1-f961653d9b25"
"facebook","3399 - FB Profile Followers [Germany] [No Drop] [30 Days Refill] [100-150/D] [0-12/H]","14.112","10.08","10","10000","wizsmm","8ef85efe-2f93-4499-8959-0577b4b40bc0"
"facebook","3400 - FB Shares [Germany] [50-100/D] [0-6/H]","13.86","9.9","10","10000","wizsmm","93716873-5edd-475c-8a8d-d3acdafe238b"
"facebook","Facebook Post Likes [Refill: 7D] [Max: 5K] [Start Time: 0-1 Hr] [Speed: 5K/D]💧⛔♻️","0.9275","0.6625","10","50000","wizsmm","c9af601c-3901-44ec-b843-c351ad07580e"
"facebook","Facebook Live Stream Views [Max: 10K] [Stay: 60 Minutes] [Start Time: INSTANT]","5.845","4.175","30","30000","wizsmm","c9e77860-0739-4d6a-8c83-9197b61bdfac"
"facebook","Facebook Event Interested [REAL HQ] [Max: 3K] [Refill: 30D] [Start Time: 0 - 2 Hrs] [Speed: 1K/D]","3.129","2.235","50","1000000","wizsmm","ca47fb7c-5e37-49a3-8fc2-df0ef744245b"
"facebook","Facebook Post Reaction Random [English Names] [High Quality] [No Refill] [10K] [Instant]","3.64","2.6","10","10000","wizsmm","27f50364-070b-441b-8177-04b9b5f8bf40"
"facebook","Facebook Group Members [Refill: 7D] [Max: 40K] [Start Time: 0 - 1 Hr] [Speed: Up to 5K/Day]","0.5275","0.3768","500","50000","wizsmm","cb170065-a967-4942-b638-fc2c351b76d0"
"facebook","Facebook Page Likes [Refill: 30 Days] [Max: 50K] [Start Time: 0-1 Hour] [Speed: 5K/Day] ♻️","1.1427","0.8162","100","100000","wizsmm","cbdb90f5-1ea6-44e4-bf13-3ea1f0c9792f"
"facebook","Facebook Egypt Like Reactions 👍 [Lifetime] [200-500/D] [0-24/H]","1.68","1.2","200","20000","wizsmm","dc8098e5-85a7-4c15-ad15-8926e321817e"
"facebook","Facebook Egypt Love Reactions ❤️ [Lifetime] [200-500/D] [0-24/H]","1.68","1.2","200","20000","wizsmm","4caf0e95-05d8-4740-a893-a8a3d2eb30bf"
"facebook","Facebook Egypt HaHa Reactions 😂 [Lifetime] [200-500/D] [0-24/H]","1.68","1.2","200","20000","wizsmm","f72d226c-04cb-4b09-9f69-28c5d2910f4c"
"facebook","Facebook Egypt Wow Reactions 😲 [Lifetime] [200-500/D] [0-24/H]","1.68","1.2","200","20000","wizsmm","4e495360-cdc8-4c43-89eb-a77f1d87bc33"
"facebook","Facebook Egypt Sad Reactions 😥 [Lifetime] [200-500/D] [0-24/H]","1.68","1.2","200","20000","wizsmm","2cd7f7b2-3d2e-4d39-9587-cbc4c2554552"
"facebook","Facebook Egypt Angry Reactions 😡 [Lifetime] [200-500/D] [0-24/H]","1.68","1.2","200","20000","wizsmm","f21390cf-288a-457a-9f9f-74c8ea7219e5"
"facebook","Facebook Egypt Mix Reactions 👍🏻❤️🥰 [Lifetime] [200-500/D] [0-24/H]","1.68","1.2","200","20000","wizsmm","d253103b-ef06-4c4b-bdf1-0e6adf160088"
"facebook","Facebook Egypt Care Reactions 🤗 [Lifetime] [200-500/D] [0-24/H]","1.68","1.2","200","20000","wizsmm","5ec277bf-251a-4bbf-825a-52bc09be3c11"
"facebook","Facebook Egypt Followers [Lifetime] [200-500/D] [0-24/H]","1.848","1.32","1000","20000","wizsmm","a78a36c6-faf0-4efd-8e21-7cf16b98ab76"
"facebook","Facebook Followers [High Quality] [No Refill] [100K/D] [Instant]","0.742","0.53","50","100000","wizsmm","ec5c7488-949d-48ff-81b4-fe4b24d5cd83"
"facebook","Facebook Video Views [10 Seconds] [Max: 1M] [Start Time: 0-1 Hr] [Speed: 50K/Day] 💧","0.9555","0.6825","500","20000000","wizsmm","cc0257ed-d4b2-4e1b-bf7b-b7e158d22c0d"
"facebook","Facebook Followers [High Quality] [90 Days Refill] [100K/D] [Instant]","1.078","0.77","50","100000","wizsmm","2aff4b2c-0cf0-49b9-bace-8d7725baec19"
"facebook","Facebook Followers [High Quality] [365 Days Refill] [100K/D] [Instant]","1.218","0.87","50","100000","wizsmm","e5987fad-8c36-4184-a7b0-9b669496b3a6"
"facebook","Facebook Followers [High Quality] [Lifetime Refill] [100K/D] [Instant]","1.344","0.96","50","100000","wizsmm","ff10f764-099f-4eae-8751-5335e83bb5e1"
"facebook","Facebook Love Reactions [100K/D] [Instant]","0.392","0.28","10","500000","wizsmm","bc0d255f-5985-43ad-8053-e602a3b11d41"
"facebook","Facebook Care Reactions [100K/D] [Instant]","0.392","0.28","10","500000","wizsmm","62f9ffd3-6412-481a-b2d6-e6a0a78f5c6e"
"facebook","Facebook Wow Reactions [100K/D] [Instant]","0.392","0.28","10","500000","wizsmm","9ed38f43-30cf-4535-88cd-164c3379b8ac"
"facebook","Facebook Sad Reactions [100K/D] [Instant]","0.392","0.28","10","500000","wizsmm","16641c59-bc5e-452c-8fb3-cff5b6495324"
"facebook","Facebook Haha Reactions [100K/D] [Instant]","0.392","0.28","10","500000","wizsmm","ce1d63d9-0890-48f8-aff0-cf92d15cc343"
"facebook","Facebook Angry Reactions [100K/D] [Instant]","0.392","0.28","10","500000","wizsmm","9936871e-5385-4738-8938-d264783524cf"
"facebook","Facebook Like Reactions [100K/D] [Instant]","0.392","0.28","50","500000","wizsmm","99d52d67-2c51-4b26-9c94-d1764f12c20e"
"facebook","Facebook Followers [100K/D] [Instant]","0.392","0.28","50","500000","wizsmm","66284e57-eb82-4fcd-976b-e5b7166f46c9"
"facebook","🇮🇳 FACEBOOK COMMENTS [RANDOM] [INDIAN] [100] [NON-DROP]","22.68","16.2","5","100","wizsmm","914627e3-ee2f-452e-b8d5-4fdd3fb24918"
"facebook","🇮🇳 FACEBOOK COMMENTS [EMOJI] [INDIAN] [100] [NON-DROP]","22.68","16.2","5","100","wizsmm","00427eef-a2a2-415d-a042-4ca60a99d21e"
"facebook","🇮🇳 FACEBOOK COMMENTS [CUSTOM] [INDIAN] [100] [NON-DROP]","22.68","16.2","5","100","wizsmm","d6bd9768-cb32-403b-ba79-0be922b3b2ea"
"facebook","🇮🇳 FACEBOOK SHARES INDIAN [5K]","22.68","16.2","5","5000","wizsmm","b6f4d233-f922-4ceb-bcf5-49f4fc4c4909"
"facebook","Facebook Post Reaction Like [👍] [World Wide] [High Quality] [Instant]","0.238","0.17","10","250000","wizsmm","82ebe244-da62-4af8-998d-895f06d0d349"
"facebook","Facebook Post Reaction Angry [😡] [World Wide] [High Quality] [Instant]","0.238","0.17","10","250000","wizsmm","cd3ad5e2-700f-48b4-aaf9-960bec8c68e9"
"facebook","Facebook Post Reaction Love [❤️] [World Wide] [High Quality] [Instant]","0.238","0.17","10","250000","wizsmm","2d41cefb-2f2e-4534-8b3d-eb754fb56e56"
"facebook","Facebook Post Reaction Wow [😲] [World Wide] [High Quality] [Instant]","0.238","0.17","10","250000","wizsmm","29659dbb-c320-4430-855f-4b15ce796cd9"
"facebook","Facebook Post Reaction Care [🤗] [World Wide] [High Quality] [Instant]","0.238","0.17","10","250000","wizsmm","5f9a0afb-15ae-4b3b-9528-ee478189d84a"
"facebook","Facebook Post Reaction Sad [😥] [World Wide] [High Quality] [Instant]","0.238","0.17","10","250000","wizsmm","77846eed-ea95-4c7a-bd44-a1c960b9984e"
"facebook","Facebook Post Reaction Haha [😂] [World Wide] [High Quality] [Instant]","0.238","0.17","10","250000","wizsmm","79f985bd-8d80-4138-aa6d-2bf4ccf37dcb"
"facebook","Facebook Followers | HQ+Real | Low Drop | Day 50K | No Refill","0.336","0.24","10","100000","wizsmm","b6687e50-4cc2-456d-bf3b-12054941fa02"
"facebook","Facebook Followers | HQ+Real | Low Drop | Day 50K | 30 Days Refill","0.462","0.33","10","100000","wizsmm","4482c271-fcab-4d6f-96d4-f2febb8c753c"
"facebook","Facebook Post Likes [EMOTICONS] [WOW 😲] [Refill: 30 Days] [Max: 10K] [Start Time: 1 Hour] [Speed: 10K/Day]","0.665","0.475","10","1000000","wizsmm","ccd3c25b-6ff2-4656-bb00-f47229b32281"
"facebook","Facebook Followers | HQ+Real | Low Drop | Day 50K | 60 Days Refill","0.546","0.39","10","100000","wizsmm","78c37579-e5b6-4624-95e2-380665e68437"
"facebook","Facebook Followers | HQ+Real | Low Drop | Day 50K | 90 Days Refill","0.616","0.44","10","100000","wizsmm","3f8db091-89db-4787-a472-799861fed899"
"facebook","Facebook Followers | HQ+Real | Low Drop | Day 50K | 365 Days Refill","0.672","0.48","10","100000","wizsmm","1ea1976c-6fce-480e-a2d0-c1a993fee19c"
"facebook","Facebook Followers | HQ+Real | Low Drop | Day 50K | Lifetime Refill","0.742","0.53","10","100000","wizsmm","02fde536-8143-41c0-a02e-0a9f6affddcf"
"facebook","Facebook Live Stream Views [Max: 10K] [Stay: 90 Minutes] [Start Time: INSTANT]","3.2004","2.286","20","20000","wizsmm","cd51b457-b25d-4da9-ad83-672033b45497"
"facebook","Facebook Video Views [EMERGENCY SERVICE] [Max: 20M] [Start Time: 0-1 Hr] [Speed: 50K/D] 💧","0.2757","0.1969","100","20000000","wizsmm","cedda1cc-7f87-40ac-8033-ca92bcc2cd35"
"facebook","Facebook Post Likes [EMOTICONS] [ANGRY 😡] [Refill: 30 Days] [Max: 5K] [Start Time: 1 Hour] [Speed: INSTANT] ♻️","2.45","1.75","100","2000","wizsmm","cf14a26a-7d9d-4683-832e-8a864c2bbde6"
"facebook","Facebook Live Stream Views [Max: 10K] [Stay: 180 Minutes] [Start Time: INSTANT]","6.4008","4.572","20","20000","wizsmm","d0b6e397-cb27-4ea9-bfee-5e641bbb921a"
"facebook","Facebook Video Views [60 Seconds] [Refill: No] [Max: 10M] [Start Time: 1 Hour] [Speed: Up to 100K/Day]","0.6825","0.4875","500","10000000","wizsmm","d12d586e-9bed-4b7f-838d-dcb99031e763"
"facebook","Facebook Post Likes [Wow 😯] [Refill: NO] [Max: 100K] [Start Time: 0 - 1 H] [Speed: 10K/D] 💧⛔","0.3366","0.2404","10","100000","wizsmm","d1d7176c-e82c-4192-b8c3-46b16b12b1a9"
"facebook","Facebook Page Likes [Refill: LIFETIME] [Max: 1M] [Start Time: 0 - 8 Hours] [Speed: 500k/Day] ♻️","1.4","1","100","5000000","wizsmm","d30eb8f5-d65a-42e2-b893-19514e4ed99c"
"facebook","Facebook Page Likes [LATIN AMERICA] [NEED ACCESS] [Lifetime Guaranteed] [Max: 1M] [Start Time: 1 Hour] [Speed: 3K/Day] ♻️","99.12","70.8","2000","1000000","wizsmm","d31e7893-0e80-4d78-8f2a-a3b6e1e9b6e2"
"facebook","Facebook Comments [ Custom ] [ Max 100K ] | HQ Accounts | Drop 0% | Instant Start | No Refill","3.276","2.34","10","10000","wizsmm","e636b07b-9427-45e6-a1c9-48d22860242b"
"facebook","Facebook Comments [ Custom ] [ Max 100K ] | HQ Accounts | Drop 0% | Instant Start | No Refill","3.808","2.72","10","100000","wizsmm","a84bdcf2-77b7-4f11-a411-ddfa2a8bdfe0"
"facebook","Facebook Comments [ Custom ] [ Max 100K ] | HQ Accounts | Drop 0% | Instant Start | No Refill","3.808","2.72","10","100000","wizsmm","6e668947-d3f9-48e7-bea5-41fdf2ba75d0"
"facebook","Facebook Comments [ Random Comments ] [ Max 10M ] | HQ Accounts | Drop 0% | Instant Start | No Refill","3.766","2.69","10","100000","wizsmm","298930db-1ebd-48b7-a126-4c06cdd789f4"
"facebook","Facebook Page/Profile Followers | High Quality | Real Accounts | Fast &amp;amp; Stable 🔥","0.462","0.33","100","10000","wizsmm","f485ebf8-7a65-42b5-b67d-f8118d92c3fe"
"facebook","Facebook Page/Profile Followers | High Quality Real Accounts | Fast &amp;amp; Stable | 30 Days Refill ♻️🔥","0.462","0.33","100","10000","wizsmm","1dd8f3de-e8bc-4830-a441-bb8ee38f2312"
"facebook","Facebook Page/Profile Followers | High Quality | Real Accounts | Fast &amp;amp; Stable 🔥","0.462","0.33","100","10000","wizsmm","2728a722-5233-4a10-ac53-ff4dacf8e48e"
"facebook","Facebook Page/Profile Followers | High Quality Real Accounts | Fast &amp;amp; Stable | 30 Days Refill ♻️🔥","0.504","0.36","100","10000","wizsmm","b489e665-1b34-41d8-a0e3-cbc9ddb6b2ae"
"facebook","Facebook Page/Profile Followers | High Quality | Real Accounts | Fast &amp;amp; Stable 🔥","0.448","0.32","100","100000","wizsmm","460f9658-8bcc-4e21-be57-922b2a061b45"
"facebook","Facebook Live Stream Views [Max: 20K] [Stay: 60 Minutes] [Start Time: INSTANT]","5.6","4","10","50000","wizsmm","d3f687b6-e760-4435-885c-89e91ffa0d28"
"facebook","Facebook Live Stream Views [270 minutes] [Speed: 1000 Per Minute] [Start Time: 0 - 5 Minutes] [Refill: Lifetime]","8.9359","6.3828","10","10000","wizsmm","d67811c1-037a-455c-9be8-3c8e15f67b0b"
"facebook","Facebook Video Views [180 Seconds] [Refill: No] [Max: 10M] [Start Time: 1 Hour] [Speed: Up to 100K/Day]","0.2503","0.1788","500","1000000000","wizsmm","d8f16484-78ad-434c-b06a-b2062eb71b3b"
"facebook","Facebook Post Likes [EU/Asia] [Max:10k] [Refill: 30 Days] [Start Time: 1-12 Hour] [Speed:200/Day]","10.3376","7.384","25","10000","wizsmm","d93f46d4-d689-4d7e-b9de-93a6434205cf"
"facebook","Facebook Live Stream Views [90 minutes] [Speed: 1000 Per Minute] [Start Time: 0 - 5 Minutes] [Refill: Lifetime]","2.9786","2.1276","10","10000","wizsmm","db275ee6-89d3-4c10-aac2-4c6336be3aa2"
"facebook","Facebook Page Likes [ USA 🇺🇸 ] | Real Quality | 30 Days Refill ♻️","18.998","13.57","10","10000","wizsmm","14493615-4817-4ed2-add3-3ad62da8cf19"
"facebook","Facebook Followers [ USA 🇺🇸 ] | Profile/Page | Real Quality | 60 Days Refill ♻️","18.998","13.57","10","5000","wizsmm","e33542c1-ee53-4d0a-8774-01e61c37636f"
"facebook","Facebook Followers [ USA 🇺🇸 ] | Profile/Page | Female | Real Quality | 60 Days Refill ♻️","18.998","13.57","10","5000","wizsmm","8a44778d-5482-41eb-b1e8-98effff324e8"
"facebook","Facebook Page Likes [ USA 🇺🇸 ] | Female | Real Quality | 60 Days Refill ♻️","18.998","13.57","10","5000","wizsmm","6b37b231-9acb-469c-85b8-e750e559ca35"
"facebook","Facebook Post Likes [ USA 🇺🇸 ] | Real Quality | 30 Days Refill ♻️","17.556","12.54","10","6000","wizsmm","7c80f35a-47da-487a-acd1-f44773bf7838"
"facebook","Facebook Post Likes [ USA 🇺🇸 ] | Female | Real Quality | 30 Days Refill ♻️","18.998","13.57","10","3000","wizsmm","f24b0a15-36f8-4f6b-a013-44aaa13492e1"
"facebook","Facebook Post Likes [ USA 🇺🇸 ] | Male | Real Quality | 30 Days Refill ♻️","18.998","13.57","10","3000","wizsmm","8d2b4419-10fb-4b91-9d36-35497e8d1f52"
"facebook","Facebook Post Likes [EMOTICONS] [HAHA 😄] [Refill: No] [Max: 40K] [Start Time: 0 - 1 Hr] [Speed: 5K/DAY] 🔥","1.05","0.75","50","500000","wizsmm","dce4f0f5-85c9-4512-9546-a3bc8992335a"
"facebook","Facebook Live Stream Views [450 minutes] [Speed: 1000 Per Minute] [Start Time: 0 - 5 Minutes] [Refill: Lifetime]","14.8932","10.638","10","10000","wizsmm","dd8208b9-64fd-43de-ae7d-3db2e8e97cd7"
"facebook","Facebook Page Likes + Followers [ Traditional Chinese 🇭🇰 ] | 365 Days Refill ♻️","33.6","24","10","50000","wizsmm","af37d9dc-2bb4-4cfc-b308-e95af7a9d968"
"facebook","Facebook Custom Comments [ Traditional Chinese 🇭🇰 ] | 365 Days Refill ♻️","80.64","57.6","1","1000","wizsmm","5b783fd8-b24b-48d3-b4fb-5df697c343c7"
"facebook","Facebook Post Likes [ Traditional Chinese 🇭🇰 ] | 365 Days Refill ♻️","18.48","13.2","10","10000","wizsmm","f3435b0e-2844-45fb-8afa-974010db843f"
"facebook","Facebook Page Likes [ Japanese 🇯🇵 ] | 300/Day | 365 Days Refill ♻️","29.036","20.74","10","1000","wizsmm","839aeedb-8464-4d0f-b5ba-9842e706be11"
"facebook","Facebook Custom Comments [ Japanese 🇯🇵 ] | 300/Day | 365 Days Refill ♻️","80.64","57.6","1","1000","wizsmm","76a31e4a-b793-424a-b454-46a85d07b696"
"facebook","Facebook Post Likes [ Japanese 🇯🇵 ] | 300/Day | 365 Days Refill ♻️","16.128","11.52","10","1000","wizsmm","9d191d87-fa6e-4ca1-9190-6eb40c83cec7"
"facebook","Facebook Page Followers [Refill: 30 Days] [Max: 1K] [Start Time: 1 Hour] [Speed: 20K/Day] ♻️","4.725","3.375","100","2000","wizsmm","e1314b90-aebc-4922-954b-0808e2970573"
"facebook","🇫🇷 Facebook - Post React 𝐒𝐚𝐝 (😢) - France - Non Drop - 200-300/Day | 30 Days Refill","10.85","7.75","20","10000","wizsmm","cfc31a52-eda6-4329-80aa-f9ae9758f3fd"
"facebook","Facebook Post Reactions | 😢Sad | 🔥𝐈𝐧𝐬𝐭𝐚𝐧𝐭 𝐒𝐭𝐚𝐫𝐭 | 🚀10K/Day | ♻️30 Days Guarantee","1.26","0.9","50","1000000","wizsmm","cfd4953f-adbb-472b-9fac-3289ebbcc232"
"facebook","Facebook Live Stream Views - S4 [ 120 Minutes ]","29.33","20.95","50","2000","wizsmm","d015f75a-1919-4080-a80d-fa305f643f37"
"facebook","Facebook Post Likes [Refill: 30D] [Max: 50k] [Start Time: 0-3 Hrs] [Speed: 10K/Day]","1.4","1","30","10000","wizsmm","e719a8d7-882c-4318-9cff-54273aecaa9e"
"facebook","Facebook Post Likes [Refill: No] [Max: 30K] [Start Time: 0-1 Hr] [Speed: 15K/D]","1.3836","0.9883","10","50000","wizsmm","e8138d2b-cfa2-4821-9844-76f445aec93b"
"facebook","Facebook Video Views [15 Seconds] [Refill: No] [Max: 10M] [Start Time: 1 Hour] [Speed: Up to 100K/Day]","0.5915","0.4225","500","10000000","wizsmm","e83e7040-e8e7-4922-8689-918d34ebe477"
"facebook","💬 Facebook Comments[POST LINK ONLY] [Custom] [PHILIPPINES] [⚡️Speed:1K-5K/Day] [🎯Instant]","67.144","47.96","10","500","wizsmm","d2986179-83ad-490a-a508-9131909efc3c"
"facebook","Facebook Video Views [Super Fast] [Millions Daily] [Instant]","0.14","0.1","100","100000000","wizsmm","d2f22b7e-46cd-4a3f-a18c-2bfd832346d1"
"facebook","Facebook Followers [High Quality] [30 Days Refill] [100K/D] [Instant]","0.952","0.68","50","100000","wizsmm","d30fa337-355a-4b7c-83d0-a5f64ae004c9"
"facebook","Facebook Comments [Custom] [USA] [Max:1K] [Refill: 30 Days] [Start Time: 1-12 Hour] [Speed:200/Day]","141.12","100.8","1","1000","wizsmm","d387218b-2f0a-4372-838d-5c6a0003f947"
"facebook","Facebook Post Likes [EMOTICONS] [HAHA 😂] [Refill: 30 Days] [Max: 5K] [Start Time: 1 Hour] [Speed: INSTANT] ♻️","2.45","1.75","100","2000","wizsmm","e8eecd63-43cc-4c64-9f95-8ade6a02eef1"
"facebook","Facebook Followers [Profile] [Worldwide] [Max:100K] [Refill: 30 Days] [Start Time: 1-6 Hour] [Speed:2K/Day]","1.274","0.91","25","100000","wizsmm","e934e118-148c-48b6-8ba3-dfdef2221298"
"facebook","Facebook Page Likes + Followers [NO REFILL] [Max: 500K] [Start Time: 0 - 3 Hrs] [Speed: 50K/Day]","0.8894","0.6353","100","1000000","wizsmm","ea155304-6d5b-45e3-8ade-2a5377b17da4"
"facebook","Netherlands Traffic from Facebook","0.56","0.4","500","1000000","wizsmm","d3b0dd79-fdee-4585-9321-c224c7665022"
"facebook","Facebook Post Likes [10K] [ Instant ] [ANGRY React-😡]  Lifetime~100% Nondrop","0.826","0.59","50","50000","wizsmm","d982ce09-f3cb-46db-a00a-aa11002df576"
"facebook","🇵🇭 Facebook - Post Likes (𝐀𝐥𝐥 𝐋𝐢𝐧𝐤𝐬) Philippines - Non Drop - 200-300/Day | 30 Days Refill","11.004","7.86","50","10000","wizsmm","d4db526f-38ad-4b7f-b196-bfcd31fbbd54"
"facebook","Facebook Event Interested [ Non Drop ] [ 1-5k/day ] 0-10 Hrs","2.436","1.74","100","100000","wizsmm","d4fff712-2344-46e1-8e9c-c8f340b905ba"
"facebook","Facebook Auto Post Likes [PAGES ONLY] [Refill: No] [Max: 100K] [Start Time: 0-1 Hour] [Speed: Up to 20K/Day]","0.42","0.3","10","200000","wizsmm","ecf063d3-7d89-43a7-beb0-a78d5ff637d2"
"facebook","Facebook Followers [Refill: 7D] [Max: 2M] [Start Time: 0-2 Hrs] [Speed: 40K/D] ⛔️💧","0.9765","0.6975","100","1000000","wizsmm","ecf16ed6-7cd9-4e10-8040-00026fc6a615"
"facebook","Facebook Video Views [30 Seconds] [Max: 1M] [Start Time: 0-1 Hr] [Speed: 50K/Day] 💧","1.183","0.845","500","20000000","wizsmm","eda4a415-72c0-4757-a284-d1751e33567e"
"facebook","Finland Traffic from Facebook","0.56","0.4","500","1000000","wizsmm","d54e856e-c7e7-427d-a206-1ea7bff75ecb"
"facebook","🇯🇵 Facebook - 𝐂𝐨𝐦𝐦𝐞𝐧𝐭 React 𝐇𝐚𝐇𝐚 (😆😆😆) - Japan - Non Drop - 200-300/Day | 30 Days Refill","9.562","6.83","50","10000","wizsmm","d5fd99ab-21b4-4f13-856c-90f7e542eb6b"
"facebook","Facebook Live Stream Views - S7 [ 240 Minutes ]","35.126","25.09","20","20000","wizsmm","d6038436-15f1-46b8-abc5-16a622a1875a"
"facebook","🇵🇭 Facebook - 𝗣𝗼𝘀𝘁 (𝐑𝐚𝐧𝐝𝐨𝐦 𝗖𝗼𝗺𝗺𝗲𝗻𝘁𝘀) - 𝑴𝒂𝒍𝒆 𝑷𝒓𝒐𝒇𝒊𝒍𝒆 👦 - Philippines - Non Drop - 100-200/Day | 30 Days Refill","23.38","16.7","5","1000","wizsmm","d6e9cf7c-7a6d-469a-a949-237c884d6b35"
"facebook","Live Facebook Views [Stay 24 hours] [⚡Instant]  [⭐Guaranteed Direct]  [MIN 10]","219.1","156.5","10","1000","wizsmm","d8006e42-7739-40b4-9ebc-9b19ac9790a5"
"facebook","Facebook Post Likes [ High Quality ] [ Instant Start ] [ 100% Non Drop ]","0.42","0.3","10","100000","wizsmm","d8404db7-2319-4212-b5ca-096470d37427"
"facebook","Facebook Page Likes [🇺🇸US🇺🇸] [BLACK ] [REAL] [NON DROP] [Start Time: 0-24 Hours]","11.466","8.19","10","500","wizsmm","d86e07c8-ba5e-446a-938d-7a2f9080646d"
"facebook","Facebook Post Reaction | Max 100K | Haha 😀 | Instant Start | No Refill | Speed: 20K/Day","0.672","0.48","10","100000","wizsmm","d87d73ba-e8ef-4873-8795-1ef16b1c8af2"
"facebook","Facebook Followers | HQ+Real | Low Drop | Day 50K | No Refill","0.56","0.4","10","500000","wizsmm","d9538bd1-c073-455c-af98-4773cd06779b"
"facebook","Facebook Profile / Page Followers - [ Max - 100K ] [ Non Drop, 1k-2k/day  ] [ 60 Days Guaranteed ] 12-24 HRS","3.36","2.4","1000","20000","wizsmm","d959710e-932b-4123-ad11-5f66c170d553"
"facebook","Facebook 60K Offline Minutes [Monetization] [24-48 Hours Delivery]","1.498","1.07","1000","1000","wizsmm","d972e921-0335-4fcf-aa80-0b311f096b23"
"facebook","Live Facebook Views [Stay 4 hours] [⚡Instant]  [⭐Guaranteed Direct]  [MIN 10]","30.408","21.72","10","1000","wizsmm","d9781ffc-7b78-4bdb-8a85-85d98448c2c3"
"facebook","🇦🇪 Facebook - 𝐂𝐨𝐦𝐦𝐞𝐧𝐭 React 𝐒𝐚𝐝 (😢😢😢) - United Arab Emirates - Non Drop - 200-300/Day | 30 Days Refill","11.004","7.86","50","10000","wizsmm","da190bda-ec98-47a9-b0b8-18d9642a039f"
"facebook","Argentina Traffic from Facebook","0.56","0.4","500","1000000","wizsmm","da235b45-03ce-46a1-9697-b6f814041823"
"facebook","Facebook Page Likes [🇹🇭Thailand🇹🇭] [30 Days Refill] 100-1K/D] [0-8/H]","3.136","2.24","100","50000","wizsmm","dad463b2-02c7-48e2-8335-f72286def195"
"facebook","🇵🇭 Facebook 𝐆𝐫𝐨𝐮𝐩 𝐌𝐞𝐦𝐛𝐞𝐫𝐬 - Philippines - Non Drop - 200-500/Day | 30 Days Refill","16.506","11.79","50","10000","wizsmm","dada8a42-486b-4e57-9b7f-1ecb0b1b5c5e"
"facebook","🇺🇸 Facebook Post Likes [ Max - 1k ] [ 30 Days Refill ] 1-12 HRS","11.466","8.19","25","3000","wizsmm","dc062e04-cbf4-4627-8c6b-198cab4875a3"
"facebook","Facebook Live Stream Views - [ 60 Minutes ]","4.396","3.14","50","2000","wizsmm","dc410e49-36b8-4d39-b3be-fad37b40372e"
"facebook","Facebook 𝙂𝙧𝙤𝙪𝙥 𝙈𝙚𝙢𝙗𝙚𝙧𝙨 𝐑𝐞𝐚𝐥 [ Nondrop ] [ Speed : 4k-5k/D [ Lifetime Guarantee ]","1.974","1.41","100","150000","wizsmm","dd522a04-bc91-4c68-9fbf-7f135b1be867"
"facebook","Facebook Post Likes [EMOTICONS] [SAD 😢] [Refill: NO] [Max: 20K] [Start Time: 1 Hour] [Speed: 10K/DAY] 🔥","0.3454","0.2467","10","200000","wizsmm","f3c97c56-a52e-41d7-b544-09fdd1ed91ec"
"facebook","Facebook Post Likes [Refill: No] [Max: 100K] [Start Time: 0-1 Hour] [Speed: Up to 20K/Day]","0.8837","0.6312","10","200000","wizsmm","f4070873-bf01-4ffa-a93d-3e6d3a778453"
"facebook","Facebook Live Stream Views - S1 [ 270 Minutes ]","133.756","95.54","50","2000","wizsmm","dd7f3007-c84d-48ad-848c-07e2a6e4350f"
"facebook","Facebook Page Reviews [🇹🇭Thailand🇹🇭] [30 Days Refill] 100-1K/D] [0-8/H]","43.82","31.3","100","50000","wizsmm","dd80bef7-ddc9-46ae-9b78-c06f8fe3e7da"
"facebook","Facebook 60K Minutes [Monetization] [50-100K/D] [0-48/H] [120+ Minutes]","1.414","1.01","1000","1000","wizsmm","dd8bc18b-6ed9-46a5-8ec1-45e03ffc2c5a"
"facebook","Facebook Post Share - [ Overflow ] [ 1k/day ] [ Accepted All Links ]  [ 1k/day ] [ 60 Days Refill ] INSTANT","8.134","5.81","25","300000","wizsmm","dee1fcc7-b070-4350-aa58-5c5350c0b731"
"facebook","Facebook Live Stream Views [Max: 20K] [Stay: 4 Hrs] [Start Time: INSTANT]","22.4","16","10","50000","wizsmm","f6032824-f8f3-4c2e-9ab0-2c0fc2306423"
"facebook","Facebook Post Shares [Max: 1M] [Refill: No] [Start Time: 0 - 3 Hours] [Speed: 500K/Day]","1.476","1.0543","10","10000000","wizsmm","f7128c2a-c89d-419d-8754-2eb88bec18c7"
"facebook","Facebook Live Stream Views [Max: 20K] [Stay: 6 Hrs] [Start Time: INSTANT]","33.6","24","10","50000","wizsmm","f718d41b-2592-4d7a-8791-3254733e2010"
"facebook","🇨🇦 Facebook - 𝐂𝐨𝐦𝐦𝐞𝐧𝐭 React 𝐋𝐨𝐯𝐞 (❤️❤️❤️) - Canada - Non Drop - 200-300/Day | 30 Days Refill","8.134","5.81","50","10000","wizsmm","dfbd3a31-26d6-45c8-a2db-79cc10715475"
"facebook","Facebook Post Reaction | Max 100K |  Wow 😲  | Instant Start | No Refill | Speed: 20K/Day","0.672","0.48","10","100000","wizsmm","e0836f31-6ee4-4b7b-b352-e3fcb3556a8f"
"facebook","Facebook Group Members - [ 1-3K/day ] [ 30 Days Refill ] 0-12HRS","2.156","1.54","100","100000","wizsmm","e1403618-860f-441d-abfe-543d8daa3834"
"facebook","Facebook Post Likes [EMOTICONS] [HAHA 😀] [Refill: NO] [Max: 20K] [Start Time: 1 Hour] [Speed: 10K/DAY] 🔥","0.3454","0.2467","10","200000","wizsmm","f7f7f453-1003-4164-abce-8576bd9e5d02"
"facebook","Facebook Post Reaction [😮WoW😮] [🇹🇭Thailand🇹🇭] [Refill: No] [Start Time: 1 - 12 Hour] [Speed:100/Day]","1.344","0.96","100","50000","wizsmm","e19c76bc-734d-402e-bdb3-cfe317c6687e"
"facebook","🇫🇷 Facebook - 𝗣𝗼𝘀𝘁 (𝗘𝗺𝗼𝗷𝗶 𝗖𝗼𝗺𝗺𝗲𝗻𝘁𝘀) - France - Non Drop - 100-200/Day | 30 Days Refill","21.7","15.5","5","1000","wizsmm","e260b24e-149a-45de-98ab-a989dc6bf567"
"facebook","Facebook Page Review - [ Yes Recommend, With Custom Comments ] [ 100/day ] INSTANT-6HRS","17.57","12.55","10","1000","wizsmm","e2821df5-b660-48cd-a1d1-48ae307d64a1"
"facebook","Facebook Page Likes + Followers - [ Max - 1M ] [ 2k-3k/day ] [ 30 Days Guaranteed ] 1-2 HRS","1.89","1.35","10","100000000","wizsmm","e29d09c7-1ae3-45a6-8d06-d34706c77a0b"
"facebook","Facebook Reels Views [Max: 1M] [Start Time: 0-1 Hr] [Speed: Up to 200K/D] 💧","0.1225","0.0875","100","1000000","wizsmm","f9c10d78-88d6-4849-b358-bfff5d549b59"
"facebook","Facebook Live Stream Views [Max: 2K] [Stay: 60 Minutes] [Start Time: INSTANT]","4.5343","3.2388","10","500","wizsmm","fa43becb-ea4e-4feb-83e9-6a12e9c6d73f"
"facebook","Facebook Live Stream Views [Max: 500] [Stay: 50 Minutes] [Start Time: INSTANT]","37.786","26.99","20","500","wizsmm","fa9337aa-d04e-4b24-bfe3-66f8ca4e36cd"
"facebook","🇨🇦 Facebook - Post React 𝐒𝐚𝐝 (😢)	 - Canada - Non Drop - 200-300/Day | 30 Days Refill","8.134","5.81","50","10000","wizsmm","e3f19121-ad09-425d-82ee-ff98ab2ffe71"
"facebook","🇧🇷 Facebook - 𝗣𝗼𝘀𝘁 (𝐑𝐚𝐧𝐝𝐨𝐦 𝗖𝗼𝗺𝗺𝗲𝗻𝘁𝘀) - 𝐅𝐞𝐦𝐚𝐥𝐞 𝐏𝐫𝐨𝐟𝐢𝐥𝐞 💁‍ - Brazil - Non Drop - 100-200/Day | 30 Days Refill","20.328","14.52","5","1000","wizsmm","e494182a-292d-473b-9c4d-5a59bfbbb5e9"
"facebook","Facebook Live Stream Views - [ Stay 2 Hour ] INSTANT","8.96","6.4","200","10000","wizsmm","e4be00ba-fe4e-4e08-821f-9cd867c13fc6"
"facebook","Facebook All in One - Accept Any Link [No Drop] [Lifetime Guarantee] [5-10K/D] [Start 3 Hours]","1.008","0.72","100","1000000","wizsmm","e4dfdbfd-f8fd-4582-a0d2-f96f48339236"
"facebook","Facebook Post Likes [Refill: No] [Max: 10K] [Start Time: 1 Hour] [Speed: INSTANT] 💧","2.8392","2.028","50","5000","wizsmm","fbc09183-8de4-4ba8-886f-12dccbffe46d"
"facebook","Facebook Live Stream Views [Max: 10K] [Stay: 270 Minutes] [Start Time: INSTANT]","12.285","8.775","50","10000","wizsmm","fc002a8c-c924-44de-a5b6-b75d258eaf6f"
"facebook","Facebook Story Views [Max: 100K] [Start Time: 0-1 Hr] [Speed: 10K/Hr] 💧","2.0331","1.4522","100","20000","wizsmm","fc494192-d809-4781-ae69-a625d88d19f0"
"facebook","🇳🇬 Facebook - Post Likes (𝐀𝐥𝐥 𝐋𝐢𝐧𝐤𝐬) Nigeria - Non Drop - 200-300/Day | 30 Days Refill","9.632","6.88","50","10000","wizsmm","e5573565-f3a5-4336-ad1c-c0d7014a2de0"
"facebook","Facebook Live Organic Viewers | Max 100K | 100% Concurrent | 330 Minutes","25.872","18.48","10","30000","wizsmm","e63058a7-230f-4931-8240-50bccd652ec9"
"facebook","Facebook Post Likes [EMOTICONS] [WOW 😲] [Refill: NO] [Max: 20K] [Start Time: 1 Hour] [Speed: 10K/DAY] 🔥","0.3454","0.2467","10","200000","wizsmm","fe47eaa6-e65d-4044-9c93-f9294a723d67"
"facebook","Facebook Post Reaction ANGRY [🇩🇪GERMANY🇩🇪] [PAGE/Profile] [NON DROP] [Start Time: 0-24 Hours]","11.466","8.19","10","500","wizsmm","e747ffa9-8a6f-4ba8-b288-37632d3954f5"
"facebook","🇳🇬 Facebook - 𝐂𝐨𝐦𝐦𝐞𝐧𝐭 React 𝐂𝐚𝐫𝐞 (🥰🥰🥰) - Nigeria - Non Drop - 200-300/Day | 30 Days Refill","9.632","6.88","50","10000","wizsmm","e75d8bb8-6c6c-4976-ba74-aae77b20818a"
"facebook","Facebook page likes + Followers [ Max - 100k ] [ 500-1k/day ] [ Lifetime Guaranteed ] INSTANT","2.044","1.46","100","100000","wizsmm","e78d839b-3ccd-4ea0-aac8-3e94e7a84d22"
"facebook","Facebook Photo/Post Shares [Refill: No] [Max: 50K] [Start Time: 0 - 2 Hrs] [Speed: Up to 3K/Day]","0.14","0.1","100","2147483647","wizsmm","bda754f7-a0b1-4c65-bf32-67219c777523"
"facebook","Facebook Video Views [3 Seconds] [Max: 1M] [Start Time: 0-1 Hr] [Speed: 1M/Day] 💧","0.3983","0.2845","100","10000000","wizsmm","ff826a58-6619-47c1-b821-3ad26016a1f7"
"facebook","Facebook Custom Comments [ Max - 1k ] 0-6 HRS","28","20","10","100","wizsmm","e87dfab3-bfcd-403d-923e-b479828fc532"
"facebook","🇨🇦 Facebook - 𝗣𝗼𝘀𝘁 (𝗖𝘂𝘀𝘁𝗼𝗺 𝗖𝗼𝗺𝗺𝗲𝗻𝘁𝘀) - Canada - Non Drop - 100-200/Day | 30 Days Refill","20.342","14.53","5","1000","wizsmm","e8ab21e1-a7bb-422c-8568-bd08bcd43349"
"facebook","Turkey Traffic from Facebook [LQ]","0.238","0.17","88","88888888","wizsmm","e9b0ba90-3548-475b-928d-68b83023cd37"
"facebook","Facebook Live Stream Views [Max: 20K] [Stay: 90 Minutes] [Start Time: INSTANT]","7.35","5.25","10","20000","wizsmm","e9d74dc7-c179-4747-8165-d32d3c9c41cf"
"facebook","Facebook Profile Followers [USA] [Insights Europe] [High Quality] [30 Days Refill] [30K] [Instant]","10.08","7.2","50","1000","wizsmm","cf12c1f6-9108-47cc-ade6-f38ec0bd61a0"
"facebook","🇲🇾 Facebook - 𝐂𝐨𝐦𝐦𝐞𝐧𝐭 React 𝐋𝐨𝐯𝐞 (❤️❤️❤️) - Malaysia - Non Drop - 200-300/Day | 30 Days Refill","9.632","6.88","50","10000","wizsmm","cf153e5e-639a-42c0-a217-20ecc36de6f7"
"facebook","🇲🇾 Facebook - 𝐄𝐯𝐞𝐧𝐭 𝐉𝐨𝐢𝐧 (𝐆𝐨𝐢𝐧𝐠) - Malaysia - Non Drop - 200-300/Day | 30 Days Refill","13.762","9.83","50","10000","wizsmm","cf64e43b-3a23-4d3e-9b49-961d3e74df16"
"facebook","Facebook Live Stream Views - S4 [ 90 Minutes ]","21.952","15.68","50","2000","wizsmm","cf7626c8-966b-476c-95ae-cc3e28bbbc03"
"facebook","Facebook Post Love Reaction [🇵🇭Philippines🇵🇭] [30 Days Refill] [100/D] [0-12/H]","3.864","2.76","25","100","wizsmm","d057952e-0f00-4da9-86e8-c3d1d03058fc"
"facebook","♛ Facebook Video / Reels Views [ 1 Min ] [ 100k+/day ] 0-1 HRS","0.392","0.28","500","10000000","wizsmm","d074b18e-1460-41d5-b1c8-ee995b487fbd"
"facebook","Facebook All Type Page Likes and Followers [English Names] [Cancel Enabled Working] [High Quality] [30 Days Refill] [30K] [Instant]","6.664","4.76","10","10000","wizsmm","d1067ffd-c3d2-456f-854f-992759f2a3df"
"facebook","Facebook Live Stream Views - S6 [ 150 Minutes ]","12.866","9.19","30","5000","wizsmm","d12bf3e4-aea2-4951-b1aa-79b9b1db74cb"
"facebook","Facebook Emotion Sad [🇺🇸US🇺🇸 Black] 𝗥𝗘𝗙𝗜𝗟𝗟 30D | Start 0-24h","11.466","8.19","10","500","wizsmm","d130678b-4101-4922-b25b-6e8c89333259"
"facebook","Facebook Live Stream Views [Max: 10K] [Stay: 15 Minutes] [Start Time: INSTANT]","1.232","0.88","10","20000","wizsmm","d3477b24-9ab9-40d1-962d-8b37e7a682be"
"facebook","Facebook Group Member [USA] [Max:3.5K] [Refill: 30 Days] [Start Time: 1 - 12 Hour] [Speed:500/Day]","14.112","10.08","5","3500","wizsmm","d34f7073-6df4-4f57-84c1-2fc9934bc40e"
"facebook","Facebook Live Organic Viewers | Max 100K | 100% Concurrent | 30 Days","3386.88","2419.2","10","30000","wizsmm","d36f7f2a-ede3-400c-89ee-f78d368eade5"
"facebook","🔵Facebook - PHOTO/POST  Love React❤️ [100%PHILIPPINES🇵🇭]  [⚡️Speed:10K/Day] [🎯Instant]🔥FAST🔥","5.292","3.78","100","1000","wizsmm","d45683e8-32cc-4a14-8a61-edcf6ca285e7"
"facebook","🇩🇪 Facebook - 𝐏𝐨𝐬𝐭/𝐕𝐢𝐝𝐞𝐨 𝐒𝐡𝐚𝐫𝐞 (𝐀𝐥𝐥 𝐋𝐢𝐧𝐤𝐬) Germany - Non Drop - 200-300/Day | 30 Days Refill","19.264","13.76","50","10000","wizsmm","d60d4ced-3672-476d-833a-222cfe85a437"
"facebook","Facebook Post Reaction HAHA [🇮🇹ITALY🇮🇹] [PAGE/Profile] [NON DROP] [Start Time: 0-24 Hours]","11.466","8.19","10","500","wizsmm","d62020c7-4457-46f6-8f7f-5f0ba1536a88"
"facebook","Facebook Views [Extreme Speed] [Millions Daily] [Fast Start]","0.084","0.06","100","10000000","wizsmm","d6488595-7e7a-496e-a54d-64181d1bcb69"
"facebook","Facebook Post Likes [🇫🇷FRANCE🇫🇷] [PAGE/Profile] [NON DROP] [Start Time: 0-24 Hours]","11.466","8.19","25","500","wizsmm","d65d9b55-8ae0-4ebf-abf4-48b2d26d6baa"
"facebook","Facebook Live Stream Views - S2 [ 90 Minutes ]","9.408","6.72","50","2000","wizsmm","d68b20b7-a53d-4982-8ce5-304ec40e2098"
"facebook","Facebook Live Stream Views - S8 [ 240 Minutes ]","28.854","20.61","50","2000","wizsmm","d74825b4-2b6a-469b-a17e-030291306fea"
"facebook","Facebook Live Stream Views - [ Stay 2.5 Hour ] INSTANT","11.326","8.09","200","10000","wizsmm","d7c2da41-3f77-4785-bc34-24ae7b4076bc"
"facebook","Taiwan Traffic from Facebook","0.56","0.4","500","1000000","wizsmm","d7d3a7b6-7403-4e1c-b6af-44fe49eda5e3"
"facebook","Facebook Live Stream Views - S8 [ 120 Minutes ]","14.434","10.31","50","2000","wizsmm","d7eafa6d-1e72-46ae-9ab2-77c2e589687e"
"facebook","Facebook Live Stream Views - S3 [ 120 Minutes ]","13.496","9.64","50","10000","wizsmm","d80cdaf7-284c-46db-960c-f3f89faca4e1"
"facebook","🇧🇷 Facebook 𝐏𝐚𝐠𝐞 𝐑𝐞𝐯𝐢𝐞𝐰 (Yes-Recommendations) [𝐖𝐢𝐭𝐡 𝐂𝐮𝐬𝐭𝐨𝐦 𝐂𝐨𝐦𝐦𝐞𝐧𝐭𝐬] - Brazil - Non Drop - 100-200/Day | 30 Days Refill","23.058","16.47","5","1000","wizsmm","d88309ba-e2a0-4f99-9baa-0d4221d17e74"
"facebook","Facebook Philippines Costum Comments [High Quality] [Guarantee: 30 Days] [1-5K/D] [0-2/H]","40.32","28.8","1","10000","wizsmm","d88da497-0b50-42cc-b7ae-6b2f09366d81"
"facebook","🇳🇬 Facebook - Post React 𝐂𝐚𝐫𝐞 (🥰) - Nigeria - Non Drop - 200-300/Day | 30 Days Refill","9.632","6.88","50","10000","wizsmm","d8a5ee38-e35c-40cd-a71f-ce6d4397e1ff"
"facebook","Facebook Germany Post Shares [30 Days Refill] [100-200/D] [0-1/H]","14.112","10.08","5","2000","wizsmm","d994efb8-4f94-446d-9ac7-873c56738c6f"
"facebook","🇨🇦 Facebook Page Likes - Canada - Non Drop - 200-300/Day | 30 Days Refill","13.566","9.69","50","10000","wizsmm","d9a29620-f54e-42fd-9edd-d9f870b0c205"
"facebook","🇨🇦 Facebook - Post React 𝐇𝐚𝐇𝐚 (😆) - Canada - Non Drop - 200-300/Day | 30 Days Refill","8.134","5.81","50","10000","wizsmm","d9b673b6-cdcd-4e77-9e32-0541ef80007a"
"facebook","Facebook Post Reactions | 😮Wow | 🔥𝐈𝐧𝐬𝐭𝐚𝐧𝐭 𝐒𝐭𝐚𝐫𝐭 | 🚀10K/Day | ♻️30 Days Guarantee","1.26","0.9","50","1000000","wizsmm","d9f3c406-615b-4ba4-a84a-3d388de8736a"
"facebook","🇨🇦 Facebook - 𝐄𝐯𝐞𝐧𝐭 𝐉𝐨𝐢𝐧 (𝐈𝐧𝐭𝐞𝐫𝐞𝐬𝐭) - Canada - Non Drop - 200-300/Day | 30 Days Refill","12.208","8.72","50","10000","wizsmm","daf4f163-98d6-4a9a-b6ef-2d75f7796970"
"facebook","Facebook Post Reaction Care 🥰 [🇵🇭Philippines🇵🇭] [500-1K/D] [0-24/H]","4.718","3.37","100","5000","wizsmm","dbded6ec-5d7a-48b0-9c58-b9acc191aef6"
"facebook","Facebook Post Likes [10K] [ Instant ] [ Love React-❤️] Lifetime~100% NON DROP","0.826","0.59","50","50000","wizsmm","dc7aed59-e6c3-487a-8bdb-2e6217bbd5e5"
"facebook","🇦🇪 Facebook - 𝐏𝐨𝐬𝐭/𝐕𝐢𝐝𝐞𝐨 𝐒𝐡𝐚𝐫𝐞 (𝐀𝐥𝐥 𝐋𝐢𝐧𝐤𝐬) United Arab Emirates - Non Drop - 200-300/Day | 30 Days Refill","19.264","13.76","50","10000","wizsmm","dcdf652c-67ea-435c-9b9e-7252ecab783e"
"facebook","🇵🇭 Facebook - 𝗣𝗼𝘀𝘁 (𝐑𝐚𝐧𝐝𝐨𝐦 𝗖𝗼𝗺𝗺𝗲𝗻𝘁𝘀)  - Philippines - Non Drop - 100-200/Day | 30 Days Refill","22.008","15.72","5","1000","wizsmm","dd15f273-332b-4289-b235-773ba4f1ea9a"
"facebook","Facebook Page Likes and Followers [USA] [Insights Europe] [High Quality] [30 Days Refill] [30K] [Instant]","12.6","9","10","10000","wizsmm","dd1b20b4-4752-4962-9f89-c531edea06b8"
"facebook","Facebook Follows [ All type Works ] [ 30 days ] [ 20k Day ] [ 𝐆𝐨𝐨𝐝 𝐐𝐮𝐚𝐥𝐢𝐭𝐲 ]","1.33","0.95","10","1000000","wizsmm","de33a28b-939b-4f9d-8362-8b3bb17c6f20"
"facebook","🇧🇷 Facebook | Profile/Page - Followers - Brazil - Non Drop - 200-300/Day | 30 Days Refill","17.668","12.62","50","10000","wizsmm","de4e4f45-3f56-4e7e-b200-8e3e19ead56b"
"facebook","Facebook Post Reaction [Angry] [USA] [Max:3K] [Refill: 30 Days] [Start Time: 0 - 1 Hour] [Speed:300/Day]","14.112","10.08","10","3000","wizsmm","df1e61e5-b55b-4a2c-a22e-9771806f61f5"
"facebook","Facebook Live Organic Viewers | Max 100K | 100% Concurrent | 12 Hours","56.448","40.32","10","30000","wizsmm","df4c1fb4-e528-4fd1-9005-7f249adcc2b8"
"facebook","🇩🇪 Facebook - Post React 𝐋𝐨𝐯𝐞 (❤️) - Germany - Non Drop - 200-300/Day | 30 Days Refill","9.632","6.88","50","10000","wizsmm","df61d96d-2568-4965-8653-249d98843a49"
"facebook","Facebook 600K Minutes [ Monetization ] [ 1-3 Days Delivery ] [ 120+ Minutes ]","3.878","2.77","1000","1000","wizsmm","e09516e3-a5a6-46cf-9f57-60f4802c9f11"
"facebook","🇧🇷 Facebook - 𝗣𝗼𝘀𝘁 (𝐑𝐚𝐧𝐝𝐨𝐦 𝗖𝗼𝗺𝗺𝗲𝗻𝘁𝘀) - 𝑴𝒂𝒍𝒆 𝑷𝒓𝒐𝒇𝒊𝒍𝒆 👦 - Brazil - Non Drop - 100-200/Day | 30 Days Refill","20.328","14.52","5","1000","wizsmm","e0e4d0c5-e1cc-4ed0-b3ff-7590a4fc9dc9"
"facebook","Facebook Live Stream Views - S2 [ 120 Minutes ]","18.816","13.44","20","10000","wizsmm","e20e750c-3570-42d2-b8e1-99ba81d4f2e9"
"facebook","Facebook [🇺🇸US🇺🇸] Post Likes | Max 3k | 1k/days| 𝗥𝗘𝗙𝗜𝗟𝗟 30D | Start 0-24h","11.466","8.19","25","3000","wizsmm","e30dc415-29df-4439-be95-82cc79dbc077"
"facebook","Facebook Live Stream Views - S2 [ 300 Minutes ]","19.6","14","50","2000","wizsmm","e41abe26-bc56-4f4d-8a2e-5e2a15d31724"
"facebook","🇲🇾 Facebook - 𝐏𝐨𝐬𝐭/𝐕𝐢𝐝𝐞𝐨 𝐒𝐡𝐚𝐫𝐞 (𝐀𝐥𝐥 𝐋𝐢𝐧𝐤𝐬) Malaysia - Non Drop - 200-300/Day | 30 Days Refill","17.878","12.77","50","10000","wizsmm","e43202f4-a263-42a8-a480-71e7a3aef69c"
"facebook","FACEBOOK POST LIKE [USA] [MAX 1K]","2.982","2.13","100","1000","wizsmm","e4435953-8ba6-44c5-a9fb-a8f62ffe1bfd"
"facebook","Facebook Live Stream Views - S1 [ 60 Minutes ]","22.274","15.91","50","2000","wizsmm","e45ef483-1953-4724-b20f-cb75485c4468"
"facebook","Facebook Live Stream Likes [ Instant ]","1.736","1.24","50","20000","wizsmm","e461fb5c-9030-4201-a734-666cc167bda5"
"facebook","Facebook Emotion HaHa [🇺🇸US🇺🇸] 𝗥𝗘𝗙𝗜𝗟𝗟 30D | Start 0-24h","11.466","8.19","10","3000","wizsmm","e5937fe6-6a28-44c9-93a0-3084a63fb495"
"facebook","Facebook Live Stream Views - S1 [ 240 Minutes ]","124.656","89.04","50","2000","wizsmm","e5aa1d73-2c31-4f2f-ab66-b7599b833831"
"facebook","🔵Facebook - Like React 👍 [STRICTLY FOR POST] [100%PHILIPPINES🇵🇭]  [⚡️Speed:1K/Day] [🎯Instant] [SLOW\","6.678","4.77","100","1000","wizsmm","e5bf154c-0783-49fa-b611-d63c23f3f13e"
"facebook","🇩🇪 Facebook - 𝐄𝐯𝐞𝐧𝐭 𝐉𝐨𝐢𝐧 (𝐆𝐨𝐢𝐧𝐠) - Germany - Non Drop - 200-300/Day | 30 Days Refill","12.376","8.84","50","10000","wizsmm","e6e627b3-9c87-446f-97b6-2fd881283d8f"
"facebook","France Traffic from Facebook","0.56","0.4","500","1000000","wizsmm","e7c3bd15-8a20-44e6-8ce7-f370869b50e7"
"facebook","Facebook Marketplace add product to favorites","15.12","10.8","20","2000","wizsmm","e825224b-830a-4a29-9227-6db16c75c9b6"
"facebook","🇳🇬 Facebook Page Likes - Nigeria - Non Drop - 200-300/Day | 30 Days Refill","13.762","9.83","50","10000","wizsmm","e844c1d5-1d0c-4bd3-9553-7178e52c63c7"
"facebook","Facebook Post Reaction Heart ❤️ [🇵🇭Philippines🇵🇭] [500-1K/D] [0-24/H]","4.718","3.37","100","5000","wizsmm","e8c5eb82-6786-452e-91fd-d221b6fcc963"
"facebook","Facebook Live Stream Views - S8 [ 150 Minutes ]","18.032","12.88","50","2000","wizsmm","e90dad4b-736a-4cf1-8a17-eff8ce7c7346"
"facebook","Facebook Group Members [World Wide] [30 Days Refill] [30-50K/D] [0-2/H]","0.672","0.48","100","1000000","wizsmm","ea61fd0b-0251-4966-8027-035425bd647b"
"facebook","💬 Facebook Comments[ALL LINKS] [Custom] [PHILIPPINES] [⚡️Speed:10K/Day] [🎯Instant]","75.348","53.82","10","100","wizsmm","ea86c494-f8bc-417e-820d-a2a12f77d503"
"facebook","🇫🇷 Facebook - Post 𝐋𝐢𝐤𝐞𝐬 (👍) France - Non Drop - 200-300/Day | 30 Days Refill","10.85","7.75","20","10000","wizsmm","ebc78d12-a883-4650-b993-490eaa967f72"
"facebook","Facebook Post Likes |[🇺🇸US🇺🇸] Black]  𝗥𝗘𝗙𝗜𝗟𝗟 30D | Start 0-24h","11.466","8.19","10","500","wizsmm","ec0bd9bc-bf5c-4c6a-80b4-e4fb0fcdead7"
"facebook","Facebook Followers | HQ+Real | Low Drop | Day 50K | 365 Days Refill","0.91","0.65","10","500000","wizsmm","ec979350-ebe1-4481-a203-1713144e6369"
"facebook","🇯🇵 Facebook - 𝗣𝗼𝘀𝘁 (𝗘𝗺𝗼𝗷𝗶 𝗖𝗼𝗺𝗺𝗲𝗻𝘁𝘀) - Japan - Non Drop - 100-200/Day | 30 Days Refill","21.7","15.5","5","1000","wizsmm","ed5c06f8-8712-480d-896d-73153f39777b"
"facebook","♛ Facebook Video / Reels Views [ 3 Sec ] [ 100k+/day ] 0-1 HRS","0.126","0.09","500","10000000","wizsmm","ed72f8de-ef90-4eed-83d8-813afdca8cc3"
"facebook","Facebook Live Stream Views - S8 [ 45 Minutes ]","5.418","3.87","50","2000","wizsmm","ef5d9a4d-b174-4590-81fc-a5d305409ba0"
"facebook","Facebook All Type Followers [World Wide] [30 Days Refill] [50-100K/D] [Instant]","0.63","0.45","10","500000","wizsmm","ef5df96b-1f89-480e-88fc-2b2f9697d867"
"facebook","Vietnam Traffic from Facebook [LQ]","0.238","0.17","88","88888888","wizsmm","efac9087-db5f-49ae-9503-860e1e3f6efd"
"facebook","💬 Facebook Comments[POST/PHOTO] [Custom] [PHILIPPINES] [⚡️Speed:1K-5K/Day] [🎯Instant]","83.076","59.34","10","500","wizsmm","efbe0cf4-6108-44b4-9a16-910e3659121e"
"facebook","🇨🇦 Facebook - Post 𝐋𝐢𝐤𝐞𝐬 (👍) 𝐅𝐞𝐦𝐚𝐥𝐞 - Canada - Non Drop - 200-300/Day | 30 Days Refill","8.134","5.81","50","10000","wizsmm","f121f4fc-f9b3-489f-93d6-b73d402efb4a"
"facebook","Facebook Post Reaction WOW [🇫🇷FRANCE🇫🇷] [PAGE/Profile] [NON DROP] [Start Time: 0-24 Hours]","11.466","8.19","10","500","wizsmm","f1b33ae9-dc3d-4bcc-a10f-d0cb757b32c5"
"facebook","Canada Traffic from Facebook [LQ]","0.238","0.17","88","88888888","wizsmm","f2da770c-4689-462d-a026-45a924a1bab2"
"facebook","Facebook Live Stream Views - S7 [ 210 Minutes ]","30.744","21.96","20","20000","wizsmm","f31fa197-169c-43a3-92dc-1e674193d520"
"facebook","Facebook Live Stream Views - S1 [ 180 Minutes ]","89.068","63.62","50","2000","wizsmm","f3e6ed78-f66b-44c4-80af-9a41f184dab8"
"facebook","🇯🇵 Facebook 𝐅𝐫𝐢𝐞𝐧𝐝𝐬 𝐑𝐞𝐪𝐮𝐞𝐬𝐭 - Japan - Non Drop - 200-500/Day | 30 Days Refill","21.7","15.5","50","5000","wizsmm","f3ffacb3-cf25-49a1-a0be-139108e3223a"
"facebook","Facebook Live Stream Views - [ Stay 3 Hour ] INSTANT","13.44","9.6","200","10000","wizsmm","f4e7dfd4-4d26-4658-860b-d0800eafceed"
"facebook","Facebook Group Members [English Names] [Cancel Enabled Working] [High Quality] [30 Days Refill] [30K] [Instant]","9.282","6.63","10","10000","wizsmm","f53bad81-d217-45b5-82a1-798f5533ee1b"
"facebook","Facebook Live Stream Views - S1 [ 90 Minutes ]","29.638","21.17","50","2000","wizsmm","f6ae4f72-e728-43a4-b006-f5d0739e6640"
"facebook","Facebook All Type Page Likes and Followers [World Wide] [60 Days Refill] [50-100K/D] [Instant]","1.092","0.78","10","500000","wizsmm","f6ba1477-8dc5-4adb-b59a-266663f6f6b5"
"facebook","Facebook Page Likes and Followers [World Wide] [30 Days Refill] [5-10K/D] [0-2/H]","0.378","0.27","100","1000000","wizsmm","f6e2689e-bd1f-4549-b23c-937e2c3d2dff"
"facebook","Facebook Post Shares - [  Max - 20k ] [ 1k/day ] [ R30 ] 0-6 Hrs","3.248","2.32","100","10000000","wizsmm","f7c992c6-cdfa-44b7-9371-c9a37d5b5d4a"
"facebook","Facebook Page Likes and Followers All Types [High Quality] [Real] [90 Days Refill] [50-100K/D] [0-1/H] [Different Service]","1.848","1.32","100","500000","wizsmm","f96370fb-0d39-44a0-b1e0-c74d5ae83a7f"
"facebook","🇨🇦 Facebook - Post 𝐋𝐢𝐤𝐞𝐬 (👍) Canada - Non Drop - 200-300/Day | 30 Days Refill","8.134","5.81","50","10000","wizsmm","f9b9d857-192b-4aa4-962e-e2e0ee8b9e56"
"facebook","Facebook Live Stream Views - S2 [ 30 Minutes ]","2.352","1.68","50","2000","wizsmm","f9e67c0d-a533-45db-829e-c4888b670bcd"
"facebook","🇫🇷 Facebook - Post React 𝐋𝐨𝐯𝐞 (❤️) - France - Non Drop - 200-300/Day | 30 Days Refill","10.85","7.75","20","10000","wizsmm","fa872351-fa3e-4fee-b671-b4f1dee49667"
"facebook","Facebook Live Organic Viewers | Max 100K | 100% Concurrent | 240 Minutes","18.816","13.44","10","30000","wizsmm","fad6ec7e-ec18-43bc-9216-258e6095e13c"
"facebook","🇳🇬 Facebook - Post 𝐋𝐢𝐤𝐞𝐬 (👍) 𝑴𝒂𝒍𝒆 - Nigeria - Non Drop - 200-300/Day | 30 Days Refill","9.632","6.88","50","10000","wizsmm","faf44bca-398f-4af0-bcca-c753de868baf"
"facebook","Facebook Live Stream Views - S4 [ 300 Minutes ]","73.416","52.44","50","2000","wizsmm","fbd13963-1f0a-4d2b-97a7-c50ccb98f5cb"
"facebook","Facebook Live Stream Views - S8 [ 30 Minutes ]","3.612","2.58","50","2000","wizsmm","fc2d4080-dd7a-40ea-b374-0a189d473d97"
"facebook","Facebook Live Stream Views - [ 300 Minutes ]","78.4","56","20","10000","wizsmm","fc4b1d74-f4a9-4964-847b-7b9c34bd7f68"
"facebook","Facebook Followers [High Quality] [60 Days Refill] [100K/D] [Instant]","1.008","0.72","50","100000","wizsmm","fd863d41-ce0a-4420-aa8f-936499ca85a8"
"facebook","Facebook Page Reviews [🇵🇭Philippines🇵🇭] (𝐘𝐞𝐬-𝐑𝐞𝐜𝐨𝐦𝐦𝐞𝐧𝐝𝐚𝐭𝐢𝐨𝐧𝐬) [𝐖𝐢𝐭𝐡 𝐂𝐮𝐬𝐭𝐨𝐦 𝐂𝐨𝐦𝐦𝐞𝐧𝐭𝐬] [500-1K] [0-12/H]","84.056","60.04","10","100","wizsmm","fe9f015f-8ade-413b-b4a9-395265a1f0e1"
"facebook","Facebook Video Views - [ 5k/day ] 0-24 HRS","0.168","0.12","100","10000000","wizsmm","fea33042-fb7f-4b72-83a8-2d5e7b0d1f99"
"facebook","🇵🇭 Facebook - Post 𝐋𝐢𝐤𝐞𝐬 (👍) 𝑴𝒂𝒍𝒆 - Philippines - Non Drop - 200-300/Day | 30 Days Refill","11.004","7.86","50","10000","wizsmm","fec28342-ab37-4361-aeb3-80ed6f24dedb"
"facebook","🔵Facebook - PHOTO/POST  Angry React😡[100%PHILIPPINES🇵🇭] [⚡️Speed:10K/Day] [🎯Instant]🔥FAST🔥","5.292","3.78","100","1000","wizsmm","ea0a8c1a-c3dd-4251-abc3-2eb71452a9e6"
"facebook","Facebook Live Stream Views - S4 [ 240 Minutes ]","58.66","41.9","50","2000","wizsmm","eb097375-4235-4272-a62f-21de32add143"
"facebook","Facebook Emotion Wow [🇺🇸US🇺🇸] 𝗥𝗘𝗙𝗜𝗟𝗟 30D | Start 0-24h","11.466","8.19","10","3000","wizsmm","eb4e389e-09a6-4b97-a1f0-ac21a87e3acd"
"facebook","Facebook Live Stream Views - S8 [ 210 Minutes ]","25.256","18.04","50","2000","wizsmm","eb593f4d-957a-41b2-8a3b-c110d2902f43"
"facebook","🇨🇦 Facebook - 𝐂𝐨𝐦𝐦𝐞𝐧𝐭 React 𝐇𝐚𝐇𝐚 (😆😆😆) - Canada - Non Drop - 200-300/Day | 30 Days Refill","8.134","5.81","50","10000","wizsmm","f4b43e36-86db-4dd9-bccd-fcda38721139"
"facebook","🇲🇾 Facebook Page Likes - Malaysia - Non Drop - 200-300/Day | 30 Days Refill","17.878","12.77","50","10000","wizsmm","f4c51b4f-1fd0-4f1e-8e73-d47320b6bdb9"
"facebook","Netherlands Traffic from Facebook [LQ]","0.238","0.17","88","88888888","wizsmm","f5ecfc38-552d-4034-8732-1c926b7fbb76"
"facebook","Facebook All Type Page Likes and Followers [World Wide] [90 Days Refill] [50-100K/D] [Instant]","1.176","0.84","10","500000","wizsmm","f5f72ffc-25f7-4a1c-ba82-16875944f2c1"
"facebook","Facebook All Type Page Likes and Followers [World Wide] [365 Days Refill] [50-100K/D] [Instant]","1.26","0.9","10","500000","wizsmm","f6502e72-aba8-4ddc-872e-1fb0c79962f4"
"facebook","Facebook Video / Reels Views [10 Min] [100K+/D] [0-1/H]","4.914","3.51","500","10000000","wizsmm","f72ccf25-a8e3-4c02-aebb-d5c3b0e747ea"
"facebook","UK Traffic from Facebook","0.56","0.4","500","1000000","wizsmm","f878b7b0-5b6e-4dd6-a607-490525bc9f70"
"facebook","🇧🇷 Facebook - Post 𝐋𝐢𝐤𝐞𝐬 (👍) 𝐅𝐞𝐦𝐚𝐥𝐞 - Brazil - Non Drop - 200-300/Day | 30 Days Refill","10.85","7.75","50","10000","wizsmm","f8a5984e-2fb2-48aa-b1fa-a81cd9cfd876"
"facebook","Japan Traffic from Facebook [LQ]","0.238","0.17","88","88888888","wizsmm","f911748c-8ab8-4dc4-8145-b965cad55709"
"facebook","Facebook Emotion Angry [🇺🇸US🇺🇸 Black] 𝗥𝗘𝗙𝗜𝗟𝗟 30D | Start 0-24h","11.466","8.19","10","500","wizsmm","fa2d6b29-a01e-4f09-9cbe-d8a097727760"
"facebook","🇩🇪 Facebook - Post React 𝐒𝐚𝐝 (😢)	 - Germany - Non Drop - 200-300/Day | 30 Days Refill","9.632","6.88","50","10000","wizsmm","fb28c253-a232-460e-a5b5-92ece68d501b"
"facebook","Facebook Indian Group Members [No Drop] [Lifetime Guarantee] [5-10K/D] [Start 3 Hours]","1.68","1.2","100","100000","wizsmm","fb2cbcbc-7921-4521-82d5-c33ebc5cf993"
"facebook","♛ Facebook Video / Reels Views [ 10 Sec ] [ 100k+/day ] 0-1 HRS","0.266","0.19","500","10000000","wizsmm","fc9a5918-1aab-4568-a326-4f2e40a5ead5"
"facebook","Facebook Live Stream Views - S8 [ 270 Minutes ]","32.466","23.19","50","2000","wizsmm","fcdc8a80-0941-483f-ac2c-e54ad8bc83a4"
