"platform","name","rate_per_1k","cost_per_1k","min_qty","max_qty","provider","id"
"instagram","Instagram Germany Male Story Views + Likes [ All Stories ] [ Real ]","13.888","9.92","30","100","wizsmm","0053fdfc-7408-4283-b108-6cbe9887f9d0"
"instagram","🇹🇷 Instagram Turkish Female Likes | 30 Days Refill  | %100 Turkish Users 🇹🇷 | 10K Per Hour","2.142","1.53","20","150000","wizsmm","01426dc3-a392-4ac2-b7e9-2a228e32153f"
"instagram","🇩🇪 Instagram Germany Custom Comments – [ Non-Drop ] [ Authentic Service ] [ Female ] NO REFILL","193.62","138.3","5","500","wizsmm","01cec774-a6cd-48c5-aea3-0be69280566a"
"instagram","🇩🇪 Instagram Germany Custom Comments – [ Non-Drop ] [ Authentic Service ] [ Mixed ] NO REFILL","193.62","138.3","5","1000","wizsmm","02243898-88ec-4674-b9e0-78ef51ff9ba1"
"instagram","Instagram France Costum Comments [High Quality] [30 Days Refill] [200] [0-8/H]","27.72","19.8","5","100000","wizsmm","0275ce35-2ea3-40bd-9e67-34551376f010"
"instagram","Instagram Emoji Comments [ Max 10K ] [ Daily 10K ] [ Instant Start ] [ Cancel Button ] [ ⚠️No Refill ]","0.84","0.6","10","10000","wizsmm","03b82299-0ad5-4434-b56d-779db5c9cf6f"
"instagram","Instagram Story Views + Reach and Impressions [ ALL ]","0.238","0.17","10","5000","wizsmm","06232077-6aaf-4606-896d-f27680cd60c4"
"instagram","Instagram Korea Custom Comments [ High Quality ]","135.24","96.6","1","2000","wizsmm","0944bc0a-bbc6-4d25-a4ed-539f20b84a3f"
"instagram","Instagram Reels Views [Italy]","6.048","4.32","10","3000","wizsmm","094b3a7a-e16a-47f5-9791-046a89d32ab4"
"instagram","🇺🇸 Instagram USA Comments – [ Emoji ] INSTANT","16.8","12","1","1000","wizsmm","0979c3b5-1a7e-46ca-9154-cb6a98c47043"
"instagram","Instagram Iranian Comments","50.4","36","5","500","wizsmm","2c2011e8-500f-4353-8e18-0ba24a94ec19"
"instagram","Instagram Story Share into Stories [Italy]","14.112","10.08","10","3000","wizsmm","0ab24a99-e289-48e8-a0a0-f338d18480c0"
"instagram","Instagram USA Followers [All Flags] [Very Low Drop] [R30] [5-10K/D] [Instant]","3.024","2.16","10","10000","wizsmm","0ce49603-c9bd-41b5-8afa-5387d7df34cc"
"instagram","Instagram SPLIT Views ➗ | Super-Fast ⚡️ | Last 200 videos [Enter Username]","0.196","0.14","20000","1000000","wizsmm","0dd53221-e03e-4f61-a69a-1e6852d8afe7"
"instagram","📊 Instagram - Reach &amp;amp; Impressions from Explore | | HQ | Cancel Enable | Instant Start","0.098","0.07","10","300000","wizsmm","0df543c7-1350-4dc3-81c2-d3621dccda2d"
"instagram","Instagram SPLIT Likes ➗ | Super-Fast ⚡️ | Last 10 posts [Enter Username]","0.448","0.32","1000","100000","wizsmm","0fe8bd27-cddc-4f90-a3d2-c630254791b7"
"instagram","Instagram Traditional Chinese Likes~Taiwan [Best Quality]","13.524","9.66","1","10000","wizsmm","101a4c4c-a20f-4970-82ee-734457e87c64"
"instagram","Instagram SPLIT Impressions + Reach ➗ | Super-Fast ⚡️ | Last 400 posts [Enter Username]","0.266","0.19","40000","200000","wizsmm","1113c0cf-959f-4721-8c34-8e6cb136ce89"
"instagram","Portugal Traffic from Instagram","0.56","0.4","500","1000000","wizsmm","118fae70-b4ce-4227-b131-c3fdcf93e971"
"instagram","Instagram Impressions | Explore + Home | 🚀1M/Day | 🔥Instant Start","0.07","0.05","10","1000000","wizsmm","11aa3567-ccf9-4b9e-b408-0d92bb85a2bb"
"instagram","Instagram Random Comments","0.504","0.36","10","10000","wizsmm","12474829-47c9-4e3a-866c-9c4f22eff8a5"
"instagram","🇮🇹 Instagram Italy Female Likes | 30 Days Refill | %100 Italy Users 🇮🇹 | 3K Per Hour","2.142","1.53","20","300000","wizsmm","129e7347-2b9f-4c4a-9b6f-09bd791b9508"
"instagram","Instagram | Comments | Extremely Fast | ARAB | Gender MIX | Random Positive | Texts [ARABIC] | Start: Instant | Speed: 20K/day","21.294","15.21","10","100","wizsmm","14534825-6563-40f4-932c-be74f04473a1"
"instagram","Instagram Random Comments [ EMOJI ]","3.276","2.34","10","400000","wizsmm","153312cc-95a7-4e7d-9c41-b0584d99130e"
"instagram","💎🇰🇷 Instagram Likes + Impressions [ South Korea ] [ Real &amp; Active ] [S4] ⚡️⚡️","14.28","10.2","20","20000","wizsmm","1612352c-b798-4ef9-a269-b4bcc5753de8"
"instagram","Instagram Followers [App Data] [Low Drop] [30 Days Refill] [2K/D] [0-1/H]","0.294","0.21","10","2000","wizsmm","16bff1e0-aee3-4d7f-bd30-1a7a33528f79"
"instagram","🇺🇸 Instagram USA Comments – [ Custom ] INSTANT","16.8","12","10","1000","wizsmm","16dce94f-0165-4d3f-a9a4-40504526a03a"
"instagram","Instagram Likes - [ Max - 2M ] [ Real ] [ SUPERFAST ] INSTANT","0.224","0.16","50","200000","wizsmm","16e877ce-5da3-40cf-8fe7-d5583a84e6b7"
"instagram","Instagram Comments | Japan | MQ | Random | Emojis | Fast","12.292","8.78","1","200","wizsmm","19a8a12a-0132-4e12-835b-59ed69d5cf19"
"instagram","📊 Instagram - Reach and Impressions | HQ | Cancel Enable | Instant Start","0.098","0.07","10","1000000","wizsmm","1a13e6c0-630b-40eb-b824-85d48ce18751"
"instagram","Instagram Story Views [All Stories] [50K/D] [Instant]","0.154","0.11","10","15000","wizsmm","1ae4c129-7eb1-4170-8777-fd89506755ac"
"instagram","Instagram USA Followers (USA, Canada, etc) ♻️30 Days Refill♻️🔥🔥","2.352","1.68","10","10000","wizsmm","1c283cb0-29c1-484a-afea-f1f60603224b"
"instagram","💎🇯🇵 Instagram Custom Comments [ Japan ] [NON DROP] [S2]","196","140","3","1000","wizsmm","1c367ec4-1950-43db-b801-315af40c691a"
"instagram","Instagram SPLIT Likes [REAL HUMANS] ➗ | Super-Fast ⚡️ | Last 500 posts [Enter Username]","3.332","2.38","50000","200000","wizsmm","1c5edad1-49ff-4117-87e4-f4ef7b615c65"
"instagram","Instagram Impressions [From Home] [Instant]","0.084","0.06","10","1000000","wizsmm","1ce407b9-8bea-4c64-a032-e54b2911affa"
"instagram","Instagram SPLIT Likes [FEMALE] | Last 300 posts [Enter Username]","1.05","0.75","6000","1000000","wizsmm","1d110bef-0422-4701-813a-b6e335dae268"
"instagram","Instagram | Comments | Extremely Fast | WW | Female | Random Positive | Texts [GERMAN] | Start: Instant | Speed: 20K/day","14.742","10.53","10","100","wizsmm","1dbd1730-c980-4975-b4dd-3c9cb44661cc"
"instagram","🇫🇷 Instagram French Female Followers | 30 Days Refill | %100 French Users 🇫🇷 | 10K Per Hour","21.336","15.24","20","20000","wizsmm","1f3adf3b-03b5-4f24-8c49-9b71b440b090"
"instagram","Instagram Followers - [ Max - 1M ] [ Slow Service ] [ 3k/Day ] [ Real HQ ] [ 365 Days Refill BUTTON ] INSTANT","0.938","0.67","50","100000","wizsmm","2019b37b-6a8e-4102-ac34-0af95671e102"
"instagram","Instagram Likes [Italy]","15.12","10.8","10","3000","wizsmm","2088d362-3bf3-42a0-b983-9c7d2f9cec23"
"instagram","Instagram Egypt Followers [Lifetime Guaranteed] [Real Super Quality] [0-72H]","7.728","5.52","1000","100000","wizsmm","2268dede-c5bc-4230-94b1-74a285b98c38"
"instagram","Instagram Profile Visit","0.084","0.06","10","1000000","wizsmm","233e8739-e062-4f6a-b9f1-d795c33fb387"
"instagram","Instagram Video + TV + Reels Views + Plays - [ Stable Service ] INSTANT","0.0028","0.002","100","1000000000","wizsmm","2387b6f3-03f6-489b-a456-67655e1a131f"
"instagram","Instagram | Comments | Extremely Fast | WW | Gender MIX | Random Positive | Texts [KOREAN] | Start: Instant | Speed: 20K/day","11.466","8.19","10","100","wizsmm","23989715-fb0d-4834-9c6c-3c1ae651a801"
"instagram","Instagram SPLIT Comments ➗ | Random 🎲 | Positive EMOJIS 😃❤️🥰👏 | Super-Fast ⚡️ | Last 300 posts [Enter Username]","10.5","7.5","3000","10000","wizsmm","23ba3f53-e66c-4715-9e9e-1e349f55718d"
"instagram","▷🇳🇬 Instagram Nigerian Story Views | %100 Nigerian Users","0.49","0.35","20","50000","wizsmm","24bb7cd1-450c-4bab-8b00-0801fd01e686"
"instagram","Instagram Views + Reach + Impressions + Profile Visits [Instant]","0.196","0.14","100","10000000","wizsmm","2732aa3e-aabc-4e40-87e8-3ec696c4f4cc"
"instagram","🇧🇷 Instagram Brazil Followers - [ Max - 50k ] [ 5k-10k/day ] [ 30 Days Refill ] INSTANT","3.024","2.16","10","20000","wizsmm","275b6088-d99f-44c0-bbce-ad80a5069a19"
"instagram","Instagram Arabic Views [Instant]","0.434","0.31","100","10000000","wizsmm","27798000-4d1b-4c8b-804e-9cb7abe130ce"
"instagram","Instagram Auto likes [ With Post ] [ Fast ]","0.336","0.24","50","100000","wizsmm","2799e32f-a6de-4400-ad21-c3e41a8e1911"
"instagram","Instagram SPLIT Views ➗ | Super-Fast ⚡️ | Last 50 videos [Enter Username]","0.196","0.14","5000","1000000","wizsmm","27c2475c-964b-4fca-b2ad-bb8240ff6747"
"instagram","Instagram SPLIT Likes [REAL HUMANS] ➗ | Super-Fast ⚡️ | Last 100 posts [Enter Username]","3.332","2.38","10000","100000","wizsmm","28acf7a4-7598-4969-a57e-f42c5ee5034d"
"instagram","💎🇨🇳 Instagram Post Likes [ Chinese - HQ ] [S1]","18.452","13.18","50","5000","wizsmm","28fa61c6-ecec-4711-a5ff-71bcf83d77f1"
"instagram","Instagram | Comments | Extremely Fast | WW | Female | Random Positive | Texts [ITALIAN] | Start: Instant | Speed: 20K/day","14.742","10.53","10","100","wizsmm","295c080e-ce77-499c-8a04-e6f13ccf8485"
"instagram","Instagram Auto Shares [Instant]","0.462","0.33","100","1000000","wizsmm","295ec16c-7021-47d2-888a-40d327ec4afd"
"instagram","🇪🇬❤️ Egyptian Instagram Like HQ 1M♻️( HQ -365 Days Refill)","1.68","1.2","50","1000000","wizsmm","296665a4-6fc3-4bd2-9f2b-9fb25c2c127c"
"instagram","Instagram Europe Followers [ AR30 - 100% Real ]","4.536","3.24","5","2000","wizsmm","29b6b499-7ac0-4151-8328-9bbe0dfa63a9"
"instagram","♛🇨🇳 Instagram Random Comments [ Chinese - UHQ ]","142.688","101.92","1","1000","wizsmm","2a02c56c-9e3c-436e-84f7-69f3ad78e420"
"instagram","📊  Instagram - Shares with Engagement and Reach | HQ | Cancel Enable | Instant Start","0.182","0.13","10","10000000","wizsmm","2b0c0980-248a-4834-8628-f7f6ec14f0cd"
"instagram","Instagram Story Views [ All Story ] [ Max - 200K ] INSTANT","0.091","0.065","10","200000","wizsmm","2b19f066-e6f5-451f-bfe6-91148be10613"
"instagram","Instagram USA Likes (USA, Canada, etc) - [ AR30 - 100% Real ]","1.806","1.29","10","5000","wizsmm","2b2cea3f-2c32-4b9b-8629-bfcb4f52175a"
"instagram","Instagram Random Korean Comments 🇰🇷","4.914","3.51","10","10000","wizsmm","2b500b9f-412e-49fc-a35a-c8354679fbd5"
"instagram","Instagram Likes [ Max 500K ] | HQ Real Accounts | Cancel Enable | Low Drop | No Refill ⚠️ | Instant Start | Day 50K 🚀 [ 🚨]","0.126","0.09","10","500000","wizsmm","2ca710e0-8652-4eba-889d-8b378c968b0c"
"instagram","Instagram Story Views + Reach + Impressions + Likes [All Stories]","7.392","5.28","75","5000","wizsmm","2d9fa909-9887-4438-887c-e6e5e230a649"
"instagram","Instagram Russian Real Followers [100/D/D] [0-12/H]","43.68","31.2","50","500","wizsmm","2ead1cfd-f8b5-45e6-bec8-71e46b55adad"
"instagram","Instagram SPLIT Views ➗ | Super-Fast ⚡️ | Last 100 videos [Enter Username]","0.196","0.14","10000","1000000","wizsmm","2eca95dc-438d-480c-9a1d-98c2bef4edbc"
"instagram","🇳🇬 Instagram Nigerian Male Likes | 30 Days Refill | %100 Nigerian Users 🇳🇬 | 3K Per Hour","2.142","1.53","20","100000","wizsmm","2ed4342f-b15f-4d9a-9038-3fd4f49c618d"
"instagram","Instagram Asia Likes (Indonesia, Thailand, etc.) - [ AR30 - 100% Real ]","1.806","1.29","10","5000","wizsmm","304f2c4a-7b49-42d5-b14d-edddfd4de3ed"
"instagram","Instagram | Comments | Extremely Fast | KOREA | Male | Random Positive | Emojis | Start: Instant | Speed: 20K/day","21.294","15.21","10","100","wizsmm","31166cdb-9f64-42eb-9ca5-12509cdfbcd7"
"instagram","🇩🇪 Instagram Germany Likes – [ Special ] [ Mixed ] [ Non-Drop ] [ Real Service ] NO REFILL","10.92","7.8","25","2500","wizsmm","31200b4d-e589-4b11-af85-15481b4c7bf4"
"instagram","Instagram Turkey Followers [ AR30 - 100% Real ]","4.536","3.24","5","2000","wizsmm","327a4f8c-95ab-48d6-a3c9-2df3a43c8c65"
"instagram","Instagram Reels Views - [ FASTEST Service ] SUPER INSTANT","0.0126","0.009","100","2147483647","wizsmm","3406f25c-ce41-4acd-87c0-8fda9da04703"
"instagram","Instagram Likes S1 – [ Real ] [ Non-Drop ] NO REFILL","12.166","8.69","50","15000","wizsmm","34417d65-8db8-44d4-b96e-d34efbeff9ac"
"instagram","Instagram Germany Story Views  [ Real ]","8.47","6.05","30","200","wizsmm","355561c0-56a9-4b11-9aed-f71512671dcc"
"instagram","Instagram SPLIT Impressions + Reach ➗ | Super-Fast ⚡️ | Last 100 posts [Enter Username]","0.266","0.19","10000","100000","wizsmm","36d46ff9-118d-480b-88d0-b2ec32fee63f"
"instagram","Instagram Likes - [ SUPERFAST, 500k/day ] [ Max - 500k ] INSTANT","0.056","0.04","10","500000","wizsmm","37d08130-0814-49e7-b07e-40f52f92b91f"
"instagram","Egypt Traffic from Instagram","0.56","0.4","500","1000000","wizsmm","394ccad1-48e0-4df2-8fe9-3d890c9e8d55"
"instagram","Instagram | Comments | Extremely Fast | COLOMBIA | Gender MIX | Random Positive | Texts [SPANISH] | Start: Instant | Speed: 20K/day","21.294","15.21","10","100","wizsmm","39fcbc1b-f4f6-43fa-8236-d3fa181d3037"
"instagram","Instagram Followers - JP","21","15","20","3000","wizsmm","3a0cf975-e9ea-4545-bc3c-85ccfc414311"
"instagram","USA Traffic from Instagram","0.56","0.4","500","1000000","wizsmm","3a8b1bc5-02d3-4509-9fd7-2987725cdad4"
"instagram","Instagram Shares","0.028","0.02","100","10000000","wizsmm","3af8b702-4724-4275-9fbe-b67254a41cbd"
"instagram","🇦🇪 Instagram Arabic Likes | 30 Days Refill | %100 Arabic Users | 10K Per Hour","2.184","1.56","20","100000","wizsmm","3b27fe10-0f15-4370-89ca-6460e51bcdf0"
"instagram","Instagram Emoji Comments from Followers [20/D] [0-1/H]","84","60","1","1000","wizsmm","3be9b1f5-a33b-4b0c-9bf7-a6acad1f396c"
"instagram","Instagram Comment Likes - [ Order with Comment ID ] [ Smooth Service ] INSTANT","4.2","3","10","20000","wizsmm","3cd8b856-e203-4330-bd16-8907fe6d9398"
"instagram","▷🇫🇷 Instagram French Story Views | %100 French Users","0.49","0.35","20","50000","wizsmm","3d7e15de-1a02-4831-8939-701abbd88620"
"instagram","Moldova Traffic from Instagram","0.77","0.55","1000","1000000","wizsmm","3d9f3e00-df62-4bb3-a3c8-8c0a80485908"
"instagram","🇩🇪 Instagram Comments - [ Positive ]","14.742","10.53","10","100","wizsmm","3e09bc26-0348-4583-a972-29f89c45c7f5"
"instagram","Instagram Latinos Followers - [ Latin America and Mexico ] [ AR30 - 100% Real ] INSTANT","5.446","3.89","5","2000","wizsmm","3f758fd2-3281-4d7e-b127-b6d3108e9441"
"instagram","Netherlands Traffic from Instagram [LQ]","0.238","0.17","88","88888888","wizsmm","3f78e62c-a9a5-4e2e-9121-bc288642dfc4"
"instagram","Instagram Profile Visits [Instant]","0.168","0.12","100","5000000","wizsmm","40a372a9-c553-471f-b03d-73466f71ffdd"
"instagram","Instagram | Comments | Extremely Fast | INDIA | Gender MIX | Random Positive | Texts [ENGLISH] | Start: Instant | Speed: 20K/day","21.294","15.21","10","100","wizsmm","423c355a-d92c-4353-8930-15b6b01cf6ba"
"instagram","Switzerland Traffic from Instagram","0.882","0.63","1000","1000000","wizsmm","424963ba-0862-4289-ba14-0ab179ae52d6"
"instagram","Instagram Traditional Chinese Follower ~ China ~ Hong kong ~ Taiwan [Best Quality]","14.49","10.35","10","5000","wizsmm","426d0978-6961-4a31-93bf-c50e6ec06b44"
"instagram","Mexico Traffic from Instagram","0.56","0.4","500","1000000","wizsmm","43fed676-c1dd-412a-8a87-331aed95971b"
"instagram","Instagram Followers [30 Days Refill] [Cancel Enabled] [100K/D] [Instant]","1.022","0.73","10","1000000","wizsmm","44b7a702-2353-477c-825e-da62b271247e"
"instagram","Instagram Followers [Mix Accounts] [No Refill] [30K/D] [0-1/H]","0.602","0.43","50","200000","wizsmm","44f75ad6-4b9a-4483-8c82-9fe3efac3f12"
"instagram","Instagram SPLIT Likes [REAL HUMANS] ➗ | Super-Fast ⚡️ | Last 30 posts [Enter Username]","3.332","2.38","3000","100000","wizsmm","4571d0fa-c129-4144-acbc-49efa089630d"
"instagram","Instagram Saudi Arabia / Iran Likes [5-10K/D] [0-1/H]","0.308","0.22","100","15000","wizsmm","45734d3a-a850-43df-b407-733b331b9a42"
"instagram","Instagram Story Views - [ All Stories ] SUPER INSTANT","0.168","0.12","10","15000","wizsmm","46d3a355-997e-4ccb-a6d7-0b3b1168f044"
"instagram","Instagram Iranian Followers [30 Days Refill] [3-5K/D] [Start Instant]","2.52","1.8","10","20000","wizsmm","47c1abeb-7b8e-45f0-8b8e-a546105a31a1"
"instagram","Germany Traffic from Instagram","0.56","0.4","500","1000000","wizsmm","47e952b5-8abe-4cd6-bb9e-7e6702312e03"
"instagram","Instagram Followers [Males] [Super Real] [100-500/D] [0-12/H]","25.2","18","20","1000","wizsmm","491de69c-bcc5-4661-a743-72dfd40d2cb5"
"instagram","Instagram Auto Shares [Instant]","0.308","0.22","100","1000000","wizsmm","4a84db9b-b988-448e-acf7-716e4dc40a46"
"instagram","Brazil Traffic from Instagram [LQ]","0.238","0.17","88","88888888","wizsmm","4b3d60f8-e65a-4395-bdae-ad1719039bbb"
"instagram","Instagram Random Comments - [ You Will Receive 5 Comments From 10k-50k+ Followers Accounts ] [ 1-12 Hrs Complete Time ]","0.21","0.15","1000","1000","wizsmm","4bb21b1d-9371-44c0-842b-acb566f25e19"
"instagram","Instagram Comments Emoji [Real]","9.1","6.5","1","1000","wizsmm","4bba1834-d418-4a37-a3fc-de29f343f455"
"instagram","Instagram Likes [High Quality] [Low Drop] [50K/Day] [No Refill ⛔] [Start Time: 0-10 Min]","0.084","0.06","10","300000","wizsmm","4bfaa727-13ed-4673-ae39-880d96346961"
"instagram","Instagram Story Poll Votes [Real From Ads] [24 Hours Delivery]","63.84","45.6","5","1000","wizsmm","4c305c5f-0abb-469a-8a9d-e953ecf43f7b"
"instagram","♛ Instagram Followers ( S3 ) - [ Max - 50k ] [ #1 Best Quality In Market ] [ Real &amp; Active ] [ 10k/day ] [ 30 Days Refill BUTTON ] INSTANT","3.626","2.59","10","50000","wizsmm","4d166f3f-5755-4185-aa42-bdd64357c0bb"
"instagram","💎🇯🇵 Instagram Followers [ Japan - Real ] [60 Days Auto-Refill]","188.16","134.4","20","15000","wizsmm","4e87095c-9c52-4c2a-a582-619cfe3eae8e"
"instagram","USA Traffic from Instagram [LQ]","0.238","0.17","88","88888888","wizsmm","507c995e-ccac-4693-8e47-fda98eafed32"
"instagram","Instagram Custom Comments – SUPERFAST","11.466","8.19","10","10000","wizsmm","50cb2785-f3e6-4f59-97a1-32c80a700044"
"instagram","Instagram | Comments | Extremely Fast | INDIA | Female | Random Positive | Texts [HINDI] | Start: Instant | Speed: 20K/day","26.208","18.72","10","100","wizsmm","513337c7-ca3f-48b0-80a4-ea0bc885617f"
"instagram","🇹🇷 Instagram Turkish Male Followers | 30 Days Refill | %100 Turkish Users 🇹🇷 | 5K Per Hour","42.658","30.47","20","150000","wizsmm","520cfaa6-9791-4bc4-95a7-3c9ef18be92e"
"instagram","Instagram Likes [Mix Quality] [Refill: 30 Days] [No Drop] [100K/D] [Instant]","0.322","0.23","50","200000","wizsmm","5215106c-7278-484d-872d-10b7e2f2f2a9"
"instagram","Instagram Indian Likes - [ Max - 100K ] [ High Quality ] [ No Drop, No Refill ] INSTANT","0.308","0.22","100","100000","wizsmm","52744189-2da5-409a-91f8-75947c704370"
"instagram","🇧🇷 Instagram Brazil Random Comments - [ 50/day ] 1-12 HRS","76.006","54.29","5","250","wizsmm","52bd4f72-fbdc-4f1d-b093-0a6d44676b38"
"instagram","❤️Instagram Likes [Korea]  1m ♻️ 365 Days Refill","1.68","1.2","20","1000000","wizsmm","53671647-e102-4af0-af64-d25823eaaf88"
"instagram","🇪🇬❤️ Egyptian Instagram Like HQ 5K","1.344","0.96","50","5000","wizsmm","5470498d-1c00-4127-a2e5-5d3c889641d4"
"instagram","📸 Instagram Reels + Video Views | [USA] Maximum 1M | ⚡","0.42","0.3","100","10000000","wizsmm","549c7c3b-f1ea-424c-9b31-a6f4858cbce0"
"instagram","Instagram Custom Comments - [ Max - 1M ] [ Fast ]  INSTANT","5.46","3.9","10","1000000","wizsmm","549ceeff-a9c6-4714-86dc-83c6b3c788ce"
"instagram","Instagram Auto Comments","4.102","2.93","10","200000","wizsmm","55b82bb1-54d4-429c-b9ae-9d5be16a267d"
"instagram","Instagram Korean Followers [Real Exclusive] [30 Days Refill] [10K/D] [Instant]","60.48","43.2","10","10000","wizsmm","56f09f01-a84b-41a3-88e2-3424062d3ccc"
"instagram","Instagram | Comments | Extremely Fast | WW | Female | Random Positive | Texts [SPANISH] | Start: Instant | Speed: 20K/day","14.742","10.53","10","100","wizsmm","571e960f-9622-41fe-ba9e-e664082c6bd1"
"instagram","4900 - Instagram Story Views","0.252","0.18","100","5000","wizsmm","5842859a-42bf-4258-b358-8ce33428bbc7"
"instagram","🇫🇷 Instagram French Followers | 30 Days Refill | %100 French Users 🇫🇷 | 10K Per Hour","21.336","15.24","20","20000","wizsmm","5918275c-3d50-496a-aa9e-01e03b4bf5e1"
"instagram","Instagram Story Costum Replies [0-6/H]","30.24","21.6","5","400","wizsmm","59ed26da-4ab3-48ee-89a6-d5831da5a17a"
"instagram","Iran Traffic from Instagram","0.56","0.4","500","1000000","wizsmm","5aa82326-4071-42b5-9c59-7ef8f18772cd"
"instagram","📊 Instagram - Impressions  + Reach |  | HQ | Cancel Enable | Instant Start","0.238","0.17","10","300000","wizsmm","5acb9a45-c2ce-4ac8-85d8-917f038d62b4"
"instagram","Instagram Real Followers [Start İnstant] [Less Drop][500KDAY]♻️30 Days Refill♻️🔥🔥","0.924","0.66","100","500000","wizsmm","5b163584-ee80-4efc-94e1-33b32d9d236d"
"instagram","💎🇯🇵 Instagram Likes [ Japan - Real ] [NON-DROP] [Fast Speed]","14.28","10.2","20","40000","wizsmm","5c11e0fe-5e5d-4ba0-bc7e-ea58184be4fe"
"instagram","Instagram | Comments | Extremely Fast | WW | Female | Random Positive | Texts [ARAB] | Start: Instant | Speed: 20K/day","14.742","10.53","10","100","wizsmm","5d7d3a5f-57b5-4bfd-9479-e5553b6d8779"
"instagram","Instagram SPLIT Likes [FEMALE] | Last 40 posts [Enter Username]","1.05","0.75","800","1000000","wizsmm","5e862497-08c9-41a9-ad71-136831a23b24"
"instagram","🌎 Instagram Followers – [ Real &amp; Active ] [ Worldwide ] [ 1k/day ] [ 0–1h Start ] NO REFILL","16.212","11.58","1","15000","wizsmm","60052323-1f85-4de1-96e8-026d476e296f"
"instagram","Instagram | Comments | Japan | Praise Comments for Women/Models Posts","14.742","10.53","10","200","wizsmm","6072adde-9c85-4122-a1e3-f558c2fcfde4"
"instagram","💙 Premium  Instagram Likes [Korea]  200k","1.428","1.02","20","200000","wizsmm","609fb199-6a5e-40d3-8835-6cda88ca8b0e"
"instagram","5737 - Instagram Auto Profile Visits [Instant]","0.196","0.14","100","50000000","wizsmm","61732b9f-7f03-4ed3-b2f6-d66ed93276ee"
"instagram","Instagram | Comments | Extremely Fast | MEXICO | Female | Random Positive | Emojis | Start: Instant | Speed: 20K/day","21.294","15.21","10","100","wizsmm","62311bd6-b543-46d0-be67-3d4746fe240f"
"instagram","🇨🇳 Instagram China Followers - [ 30 Days Refill ] [ 500-1k/day ] INSTANT","14.28","10.2","10","40000","wizsmm","626590a2-4033-485b-a830-5f91a5cd2bc7"
"instagram","🇮🇹 Instagram Italy Male Likes | 30 Days Refill | %100 Italy Users 🇮🇹 | 3K Per Hour","2.142","1.53","20","300000","wizsmm","6289fd5a-cb25-4942-af7f-3d76a3c4442d"
"instagram","🇺🇸 Instagram USA Followers – [ Special ] [ Mixed ] [ Non-Drop ] [ Real Service ] NO REFILL","28.56","20.4","50","10000","wizsmm","62c4c27c-e44b-4c8e-ba09-e485e5f5d46b"
"instagram","🇧🇷❤️ Brazil Instagram Like HQ 5K (Mobil App)","0.798","0.57","20","5000","wizsmm","63c5d3da-8276-4f36-99ba-9c464f10af81"
"instagram","🇺🇸 Instagram USA Likes - [ Real ] [ 30 Days Auto Refill ]  [ 5k/day ] INSTANT","2.744","1.96","20","20000","wizsmm","63f766cd-5a3b-4b4d-a279-fc68293d9bed"
"instagram","Instagram auto views","0.0504","0.036","100","2147483647","wizsmm","64e0c387-8228-4850-9963-77ed20b7dc0d"
"instagram","Instagram Likes from America and Europe [AR30 - 100%]","1.806","1.29","5","10000","wizsmm","65304a1c-bc6a-43e4-b9db-370b62cd198d"
"instagram","Instagram | Comments | Extremely Fast | ARAB | Female | Random Positive | Texts [ARABIC] | Start: Instant | Speed: 20K/day","26.208","18.72","10","100","wizsmm","665d1ff7-4e03-46eb-a435-20ceb7a56071"
"instagram","🇺🇸 Instagram Likes – [ Max – 20k ] [ USA ] INSTANT","0.882","0.63","10","20000","wizsmm","66f065ad-5840-4e36-90c3-f18d01a392dd"
"instagram","🇺🇸 Instagram Followers [MIX USA] [Refill: 30D] [200K] [Start Time: 0 - 1 Hr] [Speed: 50K/D] ♻️🔥","7.98","5.7","50","200000","wizsmm","66fc9681-76f2-4e9f-a7c9-f14b700b92fe"
"instagram","Instagram Likes [High Quality] [Cancel Enabled] [No Refill] [300K+/D] [Instant]","0.056","0.04","1","10000000","wizsmm","67da2af1-2462-452d-b5c9-ea6c9c4229a6"
"instagram","💎🇺🇸 Instagram Likes [USA - Real] [NO-DROP]","3.304","2.36","20","2000","wizsmm","68ac7da5-9ea4-4f18-aa07-9a7a839d56bc"
"instagram","Instagram Story Views [One Story] [Mix] [High Quality] [10K/D] [0-1/H]","0.294","0.21","10","5000","wizsmm","68c65353-663a-4888-b5ac-ac9ccbc16ede"
"instagram","Instagram Impressions","0.0672","0.048","100","5000000","wizsmm","68e9f3a2-046e-42a2-bfea-b41973c31c35"
"instagram","Instagram Auto likes [ india ]","0.224","0.16","50","100000","wizsmm","6a519fd3-c44e-4d09-b500-b04457215c50"
"instagram","Instagram SPLIT Likes [FEMALE] | Last 20 posts [Enter Username]","1.05","0.75","400","1000000","wizsmm","6a58ef30-129c-41e5-a121-ee25580c454e"
"instagram","Instagram | Comments | Extremely Fast | JAPAN | Male | Random Positive | Texts [JAPANESE] | Start: Instant | Speed: 20K/day","26.208","18.72","10","100","wizsmm","6bc7bd55-8bfe-450d-86f6-523091de3179"
"instagram","🇫🇷 Instagram France Followers – [ Special ] [ Mixed ] [ Non-Drop ] [ Real Service ] NO REFILL","31.836","22.74","25","1000","wizsmm","6cd6faec-dcbe-40d2-8c8e-6b52d2ac8af2"
"instagram","Instagram ARAB Followers [ AR30 - 100% Real ]","4.536","3.24","10","5000","wizsmm","6d269137-a986-4fed-835f-425af8fc94d0"
"instagram","🇺🇸 Instagram Likes [USA] [Refill: 30D] [10K] [Start Time: 0 - 1 Hr] [Speed: 10K/D]💧","0.742","0.53","10","10000","wizsmm","6e9cfbf9-4be1-4a24-b5f5-72c0604b913d"
"instagram","Instagram Likes - [ Max - 100k ] [ 100k/day ] INSTANT","0.126","0.09","100","1000000","wizsmm","6ec433e8-e306-41b6-bd63-448ccfe8d492"
"instagram","Instagram Story Impressions + Profile Visits","0.252","0.18","100","5000","wizsmm","7104b9c4-fcbb-41b8-a15c-3217bbd3b553"
"instagram","Instagram Shares [Instant]","0.14","0.1","100","10000000","wizsmm","7191fae0-953b-419c-96c4-a85c790f2697"
"instagram","Instagram Followers - KR","21","15","20","3000","wizsmm","71e24938-3def-4340-89a4-4338b1056c35"
"instagram","Instagram Random Comments For Girls [ Females ] [ Max - 5K ] [ Lifetime guarantee ] [ High quality ]","5.04","3.6","25","50000","wizsmm","726e9894-f5d8-4d68-9ca3-4a46fb2f9937"
"instagram","Instagram SPLIT Saves ➗ | Super-Fast ⚡️ | Last 100 posts [Enter Username]","0.266","0.19","10000","100000","wizsmm","7288319f-bf5d-40cd-a76f-9821a09d4fa5"
"instagram","Instagram Brazil Followers [All Flags] [Very Low Drop] [R30] [5-10K/D] [Instant]","3.024","2.16","10","20000","wizsmm","749c7d8b-1737-418f-8f08-c572dbff6a50"
"instagram","Instagram Germany Story Views [ All Stories ] [ Real ]","11.872","8.48","30","200","wizsmm","74ec85b1-05ea-46de-93ce-8633a1015108"
"instagram","🇪🇸👩 SR - Instagram Spanish Female Followers | 30 Days Refill ♻️ | Max 150K | 100% Female Spanish | Business 💼️ | 10K per Hour","37.926","27.09","20","100000","wizsmm","75377357-e357-4f3b-ba08-ab0b7670f1c1"
"instagram","Taiwan Traffic from Instagram","0.56","0.4","500","1000000","wizsmm","753bfd59-915e-4bc1-8bbf-9970f0ea95f4"
"instagram","🇦🇪 Instagram Arabic Female Likes | 30 Days Refill | %100 Arabic Users | 10K Per Hour","2.184","1.56","20","100000","wizsmm","7623f90f-3fb8-4b5d-bc38-6825e8df3786"
"instagram","🇪🇸👩❤️ SR - Instagram Spanish Women Likes | 30 Days Refill ♻️ | Max 200K | 100% Spanish Women | Business 💼️ | 10K per Hour","1.904","1.36","20","150000","wizsmm","771903ba-5278-4b25-8cd7-60c766601d9b"
"instagram","🇧🇷 Instagram Brazil likes – [ Max – 50k ] [ Mix, 10k/day ] [ UHQ ] INSTANT","0.462","0.33","10","20000","wizsmm","7736189f-9dca-4709-a54c-207abab23d6f"
"instagram","Instagram SPLIT Likes [FEMALE] | Last 400 posts [Enter Username]","1.05","0.75","8000","1000000","wizsmm","778dcc80-d4cc-411c-a1fb-fed886720a45"
"instagram","6534 - German Instagram Package [Auto Story Views with Impressions] [Subscription for One Month]","386.4","276","500","20000","wizsmm","7868b510-6d03-41f5-888a-07b74c9bebb2"
"instagram","Instagram | Comments | Extremely Fast | MEXICO | Male | Random Positive | Emojis | Start: Instant | Speed: 20K/day","21.294","15.21","10","100","wizsmm","789c791f-eda9-4956-8313-9e47965a5672"
"instagram","Instagram Followers [ Real Quality ] [ 50k/day ] [ 30 Days Refill BUTTON ] INSTANT","1.288","0.92","10","100000","wizsmm","78c11ba4-f9c8-49d3-a9d1-5e79c1273bb4"
"instagram","Instagram Real Arab Followers [High Quality] [Cancel Enabled] [50K/D] [Instant]","3.528","2.52","50","50000","wizsmm","7a2f6572-076d-4e84-a8be-5174d176a02a"
"instagram","Instagram Indian Likes - [ FEMALE  ] ALWAYS INSTANT","0.602","0.43","10","3000","wizsmm","7aea066f-5976-49b9-80f0-9443a70ca2d1"
"instagram","Instagram | Comments | Extremely Fast | JAPAN | Male | Random Positive | Emojis | Start: Instant | Speed: 20K/day","21.294","15.21","10","100","wizsmm","7b04fd39-2b41-4648-9a41-948825284774"
"instagram","Instagram Korean Followers [Real Exclusive] [30 Days Refill] [10K/D] [Instant]","58.8","42","10","20000","wizsmm","7b2ce85c-d2e7-4019-8e46-06a7791f2249"
"instagram","WorldWide Traffic from Instagram","0.294","0.21","500","1000000","wizsmm","7c4a9b37-c5f3-40d9-8981-fe9c2d0af1b8"
"instagram","Instagram Likes - [ Worldwide ] [ High Quality ] [ Superfast,  Non Drop ] INSTANT","0.336","0.24","10","500000","wizsmm","7d83a7f8-aed5-4266-b035-6128b7e83706"
"instagram","Instagram Indian Likes [Premium Quality] [No Drop] [50K/D] [Instant]","0.476","0.34","10","50000","wizsmm","7d85ed83-0196-4c62-ae76-ca0c83e837b8"
"instagram","Spain Traffic from Instagram","0.56","0.4","500","1000000","wizsmm","7dc1cb86-3c0a-4092-b062-e15f84dd2586"
"instagram","Instagram | Comments | Extremely Fast | MEXICO | Male | Random Positive | Texts [SPANISH] | Start: Instant | Speed: 20K/day","26.208","18.72","10","100","wizsmm","7f835b41-2dbf-4cf4-aa02-632c38e89e1e"
"instagram","🇮🇹 Instagram Italy Followers | 30 Days Refill | %100 Italy Users 🇮🇹 | 10K Per Day","21.336","15.24","20","25000","wizsmm","80b9f84c-f9a1-417e-8c82-9d597ee114f7"
"instagram","Instagram South Asia Likes (India, Pakistan, etc.) - [ AR30 - 100% Real ]","1.806","1.29","10","5000","wizsmm","80c0eb4d-c7f3-4e84-96a9-e105b5179fe3"
"instagram","Instagram | Comments | Extremely Fast | WW | Female | Random Positive | Texts [ENGLISH] | Start: Instant | Speed: 20K/day","14.742","10.53","10","100","wizsmm","816151d8-9d53-4416-adb5-95d5aae147bf"
"instagram","Instagram | Comments | Extremely Fast | ARAB | Male | Random Positive | Emojis | Start: Instant | Speed: 20K/day","21.294","15.21","10","100","wizsmm","8199d046-2d95-4850-afe8-13a955015c1f"
"instagram","Instagram Korean Likes [Real Exclusive] [30 Days Refill] [10K/D] [Instant]","10.08","7.2","10","20000","wizsmm","82f42b96-16ab-4815-a068-8f2926400499"
"instagram","Instagram Asia Followers (Indonesia, Thailand, etc.) [ AR30 - 100% Real ]","4.536","3.24","5","2000","wizsmm","8459a818-2b3b-4aa1-9af9-db68e9b3d156"
"instagram","Instagram Indian Followers [Cancel Enabled] [10K/D] [Instant]","0.658","0.47","20","10000","wizsmm","850ded7b-1369-4768-bd9a-02d1787bce6b"
"instagram","Instagram Russian Real Followers [500/D/D] [0-12/H]","76.272","54.48","20","2000","wizsmm","860369bd-fb1a-4dca-bcb5-0c2c0b1522c1"
"instagram","Instagram Likes | Japan | MQ | Fast | 100% Japan","5.558","3.97","20","10000","wizsmm","88a5e277-b914-42e5-a7af-1a285db47bdb"
"instagram","🇫🇷 Instagram France Custom Comments – [ Non-Drop ] [ Authentic Service ] [ Female ] NO REFILL","193.62","138.3","5","500","wizsmm","88eb132d-aac4-4161-a70f-601c7e98d63b"
"instagram","🇪🇸❤️ SR - Instagram Spanish Likes | 30 Days Refill ♻️ | Max 200K | 100% Spanish | Business 💼️ | 10K per Hour","1.904","1.36","20","250000","wizsmm","88ffd385-621b-4885-85f0-4d54f092ff6b"
"instagram","Instagram Saves [ 𝐂𝐡𝐞𝐚𝐩 𝐒𝐞𝐫𝐯𝐞𝐫 ] [ 🚀100K ] [ Instant Start ] [ Cancel Button ] [ ♻️365D ]","0.07","0.05","100","2147483647","wizsmm","89ca8301-0d26-47c2-ae14-a3ee67801a45"
"instagram","🇨🇳 Instagram China Likes - [ 30 Days Refill ] [ 500-1k/day ] INSTANT","12.6","9","10","40000","wizsmm","8a90eb4e-4259-475f-8ecf-e0705a83545b"
"instagram","💎🇺🇸 Instagram Likes [USA - HQ] [NON-DROP]","2.352","1.68","20","20000","wizsmm","8a91e28e-0867-4724-b848-f6b11c9dcd20"
"instagram","Instagram Shares Reels with check","0.224","0.16","20","1000000","wizsmm","8aa5c321-4a63-46a8-b848-634bb025d4ff"
"instagram","ID:3 | Instagram Followers | 100-300K/D - R90 | Drop Rate: 0-5%","2.66","1.9","10","1000000","wizsmm","0021b9dc-49f3-4115-b84f-5ad2b81874cc"
"instagram","🇹🇷 Instagram Turkish Male Likes | 30 Days Refill  | %100 Turkish Users 🇹🇷 | 10K Per Hour","2.142","1.53","20","150000","wizsmm","8ba62120-9bd2-4b14-86d3-213956afe17c"
"instagram","Instagram | Comments | Extremely Fast | WW | Male | Random Positive | Texts [THAI] | Start: Instant | Speed: 20K/day","14.742","10.53","10","100","wizsmm","8bf6952a-fb4d-48e9-ab59-1b540596c989"
"instagram","Instagram Korean Male Followers [High Quality] [30 Days Refill] [1-2K/D] [Start 10 Minutes] [Working]","70.56","50.4","10","25000","wizsmm","8ce8010e-3c68-4813-a6d1-26304e6e7a6f"
"instagram","Instagram Followers [Indian App] [Mix Accounts] [No Refill] [100K/D] [Instant]","1.05","0.75","10","1000000","wizsmm","8d108913-4481-4e2a-87d9-a60a80115339"
"instagram","Instagram Russian + CIS Real Followers [100/D/D] [0-12/H]","16.8","12","50","5000","wizsmm","8d2d83d9-44f3-462c-a21c-73060abc56f6"
"instagram","Instagram Followers [Asia] [Super Real] [100-500/D] [0-12/H]","25.2","18","10","1000","wizsmm","8d35c15f-9c77-4270-9b53-efb2b916fa41"
"instagram","Instagram Comment Likes - [ 1,000/Day ] [ Good Quality ]","4.536","3.24","25","5000","wizsmm","8e40da57-aa84-4f47-83ad-37cf4211c44c"
"instagram","Instagram SPLIT Comments ➗ | Random 🎲 | Positive EMOJIS 😃❤️🥰👏 | Super-Fast ⚡️ | Last 40 posts [Enter Username]","10.5","7.5","400","4000","wizsmm","8e9de769-f31f-4330-932f-772543d1f91b"
"instagram","Instagram Kazakhstan Real Followers [50/D/D] [0-12/H]","76.272","54.48","20","500","wizsmm","8f493f17-5488-4ceb-8df3-3c881160597f"
"instagram","Instagram Reels + TV + Video Views - [ Working On All Link ] ALWAYS INSTANT","0.07","0.05","100","2147483647","wizsmm","8f4cc1b1-f215-4019-937f-a660fac17709"
"instagram","Instagram Scrape Data - [ Media Likers ] 24 Hours Delivery","1.722","1.23","500","1000000","wizsmm","8f60e0d3-fa6e-44bb-a002-bb3bc7fe0f5a"
"instagram","Pakistan Traffic from Instagram [LQ]","0.238","0.17","88","88888888","wizsmm","8f68ac8a-0f24-4f1d-809e-30aeffce12f7"
"instagram","Instagram | Comments | Extremely Fast | ARAB | Female | Random Positive | Emojis | Start: Instant | Speed: 20K/day","21.294","15.21","10","100","wizsmm","8f7c55a9-f057-409f-8570-a3cbd2b345e1"
"instagram","🇧🇷 Instagram Brazil Emoji Comments - [ 50/day ] 1-12 HRS","47.502","33.93","1","250","wizsmm","90e71aa0-348e-46f0-aba2-934b7200e40d"
"instagram","1060 - Instagram Random Emoji Comment 🙌👏😢😍😮😂🔥❤️[20K]","8.19","5.85","1","20000","wizsmm","91042459-f561-4a2b-94c9-11d77cde1a8a"
"instagram","Instagram | Comments | Extremely Fast | INDIA | Male | Random Positive | Texts [HINDI] | Start: Instant | Speed: 20K/day","26.208","18.72","10","100","wizsmm","91c31ddd-a14c-441a-8a1d-2c61f7408b56"
"instagram","Instagram Germany Saves [ Real ]","17.878","12.77","10","200","wizsmm","91df626b-eaaf-4662-a562-691fb304ee59"
"instagram","Instagram Auto Shares [10M] [Ultrafast] [Own Server] 🔥⚡","0.098","0.07","10","100000000","wizsmm","92ccc674-7dcd-49de-8845-f5941e6ecf1b"
"instagram","🇳🇬 Instagram Nigerian Female Followers | 30 Days Refill | %100 Nigerian Users 🇮🇹 | 3K Per Hour","10.668","7.62","20","20000","wizsmm","9312e96e-3c7f-482e-b681-6554a16d908e"
"instagram","Instagram USA Likes [No Drop] [R30] [10-20K/D] [Instant]","0.462","0.33","10","10000","wizsmm","940ab0a4-3888-47cc-99e9-74934016f038"
"instagram","Instagram Story Views + Reach + Impressions + Profile Visits [One Story Only]","4.2","3","75","5000","wizsmm","946f02af-8cf8-44a3-b106-5dd0beb24ebb"
"instagram","South Korea Traffic from Instagram","0.56","0.4","500","1000000","wizsmm","94864305-7cdb-4e26-b364-7f626df77b4a"
"instagram","Instagram Costum Comments [Instant Delivery]","13.44","9.6","1","50000","wizsmm","95ca70ec-6ec1-4b6e-96f1-2b956beb59e4"
"instagram","Instagram | Comments | Extremely Fast | WW | Female | Random Positive | Emojis | Start: Instant | Speed: 20K/day","11.466","8.19","10","100","wizsmm","95cc7f50-2368-48a4-a648-a3e08a4abc19"
"instagram","Instagram Followers from America and Europe [AR30 - 100%]","4.536","3.24","5","2000","wizsmm","98933ab6-2a6f-4da2-bc2b-94a68eb1ba5f"
"instagram","Instagram | Comments | Extremely Fast | WW | Male | Random Positive | Texts [HINDI] | Start: Instant | Speed: 20K/day","14.742","10.53","10","100","wizsmm","9ae3040f-4c67-41a4-b575-b4936433d1e7"
"instagram","Instagram Germany Female Story Views + Likes [ All Stories ] [ Real ]","13.888","9.92","30","100","wizsmm","9aea3342-216d-4fbc-889e-57d048522782"
"instagram","Instagram Followers [Europe] [Super Real] [100-500/D] [0-12/H]","35.84","25.6","50","1000","wizsmm","9c77ffb4-4a00-4416-963e-327255192186"
"instagram","🇹🇷 Instagram Turkish Likes | 30 Days Refill  | %100 Turkish Users 🇹🇷 | 10K Per Hour","2.142","1.53","20","300000","wizsmm","9cf3cdcd-708d-4a26-a092-04f8cc86d4eb"
"instagram","Instagram Followers - [ Max - 2M ] [ 100k/day ] [ 30 Days Refill BUTTON ] INSTANT","1.218","0.87","10","100000","wizsmm","9dcbe542-589c-497c-82ae-c7427eb040da"
"instagram","Instagram Comments UA [Ukraine]","52.78","37.7","1","40","wizsmm","9e25101e-80df-4ebf-9c32-41c0b2549cc9"
"instagram","Instagram | Comments | Extremely Fast | WW | Male | Random Positive | Texts [ARAB] | Start: Instant | Speed: 20K/day","14.742","10.53","10","100","wizsmm","9e5ed981-afe5-4a8e-89b9-b866274d1dcc"
"instagram","📊 Instagram -  Impressions  + Profile Visit | Max 400K | HQ | Cancel Enable | Instant Start","0.112","0.08","10","5000000","wizsmm","9f6ba738-db63-44c2-95a6-67dca3443e2d"
"instagram","Instagram Impression [ Explore ]","0.077","0.055","10","1000000","wizsmm","a0062401-b65b-4188-8a44-ed2db098dca9"
"instagram","🇮🇳 Instagram Positive Emoji Comments [ Max - 5k ] [ Real Indian ] 0-6 HRS","8.848","6.32","10","400000","wizsmm","a036090d-e7d6-41d4-875c-1a10278441a2"
"instagram","💎🇺🇸 Instagram Likes [USA - Real] [90 Days Refill]","7.056","5.04","10","10000","wizsmm","a1d9c24c-7a68-4120-b5a7-a57c9327e6db"
"instagram","Instagram Shares + Engagement","0.112","0.08","100","10000000","wizsmm","a26e400a-4e7d-4de9-9cd9-6304c716fda8"
"instagram","Instagram Indian Likes [Premium Quality] [No Drop] [Lifetime Guaranteed] [50K/D] [Instant]","0.588","0.42","10","50000","wizsmm","a2704b54-60b9-4f90-a46e-0a9e659d50d5"
"instagram","Instagram SPLIT Impressions + Reach ➗ | Super-Fast ⚡️ | Last 20 posts [Enter Username]","0.266","0.19","2000","100000","wizsmm","a28c9e6e-7fed-40df-b83d-2e78cfb5dc46"
"instagram","Instagram Profile Visits | 🚀1M/Day | 🔥Instant Start","0.07","0.05","10","1000000","wizsmm","a2edd28c-6af0-474e-b038-b333ef183f27"
"instagram","Instagram SPLIT Comments ➗ | Random 🎲 | Positive EMOJIS 😃❤️🥰👏 | Super-Fast ⚡️ | Last 30 posts [Enter Username]","10.5","7.5","300","3000","wizsmm","a3b71efb-8a69-43e0-8afd-41d91b2413a3"
"instagram","Instagram Impressions [Instant]","0.084","0.06","100","5000000","wizsmm","a3c0c2e3-a801-4fc7-b91f-b2897390d8dc"
"instagram","Instagram SPLIT Views ➗ | Super-Fast ⚡️ | Last 30 videos [Enter Username]","0.196","0.14","3000","1000000","wizsmm","a516b562-7040-4c44-a41a-f54ecd860984"
"instagram","Instagram | Comments | Extremely Fast | WW | Male | Random Positive | Texts [ITALIAN] | Start: Instant | Speed: 20K/day","14.742","10.53","10","100","wizsmm","a54878ba-3c19-4b4a-a8fa-016024fcc8b6"
"instagram","🇮🇳 Instagram Story Views - [ All Stories ]  INSTANT","0.182","0.13","100","15000","wizsmm","a54d630c-d5b0-4757-8e6d-45bd8e08edaa"
"instagram","Instagram | Comments | Extremely Fast | KOREA | Gender MIX | Random Positive | Texts [KOREAN] | Start: Instant | Speed: 20K/day","21.294","15.21","10","100","wizsmm","a60195c5-5f07-4a61-b98b-6ff3bd23d198"
"instagram","Instagram Comment Likes - [ 10k-20k/day ] INSTANT","5.46","3.9","25","10000","wizsmm","a6096f57-dc5a-4a5b-a761-9d898bfc496e"
"instagram","Instagram Comment Likes [Max 100K]","0.924","0.66","1","100000","wizsmm","a610cb0f-65d4-4bba-ba7a-8280055ad093"
"instagram","Instagram Latinos Likes (Latin America and Mexico) - [ AR30 - 100% Real ]","1.806","1.29","10","5000","wizsmm","a64d729d-4af8-46cb-a602-cc8d3c7930d2"
"instagram","Instagram Korean Likes [5K/D] [Instant]","1.484","1.06","20","200000","wizsmm","a75876d9-04a5-4aa5-8a7a-d82fa13b5436"
"instagram","▷💃 Instagram Latin Story Views | %100 Latin Users","0.49","0.35","20","50000","wizsmm","a88b5a85-ac85-42da-82ce-94b18435c062"
"instagram","Instagram SPLIT Saves ➗ | Super-Fast ⚡️ | Last 20 posts [Enter Username]","0.266","0.19","2000","100000","wizsmm","aa1a83ae-1bf7-4302-8ea4-b72c51ccce1a"
"instagram","▷🇮🇹 Instagram Italian Story Views | %100 Italian Users","0.49","0.35","20","50000","wizsmm","aa361f80-e7a1-47d7-87b4-e0711dbf0623"
"instagram","Instagram Views for photos from Explore","0.014","0.01","10","100000000","wizsmm","aa4fccbc-f8b8-45fd-a6c0-cc7f50e566b5"
"instagram","Instagram Germany Male Story Views  [ Real ]","12.726","9.09","30","100","wizsmm","ab28b18a-4c39-455f-872a-05f851ad9a2b"
"instagram","🇪🇬 💙Egyptian Instagram Like HQ 1K","1.092","0.78","50","1000","wizsmm","ac881873-7e3c-480d-aae0-2e93ef782ede"
"instagram","Vietnam Traffic from Instagram [LQ]","0.238","0.17","88","88888888","wizsmm","ad4124a6-3602-4712-bca0-1751fb5b6335"
"instagram","Instagram SPLIT Saves ➗ | Super-Fast ⚡️ | Last 500 posts [Enter Username]","0.266","0.19","50000","200000","wizsmm","ad63bd57-c05f-47d6-93d4-4dae6d19b41b"
"instagram","Instagram Reach | 🚀1M/Day | 🔥Instant Start","0.07","0.05","10","1000000","wizsmm","ae4af8dd-42e8-4f42-bddb-7d0c33a8b240"
"instagram","Instagram SPLIT Likes ➗ | Super-Fast ⚡️ | Last 50 posts [Enter Username]","0.448","0.32","5000","100000","wizsmm","ae744758-e767-42cb-bd3f-e7bc9c9a14f7"
"instagram","Instagram Comments | Korea | MQ | Random | Emojis | Fast","8.19","5.85","1","200","wizsmm","aea8198d-4d5b-4334-8082-3adde08f4122"
"instagram","Instagram Reposts + Reach","0.826","0.59","10","10000","wizsmm","b0120ec3-392d-4849-bf8d-b3ed264fb815"
"instagram","Instagram Impressions","0.042","0.03","100","1000000","wizsmm","b05a50e7-9632-4b2a-9d9b-6500d48c9658"
"instagram","Instagram Reposts + Reach [Cancel Enabled] [10K/D] [Instant]","0.812","0.58","10","10000","wizsmm","b1a088a4-4755-4558-ba55-cf28795f3027"
"instagram","Instagram | Comments | Extremely Fast | COLOMBIA | Female | Random Positive | Texts [SPANISH] | Start: Instant | Speed: 20K/day","26.208","18.72","10","100","wizsmm","b2d49aef-9813-4b49-85cc-1e49bd7ca333"
"instagram","Instagram Followers S2 – [ Real ] [ High Quantity ] [ Non-Drop ] NO REFILL","32.466","23.19","50","10000","wizsmm","b2eb02b0-09d4-4c7b-bd31-b1512bb51cf5"
"instagram","Instagram Comment Likes - [ Order with Username ] [ Smooth Service ] INSTANT","4.2","3","10","20000","wizsmm","b4243bd3-d32a-4528-ad96-ee1d6dd6d8a4"
"instagram","Instagram Likes - [ Max - 2M ] [ Real ] [ SUPERFAST ] [ 30 Days Refill ] INSTANT","0.308","0.22","100","200000","wizsmm","b54c01fb-becf-4da3-a263-a39da42f465d"
"instagram","Instagram Likes [Real] [No Drop] [Cancel Enabled] [10K/D] [0-10/M]","0.084","0.06","1","1000000","wizsmm","b5760f05-0cac-4456-aaec-6fb8d2a18ec3"
"instagram","Instagram SPLIT Likes [REAL HUMANS] ➗ | Super-Fast ⚡️ | Last 300 posts [Enter Username]","3.332","2.38","30000","200000","wizsmm","b6875322-b980-4159-8272-62d271a74ea2"
"instagram","🇳🇬 Instagram Nigerian Male Followers | 30 Days Refill | %100 Nigerian Users 🇮🇹 | 3K Per Hour","10.668","7.62","20","100000","wizsmm","b6b0d2bf-86c3-4b0e-8fbd-9a4caee0d0c7"
"instagram","Instagram Germany Male Story Views [ Real ]","8.47","6.05","30","100","wizsmm","b6bd2cac-a3cf-4be9-87ec-a29fb87df552"
"instagram","Instagram SPLIT Likes [REAL HUMANS] ➗ | Super-Fast ⚡️ | Last 200 posts [Enter Username]","3.332","2.38","20000","200000","wizsmm","b7ccd46c-7021-4d9e-8c24-078188082d33"
"instagram","Instagram Like + Comment + Follow [Italy]","80.64","57.6","10","3000","wizsmm","b9243f8d-0ff4-4a18-9c26-525856bea1b2"
"instagram","Instagram Likes ~ 50K/Day ~ High Quality ~ R30 ♻️","0.154","0.11","100","1000000","wizsmm","b9291fdb-5c32-4b34-89f3-8c33de0369da"
"instagram","Instagram USA Random Comments [High Quality] [30 Days Refill] [200] [0-8/H]","72.576","51.84","5","200","wizsmm","b93334da-74a5-4a1d-9552-215b44552be6"
"instagram","Instagram Story Views [All Stories] [200K/D] [Instant]","0.168","0.12","100","200000","wizsmm","ba5ea719-55ee-4cb6-8f44-a8004e782fc5"
"instagram","7474 - Instagram Engagements + Shares + Reach + Impressions","1.344","0.96","100","1000000","wizsmm","babdc5c3-b7f5-4990-9a26-c194bf23afb4"
"instagram","Instagram Story Views + Reach + Impressions [1 Story]","5.46","3.9","75","5000","wizsmm","bc521620-09bc-47ce-90c3-5c0f4874a04b"
"instagram","Instagram Random Comments - [ Max - 1M ] [ Fast ]  INSTANT","5.6","4","10","1000000","wizsmm","bd195de2-1ca1-429d-874e-c822346a7a78"
"instagram","Instagram Shares","0.448","0.32","100","1000000","wizsmm","bda69228-49a8-443b-a0f8-0bfe5ead3f8f"
"instagram","Instagram Likes - [ Max - 200k ] [ 30 Days Refill ] SUPER INSTANT","0.546","0.39","100","150000","wizsmm","be69e881-970c-493d-869b-603f6742dfb3"
"instagram","Instagram Post Share in Story [Italy]","14.112","10.08","10","3000","wizsmm","bfa73b62-4aa3-4e68-9997-e785b07a1884"
"instagram","Instagram Ai Comments [Italy]","47.04","33.6","1","1000","wizsmm","c06c2d30-ac87-474d-aea7-9e7d917d2292"
"instagram","Instagram Engagements + Shares + Reach + Impressions","1.344","0.96","100","100000","wizsmm","c0d9ce99-9ee9-4eb1-b566-9bf59c93c6db"
"instagram","Instagram | Comments | Extremely Fast | WW | Gender MIX | Random Positive | Texts [JAPANESE] | Start: Instant | Speed: 20K/day","11.466","8.19","10","100","wizsmm","c21160cc-353e-45eb-9364-03fdad2d626f"
"instagram","1061 - Instagram Custom Comment [20K]","16.38","11.7","1","20000","wizsmm","c3291c40-01eb-4094-842e-22e807610462"
"instagram","Instagram Followers [App Data] [Low Drop] [30 Days Refill] [20K/D] [0-1/H]","0.784","0.56","10","1000000","wizsmm","c33507a0-765a-4257-9514-72a786dd323c"
"instagram","Instagram | Comments | Extremely Fast | ITALY | Female | Random Positive | Texts [ITALIAN] | Start: Instant | Speed: 20K/day","26.208","18.72","10","100","wizsmm","c45f36b5-3b00-495e-aa98-e01e2602a4ca"
"instagram","🇧🇷❤️ Brazil Instagram Like HQ 100K (Mobil App)","0.91","0.65","20","200000","wizsmm","c5d18ea0-a1bd-42f8-a4d9-515408155a98"
"instagram","Instagram Followers [30 Days Refill] [Cancel Enabled] [100K/D] [Instant]","0.882","0.63","10","1000000","wizsmm","c838fbf1-640d-47c7-aa7d-8bcde65b28c4"
"instagram","Russia Traffic from Instagram [LQ]","0.238","0.17","88","88888888","wizsmm","ca098790-cb13-4846-b225-81fc607f62ce"
"instagram","Instagram Scrape Data - [ User Followings ] 24 Hours Delivery","1.722","1.23","500","100000","wizsmm","cb6ab0a8-dde6-4d44-b78a-ffd13e765ef5"
"instagram","Ukraine Traffic from Instagram","0.56","0.4","500","1000000","wizsmm","cba33d7a-1809-4853-a2f5-6becbc407296"
"instagram","6840 - Instagram Story Likes [Arabic] [All Stories]","0.392","0.28","100","5000","wizsmm","cbe6ef6b-4a92-4abc-b2e5-80243ba80851"
"instagram","🇧🇷 Instagram Brazil Followers – [ Max – 50k ] [ Mix, 10k/day ] [ UHQ ] INSTANT","2.646","1.89","10","30000","wizsmm","cc7d1cc9-996a-4004-8df2-873e7f7f9fb6"
"instagram","Korean Instagram Followers [Special] [Non-Drop] [Real Service]","24.57","17.55","50","1000","wizsmm","cd421045-c4d6-4830-aa4c-33d15f80dc38"
"instagram","Instagram Followers [All Flag Types] [High Quality + Real] [Low Drop] [30 Days Refill] [100-200K/D] [0-1/H]","3.696","2.64","10","1000000","wizsmm","cd452f81-3c24-4693-9ec4-9c556f25c4c3"
"instagram","💎 Instagram Followers - [ Max - 1M ] [ Best Quality ] [ 100k/day ] [ 30 Days Refill BUTTON ] INSTANT","1.12","0.8","10","100000","wizsmm","1ba96628-976f-4238-9b67-466e3eef84e0"
"instagram","Instagram Followers - [ Max - 1M ] [ 20k/Day ] [ 30 Days Refill BUTTON ] INSTANT","0.714","0.51","50","200000","wizsmm","2ccd1ee3-76ac-4477-b7bd-4bd1c5119e0a"
"instagram","Instagram Followers [High Quality + Real] [365 Days Refill] [Cancel Enabled] [Drop %10-15] [20-50K/D] [Instant]","1.008","0.72","10","100000","wizsmm","755afd51-9e45-4fe5-9baa-88e026fee067"
"instagram","Instagram Followers [High Quality + Real] [30 Days Refill] [Cancel Enabled] [Drop %10-15] [20-50K/D] [Instant]","0.756","0.54","10","100000","wizsmm","8c8d5d4f-4700-4ead-8134-9f5a61c9b6d7"
"instagram","Instagram Followers - [ Max - 1M ] [ 20k/Day ] [ 365 Days Refill BUTTON ] INSTANT","1.12","0.8","50","200000","wizsmm","9b69757e-af2f-41cc-9c61-339483c21d8c"
"instagram","Instagram Followers [Females] [Super Real] [100-500/D] [0-12/H]","25.2","18","10","1000","wizsmm","1f892d08-e0c7-475e-9dc2-f58b82edb1ee"
"instagram","🇳🇬 Instagram Nigerian Female Likes | 30 Days Refill | %100 Nigerian Users 🇳🇬 | 3K Per Hour","2.142","1.53","20","100000","wizsmm","ec5e5d50-2503-476a-8fee-67ed93ccff32"
"instagram","Instagram SPLIT Likes [REAL HUMANS] ➗ | Super-Fast ⚡️ | Last 10 posts [Enter Username]","3.332","2.38","1000","100000","wizsmm","ed87cbeb-1a4e-4bfe-8341-6466b2e085e5"
"instagram","Instagram Comments RU [Russia]","52.78","37.7","1","100","wizsmm","edc8d366-ba89-461d-9a60-2d8f333cc70d"
"instagram","Instagram Reposts [No Refill] [10K/D] [Instant]","0.504","0.36","100","10000000","wizsmm","ee863d08-cd77-4b5c-9eae-3d1a8a27537d"
"instagram","Turkey Traffic from Instagram [LQ]","0.238","0.17","88","88888888","wizsmm","ef00e78b-d675-4923-a1ce-b9ecd0dd93c9"
"instagram","🇧🇷❤️ SR - Instagram Brazilian Likes | 30 Days Refill ♻️ | Max 200K | 100% Brazilian | Business 💼️ | 10K per Hour","1.904","1.36","20","75000","wizsmm","ef1c88e7-9600-44b1-91b1-8968cd7eadb3"
"instagram","UK Traffic from Instagram [LQ]","0.238","0.17","88","88888888","wizsmm","f26499c6-c254-4a7a-b645-aa48eb7ccda8"
"instagram","Italy Traffic from Instagram","0.56","0.4","500","1000000","wizsmm","f38ddbeb-96ac-40b1-a165-caabbd482dcf"
"instagram","Instagram Story Views - [ Max - 100k ] [ 100k/day ] INSTANT","0.182","0.13","100","15000","wizsmm","f39d1fd4-6416-49e7-b80f-485b1b771e03"
"instagram","Instagram Views [5-10 Seconds Watch Time] [100K/D] [Instant]","0.028","0.02","500","100000","wizsmm","f3a5f4ec-b88a-411f-b2d6-92bd40c20acd"
"instagram","Instagram SPLIT Views ➗ | Super-Fast ⚡️ | Last 500 videos [Enter Username]","0.196","0.14","50000","1000000","wizsmm","007cba30-0056-446f-9943-8bb60edd8bb6"
"instagram","Instagram Views [BETA Version] [Speed: 500k/day] [Start: 1 minute to 6 hours]","0.0018","0.0013","100","2147483647","wizsmm","4f9f1952-3324-4a16-aeb9-05001b08870e"
"instagram","Instagram Views [BETA Version] [Speed: 500k/day] [Start: 1 minute to 6 hours]","0.0017","0.0012","10","2147483647","wizsmm","f05d529a-250d-4c69-8042-9b71bd9c55b0"
"instagram","Bangladesh Traffic from Instagram","0.56","0.4","500","1000000","wizsmm","daee94ad-aee0-4b27-9178-3240fca6f152"
"instagram","Instagram Followers - [ Max - 1M ] [ Slow Service ] [ 3k/Day ] [ Real HQ ] [ Lifetime Refill BUTTON ] INSTANT","1.12","0.8","50","100000","wizsmm","02e41661-5132-463a-b409-8cf9e5250dfc"
"instagram","Romania Traffic from Instagram","0.6125","0.4375","500","1000000","wizsmm","0700efae-0a86-4460-9f83-737db045bfed"
"instagram","🇲🇽Mexico Traffic from Instagram [No Refill] [Max: 1M] [Start Time: 12 Hours] [Speed: 10K/Day]","0.6125","0.4375","500","1000000","wizsmm","11922aef-7b87-41fe-beab-26f43f51824e"
"instagram","Pakistan Traffic from Instagram","0.6125","0.4375","500","1000000","wizsmm","f675e7d1-8d56-4b39-b5b8-129ec1d9fd55"
"instagram","🇳🇱Netherlands Traffic from Instagram [No Refill] [Max: 1M] [Start Time: 12 Hours] [Speed: 10K/Day]","0.6125","0.4375","500","1000000","wizsmm","15dc6f5a-2262-42fb-9a2c-947deec6bca1"
"instagram","6-Months Backlink [Dofollow] [In Website&amp;#039;s Entire Pages] [Instagram-Telegram-YouTube-Facebook-Twitter][Speed 2-7 Days] - Level 1","33.6","24","1","1","wizsmm","15e78b1f-8a94-4918-a810-e79ba208aa5d"
"instagram","🇷🇺Russia Traffic from Instagram [No Refill] [Max: 1M] [Start Time: 12 Hours] [Speed: 10K/Day]","0.6125","0.4375","500","1000000","wizsmm","19cb488d-585d-4c0d-aa4b-1640cf45a1e8"
"instagram","🇮🇹Italy Traffic from Instagram [No Refill] [Max: 1M] [Start Time: 12 Hours] [Speed: 10K/Day]","0.665","0.475","500","1000000","wizsmm","1fc36ab0-8d58-4501-b4c0-c6ecc0dd3b82"
"instagram","🇪🇸Spain Traffic from Instagram [No Refill] [Max: 1M] [Start Time: 12 Hours] [Speed: 10K/Day]","0.6125","0.4375","500","1000000","wizsmm","240e2406-b9c1-49c1-8202-29063cfc844e"
"instagram","1-Month Backlink [Dofollow] [In Website&amp;#039;s Entire Pages] [Instagram-Telegram-YouTube-Facebook-Twitter][Speed 2-7 Days] - Level 2","14","10","1","1","wizsmm","29eb84be-06cd-4d2d-9e20-72887fa44a84"
"instagram","Egypt Traffic from Instagram","0.665","0.475","500","1000000","wizsmm","2f1c4732-a5ad-4610-a0f4-bef91137b07a"
"instagram","🇧🇷Brazil Traffic from Instagram [Refill: No] [Max: 1M] [Start Time: 12 Hours] [Speed: 10K/Day]","0.245","0.175","88","88888888","wizsmm","32fd492c-17bd-4d60-a6ba-4c54421f56c9"
"instagram","1-Month Backlink [Dofollow] [In Website&amp;#039;s Entire Pages] [Instagram-Telegram-YouTube-Facebook-Twitter] [Speed 2-7 Days] - Level 1","7","5","1","1","wizsmm","363bfe17-8e1e-40f4-83de-703ad00aed86"
"instagram","🇮🇩Indonesia Traffic from Instagram [Refill: No] [Max: 1M] [Start Time: 12 Hours] [Speed: 10K/Day]","0.35","0.25","100","1000000","wizsmm","377f752e-80dc-41e3-bc51-019ff6f6a450"
"instagram","Instagram Followers Belgium","25.2","18","20","10000","wizsmm","8bf2ec19-6649-4fa5-917b-34eaa17d82c8"
"instagram","🇫🇷France Traffic from Instagram [No Refill] [Max: 1M] [Start Time: 12 Hours] [Speed: 10K/Day]","0.35","0.25","100","1000000","wizsmm","44ee0ca3-8344-4078-a4be-d8bd92397e04"
"instagram","🇮🇳India Traffic from Instagram [Refill: No] [Max: 1M] [Start Time: 12 Hours] [Speed: 10K/Day]","0.245","0.175","88","88888888","wizsmm","505bc413-4a27-436e-9fb1-40f3e19897b7"
"instagram","🇹🇷Turkey Traffic from Instagram [No Refill] [Max: 1M] [Start Time: 12 Hours] [Speed: 10K/Day]","0.6125","0.4375","500","1000000","wizsmm","5147f16d-8b35-4eb1-90fe-2ed707eb46b1"
"instagram","Instagram Korean Followers [High Quality] [1 Year Refill] [1K/D] [0-1/H]","57.96","41.4","30","100","wizsmm","ff022c24-756f-46b5-9bb7-1c65ce44d27c"
"instagram","🇩🇪Germany Traffic from Instagram [No Refill] [Max: 1M] [Start Time: 12 Hours] [Speed: 10K/Day]","0.245","0.175","88","88888888","wizsmm","6a4cb843-1fe4-432b-b555-1a2793dbf78a"
"instagram","🇯🇵Japan Traffic from Instagram [Refill: No] [Max: 1M] [Start Time: 12 Hours] [Speed: 10K/Day]","0.6125","0.4375","500","1000000","wizsmm","6ff913e1-abc5-42ca-baa0-e6f4fa8f2979"
"instagram","🇺🇸USA Traffic from Instagram [Refill: No] [Max: 1M] [Start Time: 0 - 12 Hours] [Speed: 10K/Day] 💧","0.245","0.175","88","88888888","wizsmm","77f3690b-5cfe-4ceb-a246-be7d8fb339cd"
"instagram","1-Month Backlink [Dofollow] [In Website&amp;#039;s Entire Pages] [Instagram-Telegram-YouTube-Facebook-Twitter][Speed 2-7 Days] - Level 3","21","15","1","1","wizsmm","825cd3a6-73f2-4125-9ad2-84e42312c869"
"instagram","🇨🇦Canada Traffic from Instagram [No Refill] [Max: 1M] [Start Time: 12 Hours] [Speed: 10K/Day]","0.6125","0.4375","500","1000000","wizsmm","87772672-f9e2-4236-bb3d-9dffb270ef79"
"instagram","🇺🇦Ukraine Traffic from Instagram [No Refill] [Max: 1M] [Start Time: 12 Hours] [Speed: 10K/Day]","0.6125","0.4375","500","1000000","wizsmm","8df22458-4da7-4baf-81b2-d21c104df559"
"instagram","🇹🇭Thailand Traffic from Instagram [No Refill] [Max: 1M] [Start Time: 12 Hours] [Speed: 10K/Day]","0.6125","0.4375","500","1000000","wizsmm","8e2c0bea-3e47-473c-86d3-ca1993f07d55"
"instagram","🇬🇧UK Traffic from Instagram [Refill: No] [Max: 1M] [Start Time: 12 Hours] [Speed: 10K/Day] 💧","0.245","0.175","88","88888888","wizsmm","8ec388bd-ee48-4f66-a0bb-e6001ff02259"
"instagram","🇹🇼Taiwan Traffic from Instagram [No Refill] [Max: 1M] [Start Time: 12 Hours] [Speed: 10K/Day]","0.6125","0.4375","500","1000000","wizsmm","9725f099-d265-4d98-a91f-ec5f0bdbc004"
"instagram","3-Months Backlink [Dofollow] [In Website&amp;#039;s Entire Pages] [Instagram-Telegram-YouTube-Facebook-Twitter][Speed 2-7 Days] - Level 2","37.8","27","1","1","wizsmm","a2853f30-d7ec-41f0-92b1-0907ea785f20"
"instagram","----------- 𝐕𝐈𝐄𝐖𝐒 + 𝐋𝐈𝐊𝐄𝐒 -----------","1638","1170","1","1","wizsmm","1b803c6e-d39b-41d0-91c4-29cd44b31be3"
"instagram","6-Months Backlink [Dofollow] [In Website&amp;#039;s Entire Pages] [Instagram-Telegram-YouTube-Facebook-Twitter][Speed 2-7 Days] - Level 2","67.2","48","1","1","wizsmm","b88bb79d-7516-446b-9ef9-7fcc4d9a195e"
"instagram","🇺🇸 Instagram Followers [MIX USA] [Refill: 30D] [200K] [Start Time: 0 - 1 Hr] [Speed: 50K/D] ♻️🔥","6.6465","4.7475","50","200000","wizsmm","c19bc93b-6e20-46de-9be1-d0899db21b6f"
"instagram","Website Traffic From Instagram [WW] [Refill: No] [Max: 1M] [Start Time: 0 - 12 Hour] [Speed: 50K/Day] 💧","0.245","0.175","88","88888888","wizsmm","c76bc05c-4299-4b90-9160-c503c61ff624"
"instagram","3-Months Backlink [Dofollow] [In Website&amp;#039;s Entire Pages] [Instagram-Telegram-YouTube-Facebook-Twitter][Speed 2-7 Days] - Level 3","56.7","40.5","1","1","wizsmm","cb39b5aa-2233-4ace-be06-9d7f4b86df69"
"instagram","Instagram Likes [Refill: No] [Max: 500K] [Start Time: 0-1 Hr] [Speed: 10K/Day]  ⛔ 💧","0.2253","0.1609","10","100000","wizsmm","009032e1-787b-46e3-8f00-016df042c9b6"
"instagram","Instagram 🇺🇸 AI Growth Package [MONTHLY PACKAGE] [STANDARD] [~1K Followers/Month]","57.75","41.25","1","1","wizsmm","37de84a8-6493-498f-9c21-3d237c5a0dcd"
"instagram","Instagram 🇺🇸 AI Growth Package [MONTHLY PACKAGE] [PRO] [~3K Followers/Month]","124.25","88.75","1","1","wizsmm","2b2dd519-4083-4da5-820f-f459703affe9"
"instagram","Instagram 🇺🇸 AI Growth Package [MONTHLY PACKAGE] [PREMIUM] [~5K Followers/Month]","192.5","137.5","1","1","wizsmm","f57cbd65-075b-4e7b-8497-e66a79f1ec46"
"instagram","Threads Likes [Refill: 30D] [Max: 20K] [Start Time: 0-3 Hours] [Speed: Up to 1K/Day] 💧⛔","7","5","10","20000","wizsmm","0098e82a-04a5-4e90-a783-1265457bc0cf"
"instagram","🇳🇬Threads Likes [NO DROP] [Max: 2K] [Start Time: 0-3 Hours] [Speed: Up to 1K/Day]","35","25","50","2000","wizsmm","ea4bf87c-52fa-49ae-8cc3-882d35693bfb"
"instagram","Threads Followers [Refill: No] [Max: 5K] [Start Time: 0-1 Hours] [Speed: Up to 5K/Day] 💧","6.5625","4.6875","100","10000","wizsmm","30c06798-ba84-49c9-8a27-38d907e31392"
"instagram","Threads Followers [Refill: 30D] [Max: 20K] [Start Time: 0-3 Hours] [Speed: Up to 1K/Day] 💧⛔","14","10","10","20000","wizsmm","f3affecf-5b7c-48d0-92bb-da2c2d07b6de"
"instagram","Threads Real Followers [NO DROP] [Max: 2K] [Start Time: 0-2 Hours] [Speed: 2k/Day]","61.25","43.75","100","2000","wizsmm","b29aa5a3-9721-4ae0-afad-4d5bf4b40152"
"instagram","Threads Reshare [Refill: 30D] [Max: 20K] [Start Time: 0-3 Hours] [Speed: Up to 1K/Day] 💧⛔","8.75","6.25","10","20000","wizsmm","d4c50427-4db6-4019-87f8-c6032c7dc943"
"instagram","Instagram RAL™ Likes [Refill: No Drop] [Max: 15K] [Start Time: 0-8 Hours] [Speed: 2K/Day] ⚡💧","11.375","8.125","50","15000","wizsmm","3b64a1ce-dc6c-4258-acc0-1abbded71b25"
"instagram","🇺🇸🇪🇺Instagram Story Views [USA/Europe] [Refill: No] [Max: 10K] [Start Time: 0-4 Hours] [Speed: 500-3K/Day]","17.5","12.5","100","5000","wizsmm","5781648c-ac8f-42be-9ee3-e2c976927ac7"
"instagram","🇺🇸🇪🇺Instagram Likes [USA/Europe] [Non Drop] [Refill: No] [Max: 15K] [Start Time: 0-4 Hours] [Speed: 1.5K/Day]","19.25","13.75","100","15000","wizsmm","73faec4a-f07e-4b9f-81d9-c2b3eab0d395"
"instagram","🇺🇸🇪🇺Instagram Followers [USA/Europe] [Non Drop] [Refill: No] [Max: 15K] [Start Time: 0-4 Hours] [Speed: 1.5K/Day]","45.5","32.5","100","15000","wizsmm","06fc7d29-07ee-415f-8ce2-d78a372c9d96"
"instagram","Instagram Followers [PAK 🇵🇰] [Refill: No] [Max: 20K] [Start Time: 0 - 2 Hrs] [Speed: Up to 20K/D] 💧⛔️","3.15","2.25","50","20000","wizsmm","01362399-d5b1-405a-bbdd-c13c46a692d2"
"instagram","Instagram Likes [REAL LOOKING] [Max: 50K] [Start Time: 0-1 Hour] [Speed: 20K/Day]","0.693","0.495","10","500000","wizsmm","0181971e-941c-4f0d-906b-2fe14c295e93"
"instagram","🇩🇪 Instagram Followers [GERMANY] [Refill: No] [Max: 20K] [Start Time: 48 Hours] [Speed: 50/Day]","180.18","128.7","10","4000","wizsmm","01a2fbe2-d892-4eb3-8879-82599bfe6b9a"
"instagram","⚠️🔥🎇🇺🇸🇪🇺 Instagram Followers USA / EUROPE [EXCLUSIVE]","28.875","20.625","50","12000","wizsmm","7dec6dc5-7a4a-4a7c-ba45-c0257e335b1c"
"instagram","Instagram Comments [HQ - RANDOM] [Refill: 30 Days] [Max: 100K] [Start Time: 0 - 3 Hours] [Speed: 20K/Day] 💧","5.124","3.66","10","500000","wizsmm","01eb85e2-e699-4346-a784-b7ccd19baf94"
"instagram","Instagram Followers [Max 200K] [WORKING AFTER UPDATE] [Start Time: 0 - 1Hr] [Refill: No] [Speed: 50K/D] 💧","5.565","3.975","10","200000","wizsmm","020eabda-caaa-46a1-aaea-ebaa035d92cf"
"instagram","Instagram Auto Shares [Max: 5M] [Start Time: 0 -1 Hr] [Speed: 5M/D]","0.357","0.255","100","5000000","wizsmm","020f0caf-b562-411b-8e38-5c27a1522db6"
"instagram","🇧🇷 Instagram/IGTV Auto Likes [BRAZIL] [Refill: No] [Max: 45K] [Start Time: 1 Hour] [Speed: 4K/Day] ⛔️","0.9275","0.6625","10","200000","wizsmm","02199cdb-1eb3-4955-85c8-e5cd065c471c"
"instagram","Instagram Followers [Max 200K] [SPAM ON] [Start Time: 0 - 1Hr] [Refill: 365D] [Speed: Up to 75K/D] ♻️💧⛔","6.1513","4.3938","20","200000","wizsmm","02266e89-4850-4e2b-9668-b88c26049348"
"instagram","Instagram Story TAG TAPS [Start Time: 0 - 1 Hour] [Speed: 1K/Day]","14.348","10.2486","100","1000","wizsmm","02389c5d-33c5-4b03-a41b-614be1759e58"
"instagram","Instagram Views [REEL + IGTV + POSTS] [Max: 9M] [Start Time: 0-1 Hour] [Speed: 100K/Day]","0.3063","0.2188","100","100000000","wizsmm","025d1099-aab2-4fa4-be68-3768c73f6f31"
"instagram","Instagram Female Comments [NON DROP] [Max: 500] [Start Time: 0-1 Hour] [Speed: 24 Hours Delivery]","770","550","5","500","wizsmm","9f4ab3d5-489e-4dfe-bd7e-c11ed62dacfe"
"instagram","Instagram Male Comments [NON DROP] [Max: 500] [Start Time: 0-1 Hour] [Speed: 24 Hours Delivery]","770","550","5","500","wizsmm","e561cdf2-4d97-414f-9333-905367415710"
"instagram","Instagram Micro Package  [4-6 Followers] [20-25 post likes] [8-12 Comments] [NON DROP] [Start Time: 0-1 Hour] [Speed: 24 Hours Delivery]","10.0625","7.1875","1000","1000","wizsmm","bf5d6fc5-b4d4-4ef1-a2fc-170ebe7ac0cd"
"instagram","Instagram Starter Package [7-10 Followers] [35-45 Likes] [15-20 Comments] [NON DROP] [Start Time: 0-1 Hour] [Speed: 24 Hours Delivery]","13.5625","9.6875","1000","1000","wizsmm","4519c00e-86e3-4b0d-ad3f-85b47e18354d"
"instagram","Instagram Regular Package [11-13 Followers] [55-65 Likes] [30-35 Comments] [NON DROP] [Start Time: 0-1 Hour] [Speed: 24 Hours Delivery]","22.3125","15.9375","1000","1000","wizsmm","4823fec0-4686-4ecf-b2e5-05acae11f3a8"
"instagram","Instagram Likes [ARAB] [Refill: No] [Max: 5K] Start Time: 0-1 Hour] [Speed: 2K/Day]","4.704","3.36","20","3000","wizsmm","025e5f98-e080-4084-af73-2b0e09394901"
"instagram","Instagram Package [FEMALE] [400-500 likes] [100 Comments] [100 Comment Like] [50 Comment Reply] [100 Story View] [10 Post Share]","2.625","1.875","1","1","wizsmm","4f61d45b-1bb9-4ce5-aa2b-1fcd4378c46b"
"instagram","INSTAGRAM PACKAGE HQ [MALE] [150-200 likes] [20 Comments] [20 Comment Like][10 Comment Reply]","2.625","1.875","1","1","wizsmm","19a4afd0-bded-464f-bd0a-4f787410010c"
"instagram","Instagram Followers [NFT Accounts] [Max: 150] [Start Time: 0-1 Hour] [Speed: 100/Day]","350","250","1","150","wizsmm","3f755e5c-d9c2-4d81-aec3-3cf7a0761f07"
"instagram","Instagram Followers [NFT Accounts] [500 Package] [Refill: No] [Start Time: 0 - 12 Hours] [Speed: 50 - 100]","148.75","106.25","10","1000","wizsmm","7f51c7bb-61b1-4345-9587-7d3b13a882bb"
"instagram","Instagram Followers [NFT Accounts] [1K Package] [Refill: No] [Start Time: 0 - 12 Hours] [Speed: 50 - 100]","148.75","106.25","10","1000","wizsmm","89fdf375-aee7-4d68-94ba-330dc483d321"
"instagram","Instagram Followers [NFT Accounts] [2-3K Package] [Refill: No] [Start Time: 0 - 12 Hours] [Speed: 50 - 100]","420","300","1","1","wizsmm","40a997d2-c3c4-4de7-bb98-23e0eb9b03c3"
"instagram","Instagram Likes [Drops 5-7%] [Refill: No] [Max: 5K] [Start Time: 0-1 Hour]  [Speed: 1-2K/Hour]","0.2268","0.162","50","100000","wizsmm","02e7ba97-7a82-4665-a867-66821784f6e9"
"instagram","Promo Pack [MONTLY] [40-50 Followers Daily + 200-300 Views Per Video + 100-120 Likes Per Post]","12.25","8.75","1","1","wizsmm","29722a57-449f-43c9-83ac-039c3cc29f72"
"instagram","Starter Pack [MONTHLY] [90-100 Followers Daily + 500-600 Views Per Video + 200-250 Likes Per Post]","21","15","1","1","wizsmm","71d5bc06-8ade-418f-a958-5551ddb8c0e4"
"instagram","Instagram Subscription [Speed: 1 Month] [Start Time: 0-4 Hours] [100 Followers + 100 Likes + 20-30 Comments + Saves + Story Views]","99.75","71.25","1","1","wizsmm","05430aa5-690d-4a61-ad38-3e4580a8a842"
"instagram","Instagram Subscription [Speed: 10 Days] [Start Time: 0-4 Hours] [100 Followers + 100 Likes + 20-30 Comments + Saves + Story Views]","33.25","23.75","1","1","wizsmm","44a9522b-6deb-4962-b334-11260af034c5"
"instagram","Instagram Subscription [Speed: 5 Days] [Start Time: 0-4 Hours] [100 Followers + 100 Likes + 20-30 Comments + Saves + Story Views]","16.625","11.875","1","1","wizsmm","762a0a3d-4063-4a63-9428-4573ded1ad29"
"instagram","🇰🇷 Instagram Likes [KOREA] [HQ] [Refill: 30D] [Max: 50K] [Start Time: 0-3 Hrs] [Speed: 10K/D]💧","13.4663","9.6188","10","50000","wizsmm","03874019-0f17-49ee-b35a-d33cf1b191e9"
"instagram","Instagram Followers [SPAM ON] [Max: 1M] [Refill: 90D] [Start Time: 0 - 1 Hour] [Speed: Up to 50K/Day] ♻️💧⛔","6.0375","4.3125","10","10000000","wizsmm","038cfbd8-ced4-4558-9d21-7e4aecfa8e76"
"instagram","Instagram Followers [Refill:] [Max: 200K] [Start Time: 4 Hours] [Speed: 50K/Day] 💧♻️⛔️","1.2075","0.8625","10","200000","wizsmm","03ce9df0-fa19-4b64-aff1-40501215dce9"
"instagram","Instagram Followers [SPAM OFF] [Refill: No] [Max: 1M] [Start Time: 0-1 Hr] [Speed: Up to 100K/D] 💧⛔","2.1","1.5","10","1000000","wizsmm","04f1ae04-d5d6-40ff-b73f-093be4234936"
"instagram","ID:3 | Instagram Followers | 100-300K/D - R90 | Drop Rate: 0-5%","2.66","1.9","10","1000000","wizsmm","0021b9dc-49f3-4115-b84f-5ad2b81874cc"
"instagram","Instagram Likes [Refill: 30D] [Max: 100K] [Start Time: Instant - 1 Hour] [Speed: 30K/D] ⚡💧⛔️","0.4375","0.3125","10","100000","wizsmm","a97cc44f-ff4c-41ca-824e-099f97c0ace4"
"instagram","Instagram Auto Likes [Max: 50K] [Start Time: 0-1 Hour] [Speed: INSTANT] 🔥","2.8896","2.064","50","50000","wizsmm","054c61d0-b5bd-4750-b273-4ec82064eb57"
"instagram","🔥🔥🔥 [EXCLUSIVE] Instagram Followers [Spam On] [Refill: 365 Days] [Max: 100K/username - 15K/order] [Start Time: 0-1 Hour] [Speed: 5-10K/Day] ♻️🔥🔥🔥","1.1025","0.7875","15000","15000","wizsmm","05613a51-68c2-471d-90a9-dadc80c6e713"
"instagram","Instagram Impression [Home+ Explore + Discover Others] [Max: 100K] [Start Time: 0-1 Hour] [Speed: 100K/Day]","0.1007","0.0719","10","1000000","wizsmm","05677225-217c-4c43-a4be-7910ab688daf"
"instagram","🇧🇷 Instagram Followers [BRAZIL - Female] [Refill: 30 Days] [Max: 30K] [Start Time: 1 Hour] [Speed: 5K/Day]💧♻️","11.4625","8.1875","10","50000","wizsmm","05716f58-49bc-43d5-a095-3b32cc138762"
"instagram","🇧🇷 Instagram Followers [BRAZIL] [Refill: No] [Max: 5K] [Start Time: 1 Hour] [Speed: 5K/Day] ⛔️💧","17.4125","12.4375","50","1000","wizsmm","0575627d-0d76-4414-bb29-235a4d614b19"
"instagram","Instagram Comments [Negative EMOJI] [Refill: No Refill] [Max: 200K] [Start Time: 0 - 3 Hours] [Speed: 2K/Day]","5.46","3.9","10","200000","wizsmm","0622aa26-28ac-4da9-ad87-f9c97200effc"
"instagram","Instagram Likes RAU™ [USA 🇺🇸] [Max: 1.5K] [Refill: 60D] [Start Time: 0 - 1 Hr] [Speed: 1.5K/D] 💧","4.928","3.52","20","20000","wizsmm","06733a98-7ac9-452b-9bf7-b4ddb4d3e36c"
"instagram","🇭🇰 Instagram Followers [HONG KONG] [Start Time: 0 - 1 Hour] [Speed: 1K/Day]","8.4","6","50","1000","wizsmm","069bad51-dfa8-426c-a2b1-0b3893e60ddd"
"instagram","🇧🇷 Instagram Followers [BRAZIL] [Auto-Refill: 30 Days] [Max: 10K] [Start Time: 1 Hour] [Speed: 3K/Day] ♻️","10.5875","7.5625","10","50000","wizsmm","06c1137b-998a-4569-93dc-dffbb9744e82"
"instagram","Instagram Followers [SPAM ON] [Refill: 60D] [Max: 200K] [Start Time: 0-1 Hr] [Speed: Up to 100K/D] 💧⛔♻️","1.925","1.375","10","10000000","wizsmm","06d1edd6-3e19-4fc0-975d-77bbde534448"
"instagram","Instagram Likes + Impressions [Refill: 30 Days] [Max: 30K] [Start Time: 0-1 Hour] [Speed: 1-3K/Hour] ♻️","0.0916","0.0654","50","1000000","wizsmm","09adb048-845e-470a-8a81-e7dfee443686"
"instagram","Instagram USA Impressions [Max: 100K] [Start Time: 0-1 Hour] [Speed: 100K/Day] 💧","0.378","0.27","10","1000000","wizsmm","0ae91f50-ea10-4cc1-8397-1702cf7c193f"
"instagram","🔥🔥🔥 [EXCLUSIVE] Instagram Followers [Spam On] [Refill: 65 Days] [Max: 100K/username - 14K/order] [Start Time: 0-1 Hour] [Speed: 5-10K/Day] ♻️🔥🔥🔥","1.0584","0.756","14000","14000","wizsmm","0b30043d-74c4-405c-bbac-582921df7708"
"instagram","🇫🇷 Instagram Followers [France] [Refill: 30 Days] [Max: 5K] [Start Time: 0-6 Hours] [Speed: 100/Day]","46.2","33","20","5000","wizsmm","0b34ba1c-68e5-44da-9360-6dec46a390dc"
"instagram","Instagram Likes [🇦🇪 ARAB / 🇮🇳 INDIA / 🇹🇷 TURK MIX] [Refill: 30D] [Max: 200K] [Start Time: 0 - 1 Hr] [Speed: 20K/D] 💧♻️⛔","1.75","1.25","100","200000","wizsmm","3e2e8bed-31ee-491e-a923-8d08622824f7"
"instagram","🇦🇪 Instagram Likes [UAE - ARAB] [Refill: 45D] [Max: 50K] [Start Time: 0 - 1 Hr] [Speed: 5K/D] ⛔💧♻️","3.0625","2.1875","100","100000","wizsmm","ce4ec8f7-26c4-48b8-8dab-5e9c2eede2a2"
"instagram","Instagram Likes [NON DROP] [Max: 8K] [Start Time: 0-1 Hour] [Speed: 8K/Day] 💧🔥🔥","0.0854","0.061","10","3000000","wizsmm","0b7779a5-c91c-41e3-9b54-e6d724913825"
"instagram","Instagram Auto Saves [Max: 5K] [Start Time: 1 Hour] [Speed: 5K/Day]","0.105","0.075","10","75000","wizsmm","0c83df35-1a1f-4e8f-9ca9-646d9add691b"
"instagram","🇷🇺Instagram Likes + Impressions [RUSSIA] [NON-DROP] [Refill: 30 Days] [Max: 2K] [Start Time: 1 Hour] [Speed: 200/Day] ♻️🔥","5.25","3.75","15","10000","wizsmm","24d638cc-2e45-4a97-8f4d-c8cce97b5f93"
"instagram","🇱🇾Instagram Likes [LIBYA] [NON DROP] [Max: 15K] [Start Time: 1 Hour] [Speed: 5K/Day]","7.875","5.625","100","200000","wizsmm","245486af-5615-483b-9d0b-f14fe4b55860"
"instagram","Instagram Followers [SPAM OFF] [Refill: No] [Max: 1M] [Start Time: 0 - 3 Hrs] [Speed: Up to 200K/D] 💧⛔","1.309","0.935","10","10000000","wizsmm","0cb38e8f-a4bc-4564-9e07-2132d21fdf70"
"instagram","🇳🇬Instagram Likes [NIGERIA] [Refill: No] [Max: 2K] [Start Time: 1 Hour] [Speed: 2K/Day]","35","25","100","5000","wizsmm","4bc24781-a69f-4f14-aa1d-082ef37887b9"
"instagram","🇬🇭Instagram Likes [GHANA] [NON DROP] [Max: 2K] [Start Time: 1 Hour] [Speed: 2K/Day]","42","30","50","5000","wizsmm","266d5822-322a-4746-86a2-a92241415dbc"
"instagram","Instagram Power Likes [Last 5 Posts] [Package] [Non Drop] [Max: 22K] [Start Time: 0-1 Hour] [Speed: 5-10K/Day]","5.6875","4.0625","20","150000","wizsmm","6075a412-e125-40a6-b52d-30a629df6523"
"instagram","Instagram Power Likes [Last 10 Posts] [Package] [Non Drop] [Max: 22K] [Start Time: 0-1 Hour] [Speed: 5-10K/Day]","11.375","8.125","20","150000","wizsmm","6562f910-bea8-48d7-a318-02ce5cbadd98"
"instagram","Instagram Power Likes [Last 15 Posts] [Package] [Non Drop] [Max: 22K] [Start Time: 0-1 Hour] [Speed: 5-10K/Day]","17.0625","12.1875","20","150000","wizsmm","e9737e11-3dfb-4cd4-8ddd-8dc1d5a7ae89"
"instagram","Instagram Power Likes [Last 20 Posts] [Package] [Non Drop] [Max: 22K] [Start Time: 0-1 Hour] [Speed: 5-10K/Day]","22.75","16.25","20","150000","wizsmm","fc4ec9e2-19b5-47d3-aa15-38c82919e7b2"
"instagram","Instagram Power Likes [Last 25 Posts] [Package] [Non Drop] [Max: 22K] [Start Time: 0-1 Hour] [Speed: 5-10K/Day]","28.4375","20.3125","20","150000","wizsmm","5ff37965-a41f-4cac-95f6-8ca7b5a599d0"
"instagram","Instagram Power Likes [Last 10 Posts] [Package 50-150K] [Non Drop] [Start Time: 0-1 Hour] [Speed: 50K/Day]","10.9375","7.8125","5000","150000","wizsmm","824b66f2-d6f4-425b-9f49-23939c9af945"
"instagram","Instagram Followers [Refill: No] [Max: 23K] [Start Time: 1 Hour] [Speed: 5K/Day]","3.4922","2.4944","10","23000","wizsmm","0daed38e-4151-4bc0-9d0c-75573e9d5bf8"
"instagram","Instagram Power Likes [Last 20 Posts] [Package 50-150K] [Non Drop] [Start Time: 0-1 Hour] [Speed: 50K/Day]","21.875","15.625","50000","150000","wizsmm","d92685b7-e18e-4d66-b231-2dbbc737d093"
"instagram","Instagram Followers [Refill: No] [Max: 5K] [Start Time: 1 Hr] [Speed: 5K/D]","1.225","0.875","100","5000","wizsmm","0e126d15-36bf-497b-bd9a-b2c6df026c60"
"instagram","Instagram Story Views [Max: 30K] [Start Time: 0-1 Hour] [Speed: 30K/Day]","0.175","0.125","10","10000","wizsmm","0e45386a-069b-4085-9ac3-dfe7de942ef9"
"instagram","Instagram Followers [Refill: 30D] [Max: 1M] [Start Time: 0-1 Hr] [Speed: Up to 250K/D] ♻️💧⛔","0.875","0.625","1","10000000","wizsmm","6f253973-3534-4269-9709-44aca32f022c"
"instagram","Instagram Likes [Refill: 30D] [Max: 10K] [Start Time: 0-1 Hour] [Speed: 1K+/Hour]💧♻️⛔","0.7","0.5","10","50000","wizsmm","0fbea444-bdfc-43c0-be33-c3b28b3747b2"
"instagram","Instagram Followers [SPAM ON] [Refill: 30D] [Max: 7M] [Start Time: 0-1 Hr] [Speed: Up to 50K/D] 💧⛔♻️","1.75","1.25","10","10000000","wizsmm","3c4c16ca-1814-4901-a584-d47cee5b8911"
"instagram","Instagram Profile Visits [Max: 5M] [Start Time: 1 Hour] [Speed: 1M/Day]💧⛔","0.1138","0.0813","10","1000000","wizsmm","0fec5c83-5dab-4700-82ab-3f97a0983b93"
"instagram","Instagram Followers [SPAM ON] [Refill: 30D] [Max: 5M] [Start Time: 0-1 Hr] [Speed: Up to 100K/D] 💧♻️","0.875","0.625","10","5000000","wizsmm","9bf16d1b-55d4-49e1-aec4-306c1b1549ed"
"instagram","Instagram Followers [SPAM ON] [Refill: 365D] [Max: 7M] [Start Time: 0-1 Hr] [Speed: Up to 50K/D] 💧⛔♻️","2.1875","1.5625","10","10000000","wizsmm","6463f282-5fd3-41a8-a2cf-27fc23be706b"
"instagram","Instagram Followers [SPAM ON] [Refill: 60D] [Max: 1M] [Start Time: 0 - 3 Hrs] [Speed: Up to 100K/D] 💧⛔ ♻️","2.625","1.875","250","500000","wizsmm","37961c20-bd54-46dc-ba74-9e7ebdc77c6a"
"instagram","Instagram Followers [SPAM ON] [Refill: 30D] [Max: 500K] [Start Time: 0-1 Hr] [Speed: Up to 100K/D] 💧⛔♻️","2.625","1.875","10","30000","wizsmm","6abb9ced-aa67-499d-8336-545993e6ca73"
"instagram","Instagram Likes [Refill: 30D] [Max: 500K] [Start Time: 0-1 Hour] [Speed: 20K/Hour] 🔥⚡⚡⚡⛔","0.7","0.5","10","500000","wizsmm","11fba4a6-83f0-4350-a9d8-b32ebbd6a165"
"instagram","Instagram Followers [SPAM OFF] [Refill: 60D] [Max: 1M] [Start Time: 0 - 3 Hrs] [Speed: Up to 200K/D] 💧⛔ ♻️","2.625","1.875","10","1000000","wizsmm","c28b8a7f-85fe-4997-91e4-2daf42e40de1"
"instagram","Instagram Impressions + Reach [Max: 250K] [Start Time: 0-1 Hour] [Speed: INSTANT] 💧","0.105","0.075","10","1000000","wizsmm","121749c4-9227-4309-9f62-f1cd015c95fe"
"instagram","Instagram Likes + Impressions [5 Likes Per Minute] [Max: 10K] [Start Time: 0-1 Hour]","2.1","1.5","20","10000","wizsmm","12726f53-65d6-4301-a1b2-650fb6da73b2"
"instagram","Instagram Likes [Max: 50K] [Start Time: 0-1 Hour] [Speed: 1K/Hour] ⛔🔥💧","0.315","0.225","10","50000","wizsmm","1273c308-4471-46da-aab9-b1d7841d2e3b"
"instagram","Instagram Likes [EMERGENCY] [Max: 50K] [Start Time: 0-1 Hour] [Speed: 10/Day ]","0.175","0.125","10","10000000","wizsmm","12957dad-b9c6-4874-99af-3b7927023256"
"instagram","Instagram Followers [SPAM OFF] [Refill: 365D] [Max: 1M] [Start Time: 0 - 3 Hrs] [Speed: Up to 200K/D] 💧⛔ ♻️","2.1924","1.566","10","10000000","wizsmm","12cc0519-1a95-4adf-aca1-42623c978bbe"
"instagram","🇧🇷Instagram Auto Likes [BRAZIL] [Refill: 30 Days] [Max: 45K] [Start Time: 1 Hour] [Speed: 4K/Day] ⛔️","0.8925","0.6375","20","120000","wizsmm","13029e6f-e6d0-4a17-8901-e8776c326148"
"instagram","Instagram Followers [Max 300K] [SPAM ON] [Start Time: 0 - 1Hr] [Refill: 30D] [Speed: Up to 300K/D] ♻️💧⛔","4.375","3.125","20","300000","wizsmm","81167306-1685-434a-9ab1-1e2aba860730"
"instagram","Instagram Followers [Max: 1M] [Refill: 30D] [Start Time: 0 - 1 Hr] [Speed: 50K/Day] ♻️💧","0.9625","0.6875","20","1000000","wizsmm","13200ea3-ffaf-4e37-8dc3-f3d533514aaa"
"instagram","Instagram Followers [SPAM ON] [Refill: 30D] [Max: 100K] [Start Time: 0 - 1 Hr] [Speed: 100K/D] 💧♻️","8.75","6.25","10","500000","wizsmm","6023e891-721c-4045-afd5-5bcc75618fda"
"instagram","Instagram Followers [SPAN ON] [Refill: 365D] [Max: 500K] [Start Time: 0 - 1 Hr] [Speed: 100K/D] 💧♻️","14","10","10","500000","wizsmm","53522a04-8390-43c1-ace3-7760fbef2888"
"instagram","Instagram Followers [SPAM ON] [Refill: 30D] [Max: 200K] [Start Time: 0-1 Hour] [Speed: 50K/Day] 💧⛔♻️🔥","6.125","4.375","10","10000000","wizsmm","dd48c9e5-e6f4-4540-9032-c65c89a00253"
"instagram","Instagram Subscription [Speed: 2 Days] [Start Time: 0-4 Hours] [100 Followers + 100 Likes + 20-30 Comments + Saves + Story Views]","6.65","4.75","1","1","wizsmm","13228914-493d-40b0-a76c-86408b4639c7"
"instagram","Instagram Likes [BOTS] [Refill: 30] [Max: 20K] [Start Time: 0-1 Hour] [Speed: FAST]","0.1638","0.117","10","300000","wizsmm","13324a8b-3880-4412-8853-2cf1d87ce228"
"instagram","Instagram Followers [SPAM ON] [Refill: 30D] [OLD Accs 15+ Posts] [Max: 5M] [Start Time: 0-1 Hr] [Speed: Up to 200K/D] 💧⛔♻️","4.8125","3.4375","10","5000000","wizsmm","d74c9cb9-5573-473e-9df2-ccc46717e6b2"
"instagram","🇱🇧 Instagram Power Comments [10K+ Followers] [Random 20 Comments] [EXPLORE PAGE] [Max: 20] [Start Time: 0-1 Hour] [Speed: 1 Hour Delivery]","6.72","4.8","1000","1000","wizsmm","13bbe6c7-920a-4987-a45e-94ea3d5181b4"
"instagram","Instagram Followers [SPAN ON] [Refill: 30D] [Max: 100K] [Start Time: 1 Hour] [Speed: 25K/Day] 💧⛔♻️","4.5675","3.2625","10","100000","wizsmm","1404a60f-eb3e-4c2a-ab04-b9d6edfd91f8"
"instagram","Instagram Followers [Refill: 30 Days] [Max: 5K] [Start Time: 1 Hour] [Speed: 500/Hour] ♻️","6.475","4.625","10","50000","wizsmm","141bd532-3910-4f8e-9a9a-068c4a21ef26"
"instagram","Instagram Followers [Refill: Auto 30 Days] [Max: 200K] [Start Time: 0 - 4 Hrs] [Speed: 20K/Day] 💧♻️⛔️","2.1875","1.5625","50","100000","wizsmm","83efb7f9-4158-4fbe-a509-537d42f53a19"
"instagram","Instagram Views [Max: 999K] [Start Time: 0-1 Hour] [Speed: 500K/Day] 💧","0.2888","0.2063","100","100000000","wizsmm","150c97ea-a7f1-4790-a144-111521e3b837"
"instagram","Instagram Likes [BR 🇧🇷] [Refill: No] [Max: 100K] [Start Time: 0 - 1 Hr] [Speed: 50K/D] 💧⛔️","0.9625","0.6875","50","200000","wizsmm","154956b5-3e38-415d-9f94-aff35a6ff5b7"
"instagram","Instagram Story Views [Max: 10K] [Start Time: 0-1 Hour] [Speed: INSTANT] ⚡️⭐","0.14","0.1","100","10000","wizsmm","1555e200-6910-4192-b373-73d7a641c669"
"instagram","Instagram Followers REAL LOOKING  [Refill: 30 Days] [Max: 100k] [Start Time: 0-1 Hour] [Speed: Up to 100K/Day] ⛔💧","10.5","7.5","50","100000","wizsmm","0ed8ff5f-536f-4bc7-b388-920e92f3f80d"
"instagram","Instagram Followers [SPAM ON] [Refill: No] [Max: 1M] [Start Time: 0-1 Hour] [Speed: 20K/D] 💧⛔","0.7","0.5","10","1000000","wizsmm","15a48c8d-68f4-4aec-a9d0-97a8b0835622"
"instagram","🇺🇸 / 🇬🇧 USA - UK Instagram Power Comments [10K+ Followers] [Random 40 Comments] [EXPLORE PAGE] [Max: 40] [Start Time: 0-1 Hour] [Speed: 1 Hour Delivery]","9.24","6.6","1000","1000","wizsmm","15b9d820-b79a-4984-b9d2-945f24826d50"
"instagram","🇪🇬Instagram Followers [EGYPT] [Refill: No] [Max: 80K] [Start Time: 4 Hours] [Speed: 1K/Day] ♻️","33.6","24","100","20000","wizsmm","18bc3638-b3c9-488c-93be-24ebc21031ea"
"instagram","Instagram  Followers [Refill: 30 Days] [Max: 5M] [Start Time: 0-1 Hour] [Speed: 1M/Day] ♻️","1.407","1.005","10","10000000","wizsmm","18dabed2-c1c0-465b-ac60-836c9a074e2e"
"instagram","🇮🇹  Instagram Followers [ITALY] [Start Time: 0 - 1 Hour] [Speed: 500/Day]","10.416","7.44","10","2000","wizsmm","195f5827-7592-413e-85a3-3a15f688c2e9"
"instagram","🇧🇷 Instagram Auto Likes [BRAZIL] [Refill: 30 Days] [Max: 1K] [Start Time: 1 Hour] [Speed: INSTANT] ⛔️","0.8575","0.6125","10","100000","wizsmm","197640df-9810-45ff-bb8c-28fcb2cbff5f"
"instagram","Instagram Followers [WORKING] [Refill: No] [Max: 5K] [Start Time: 1 Hour] [Speed: 5K/Day]","1.785","1.275","10","50000","wizsmm","1ada69f6-80df-4c10-873f-0339edc04a14"
"instagram","🇸🇦 Arab Instagram Growth Package [100] [30 Days]","134.4","96","1","1","wizsmm","1ca5a67b-03e7-43bc-8d67-af3a4341787e"
"instagram","Instagram Followers [Refill: 30 Days] [Max: 12K] [Start Time: 1 Hour] [Speed: 12K/Day] ♻️","1.9712","1.408","100","12000","wizsmm","1cabe606-9c14-4791-8acf-705a6da69e12"
"instagram","Instagram Followers [Max 100K] [Start Time: 0 - 1Hr] [Refill: No] [Speed: Up to 20K/D] 💧⛔","0.3325","0.2375","100","100000","wizsmm","1cbd59b4-829e-4768-8ebd-300415f5871a"
"instagram","Instagram Mentions [USER FOLLOWERS] [Max: 100K] [Refill: No] [Start Time: 0 - 24 Hours] [Speed: 10K/Day]","2.975","2.125","100","1000000","wizsmm","1d9a7017-1124-4b93-aa8b-eba55a798d08"
"instagram","Instagram Followers [Max 1M] [SPAM OFF] [Start Time: 0 - 1Hr] [Refill: No] [Speed: Up to 100K/D] 💧⛔","1.75","1.25","10","100000","wizsmm","b1307b74-b9be-483f-a5c6-a5619359470c"
"instagram","Instagram Followers [USA 🇺🇸][Refill: 30D] [Max: 50K] [Start Time: 0 - 2 Hrs] [Speed: Up to 5K/D] 💧♻️⛔️","5.25","3.75","10","50000","wizsmm","6b296ddf-3ff4-45c5-944d-fd3692319555"
"instagram","Instagram Followers [LATIN AMERICA][Refill: Auto 60D] [Max: 1M] [Start Time: 0 - 2 Hrs] [Speed: Up to 15K/D] 💧♻️⛔️","4.375","3.125","10","100000","wizsmm","de28cb40-3cb2-4683-9712-97be1dde8227"
"instagram","IGTV Views [Max: 10M] [Start Time: 0-1 Hour] [Speed: 1M/Day]","0.2888","0.2063","100","100000000","wizsmm","1e26fece-eb1b-465d-90eb-3814accb32be"
"instagram","Instagram Followers [🇸🇦 ARAB] [Refill: No] [Max: 100K] [Start Time: 0 - 1 Hr] [Speed: 25K/D] 💧","4.2","3","10","100000","wizsmm","1e7ab260-8ae0-44ff-bb8a-3f70ddafc433"
"instagram","Instagram Followers [IRAQ 🇮🇶] [Refill: 30D] [Max: 20K] [Start Time: 0 - 2 Hrs] [Speed: Up to 20K/D] 💧⛔️♻️","7","5","50","1000000","wizsmm","bcedc5ba-4c77-42cb-9740-88d6e90a5802"
"instagram","Instagram Followers [🇦🇪 UAE - ARAB] [Refill: 365D- Auto] [Max: 10K] [Start Time: 0 - 1 Hr] [Speed: 5K/D] 💧♻️","8.75","6.25","100","100000","wizsmm","a7d97a48-433b-429c-a9c2-a64d43ad7c85"
"instagram","🇮🇳 Instagram Followers [70% INDIA] [Refill: 30 Days] [Max: 2K] [Start Time: 1H] [Speed: 5K/Day] ♻️","7","5","10","50000","wizsmm","2d46f9b0-5185-42c1-a25d-7f5dd6df8f91"
"instagram","🇳🇬Instagram Followers [NIGERIA] [NON DROP] [Max: 2K] [Start Time: 2 Hours] [Speed: 100/Day] ♻️","43.75","31.25","200","10000","wizsmm","c3bced5e-f3e8-4971-a16b-27cde6da651d"
"instagram","Instagram RAL™ Likes [Refill: No Drop] [Max: 15K] [Start Time: 0-8 Hours] [Speed: 2K/Day] ⚡💧","11.375","8.125","50","15000","wizsmm","56f55929-0251-4899-bce8-ca32f849cd65"
"instagram","Instagram RAF™ Followers [Refill: No Drop] [Max: 10K] [Start Time: 0-8 Hours] [Speed: 1K/Day] ⚡💧","31.0625","22.1875","50","10000","wizsmm","ab317e59-167a-4f67-a4b7-0aef799ceb08"
"instagram","Instagram RAL™ Likes [FEMALE] [Refill: No Drop] [Max: 7K] [Start Time: 0-8 Hours] [Speed: 2K/Day] ⚡💧","11.375","8.125","50","5000","wizsmm","57b4f879-73e9-4c75-9d2d-7459fd3218e6"
"instagram","Instagram RAL™ Likes [MALE] [Refill: No Drop] [Max: 5K] [Start Time: 0-8 Hours] [Speed: 2K/Day] ⚡💧","11.375","8.125","30","5000","wizsmm","e2e1d348-2a39-4dd4-9faf-0ba1706991a8"
"instagram","Instagram Likes [HQ] [Max: 10K] [Start Time: 0-1 Hr] [Speed: 10K/D] 💧","0.56","0.4","50","10000","wizsmm","20faa144-a746-4a1b-b582-f9f40cc8d49f"
"instagram","Instagram Followers [WORKING] [Refill: No] [Max: 1M] [Start Time: 0 - 1Hr] [Speed: 100K/D] 💧⛔️","1.2705","0.9075","10","10000000","wizsmm","213a63c8-6957-46da-adae-a20cc041ffb2"
"instagram","🌎 WW Instagram Power Comments [10K+ Followers] [Random 10 Comments] [EXPLORE PAGE] [Max: 10] [Start Time: 0-1 Hour] [Speed: 1 Hour Delivery]","4.2","3","1000","1000","wizsmm","213d3da5-5ebe-4ead-a97b-40978226dba7"
"instagram","Instagram Followers [Refill: 30 Days] [Max: 50K] [Start Time: 6 Hours] [Speed: 10K/Day] ♻️💧🔥","8.225","5.875","10","10000","wizsmm","21a63976-5e66-41da-87b9-a907a9bb6c21"
"instagram","🇸🇦Instagram Followers [ARAB - خليجي حقيقي متفاعلين] [Refill: No] [Max: 25K] [Start Time: Up to 48 Hours] [Speed: 500 - 1K/Day] ⚡️💧⭐","9.1","6.5","1000","25000","wizsmm","220e1f40-e610-4dff-80d0-ea4c47421754"
"instagram","Instagram Likes [Max: 1K] [TAIWAN 🇹🇼 ] [Refill: No] [Speed: 1K/Day] [Start Time: 0 - 1 Hours]","4.9","3.5","20","1000","wizsmm","222e29e2-b08b-40d5-bce9-db475ead099b"
"instagram","Instagram Likes RAU™ [USA 🇺🇸] [Max: 7K] [Refill: 60D] [Start Time: 0 - 1 Hr] [Speed: 1.5K/D] 💧","4.48","3.2","20","20000","wizsmm","231a67bf-a92a-4293-b135-01edaace9d27"
"instagram","Instagram Auto Likes [SUPER HQ] [Max: 45K] [Start Time: 0-1 Hour] [Speed: 2-5K/Day] 🔥🔥🔥🔥","0.3276","0.234","10","500000","wizsmm","232482f1-41b5-4a21-a028-6ae182acb21f"
"instagram","Instagram Followers [EG 🇪🇬] [Refill: 30D] [Max: 20K] [Start Time: 0 - 2 Hrs] [Speed: Up to 20K/D] 💧⛔️♻️","5.6","4","20","10000","wizsmm","232b44be-4cec-4791-ae54-f400005d1aae"
"instagram","🇮🇳 Instagram Followers [INDIA] [Refill: 30D] [Max: 100K] [Start Time: 0 - 24 Hrs] [Speed: Up to 5K/D] 💧⛔♻️","4.06","2.9","100","100000","wizsmm","233ce671-1c76-40cf-9e20-4952ffbfcc8b"
"instagram","Instagram Views [All Videos] [Max: 100M] [Start Time: 0-1 Hour] [Speed: 5M/Hour]","0.875","0.625","100","100000000","wizsmm","8a764fca-6a50-4e47-beaa-0fc7dd275bc6"
"instagram","Instagram Views [EMERGENCY] [Max: 1M] [Start Time: Instant] [Speed: 50K/Day] 💧","0.875","0.625","100","100000000","wizsmm","a82a9ce4-e7dc-428e-87ba-fd4a11158cee"
"instagram","Instagram Views [Max: 10M] [Start Time:0 - 1 Hours] [Speed: Up to 2M / Day] ⚡💧","1.75","1.25","100","100000000","wizsmm","b908e006-c09c-4fed-86c6-91cf4b0f814d"
"instagram","Instagram Views [Max: 1M] [Start Time: 1 Hour] [Speed: 5M/Day]  ⚡💧","1.75","1.25","100","100000000","wizsmm","a64eb30e-c67d-4a58-af45-b9312606fe63"
"instagram","Instagram Likes [Refill: Auto 30 Days] [Start Time: 2 Hours] [Speed: 50k/Day]💧⛔️♻️","0.2905","0.2075","50","200000","wizsmm","248dceed-1b10-44ed-86d8-e9f6c2722c23"
"instagram","🔥🔥🔥 [EXCLUSIVE] Instagram AUTO Likes + Impressions [Refill: No] [Max: 2K] [Start Time: 0-1 Hour] [Speed: 400-800/Hour] 🔥🔥🔥","2.275","1.625","10","500000","wizsmm","24efd451-8dee-4deb-80bb-7d17957d3a70"
"instagram","Instagram Reel Views [Max: 1M] [Start Time: 2 Hours] [Speed: 5M/Day]  ⚡💧","0.3578","0.2556","100","100000000","wizsmm","23a84fe5-5fef-4eb0-8485-be4cb1fb44de"
"instagram","Instagram Likes [EXCLUSIVE] [NON DROP] [Max: 10K] [Start Time: 0-1 Hour] [Speed: 1K/Hour]","1.5456","1.104","50","10000","wizsmm","2505a263-5420-44fc-b9c7-eeee6b9d75fd"
"instagram","Instagram Followers [SPAM ON] [Max: 250K] [Refill: 30D] [Start Time: 0 - 1 Hr] [Speed: 50K/D] ♻️💧⛔","6.0368","4.312","20","250000","wizsmm","2534e370-5c48-4be8-bf50-5c9ddb6216aa"
"instagram","Instagram Followers [Max 5M]  [Start Time: 0 - 1Hr] [Refill: No] [Speed: Up to 500K/D] 💧⛔","2.24","1.6","10","10000000","wizsmm","254b00bc-d7a9-4387-853c-b52dcfc733e9"
"instagram","Instagram Reel  Views [Max: 10K] [Start Time: 0-1 Hour] [Speed: 10K/Day] 💧","0.875","0.625","100","100000000","wizsmm","586a3a94-63d0-4bd0-92b8-364933d8019c"
"instagram","🌎 Instagram Power Comments [10K+ Followers] [WW] [Random 200 Comments] [EXPLORE PAGE] [Max: 200] [Start Time: 0-1 Hour] [Speed: 1 Hour Delivery]","16.8","12","1000","1000","wizsmm","25924f6c-afb6-44c7-84f6-a90827be0716"
"instagram","Instagram Likes + Impressions + Reach [English PUBLIC with Stories Accounts] [Max: 2K] [Start Time: 0-1 Hour] [Speed: 2K/Hour] 🔥🔥🔥","2.8","2","5","50000","wizsmm","259f2749-d7aa-416d-8611-aced1897a448"
"instagram","Instagram Reel Comments [RANDOM] [MALE] [Refill: No] [Max: 200] [Start Time: 0-1 Hour] [Speed: INSTANT]","87.5","62.5","10","200","wizsmm","21398553-1720-472d-ba0b-ec9c09e599d6"
"instagram","Instagram Reel Comments [RANDOM] [FEMALE] [Refill: No] [Max: 200] [Start Time: 0-1 Hour] [Speed: INSTANT]","87.5","62.5","10","200","wizsmm","16b97f6f-072b-40d2-9f5e-c1d6e4b1184b"
"instagram","Instagram Reel Comments [RANDOM] [INDIAN] [Refill: No] [Max: 200] [Start Time: 0-1 Hour] [Speed: INSTANT]","87.5","62.5","10","200","wizsmm","d3b8ecf9-b5f5-4be2-9199-23b782dd26d6"
"instagram","INSTAGRAM REEL COMMENTS [RANDOM] [HISPANIC] [HQ] [Refill: No] [Max: 100] [Start Time: 0-1 Hour] [Speed: INSTANT]","87.5","62.5","10","100","wizsmm","6995126d-5f4b-474a-8132-c5a2840cf746"
"instagram","🇹🇷INSTAGRAM REEL COMMENTS [RANDOM] [TURKISH] [HQ] [Refill: No] [Max: 100] [Start Time: 0-1 Hour] [Speed: INSTANT]","87.5","62.5","10","100","wizsmm","a882d9d3-af50-4d4d-859e-96971a434e5d"
"instagram","🇫🇷INSTAGRAM REEL COMMENTS [RANDOM] [FRENCH] [HQ] [Refill: No] [Max: 100] [Start Time: 0-1 Hour] [Speed: INSTANT]","87.5","62.5","10","100","wizsmm","6a6c6209-6c2f-4fef-be6b-78d492eb6bfd"
"instagram","🇯🇵🇨🇳INSTAGRAM REEL COMMENTS [RANDOM ][JAPAN CHINESE MIX] [HQ] [Refill: No] [Max: 100] [Start Time: 0-1 Hour] [Speed: INSTANT]","87.5","62.5","10","100","wizsmm","26b4386b-7cb4-4d72-aa1f-76c394aa6703"
"instagram","🇩🇪INSTAGRAM REEL COMMENTS [RANDOM] [GERMANY] [HQ] [Refill: No] [Max: 100] [Start Time: 0-1 Hour] [Speed: INSTANT]","87.5","62.5","10","100","wizsmm","ccc1e4c0-ae36-4d6c-ad48-a7d6f73cb768"
"instagram","🇧🇷INSTAGRAM REEL COMMENTS [RANDOM] [BRAZIL FEMALE] [HQ] [Refill: No] [Max: 100] [Start Time: 0-1 Hour] [Speed: INSTANT]","87.5","62.5","10","100","wizsmm","f72555dd-ea69-4fc7-bbec-d3043e9d7171"
"instagram","🇹🇭INSTAGRAM REEL COMMENTS [RANDOM] [KOREAN THAILAND MIX] [HQ] [Refill: No] [Max: 100] [Start Time: 0-1 Hour] [Speed: INSTANT]","87.5","62.5","10","100","wizsmm","d1bf32ad-f8f7-4b21-8427-1c37503b2d72"
"instagram","INSTAGRAM REEL COMMENTS [RANDOM] [ARAB] [HQ] [Refill: No] [Max: 100] [Start Time: 0-1 Hour] [Speed: INSTANT]","87.5","62.5","10","100","wizsmm","6af74508-4d69-433c-9cd9-dc9dcbc86f06"
"instagram","🇷🇺INSTAGRAM REEL COMMENTS [RANDOM] [RUSSIAN] [HQ] [Refill: No] [Max: 100] [Start Time: 0-1 Hour] [Speed: INSTANT]","87.5","62.5","10","100","wizsmm","6e6c1f2c-ae49-4da3-8ad4-3fa60f29ffef"
"instagram","🇮🇹INSTAGRAM REEL COMMENTS [RANDOM] [ITALIAN] [HQ] [Refill: No] [Max: 100] [Start Time: 0-1 Hour] [Speed: INSTANT]","87.5","62.5","10","100","wizsmm","f346ba8f-aa29-470d-a25f-f6738d990d49"
"instagram","Instagram Reel Comments [CUSTOM] [MALE] [Refill: No] [Max: 200] [Start Time: 0-1 Hour] [Speed: INSTANT]","105","75","10","200","wizsmm","c2027004-eee1-4496-9c5d-6da71babb94c"
"instagram","Instagram Reel Comments [CUSTOM] [INDIAN] [Refill: No] [Max: 200] [Start Time: 0-1 Hour] [Speed: INSTANT]","105","75","10","200","wizsmm","8635de83-348e-428e-a053-5835206f4e56"
"instagram","Instagram Reel Comments [CUSTOM] [FEMALE] [Refill: No] [Max: 200] [Start Time: 0-1 Hour] [Speed: INSTANT]","105","75","10","200","wizsmm","2860e7c8-2bfa-492a-b3af-ed1de0c12174"
"instagram","🇹🇷INSTAGRAM REEL COMMENTS [CUSTOM] [TURKISH] [HQ] [Refill: No] [Max: 100] [Start Time: 0-1 Hour] [Speed: INSTANT]","105","75","10","100","wizsmm","e77d3496-b8a9-409f-af56-3fa33ecb1846"
"instagram","INSTAGRAM REEL COMMENTS [CUSTOM] [HISPANIC] [HQ] [Refill: No] [Max: 100] [Start Time: 0-1 Hour] [Speed: INSTANT]","105","75","10","100","wizsmm","ef8699ee-c1b6-4294-9f12-43c836d8bd24"
"instagram","🇯🇵🇨🇳INSTAGRAM REEL COMMENTS [CUSTOM] [JAPAN CHINESE MIX] [HQ] [Refill: No] [Max: 100] [Start Time: 0-1 Hour] [Speed: INSTANT]","105","75","10","100","wizsmm","47b97ef0-16e2-4a00-a354-50537e08e9aa"
"instagram","🇫🇷INSTAGRAM REEL COMMENTS [CUSTOM] [FRENCH] [HQ] [Refill: No] [Max: 100] [Start Time: 0-1 Hour] [Speed: INSTANT]","105","75","10","100","wizsmm","58f07647-f5bb-48b7-883f-5e52fe32ab78"
"instagram","🇩🇪INSTAGRAM REEL COMMENTS [CUSTOM] [GERMANY] [HQ] [Max: 100] [Start Time: 0-1 Hour] [Speed: INSTANT]","105","75","10","100","wizsmm","1fe67083-9a49-4499-a2ba-07d38a889aa7"
"instagram","🇹🇭INSTAGRAM REEL COMMENTS [CUSTOM] [KOREAN THAILAND MIX] [HQ] [Refill: No] [Max: 100] [Start Time: 0-1 Hour] [Speed: INSTANT]","105","75","10","100","wizsmm","699bc2cc-35b7-4d14-8bce-3a3fe3b8e11b"
"instagram","🇧🇷INSTAGRAM REEL COMMENTS [CUSTOM] [BRAZIL FEMALE] [HQ] [Refill: No] [Max: 100] [Start Time: 0-1 Hour] [Speed: INSTANT]","105","75","10","100","wizsmm","92a696ec-d4e1-40f8-ab25-059fab9ce6fa"
"instagram","INSTAGRAM REEL COMMENTS [CUSTOM] [ARAB] [HQ] [Refill: No] [Max: 100] [Start Time: 0-1 Hour] [Speed: INSTANT]","105","75","10","100","wizsmm","c14a7b2a-c19c-47eb-96aa-57ec674fbca9"
"instagram","🇷🇺INSTAGRAM REEL COMMENTS [CUSTOM] [RUSSIAN] [HQ] [Refill: No] [Max: 100] [Start Time: 0-1 Hour] [Speed: INSTANT]","105","75","10","100","wizsmm","92d01401-e2b5-4326-b23b-770144066de0"
"instagram","🇮🇹INSTAGRAM REEL COMMENTS [CUSTOM] [ITALIAN] [HQ] [Refill: No] [Max: 100] [Start Time: 0-1 Hour] [Speed: INSTANT]","105","75","10","100","wizsmm","e7ce9a30-bb94-4528-b35d-7b46ee54a346"
"instagram","Instagram Mentions [USER FOLLOWERS] [Max: 250K] [Start Time: 0 - 24 Hour] [Speed: 50K/Day]","4.375","3.125","5000","250000000","wizsmm","bd21a6a4-babd-4ee2-b7fc-82e108d35ff6"
"instagram","Instagram Mentions [CUSTOM LIST] [Max: 250K] [Start Time: 0 - 24 Hour] [Speed: 50K/Day]","4.375","3.125","5000","250000000","wizsmm","a6b862f2-90d3-4544-89bd-9def7b2d3070"
"instagram","Instagram Mentions [HASHTAG] [Max: 10K] [Refill: No] [Start Time: 24 - 48 Hours] [Speed: 1K/Day]","5.25","3.75","100","10000","wizsmm","45e05da6-cb96-45fa-8499-2c79be784220"
"instagram","Instagram Mentions [MEDIA LIKERS] [Max: 1K] [Refill: No] [Start Time: 24 - 72 Hours] [Speed: 1K/Day]","4.375","3.125","100","1000","wizsmm","b746b827-aa98-4fcf-9b39-b9ef9b2a82e7"
"instagram","Instagram Mentions [MEDIA LIKERS - Works for ALL type of posts] [Max: 30K] [Refill: No] [Start Time: 24 - 72 Hours] [Speed: 5K/Day]","5.25","3.75","500","500000","wizsmm","9154a9aa-d3c1-437e-8ea2-2dcc90b7e1c2"
"instagram","Instagram Mentions [LOCATION] [Max: 10K] [Refill: No] [Start Time: 12 - 72 Hours] [Speed: 1K/Day]","5.25","3.75","100","10000","wizsmm","0c034e6d-e21a-4afc-a88d-dfca9aca1cb1"
"instagram","Instagram Mentions [MEDIA COMMENTERS] [Max: 1K] [Refill: No] [Start Time: 24 - 72 Hours] [Speed: 5K/Day]","5.25","3.75","1000","5000","wizsmm","3b09c974-6c0a-4ecf-8400-440cb0ea378e"
"instagram","Instagram Mentions [MULTIPLE HASHTAGS] [Max: 100K] [Refill: No] [Start Time: 24 - 48 Hours] [Speed: 3K/Day]","5.25","3.75","500","100000","wizsmm","b234c8fb-d6b3-409a-b64b-006eb40a7d1f"
"instagram","Instagram Mentions [USER FEMALES&#039; FOLLOWERS] [Max: 5K] [Refill: No] [Start Time: 12 - 72 Hours] [Speed: 1K/Day]","8.75","6.25","100","5000","wizsmm","ab1ced62-2780-4ac5-9ab0-61eb804b1f48"
"instagram","Instagram Mentions [Custom List] [Five Persons] [Refill: No] [Start Time: 0-10 Hours] [Speed: 10-20K/Day]","28","20","50","100000","wizsmm","b1094516-f12a-4218-be22-17eb814850f5"
"instagram","Instagram Mentions [Five Persons] [Username] [Refill: No] [Max: 20K] [Start Time: 0-24 Hours] [Speed: 10K/Day]","31.5","22.5","50","100000","wizsmm","6a40bbef-b62f-42ed-a62a-549caf8cad4f"
"instagram","Instagram Mentions [Custom List] [Single Person] [Refill: No] [Start Time: 0-10 Hours] [Speed: 10-20K/Day]","35","25","50","100000","wizsmm","a18ebd7f-3fa9-4cec-b761-7cc76df434be"
"instagram","Instagram Mentions [SUPER] [Lifetime Guaranteed] [Max: 5K] [Start Time: 0-1 Hour] [Speed: 500-1K/Day]","35","25","100","5000","wizsmm","1c1a9388-64c2-4682-a307-2b5deebf29cb"
"instagram","Instagram Mentions [Single Person] [Username] [Refill: No] [Max: 20K] [Start Time: 0-24 Hours] [Speed: 10K/Day]","38.5","27.5","50","100000","wizsmm","7408db37-7fe4-47b4-8c51-33d33d0f1e5b"
"instagram","Instagram Comment Likes [LINK OF COMMENT] [Refill: No] [Max: 20K] [Start Time: 0-1 Hr] [Speed: 20K/D]💧","3.5","2.5","10","20000","wizsmm","98793a88-6d53-4bc5-9277-cea9b5947985"
"instagram","Instagram Comment Likes [USERNAME] [Refill: No] [Max: 20K] [Start Time: 0-1 Hr] [Speed: 20K/D]💧","3.5","2.5","10","20000","wizsmm","7eeb39f6-967f-4847-8796-60feeb6c47d0"
"instagram","Instagram Comments [Ukraine Accounts] [CUSTOM] [Max: 20k] [Start Time: 0-1 Hour] [Speed: 100/Day]","15.75","11.25","5","200000","wizsmm","70255b14-e2d2-449f-935a-820e797e410c"
"instagram","Instagram Auto Comments [RANDOM] [90% MIDDLE EAST] [Refill: Lifetime] [Max: 5K] [Start Time: 6 Hours] [Speed: 2.5K/Day] ♻️","5.166","3.69","25","50000","wizsmm","26035a69-ee8d-4dc5-a7e9-feac17989e40"
"instagram","Instagram Comments [Random Positive Emoji] [Refill: No] [Max: 20K] [Start Time: 0 - 2 Hrs] [Speed: 20K/D]💧","7.875","5.625","1","20000","wizsmm","989caa4e-48bd-43ae-ac59-7ee42669c64c"
"instagram","Instagram Comments [Random Neg Emoji] [Refill: No] [Max: 20K] [Start Time: 0 - 2 Hrs] [Speed: 20K/D]💧","7.875","5.625","10","20000","wizsmm","dec8aa87-acf5-4e77-83f2-60164a9bf621"
"instagram","Instagram Comments [Custom] [Refill: No] [Max: 20K] [Start Time: 0 - 2 Hrs] [Speed: 20K/D]","15.75","11.25","1","20000","wizsmm","f51d25bd-8a34-4a9f-b930-8b50088b7474"
"instagram","Instagram Comments [Custom] [Refill: No] [Start Time: 0 - 1 Hour] [Speed: 5K/Day]","6.125","4.375","10","50000","wizsmm","967e0108-3482-413f-8624-5151476fa8df"
"instagram","Instagram Comments [Custom] [Refill: No] [Max: 50K] [Start Time: 0 - 2 Hrs] [Speed: Up to 3K/D]","10.5","7.5","1","50000","wizsmm","7e1addfa-59df-46df-b7cc-2942a519d2ad"
"instagram","Instagram Comments [Custom] [Refill: No] [Max: 2K] [Start Time: 0 - 2 Hrs] [Speed: Up to 2K/D]","105","75","1","2000","wizsmm","0b4cf7e7-cf0c-4501-89ec-3ee6f3547a87"
"instagram","Instagram Comments [AI Releveant] [Refill: No] [Max: 20K] [Start Time: 0 - 2 Hrs] [Speed: Up to 3K/D]","26.25","18.75","1","20000","wizsmm","61f65962-e09e-4cd1-9c52-84b324dd4c94"
"instagram","Instagram Comments [AI Releveant] [Refill: No] [Max: 2K] [Start Time: 0 - 2 Hrs] [Speed: Up to 2K/D]","140","100","1","2000","wizsmm","1fded330-1362-4cd2-ba39-f56510d62393"
"instagram","Instagram Comments [EMOJI] [Refill: 30 Days] [Max: 1M] [Start Time: 0 - 3 Hours] [Speed: 25K/Day] 💧","6.125","4.375","10","50000","wizsmm","35796397-7c9f-4dc8-b9c5-49a44614306c"
"instagram","Instagram Comments [CUSTOM] [Refill: 30 Days] [Max: 1M] [Start Time: 0 - 3 Hours] [Speed: 25K/Day] 💧","6.125","4.375","10","50000","wizsmm","8242c21d-8dd7-4224-b9f2-75f72b90d011"
"instagram","Instagram Comments [RANDOM] [ENGLISH WORLDWIDE ] [Refill: Lifetime] [Max: 5K] [Start Time: 6 Hours] [Speed: 2.5K/Day] ♻️","5.25","3.75","25","50000","wizsmm","cddd3500-0e67-4f41-94c8-4df7ad54ebf7"
"instagram","Instagram Random Comments [Male] [High quality ] [Refill: LIFETIME] [Max: 5K] [Start Time: 0-6 Hours] [Speed: 1K/Day] ♻️","5.25","3.75","25","50000","wizsmm","49d809b4-5aa4-4d26-8378-c0a0c125d509"
"instagram","Instagram Random Comments [Female] [High quality ] [Refill: LIFETIME] [Max: 5K] [Start Time: 0-6 Hours] [Speed: 1K/Day] ♻️","5.25","3.75","25","50000","wizsmm","af0f3a3c-414e-408a-8209-2c8736fe8797"
"instagram","Instagram Random Comments [Emojis] [High quality ] [Refill: LIFETIME] [Max: 5K] [Start Time: 0-6 Hours] [Speed: 1K/Day] ♻️","5.25","3.75","25","50000","wizsmm","2ca43ac0-8d2c-4b4a-a934-af14da4cffc9"
"instagram","Instagram Comments [Custom] [Start Time: 0 - 1 Hour] [Speed: 5K/Day] [Refill: Non Drop]","3.5","2.5","20","5000","wizsmm","2d0b0fab-1c03-4695-a8b1-70aa50f75ad4"
"instagram","Instagram Comments [RANDOM POST RELATED] [Max: 20K] [Start Time: 0 - 1 Hr] [Speed: 2K/D]","5.25","3.75","25","20000","wizsmm","525593d4-9ffb-4685-b9ed-542bc20ff43d"
"instagram","Instagram Comments [CUSTOM] [Max: 5K] [Start Time: 0-1 Hour] [Speed: INSTANT]","14","10","10","1000","wizsmm","4774a037-093f-48d3-936c-2baf64646430"
"instagram","🇹🇳Instagram Followers [TUNISIA] [Refill: No] [Max: 50K] [Start Time: 2 Hours] [Speed: 100/Day] ♻️","23.52","16.8","100","50000","wizsmm","26988ef4-331e-43cc-8938-09915cd13adf"
"instagram","Instagram Auto Likes [Refill: 30D] [Max: 200K] [Start Time: 0-1 Hour] [Speed: 200K/Day] ⚡⛔","0.5775","0.4125","10","200000","wizsmm","26bc469e-8cd6-4a4c-98b8-cf42f99dc2b2"
"instagram","Instagram Likes [Refill: 30D] [Max: 1.5M] [Start Time: 0 - 1 Hr] [Speed: Up to 100K/D] ⛔💧","0.0875","0.0625","10","3000000","wizsmm","26c03843-9426-4db0-b1f2-56e9ee69828a"
"instagram","Instagram Comments [CUSTOM] [NON-DROP] [Refill: 30 Days] [Max: 150К] [Start Time: 1 Hour] [Speed: 300/Day] ⚡⭐💧♻️","15.75","11.25","5","200000","wizsmm","ff957c48-ba19-4816-81bd-2e348c7de144"
"instagram","🇷🇺Instagram Comment [RANDOM RUSSIAN] [NON-DROP] [Refill: 30 Days] [Max: 150К] [Start Time: 1 Hour] [Speed: 300/Day]⚡⭐💧♻️","15.75","11.25","10","200000","wizsmm","b0b6c92b-6971-4f87-a0ec-f8e0605b85f4"
"instagram","🇷🇺Instagram Comment [POSITIVE RANDOM RUSSIAN] [NON-DROP] [Refill: 30 Days] [Max: 150К] [Start Time: 1 Hour] [Speed: 300/Day]⚡⭐💧♻️","15.75","11.25","10","200000","wizsmm","2c9fe78e-6ea5-4efe-91cd-5dcc0584ab45"
"instagram","🇷🇺Instagram Comment [NEUTRAL RUSSIAN] [NON-DROP] [Refill: 30 Days] [Max: 150К] [Start Time: 1 Hour] [Speed: 300/Day]⚡⭐💧♻️","15.75","11.25","10","200000","wizsmm","2968a174-d80d-47d4-a8a0-120c1e8e7183"
"instagram","🇮🇳 Instagram Comments [INDIA] [RANDOM] [Max: 500] [Start Time: 1 Hour] [Speed: 500/Day]","11.375","8.125","1","1000","wizsmm","6fc154ad-0a43-4b74-a5af-59e736bc2e48"
"instagram","Instagram Comments [RANDOM] [Max: 75K] [Start Time: 0-1 Hour] [Speed: 10K/Day] 💧","7.875","5.625","10","100000","wizsmm","ba51740e-d3d9-4caa-95e1-2e00d4e4985d"
"instagram","Instagram Comments [CUSTOM] [Max: 100K] [Start Time: 0-1 Hour] [Speed: 10K/Day]","7.875","5.625","10","100000","wizsmm","e216b557-70ce-425d-9875-e508711fbf9f"
"instagram","Instagram Comments [EMOJI RANDOM] [Max: 100K] [Start Time: 0-1 Hour] [Speed: 10K/Day] 💧","7.875","5.625","10","100000","wizsmm","7405bbe5-75c9-4dce-8393-e9db05a1a562"
"instagram","Instagram Comments [PREMIUM - CUSTOM] [Refill: No] [Max: 250] [Start Time: 0 - 3 Hours] [Speed: 250/Day]","437.5","312.5","1","200","wizsmm","289dc7fc-035d-420c-a1dc-4724e3b8e05f"
"instagram","Instagram Comments [MQ - 🇧🇷] [CUSTOM] [Max: 1K] [Start Time: 0-1 Hr] [Speed: Up to 1K/D]","175","125","1","200","wizsmm","fa2d0181-f7ee-46bc-870c-87deceea57c1"
"instagram","Instagram Comments [RANDOM] [90% ENGLISH] [NON DROP] [Max: 500] [Start Time: 0-1 Hour] [Speed: 2K/Day]","42","30","10","50","wizsmm","e7ad9abf-8558-48e5-9eff-d43ccee1520e"
"instagram","Instagram Views [All Videos] [Max: 100M] [Start Time: 1 Hour] [Speed: 200K/Day] 💧","0.35","0.25","100","2147483647","wizsmm","2734eed9-f94e-4cb0-b65d-bdf5ed654e2d"
"instagram","🇺🇸 Instagram Comments [RANDOM] [USA] [Max: 500] [Start Time: 0-1 Hour] [Speed: Fast]","70","50","10","500","wizsmm","9b409fbf-7384-4785-b8a2-93e4444e3646"
"instagram","🇫🇷Instagram Comments [RANDOM] [FRENCH] [Max: 100] [Start Time: 0-1 Hour] [Speed: Fast]","70","50","10","250","wizsmm","70753ea2-e761-4af5-94bc-f810cef2b522"
"instagram","🇮🇹Instagram Comments [RANDOM] [ITALIAN] [Max: 100] [Start Time: 0-1 Hour] [Speed: Fast]","70","50","10","250","wizsmm","9b385517-b5ce-4f42-af9c-3c5b98350bd7"
"instagram","🇩🇪Instagram Comments [RANDOM] [GERMANY] [Max: 100] [Start Time: 0-1 Hour] [Speed: Fast]","70","50","10","250","wizsmm","1a6066f4-6871-49f8-921e-b48dff7fa979"
"instagram","Instagram Comments [RANDOM] [MALE] [Max: 500] [Start Time: 1 Hour] [Speed: 500/Day] 💧","70","50","10","500","wizsmm","7ff12682-eca3-4167-ac9a-df93d836235e"
"instagram","Instagram Comments [RANDOM] [HISPANIC] [Max: 100] [Start Time: 1 Hour] [Speed: 100/Day] 💧","70","50","10","250","wizsmm","fe32420e-cb3f-4747-9882-6027859f30ef"
"instagram","🇮🇳Instagram Comments [100] [RANDOM] [INDIA] [Max: 100] [Start Time: 1 Hour] [Speed: 100/Day] 💧","70","50","10","250","wizsmm","330f7d30-cab7-444a-acef-3b8c8e278224"
"instagram","🇹🇷Instagram Comments [RANDOM] [TURKEY] [Max: 100] [Start Time: 1 Hour] [Speed: 100/Day] 💧","70","50","10","250","wizsmm","8bf5318a-40ae-4e0d-8342-27bf8fca4308"
"instagram","🇷🇺Instagram Comments [RANDOM] [RUSSIA] [Max: 100] [Start Time: 1 Hour] [Speed: 100/Day] 💧","70","50","10","250","wizsmm","ad01c09b-02ca-4b75-950d-183a7a360d4b"
"instagram","🇰🇵🇰🇷🇹🇭Instagram Comments [RANDOM] [KOREAN THAILAND] [Max: 100] [Start Time: 1 Hour] [Speed: 100/Day] 💧","70","50","10","250","wizsmm","a968d1bd-bf2a-478f-a06d-f482ec0fe5be"
"instagram","ID:3 | Instagram Followers | 100-300K/D - R90 | Drop Rate: 0-5%","2.66","1.9","10","1000000","wizsmm","0021b9dc-49f3-4115-b84f-5ad2b81874cc"
"instagram","🇺🇸 Instagram Comments [CUSTOM] [USA] [Max: 500] [Start Time: 0-1 Hour] [Speed: Fast]","87.5","62.5","10","500","wizsmm","36d18ba7-19ae-4bf7-93b2-76d24e109cf7"
"instagram","🇮🇹Instagram Comments [CUSTOM] [ITALIAN] [Max: 100] [Start Time: 0-1 Hour] [Speed: Fast]","87.5","62.5","10","250","wizsmm","78cb4b4e-d975-4180-a1e1-c9e4f22acf46"
"instagram","Instagram Comments [CUSTOM] [FEMALE] [Max: 500] [Start Time: 1 Hour] [Speed: 500/Day]","87.5","62.5","10","500","wizsmm","997ffe12-88db-4958-9800-a1764ffe1a28"
"instagram","🇮🇳Instagram Comments [CUSTOM] [INDIA] [Max: 100] [Start Time: 1 Hour] [Speed: 100/Day]","87.5","62.5","10","250","wizsmm","cff3893c-64f9-46bf-adac-387cb14d283c"
"instagram","🇹🇷Instagram Comments [100] [CUSTOM] [TURKEY] [Max: 100] [Start Time: 1 Hour] [Speed: 100/Day]","87.5","62.5","10","250","wizsmm","d0bc61e7-f4a8-4f43-8e1e-69f6779291c2"
"instagram","🇷🇺Instagram Comments [CUSTOM] [RUSSIA] [Max: 100] [Start Time: 1 Hour] [Speed: 100/Day]","87.5","62.5","10","250","wizsmm","b99a9acc-cb31-4590-8a70-e533030749a7"
"instagram","🇰🇵🇰🇷🇹🇭Instagram Comments [CUSTOM] [KOREAN THAILAND] [Max: 100] [Start Time: 1 Hour] [Speed: 100/Day]","87.5","62.5","10","250","wizsmm","fa16ece7-7ea3-4582-99f6-ab25cb1d0ffa"
"instagram","🇯🇵🇨🇳Instagram Comments [CUSTOM] [JAPAN CHINA] [Max: 100] [Start Time: 1 Hour] [Speed: 100/Day]","87.5","62.5","10","250","wizsmm","714567e1-8bac-4724-aca5-6315a32678b0"
"instagram","Instagram Comments [CUSTOM] [HISPANIC] [Max: 100] [Start Time: 1 Hour] [Speed: 100/Day]","87.5","62.5","10","250","wizsmm","295422e9-bfbe-4321-8909-712bfd12a78b"
"instagram","🇧🇷 Instagram Comments [CUSTOM] [BRAZIL] [Max: 250] [Start Time: 0-1 Hour] [Speed: Fast]","87.5","62.5","10","250","wizsmm","dbfca7cd-a788-44d4-8fbc-580a4d72ab14"
"instagram","Instagram Comments [CUSTOM] [ARAB] [Max:100] [Start Time: 0-1 Hour] [Speed: FAST]","87.5","62.5","10","250","wizsmm","64262553-5c5d-4e9a-8034-5ff6f522759e"
"instagram","Instagram Followers [Max: 1K] [USA 🇺🇸  ] [Refill: No] [Speed: 1K/Day] [Start Time: 0 - 1 Hours]","21.7","15.5","20","2000","wizsmm","285ab532-02b4-44c5-ac04-ae65d4c53b7d"
"instagram","Instagram Auto Likes [EXCLUSIVE] [WITH PP] [Max: 15K] [Start Time: 0-1 Hour] [Speed: 1.5K/Hour]⚡🔥💧⛔","0.588","0.42","10","15000","wizsmm","296ad5ca-4fcd-4e4f-9399-6e652d191f55"
"instagram","Instagram Followers [Refill: 20 Days] [Max: 100K] [Start Time: 6 Hours] [Speed: 5K/Day] ♻️🔥","1.1851","0.8465","10","1000000","wizsmm","29967e3c-0ae7-4f5b-af53-0810fde65081"
"instagram","Instagram FEMALE Comments [10K+ Followers] [Random 40 Comments] [Max: 40] [Start Time: 0-1 Hour] [Speed: 1 Hour Delivery]","5.25","3.75","1000","1000","wizsmm","de007c31-5ca2-4aeb-a20b-6394100d1fc7"
"instagram","Instagram ARAB/Gulf Comments [RANDOM] [Max: 50] [Start Time: 0-1 Hour] [Speed: 1 Hour Delivery]","166.25","118.75","10","150","wizsmm","ad00f404-26be-4aff-865f-608469d233e1"
"instagram","Instagram ARAB/Gulf Comments [CUSTOM] [Max: 50] [Start Time: 0-1 Hour] [Speed: 1 Hour Delivery]","166.25","118.75","10","150","wizsmm","3d3583b7-690f-439a-bee2-a75c34e3e81a"
"instagram","Instagram ARAB/Gulf Comments [EMOJI] [Max: 50] [Start Time: 0-1 Hour] [Speed: 1 Hour Delivery]","166.25","118.75","10","150","wizsmm","ed4437f9-1dd2-42ce-82dd-86a724e71a02"
"instagram","Instagram Comments [from 10K+ Followers accounts] [Custom 5 Comments] [Max: 5] [Start Time: 0-1 Hour] [Speed: 1 Hour Delivery]","840","600","1","40","wizsmm","b9eeeaab-7391-441e-bc35-6d62f12230e0"
"instagram","Instagram Comments [from 10K+ Followers accounts] [Custom 10 Comments] [Max: 10] [Start Time: 0-1 Hour] [Speed: 1 Hour Delivery]","840","600","1","40","wizsmm","510968b6-ecdc-4abf-a0c8-58722ee05403"
"instagram","Instagram Verified Random Comments  [10/Day]","1575","1125","1","16","wizsmm","da756f3b-0179-44af-901a-b3fc202a73e7"
"instagram","Instagram Comments [RANDOM] [FROM VERIFIED ACCOUNTS] [DONE IN 48 HOURS]","1575","1125","1","16","wizsmm","58507507-e415-49ba-bdfd-c6d3dd925e5a"
"instagram","Instagram Comments [CUSTOM] [FROM VERIFIED ACCOUNTS] [DONE IN 24 HOURS]","2100","1500","1","16","wizsmm","d1f792e5-fb82-407a-b7ab-fe95df7c5873"
"instagram","Instagram Comments [TOP TIER] [400]","28","20","1000","1000","wizsmm","ab9399a3-be30-4c09-9940-e5b47389eb3e"
"instagram","🇪🇸 Instagram Engagement Package [SPAIN - BASIC] [READ DESCRIPTION]","17.5","12.5","1000","1000","wizsmm","1db4c155-1e97-4438-b389-f8d4b2611965"
"instagram","🇪🇸 Instagram Engagement Package [SPAIN - STANDARD] [READ DESCRIPTION]","87.5","62.5","1000","1000","wizsmm","7e92b293-0864-4605-b30c-6b1686bea155"
"instagram","🇪🇸 Instagram Engagement Package [SPAIN - PRO] [READ DESCRIPTION]","175","125","1000","1000","wizsmm","dab5d26f-edb4-4424-9222-942eaf095594"
"instagram","🇺🇸🇬🇧 Instagram Engagement Package [USA/UK - BASIC] [READ DESCRIPTION]","17.5","12.5","1000","1000","wizsmm","eae64556-58dc-4d74-bf67-48f0bc7e90d3"
"instagram","🇺🇸🇬🇧 Instagram Engagement Package [USA/UK - STANDARD] [READ DESCRIPTION]","87.5","62.5","1000","1000","wizsmm","be38d64a-35e1-4136-8960-2dc0025dd0f4"
"instagram","🇺🇸🇬🇧 Instagram Engagement Package [USA/UK - PRO] [READ DESCRIPTION]","175","125","1000","1000","wizsmm","92981508-a087-46c0-a6d9-3110bc50fbd1"
"instagram","Instagram Power Comments [10K+ Followers] [Random 100 Comments] [EXPLORE PAGE] [Max: 100] [Start Time: 0-1 Hour] [Speed: 10/Hour]","12.6","9","1000","1000","wizsmm","2a6fe6a7-2f2a-4d64-ae2f-3cd21a85c202"
"instagram","Instagram Followers [Refill: No] [Max: 500K] [Start Time: 0 - 1Hr] [Speed: Up to 50K/D] 💧","0.735","0.525","50","1000000","wizsmm","2aa7b8e2-8435-4e1a-9efc-0aaeb6e9b60a"
"instagram","Instagram Comments [TOP TIER] [300]","23.8","17","1000","1000","wizsmm","342d429b-06f4-4858-8c8b-a392fe752177"
"instagram","🇪🇺  Instagram Likes [EUROPE] [Max: 2k] [Start Time: 0 - 1 Hour] [Speed: Up to 500/Day]","91","65","5","800","wizsmm","86ea31a7-7c0d-4269-a515-967b7322d77a"
"instagram","🇳🇴 🇩🇰 🇫🇮 🇸🇪 Instagram Likes [SCANDINAVIA] [Max: 400] [Start Time: 0 - 1 Hour] [Speed: Up to 400/Day]","91","65","5","400","wizsmm","02ac28d5-84e6-420c-b358-9b29e4b26cea"
"instagram","🇺🇸 Instagram Auto REPOST [Max: 100K] [Start Time: 0 -1 Hr] [Speed: Up to 50K/D]💧⛔","13.825","9.875","10","100000","wizsmm","2ae89361-7f0d-451a-af6e-586dc432a90b"
"instagram","🇫🇷Instagram Followers [FRANCE] [NON DROP] [Max: 200] [Start Time: 12 Hours] [Speed: 50/Day]","546","390","5","200","wizsmm","f4091288-bc3b-4dc7-a65c-9164504a3221"
"instagram","🇺🇸🇬🇧Instagram Followers [USA/UK] [NON DROP] [Max:250] [Start Time: 12 Hours] [Speed: 50/Day]","546","390","5","200","wizsmm","5a6e75b1-7d62-4a51-ac83-fb2e2d00920a"
"instagram","🇩🇪Instagram Followers [GERMANY] [NON DROP] [Max: 700] [Start Time: 12 Hours] [Speed: 50/Day]","546","390","5","500","wizsmm","8a58d7ef-5e2f-449e-be28-151c843c9edc"
"instagram","🇸🇪Instagram Followers [SWEDEN] [NON DROP] [Max: 100] [Start Time: 12 Hours] [Speed: 50/Day]","525","375","5","200","wizsmm","76fae5dc-7961-4731-b77b-001def4b36b0"
"instagram","🇫🇷Instagram Likes [FRANCE] [NON DROP] [Max: 300] [Start Time: 1 Hour] [Speed: 50/Day]","91","65","5","200","wizsmm","e576dbd0-7975-464f-8539-aabea9bdbf15"
"instagram","🇺🇸🇬🇧Instagram Likes [USA/UK] [NON DROP] [Max: 500] [Start Time: 1 Hour] [Speed: 50/Day]","91","65","5","200","wizsmm","75c31f45-87b4-4929-b227-d19262cdde72"
"instagram","🔥🔥🔥 [EXCLUSIVE] Instagram Followers [Spam On] [Refill: 65 Days] [Max: 100K/username - 12K/order] [Start Time: 0-1 Hour] [Speed: 5-10K/Day] ♻️🔥🔥🔥","1.0584","0.756","12000","12000","wizsmm","2b528eb2-b993-458b-b1d6-7ea6abda46fd"
"instagram","🇺🇸 🇬🇧 Instagram Followers [Male] [USA/UK] [Refill: No Drop] [Max: 6K] [Start Time: 0 - 3 Hrs] [Speed: Up to 3K/D] 💧","39.13","27.95","50","6000","wizsmm","2b674075-dedb-453b-96e9-06e123fb722b"
"instagram","Instagram Followers [HQ] [Refill: 120 Days] [Max: 150K] [Start Time: 1 Hour] [Speed: 2.5-5K/Day] ♻️🔥🔥🔥","2.541","1.815","10","10000000","wizsmm","2b7bba3b-b646-4fd9-949d-3575c5eef0d3"
"instagram","Instagram Likes [Max: 200K] [Refill: 30Days] [Start Time: 0 - 2 Hours] [Speed: 10K/Day] ⛔💧","0.315","0.225","10","150000","wizsmm","2b8a43b0-a255-482b-a486-fd3e99bca4d6"
"instagram","Instagram Reach + EXPLORE Impressions [Max: 40K] [Start Time: 0-1 Hour] [Speed: 40K/Day] 💧⛔️","0.07","0.05","10","1000000","wizsmm","2bfa9f8c-9063-40a7-a28d-666a10c7b55c"
"instagram","Instagram Followers [Refill: No] [Max: 100K] [Start Time: 0 - 1 Hr] [Speed: Up to 50K/D]💧","0.6825","0.4875","20","100000","wizsmm","2c0dd5ad-86be-4a2d-b1ee-327351f77135"
"instagram","Instagram Auto Views [Max: 10M] [Start Time: 1 Hour] [Speed: 1M/Day] ⚡","1.8564","1.326","100","100000000","wizsmm","2c2cecb3-24b4-4aeb-b244-b4af3a6fadf5"
"instagram","Instagram Likes RAU™ [USA 🇺🇸] [Max: 1.5K] [Refill: 60D] [Start Time: 0 - 1 Hr] [Speed: 1.5K/D] 💧","4.0774","2.9124","5","50000","wizsmm","2c2ef839-1b0e-48e9-88e4-fc917fcc2dcc"
"instagram","Instagram Story Poll Votes [Max: 30K] [Start Time: 0-1 Hour] [Speed: 30K/Day]","7","5","50","30000","wizsmm","222cb2fa-5b22-4c3c-8644-fb76add6d032"
"instagram","Instagram RAU™ Auto Likes [Refill: No Drop] [Max: 7K] [Start Time: 0-1 Hour] [Speed: 2K/Hour] 💧","3.92","2.8","20","20000","wizsmm","2da893e6-6f59-432a-96c4-f7038896e220"
"instagram","Instagram Story Link Click [Start Time: 0 - 1 Hour] [Speed: 1K/Day]","1.3125","0.9375","100","1000","wizsmm","c240c233-0c85-4f69-bc7f-03ef2769517e"
"instagram","Instagram Followers [Refill: 15 Days] [Max: 15K] [HQ] [Start Time: 6 Hours] [Speed: 5K/Day] ♻️🔥","1.0797","0.7712","10","1000000","wizsmm","2db65621-a820-4d7c-8ab9-5aa1911d222e"
"instagram","Instagram Reel Likes [Max: 10K] [Start Time: INSTANT] [Speed: INSTANT]","1.05","0.75","50","10000","wizsmm","2dec5af4-10fb-4447-9401-d49abfb1ba0e"
"instagram","Instagram AUTO Story Views [30 Days] [Max: 50K] [Start Time: 0-1 Hour] [Speed: 30K/Day]","4.375","3.125","5","50000","wizsmm","e3489ab7-d312-4d94-9893-e4d7ee0c435c"
"instagram","Instagram AUTO Story Views [30 DAYS] [Max: 10K] [Start Time: 0-1 Hour] [Speed: 10K/Day]","28","20","500","10000","wizsmm","1072e486-db1e-42ab-8bbb-f4525b2f291f"
"instagram","Instagram Likes + Reach + Impressions [Auto-Refill: 30 Days] [300K] [MQ] [Start Time: Instant] [Speed: 20K/Day] 💧♻️⛔️","0.4603","0.3288","10","300000","wizsmm","3036a155-5337-4da2-b7c1-77f0a3dbbe00"
"instagram","🇧🇷Instagram Followers [MALE - BRAZIL] [Refill: 30 Days] [Start Time: 2 Hours] [Speed: 1K/Day] ♻️","10.92","7.8","50","10000000","wizsmm","303ee374-342a-4b87-8f91-281d62e23439"
"instagram","Instagram Auto Views [Max: 20M] [Start Time: 0-1 Hour] [Speed: Medium]","1.764","1.26","100","100000000","wizsmm","30759e2a-20a4-488e-985f-7803450ac6ae"
"instagram","Instagram Likes [With PP &amp; Posts] [Refill: No] [Max: 5K] [Start Time: 1 Hour] [Speed: 500/Hour]","0.14","0.1","50","100000","wizsmm","31535714-6521-4321-858d-f9757075e630"
"instagram","Instagram Likes [Refill: No] [Max: 5K] [Start Time: 0 - 1 Hr] [Speed: 500/D] 💧⛔️","0.56","0.4","10","100000","wizsmm","317a4884-d2ae-463e-9e0b-368d3bb738f3"
"instagram","🇧🇷 Instagram Likes [HQ] [Brazil] [Refill: No] [Max: 30K] [Start Time: 0 - 1 Hr] [Speed: 20K/D] 💧","0.5915","0.4225","10","100000","wizsmm","31b30ed7-9252-4d30-812d-55aaf62b66d2"
"instagram","Instagram Auto Views [Max: 500K] [Start Time: 0 - 1 Hr] [Speed: 500K/D] 💧","0.014","0.01","100","100000000","wizsmm","31b8a9b3-7274-49b8-a364-42c32e4e9adc"
"instagram","Instagram Story Likes [100K] [Start Time: 0 - 1 Hour] [Speed: 50K/Day]","0.315","0.225","100","100000","wizsmm","323342f9-f5fe-4df3-b896-160b1ee36cb4"
"instagram","Instagram Followers [Max 1M] [SPAM ON] [Start Time: 0 - 1Hr] [Refill: No] [Speed: Up to 50K/D] 💧⛔","0.9625","0.6875","10","10000000","wizsmm","324d0b5e-9fd9-4340-bd72-ca3419a33222"
"instagram","🇪🇺 Instagram Followers [EU] [Refill: 30D] [Max: 100K] [Start Time: 0 - 24 Hrs] [Speed: Up to 5K/D] 💧⛔♻️","6.65","4.75","10","1000000000","wizsmm","3277aef4-61da-4d56-9f17-9d64ccd9de20"
"instagram","Instagram Views [Max: 100M] [Start Time: 1 Hour] [Speed: 10M/Day]  ⚡💧","1.6975","1.2125","100","100000000","wizsmm","328a927f-c24b-49eb-8114-ab5600d9d064"
"instagram","Instagram Story Views [Max: 20K] [Start Time: 0-1 Hour] [Speed: 20K/Day]","0.308","0.22","100","20000","wizsmm","371ba635-c9df-42e6-a780-88a73e4b19c7"
"instagram","Instagram Likes [Refill: 30D] [Max: 1M] [Start Time: 0 - 1 Hr] [Speed: 100K/D] 💧","0.2275","0.1625","100","1000000","wizsmm","38590dc1-c3eb-4aae-bc1e-169c6e58eeb0"
"instagram","Instagram Auto Likes + Impressions + PV [Refill: No] [Max: 50K] [Start Time: 0-1 Hour] [Speed: INSTANT] 🔥","3.3712","2.408","50","50000","wizsmm","387a684f-110d-49a9-adfc-60f49273241c"
"instagram","Instagram Reel Views [Max: 1M] [Start Time: 0-1 Hour] [Speed: 10K/Hour] 💧","0.4172","0.298","100","100000000","wizsmm","38c6cf29-d1a1-4cee-9405-a4347e53d6ff"
"instagram","Instagram Auto Likes [LOW DROP] [Refill: No] [Max: 10K] [Start Time: 1 Hour] [Speed: 10K/Day]","0.0916","0.0654","50","10000","wizsmm","39676244-11e7-4c7b-b48a-503d89b18c6d"
"instagram","Instagram Likes [Refill: No] [Max: 10K] [Start Time: 0-1 Hour] [Speed: 2-5K/Day] 🔥🔥🔥🔥💧","1.05","0.75","50","10000","wizsmm","3a66338b-7293-43dc-b93f-5a2dc770e9e5"
"instagram","Instagram Story Poll Votes [4th Option] [Max: 1K] [Start Time: 0-1 Hr] [Speed: 1K/D]💧","3.85","2.75","100","1000","wizsmm","3a69b72f-7f0a-41b8-90b3-1f262592ddb2"
"instagram","🔥🔥🔥 [EXCLUSIVE] Instagram Followers [Spam On] [Refill: 65 Days] [Max: 100K/username - 2.9K/order] [Start Time: 0-1 Hour] [Speed: 2.9K/Day] ♻️🔥🔥🔥","1.0584","0.756","2900","2900","wizsmm","3adcb322-dae4-46b4-83b7-a8f519b08f67"
"instagram","Instagram Followers [Max: 1K] [TAIWAN 🇹🇼 ] [Refill: No] [Speed: 1K/Day] [Start Time: 0 - 1 Hours]","8.75","6.25","20","1000","wizsmm","c1fdf290-0048-4d2e-8cf0-8af79f2895a3"
"instagram","Instagram Uzbekistan Likes [Max: 50K] [Refill: No] [Start Time: 0 - 1 Hour] [Speed: 5K/Day]","7","5","10","1000000","wizsmm","6d6b1886-b8a1-4866-b498-37d2b7a39d80"
"instagram","Instagram Ukraine Followers [Max: 10K] [Refill: No] [Drop: ±5%] [Start Time: 0 - 1 Hour] [Speed: 500/Day]","14.875","10.625","50","500000","wizsmm","81e4b46a-7f5f-4023-bc91-dd91e85dff13"
"instagram","Instagram Followers [Max 1M] [Start Time: 0 - 1Hr] [Refill: No] [Speed: Up to 100K/D] 💧⛔","0.8778","0.627","10","10000000","wizsmm","3cd7d2b7-3ea2-47fe-87bc-ec4a97e1ebfb"
"instagram","Instagram Power Comments [10K+ Followers] [Random 5 Comments] [EXPLORE PAGE] [Max: 5] [Start Time: 0-1 Hour] [Speed: 5/Hour]","2.52","1.8","1000","1000","wizsmm","3cdd3d6b-921d-47da-ac12-fdc183b56c5a"
"instagram","🇩🇪Instagram Followers [Germany] [Start Time: Instant] [Speed: 50/Day]","525","375","5","500","wizsmm","df9e0816-9e57-4669-9a3d-58076c593ab3"
"instagram","🇸🇪Instagram Followers [Sweden] [Start Time: Instant] [Speed: 50/Day]","525","375","5","200","wizsmm","74eeb820-8682-442d-b7e9-c8c3f57b320d"
"instagram","🇫🇷Instagram Comments [France] [Start Time: Instant] [Speed: 50/Day]","840","600","5","300","wizsmm","d406d072-a75c-4a6b-9fc6-3565edfbc251"
"instagram","🇧🇷 BR Instagram Growth Package [50] [30 Days]","84","60","1","1","wizsmm","e49c2852-997b-47e4-a9bf-73086ca58125"
"instagram","🇪🇬Instagram VERIFIED Comments [EGYPTIAN] [3 Comments] 🔵","3.6716","2.6226","1","1","wizsmm","3d0af6ef-e313-4e62-b73f-2dcea777a683"
"instagram","🇧🇷 Instagram Likes [HQ] [Brazil] [Refill: 30D] [Max: 30K] [Start Time: 0 - 1 Hr] [Speed: 20K/D] 💧♻️","1.75","1.25","10","100000","wizsmm","33b58678-a471-45ce-ba75-b9762715fa24"
"instagram","Instagram Auto Saves [Max: 35K] [Start Time: 0-1 Hour] [Speed: 35K/Day]","0.28","0.2","10","35000","wizsmm","3d53de58-02ae-4edf-a59b-8fe7f0c5ff5e"
"instagram","⚠️🔥🎇🇺🇸🇪🇺 Instagram Likes USA / EUROPE [EXCLUSIVE - NON DROP]","10.92","7.8","50","15000","wizsmm","3d6074fd-e3e5-42d3-9f0e-1b090e8f4df5"
"instagram","Instagram Auto Likes [R365] [Max: 100K] [Start Time: 0-1 Hours] [Speed: 20K/Day]","0.2503","0.1788","10","10000000","wizsmm","3d6644a3-b3db-4a84-9a59-776536498904"
"instagram","🇹🇷 Instagram Followers [REAL - TURKEY] [No Refill] [Max: 40K] [Start Time: 1 Hour] [Speed: 40K/Day]","10.6646","7.6176","10","1000","wizsmm","3d7e43c4-ebe5-4be3-b574-c116ac494373"
"instagram","🇧🇷Instagram Reel Likes [BRAZIL] [Refill: No] [Max: 45K] [Start Time: 1 Hour] [Speed: 4K/Day] ⛔️💧","0.875","0.625","10","100000","wizsmm","32b31ffb-bbfb-4b24-9b76-ba018e63c12d"
"instagram","Instagram Impressions [Max: 1M] [Start Time: 1 Hour] [Speed: 500K/Day]","0.0644","0.046","10","1000000","wizsmm","3d829953-e468-47b1-bae3-57a9b89ce056"
"instagram","🇧🇷 Instagram Likes [BRAZIL] [Refill: No] [Max: 40K] [Start Time: 0 - 1 Hours] [Speed: 10K/Day] 💧","0.875","0.625","10","50000","wizsmm","a3c9a366-7e3a-4edd-9742-48387bb5b52c"
"instagram","Instagram Followers [SPAM OFF] [Max: 1M] [Refill: 30D] [Start Time: 0 - 1 Hr] [Speed: Up to 100K/D] ♻️⛔💧","1.4","1","10","1000000","wizsmm","3dddf02f-f56a-4c44-a7ff-ee0bdada24c1"
"instagram","Instagram Followers [BR 🇧🇷] [Refill: 30D] [Max: 100K] [Start Time: 0 - 2 Hrs] [Speed: Up to 2K/D] 💧","4.375","3.125","5","100000","wizsmm","efc61878-a4bb-4b35-9ef9-e6b9e11a850b"
"instagram","Instagram Followers [BR 🇧🇷] [Refill: 365D] [Max: 100K] [Start Time: 0 - 2 Hrs] [Speed: Up to 2K/D] 💧","5.6875","4.0625","5","100000","wizsmm","151dd5bb-efed-4307-abd9-c2d82375cd77"
"instagram","🇧🇷 Instagram Followers [BRAZIL] [Max: 20K] [Refill: No] [Start Time: 0 - 1 Hour] [Speed: 1K/Day]","10.5","7.5","10","1000000","wizsmm","e31f3e1d-088f-4bd8-ae5b-45d0ef1c5071"
"instagram","🇯🇵 Instagram Likes [JAPAN] [Start Time: 0 - 1 Hour] [Speed: 2K/Day]","4.9","3.5","20","1000","wizsmm","3f4ddbeb-cd14-4487-bc1b-62e3613120b3"
"instagram","Instagram POWER Likes [PERFECT QUALITY] [Max: 10K] [Start Time: 0-6 Hours] [Speed: INSTANT] 🔥🔥🔥","2.275","1.625","10","500000","wizsmm","3f6a2712-e675-4709-930f-7f846a5f90a2"
"instagram","🇧🇷Instagram Followers [BRAZIL] [Refill: 30 Days] [Max: 200K] [Start Time: 2 Hours] [Speed: 2K/Day] ♻️","7.28","5.2","50","200000","wizsmm","3f75b05a-2b2a-40b2-b2ae-71317d2a441e"
"instagram","🇺🇸 Instagram Followers [USA] [Refill: 60 Days] [Start Time: 0 - 1 Hour] [Speed: 100/Day]","9.45","6.75","10","15000","wizsmm","3f896481-e29b-4551-b874-2e988708c991"
"instagram","Instagram Followers [SPAM ON] [Refill: Auto - 30D] [Max: 500K] [Start Time: 0 - 3Hrs] [Speed: Up to 50K/D] ♻️💧⛔","4.3575","3.1125","5","500000","wizsmm","3fb41fff-87de-4e4e-9d10-45542143affc"
"instagram","🇧🇷Instagram Comments [BRAZIL] [CUSTOM] [Works On POSTS/IGTV/REEL] [Refill: Non Drop] [500] [1H - 500/Day]","175","125","1","200","wizsmm","f77f18b0-642b-4a0a-95b4-79b43811d294"
"instagram","🇮🇹Instagram Comments [ITALY - RANDOM] [NON DROP] [Max: 2.5K] [Start Time: 4 Hours] [Speed: 1K/Day]","78.75","56.25","10","3000","wizsmm","3e6ca5df-f901-4758-93ae-b9cfd4be2836"
"instagram","🇮🇹Instagram Comments [ITALY - CUSTOM] [NON DROP] [Max: 1K] [Start Time: 4 Hours] [Speed: 1K/Day]","78.75","56.25","1","2000","wizsmm","c9920adc-686f-42dc-8184-090f074e8583"
"instagram","Instagram Followers [75% Turkey] [Refill: No] [Max: 15K] [Start Time: 1 Hour] [Speed: 4K/Day]","6.125","4.375","50","15000","wizsmm","54d521fd-1bcd-431c-8b33-fbbefcf51187"
"instagram","🇹🇷 Instagram Followers [TURKEY - 90% FEMALE] [No Refill] [Max: 50K] [Start Time: 1 Hour] [Speed: 5K/Day]","9.625","6.875","50","50000","wizsmm","5890c3f1-4c91-4dd4-939b-9ecb1178a596"
"instagram","🇧🇷 Instagram Power Comments [10K+ Followers] [BR] [Random 5 Comments] [EXPLORE PAGE] [Max: 5] [Start Time: 0-1 Hour] [Speed: 1 Hour Delivery]","2.52","1.8","1000","1000","wizsmm","413b5e2d-3d62-42d0-b032-d04aeeb1bd0d"
"instagram","🇹🇷 Instagram Artist VERIFIED Comments [1 Comment] [Refill: No] [Start Time: 0-6 Hours] [Speed: Instant after Start Time]","1.75","1.25","1","1","wizsmm","20e04dfd-d570-4ca6-9784-ed091f6c1afd"
"instagram","🇹🇷 Instagram Artist VERIFIED Comments [2 Comments] [Refill: No] [Start Time: 0-6 Hours] [Speed: Instant after Start Time]","2.625","1.875","1","1","wizsmm","e9d09a69-1ea1-4005-bc8e-c0bdb618ad63"
"instagram","🇹🇷 Instagram Artist VERIFIED Comments [3 Comments] [Refill: No] [Start Time: 0-6 Hours] [Speed: Instant after Start Time]","3.5","2.5","1","1","wizsmm","abf064d0-e345-4837-9583-880a08aa537e"
"instagram","🇹🇷 Instagram Artist VERIFIED Comments [4 Comments] [Refill: No] [Start Time: 0-6 Hours] [Speed: Instant after Start Time]","5.25","3.75","1","1","wizsmm","d67e8eb8-fcb1-446b-863a-5b75ca87d5a8"
"instagram","🇹🇷 Instagram Artist VERIFIED Comments [5 Comments] [Refill: No] [Start Time: 0-6 Hours] [Speed: Instant after Start Time]","6.125","4.375","1","1","wizsmm","69f6c309-4121-4f72-b50c-a3195ec2176f"
"instagram","🇹🇷 Instagram Artist VERIFIED Comments [6 Comments] [Refill: No] [Start Time: 0-6 Hours] [Speed: Instant after Start Time]","7","5","1","1","wizsmm","97abe225-80b3-4109-97d6-2079605ab76a"
"instagram","Instagram Auto Likes [Max: 50K] [BOTS] [Refill: No] [Start Time: 0 - 1 Hour] [Speed: 3K/Day] ⛔","0.3378","0.2413","50","50000","wizsmm","42c5f8aa-8a95-4398-adb6-9a277a167eee"
"instagram","Instagram HQ Likes [Max: 100K] [Start Time: 0 - 1 Hour] [Speed: 10K/Day] 💧","1.05","0.75","1","10000000","wizsmm","42cb68fe-8f0f-43dd-908e-e98ece955126"
"instagram","Instagram Auto Likes [Max: 1K] [USA 🇺🇸 ] [Refill: No] [Speed: 1K/Day] [Start Time: 0 - 1 Hours]","5.6","4","20","20000","wizsmm","42e65bdb-dd05-43c7-99e7-de2b2d990be3"
"instagram","🇧🇷 Instagram Followers [BRAZIL] [Refill: 30D] [Max: 100K] [Start Time: 0 - 3 Hours] [Speed: 25K/Day] ♻️ ⛔️💧","8.925","6.375","10","100000","wizsmm","435044fb-5c63-4172-b237-e692b1e5c63f"
"instagram","🇮🇹Instagram Auto Comments [ITALY - RANDOM] [NON DROP] [Max: 2.5K] [Start Time: 4 Hours] [Speed: 1K/Day]","78.75","56.25","10","3000","wizsmm","aff86665-6d9f-4cbf-acdb-6687848dacd7"
"instagram","Instagram Followers [MIX] [Refill: No] [Max: 150K] [Start Time: 3 Hour] [Speed: 5K/Day] 💧","8.335","5.9536","10","10000000","wizsmm","4474ff9e-b8b0-4ce7-8e51-6e64b7f633b6"
"instagram","Instagram Auto Random Comments [Female] [High quality ] [Refill: LIFETIME] [Max: 5K] [Start Time: 0-6 Hours] [Speed: 1K/Day] ♻️","5.25","3.75","25","50000","wizsmm","48f9a9f1-19d4-4d8e-abec-7fc225da57fb"
"instagram","🇺🇸 / 🇬🇧 USA - UK Instagram Growth Package [100] [30 Days]","142.8","102","1","1","wizsmm","44877333-9108-4753-b1ae-ef6f8a3bbbce"
"instagram","🇳🇬 Instagram Auto Comments Nigeria [Max: 2K] [Start Time: 1 Hour] [Speed: 100/Day]","91","65","50","2500","wizsmm","137eb52e-5be0-43c9-b473-c1bf325eff63"
"instagram","Instagram Auto Comments [Random] [Refill: No] [Start Time: 0 - 1 Hour] [Speed: 5K/Day]","6.125","4.375","10","50000","wizsmm","818d7878-9c9f-4829-be44-09a5be81d267"
"instagram","Instagram Auto Comments [from VERIFIED accounts] [Random - USA/EUROPE] [Max: 20] [Start Time: 0-12 Hours] [Speed: 24 Hours Delivery]","1575","1125","1","12","wizsmm","3f24521d-0206-49d7-85f0-89b9c3fd81d1"
"instagram","Instagram Auto FEMALE Comments [10K+ Followers] [Random 40 Comments] [Max: 40] [Start Time: 0-1 Hour] [Speed: 1 Hour Delivery]","5.25","3.75","1000","1000","wizsmm","6d1ac26e-2208-4a05-97a9-bc96e49ec690"
"instagram","Instagram Auto Comments [AI Releveant] [Refill: No] [Max: 20K] [Start Time: 0 - 2 Hrs] [Speed: Up to 3K/D]","26.25","18.75","1","20000","wizsmm","367be58e-97f2-4292-9a77-3eacd243f37e"
"instagram","Instagram Followers [Max 500K] [WORKING AFTER UPDATE] [Start Time: 0 - 1Hr] [Refill: No] [Speed: 150K/D] ⛔💧","1.7325","1.2375","10","10000000","wizsmm","467a2895-9ea0-4773-a8cf-d7c7441d89af"
"instagram","Instagram Auto Likes [Refill: Auto-Refill 30 Days] [50K] [HQ] [Start Time: Instant] [Speed: 30K/Day] 💧⛔️♻️","0.175","0.125","10","50000","wizsmm","467a5712-343d-4cbe-9455-1de661d97551"
"instagram","Instagram Likes [Max: 50K] [Start Time: 0-1 Hour] [Speed: INSTANT] 💧⚡🔥⛔","0.2953","0.2109","50","50000","wizsmm","46a66e38-a686-443d-8b36-5fa3ab6c7f3a"
"instagram","Instagram Likes [BOTS] [Refill: No] [Max: 10K] [Start time: 1 Hour] [Speed: 10K/Day] 💧⛔️","0.1938","0.1384","10","999001","wizsmm","46c20057-9f0b-4783-8cea-6631fb32f2b7"
"instagram","Instagram Likes [Max: 200K] [Start Time: 1 Hour] [Speed: 50K/Day] 💧⛔️","0.21","0.15","50","200000","wizsmm","480d40e2-f719-46bc-aa67-34e8da38456a"
"instagram","Instagram Story Views [Max: 30K] [Start Time: 0-1 Hour] [Speed: 30K/Day]","0.105","0.075","10","50000","wizsmm","48115de0-f5a8-420b-9eab-7e7c19ae3b62"
"instagram","Instagram Views [Max: 10M] [Start Time: 0-1 Hour] [Speed: 500K/Day]","0.0088","0.0063","100","100000000","wizsmm","76dd7470-cfce-425c-9480-73030b1308bc"
"instagram","🔥🔥🔥 [EXCLUSIVE] Instagram Followers [Spam On] [Refill: 65 Days] [Max: 100K/username - 700/order] [Start Time: 0-1 Hour] [Speed: 700/Day] ♻️🔥🔥🔥","1.0584","0.756","700","700","wizsmm","495d7079-a939-4d6c-b153-75404a084525"
"instagram","Instagram Followers [SPAM ON] [Refill: 365D] [Max: 1M] [Start Time: 0-1 Hour] [Speed: 100K/Day] 💧⛔♻️🔥","6.825","4.875","10","10000000","wizsmm","496648ea-62bb-4651-9d17-4846c4a564b3"
"instagram","🇺🇸 Instagram Likes [USA] [Refill: 30D] [Max: 4K] [Start Time: 0 - 1 Hr] [Speed: 3K/D]","2.1","1.5","20","4000","wizsmm","49ce5726-7116-49da-93b1-a382266095ed"
"instagram","Instagram Auto Likes [Refill: 30D] [Max: 200K] [Start Time: 0-1 Hour] [Speed: 15K/Day] ⛔","0.35","0.25","50","50000","wizsmm","49ee709b-a2da-4f24-821f-7676ff501050"
"instagram","Instagram Followers [SPAM OFF] [Refill: 15D] [Max: 5K] [Start Time: 0-1 Hr] [Speed: Up to 100K/D] 💧⛔♻️","2.7125","1.9375","10","5000000","wizsmm","4bb50be6-8262-402a-82aa-3114c09ac8c0"
"instagram","🇧🇷 Instagram Power Comments [10K+ Followers] [BR] [Random 20 Comments] [EXPLORE PAGE] [Max: 20] [Start Time: 0-1 Hour] [Speed: 1 Hour Delivery]","7.14","5.1","1000","1000","wizsmm","4bbee97a-9d13-4ab1-bab5-f9b4ebd2bb73"
"instagram","🌎 WW Instagram Power Comments [10K+ Followers] [Random 80 Comments] [EXPLORE PAGE] [Max: 80] [Start Time: 0-1 Hour] [Speed: 1 Hour Delivery]","10.08","7.2","1000","1000","wizsmm","4c0e5624-7504-4c43-a60a-0df38700f8ff"
"instagram","🇪🇬Instagram VERIFIED Followers [EGYPTIAN] [4 Followers] [1 ORDER PER ACCOUNT] 🔵","5.1559","3.6828","1","1","wizsmm","4c7f0165-2555-4b9c-b1ec-21ea4d07d3e9"
"instagram","Instagram Live Video Likes [Refill: No] [Max: 10K] [Start Time: INSTANT] [Speed: INSTANT]","0.28","0.2","200","10000","wizsmm","4cd78c71-e7f1-438a-b9ff-8c0701377642"
"instagram","Instagram Followers [Max: 100K] [Refill: 30 Days] [Start Time: 0 - 1 Hour] [Speed: Up to 10K/Day] ♻️","1.6017","1.1441","10","85000","wizsmm","4f07e99a-e963-43ad-a07b-9e15224560fb"
"instagram","🔥🔥🔥 [EXCLUSIVE] Instagram Followers [Spam On] [Refill: 65 Days] [Max: 100K/username - 7.5K/order] [Start Time: 0-1 Hour] [Speed: 7.5K/Day] ♻️🔥🔥🔥","1.0584","0.756","7500","75000","wizsmm","4f82dbd3-3d91-403f-a89e-24b9137f1bda"
"instagram","Instagram Followers [Max:100k] [NO REFILL] [Start Time 0-1 Hr] [Speed :10k/Day]","3.4825","2.4875","10","5000000","wizsmm","57587906-ffe4-46ff-bcd5-cf5121dddc2f"
"instagram","Instagram Followers [Max 250K] [Start Time: 0 - 1Hr] [Refill: No] [Speed: Up to 50K/D] 💧⛔","0.91","0.65","10","1000000","wizsmm","576aeade-634d-448b-b086-8a8a9b330b6c"
"instagram","Instagram Followers [WORKING - SPAM ON] [Max: 1M] [Refill: No] [Start Time: 0 - 1 Hr] [Speed: 50K/D] 💧⛔️","4.4625","3.1875","10","1000000","wizsmm","598e7b7e-25d2-4f96-a5f3-a2f5a15a2c03"
"instagram","Instagram Auto Likes [Max: 100K] [Start Time: 0-1 Hour] [Speed: 15K/Day] ⛔️","0.4603","0.3288","10","50000","wizsmm","5991bb87-3833-40dc-a3d2-1578505cfe71"
"instagram","Instagram Followers [Refill: 90D] [Max: 1M] [Start Time: 0-1 Hr] [Speed: Up to 250K/D] ♻️💧⛔","1.1375","0.8125","10","10000000","wizsmm","59b0d0f0-9944-4097-9ac1-97bde3462121"
"instagram","Instagram PRANK Followers [READ DESCRIPTION] [Refill: No] [Max: 5K] [Start Time: Instant] [Speed: 5K/Day]","0.9702","0.693","10","10000000","wizsmm","59c883f9-09c5-42af-b793-757236e98dff"
"instagram","Instagram Auto Likes + Impressions + Reach + Views [English Private Profiles] [Refill: No] [Max: 1.5K] [Start Time: 0-1 Hour] [Speed: 1 Hour] 🔥🔥🔥","2.8","2","5","50000","wizsmm","5a4fb07f-7a1d-4436-8bf3-d97cdb1c768a"
"instagram","Instagram Followers [Drops 5-20%] [Auto-Refill: 30 Days] [Max: 20K] [Start Time: 1 Hour] [Speed: 5K/Day] ♻️","2.1294","1.521","20","20000","wizsmm","5a69456a-6ebd-4fa5-a20d-53de85fa80de"
"instagram","Instagram Comment Likes [COMMENT LINK] [Refill: No] [Max: 1K] [Start Time: 0-1 Hr] [Speed: 1K/D]💧","1.225","0.875","20","1000","wizsmm","5b88ad33-0844-4fe9-aa09-36901d2f5185"
"instagram","Instagram Likes [10K] [AFRICAN] [1H - 10K/Day]","55.3","39.5","100","10000","wizsmm","5b90f40d-12e7-4c02-a0ed-203966d7f40c"
"instagram","Instagram Profile Visits / Views [Max: 100K] [Start Time: 0-1 Hour] [Speed: 10K/Hour]","0.175","0.125","10","1000000","wizsmm","5bb77ecc-d61d-4ac1-ae39-78a568529c3a"
"instagram","Instagram Followers [WORKING] [Refill: No] [Max: 1M] [Start Time: 0 - 3Hrs] [Speed: 2K/D] 💧⛔️","1.1165","0.7975","10","10000000","wizsmm","5bba0366-ba21-4867-8d11-2603dc5d45f9"
"instagram","Instagram Story Views [Max: 40K] [Start Time: 0-1 Hr] [Speed: 40K/D]💧⛔","0.105","0.075","50","10000","wizsmm","5c057b9b-09df-4894-95bf-69007bba48c4"
"instagram","Instagram Impressions [Max: 1M] [Start Time: 0-1 Hour] [Speed: INSTANT]","0.0977","0.0698","10","1000000","wizsmm","5c6d3305-253a-4a5b-b0ca-c82d40d4d7cc"
"instagram","Instagram Followers [Max 20K] [WORKING AFTER UPDATE]  [Start Time: 0 - 1Hr] [Refill: No] [Speed: 20K/D] 💧⛔","3.15","2.25","10","20000","wizsmm","5c95ed23-9cca-4d2f-b717-7175029dda76"
"instagram","🔥🔥🔥 [EXCLUSIVE] Instagram Followers [Spam On] [Refill: 65 Days] [Max: 100K/username - 11K/order] [Start Time: 0-1 Hour] [Speed: 5-10K/Day] ♻️🔥🔥🔥","1.0584","0.756","11000","11000","wizsmm","5c99db54-4953-4e7f-b882-9b3ebaaa8d85"
"instagram","Instagram Followers [Refill: 30 Days] [Max: 1M] [Start Time: 0-1 Hour] [Speed: 50K/Day] ♻️","5.9569","4.2549","10","1000000","wizsmm","5ca2d839-9147-4afa-9019-3caa9c24d630"
"instagram","Instagram Auto Views + Impressions [Max: 5M] [Start Time: 1 Hour] [Speed: 500K/Day]","1.68","1.2","100","100000000","wizsmm","5ce88639-a6f1-4555-9678-499d07d9469a"
"instagram","Instagram Likes [FROM APP] [Refill: No] [Max: 100K] [Start Time: 0 - 1 Hour] [Speed: Up to 5K/Day]","1.2953","0.9252","100","100000","wizsmm","5f697601-24ab-4990-ad90-5857b94a7bde"
"instagram","Instagram Followers [Refill: No] [Max: 500K] [Start Time: 0 - 2 Hrs] [Speed: Up to 50K/D]💧","0.63","0.45","50","1000000","wizsmm","6136a0d4-c8f1-4644-aec5-c3692867fe5e"
"instagram","Instagram Followers [Refill: No] [Max: 5K] [Start Time: 1 Hour] [Speed: 5K/Day]","2.9515","2.1082","20","100000","wizsmm","61417a0b-4952-449f-bcc7-9fa28c916d55"
"instagram","Instagram Followers [Max 50K] [Start Time: 0 - 1Hr] [Refill: 30D] [Speed: Up to 100K/D] 💧⛔","0.9975","0.7125","10","1000000","wizsmm","63038f61-9262-4ea5-baa6-fabc30cd281b"
"instagram","Instagram Female Likes [Engagement Booster] [Start Time: 0 - 1 Hour] [Speed: 1K/Day]","1.4","1","100","1000","wizsmm","642a5deb-c5c3-4990-8b02-c519817e6199"
"instagram","🇪🇬Instagram VERIFIED Comments [EGYPTIAN] [5 Comments] 🔵","6.4058","4.5756","1","1","wizsmm","c1d841b8-d4e5-4f26-9f30-160fc2d690ba"
"instagram","🇫🇷 Instagram Likes [FRANCE] [Refill: No Drop] [Max: 1K] [Start Time: 0 - 3 Hrs] [Speed: Up to 200/D] 💧","10.92","7.8","25","1000","wizsmm","66cf1a6b-9724-463c-8e9f-c85998f6d145"
"instagram","Instagram Followers [Refill: No] [Max: 300K] [Start Time: 0 - 2 Hrs] [Speed: Up to 200K/D] 💧⛔️","0.7","0.5","100","1000000","wizsmm","67c36af8-5f87-4c44-bea4-5193fd33bde2"
"instagram","🇺🇸 Instagram Likes [USA] [Refill: No] [Max: 5K] [Start Time: 0-1 Hour] [Speed: 5K/Day]","2.4142","1.7244","20","20000","wizsmm","67d0271d-d65a-41d7-9f0d-8defa7004f22"
"instagram","Instagram Auto Likes [MIX] [NO REFILL] [Max: 150K] [Start Time: 0-1 Hour] [Speed: 5K/Day] 💧🔥","0.315","0.225","10","500000","wizsmm","67f8ee9b-c512-40d4-b83c-54305468a7bd"
"instagram","🇮🇳 Instagram Likes [INDIA] [Refill: 30D] [Max: 100K] [Start Time: Instant] [Speed: 15K/Day]","3.136","2.24","10","100000","wizsmm","68096504-f845-446b-9c82-76b2b60593b1"
"instagram","Instagram Likes [ADS] [Refill: No] [Max: 50K] [Start time: 1 Hour] [Speed: 5K/Day]","3.325","2.375","50","50000","wizsmm","681a9867-f844-4815-a93c-494a929ad01a"
"instagram","Instagram Followers [Refill: 7 Days] [Max: 10K] [Start Time: 1 Hour] [Speed: 500/Hour] ♻️","5.95","4.25","10","20000","wizsmm","6874a406-a62c-405e-b748-586e8b514702"
"instagram","🇪🇺  Instagram Followers [EUROPE] [Max: 1.5k] [Start Time: 0 - 1 Hour] [Speed: Up to 500/Day]","529.2","378","5","800","wizsmm","687e8035-02aa-4f46-9613-d2b74b9ee3c2"
"instagram","Instagram Followers [Max:20K] [Refill: No] [Speed: 20K/D] [Start Time: 0 - 1Hr] 💧","0.6475","0.4625","20","20000","wizsmm","6a7ad767-c75f-47fe-a598-8ce0fb743f96"
"instagram","Instagram Views [ALL VIDEOS / PRVT] [Max: 10M] [Start Time: 0-1 Hour] [Speed: 500K/Day]","2.1","1.5","100","100000000","wizsmm","6aa56737-a746-49af-9af0-dab866af710c"
"instagram","Instagram Likes [Refill: No] [Max: 200K] [Start Time: 0-1 Hour] [Speed: 200K/Day] ⚡⛔","0.315","0.225","10","200000","wizsmm","6aa93d2a-781f-42bc-8400-9269aefdb546"
"instagram","Instagram Followers [SPAM OFF] [Refill: No] [Max: 1M] [Start Time: 0-1 Hour] [Speed: 20K/D] 💧⛔","0.5075","0.3625","10","1000000","wizsmm","6bac3ce2-e090-4b27-b83b-e1d3cb071936"
"instagram","Instagram Likes [Refill: No] [Max: 80K] [Start Time: 0 - 1 Hour] [Speed: 80K/Day] 💧","0.1155","0.0825","10","500000","wizsmm","6bc05f2b-a206-4014-a65c-62bc410010f3"
"instagram","Instagram Impression [Home] [Max: 10K] [Start Time: 0-1 Hour] [Speed: 10K/Day]","0.1007","0.0719","10","1000000","wizsmm","6bd1c98c-bf22-4a1a-8a14-1420b345ec2b"
"instagram","🇨🇳 Instagram Likes [CHINA] [Refill: No] [Max: 6K] [Start Time: Instant] [Speed: 3K/Day]","2.1","1.5","20","6000","wizsmm","6c0fecb2-11a5-4dc3-a876-7c898a0bef7f"
"instagram","Instagram Likes [NO DROP] [Auto-Refill: 7 Days] [Max: 20K] [Start Time: 0-1 Hour] [Speed: 10K/Day] 🔥💧♻️⛔️","0.5891","0.4208","10","20000","wizsmm","6c113020-fa15-4fa2-944c-fe91a4cd131b"
"instagram","Instagram Views [All Videos] [Max: 100M] [Start Time: 0 - 1 Hours] [Speed: 10M/Day] ⚡💧","0.1646","0.1176","100","100000000","wizsmm","6c45f37f-87ac-4de4-9cac-ba5676d3bade"
"instagram","🇹🇷 Instagram VERIFIED Followers [From Youtuber:  @mehmetuygaraksuu]","18.48","13.2","1","1","wizsmm","6c65d7c5-4f96-49b1-8e82-05b53e3d4ad8"
"instagram","Instagram Auto Likes [Max: 5K] [Start Time: 0-1 Hour] [Speed: INSTANT] 💧⛔⚡🔥","0.1155","0.0825","50","20000","wizsmm","6cda79a9-ba81-4995-9f33-d32e9c94ebc0"
"instagram","Instagram Likes [MQ] [Refill: 180 Days] [Max: 50K] [Start Time: 0-1 Hour] [Speed: INSTANT] ♻️⚡","1.7475","1.2482","50","50000","wizsmm","6cf38576-91ab-4c72-b730-86465886af30"
"instagram","🇺🇸 / 🇬🇧 USA - UK Instagram Power Comments [10K+ Followers] [Random 20 Comments] [EXPLORE PAGE] [Max: 20] [Start Time: 0-1 Hour] [Speed: 1 Hour Delivery]","7.728","5.52","1000","1000","wizsmm","6d29c19d-a5fb-4abe-8e40-3a22cb88cf63"
"instagram","Instagram Likes [Max: 2K] [UK 🇬🇧 ] [Refill: No] [Speed: 2K/Day] [Start Time: 0 - 1 Hours]","5.775","4.125","20","2000","wizsmm","6dbe85f7-e6a9-4889-9422-0bcfc540e1b9"
"instagram","🇺🇸 Instagram Likes [USA - AFRO] [Refill: No Drop] [Max: 1K] [Start Time: 0 - 3 Hrs] [Speed: Up to 1K/D] 💧","10.92","7.8","50","10000","wizsmm","6decb989-bd75-4eb9-836f-01e5d78331c5"
"instagram","Instagram Followers [Max:10M] [Refill: NO] [Speed: Up to 150K/D] [Start Time: Instant] ⛔💧","1.5575","1.1125","10","10000000","wizsmm","6dfc0fdd-2a34-43a0-9b0d-beebc9ce017f"
"instagram","Instagram Followers [Max 1M] [WORKING - SPAM ON] [Start Time: 0 - 1 Hrs] [Refill: No] [Speed: Up to 70K/D] 💧⛔","3.5875","2.5625","10","1000000","wizsmm","6e0eb038-c06c-4916-8700-df25a526144d"
"instagram","Instagram Views [All Videos] [Max: 100M] [Start Time: 0 - 1 Hours] [Speed: 20M/Day] ⚡💧⛔","0.0087","0.0062","100","100000000","wizsmm","6f7d0467-e84b-43ea-9df7-7d1abfe7892e"
"instagram","🇺🇸 / 🇬🇧 USA - UK Instagram Power Comments [10K+ Followers] [Random 100 Comments] [EXPLORE PAGE] [Max: 100] [Start Time: 0-1 Hour] [Speed: 1 Hour Delivery]","15.12","10.8","1000","1000","wizsmm","6fd32e04-0dc4-4562-ab44-c552ca8f5fe7"
"instagram","Instagram Reach + Impressions [Max: 100K] [Start Time: INSTANT] [Speed: 100k/Hr]","0.7","0.5","10","1000000","wizsmm","719aacd4-66ac-4254-9771-a3ad7c94b086"
"instagram","Instagram Likes [Refill: No] [Max: 30K] [Start Time: 0 - 1 Hour] [Speed: 30K/Day] 💧⛔️","0.3385","0.2418","10","30000","wizsmm","71b8f32f-6c3f-44e0-abfe-b21b3e408461"
"instagram","ID:3 | Instagram Followers | 100-300K/D - R90 | Drop Rate: 0-5%","2.66","1.9","10","1000000","wizsmm","0021b9dc-49f3-4115-b84f-5ad2b81874cc"
"instagram","Instagram Auto Likes [HQ] [Refill: AR30] [Max: 100K] [Start Time: 0-1 Hour] [Speed: FAST] ⛔","0.3325","0.2375","10","100000","wizsmm","7230cc4f-eb15-4e11-b714-c16b7f4187d4"
"instagram","Instagram Likes [Drops LOW] [Refill: AR30D] [Max: 50K] [Start Time: 0-1 Hour] [Speed: 10K/D]♻️💧⛔","0.6125","0.4375","10","50000","wizsmm","7230f011-7935-45ec-9eb5-5cd6051e0469"
"instagram","🇺🇸 / 🇬🇧 USA - UK Instagram Power Comments [10K+ Followers] [Random 5 Comments] [EXPLORE PAGE] [Max: 5] [Start Time: 0-1 Hour] [Speed: 1 Hour Delivery]","2.856","2.04","1000","1000","wizsmm","73be9503-e16f-40e8-bbd5-feef7d9352e6"
"instagram","Instagram Likes [Refill: 90D] [Max: 250k] [Start Time: 0 - 3 Hrs] [Speed: 25K/D] 💧♻️⛔️","0.0974","0.0696","1","1000000","wizsmm","74a84a01-d092-4e9c-bde1-1d774aa3c3f4"
"instagram","🇺🇸 / 🇬🇧 USA - UK Instagram Power Comments [10K+ Followers] [Random 20 Comments] [EXPLORE PAGE] [Max: 20] [Start Time: 0-1 Hour] [Speed: 1 Hour Delivery]","7.728","5.52","1000","1000","wizsmm","7505f6bd-1199-40f6-8f34-c307d9416e5d"
"instagram","Instagram Likes [Drops 5-7%] [Refill: 30D] [Max: 10K] [Start Time: 0-1 Hour [Speed: 1-2K/Hour]","0.3255","0.2325","10","10000","wizsmm","751165c1-78f8-41bf-9a1d-5513450b41bd"
"instagram","Instagram Followers [5M] [Refill: No] [Start Time: 0 - 3 Hrs] [Speed: 100K/D]💧⛔","1.2075","0.8625","10","200000","wizsmm","75860428-1028-47ee-9ca1-b0080b8b2a9f"
"instagram","Instagram Followers[Refill: 365D] [Max: 5M] [Start Time: 0 - 2Hrs] [Speed: Up to 20K/D] ♻️💧⛔","0.945","0.675","50","50000000","wizsmm","75949b0b-f789-462d-bc91-fc35c01f5ec0"
"instagram","🇮🇹Instagram Followers [ITALY 18+] [Refill: No] [Max: 10K] [Start Time: 4 Hours] [Speed: 100/Day]","49.9608","35.6863","10","5000","wizsmm","7611d720-1c4e-4cba-8ffd-54e0dcf1d82f"
"instagram","Instagram Reel Views [Max: 5M] [Start Time: 0-1 Hour] [Speed: 500K/Day]","0.0088","0.0063","100","100000000","wizsmm","765575f5-2426-4451-a467-c001a9025ea6"
"instagram","🇰🇷 Instagram Power Comments [10K+ Followers] [SOUTH KOREA] [Random 5 Comments] [EXPLORE PAGE] [Max: 20] [Start Time: 0-1 Hour] [Speed: 1 Hour Delivery]","2.52","1.8","1000","1000","wizsmm","7687a317-5d40-494d-aad8-4842516b865a"
"instagram","Instagram Likes [NON DROP] [Max: 5K] [Start Time: 0-1 Hour] [Speed: 500/Hour]","1.449","1.035","20","5000","wizsmm","77d7bd86-0534-41f1-a87e-050b160085c9"
"instagram","Instagram Likes [Refill: No] [Max: 150K] [Start Time: 0-1 Hour] [Speed: 100K/Day] ⛔💧","0.21","0.15","10","300000","wizsmm","77ffdd64-4fc0-434c-b793-75f6e462735d"
"instagram","Instagram Turkmenistan Likes [Max: 50K] [Refill: No] [Start Time: 0 - 1 Hour] [Speed: 5K/Day]","6.2125","4.4375","10","1000000","wizsmm","7800a6b6-2f5d-49e2-af07-9a1f001fe1c5"
"instagram","Instagram FEMALE Comments [10K+ Followers] [Random 20 Comments] [Max: 20] [Start Time: 0-1 Hour] [Speed: 1 Hour Delivery]","6.72","4.8","1000","1000","wizsmm","784f8f15-035e-4858-af1e-43f2362771b6"
"instagram","Instagram Saves [Max: 400K] [Start Time: 0-1 Hour] [Speed: 100K/Day] 💧","0.28","0.2","10","1000000","wizsmm","7858ff48-ca12-400a-8142-4004c28c0019"
"instagram","🇸🇦 Instagram Power Comments [10K+ Followers] [Random ARABIC 5 Comments] [EXPLORE PAGE] [Max: 5] [Start Time: 0-1 Hour] [Speed: 1 Hour Delivery]","2.52","1.8","1000","1000","wizsmm","786d04ba-3848-4049-ad2e-fdc0e864e3d3"
"instagram","🇺🇸 Instagram Followers [USA] [MIX] [Refill: 30D] [Max: 100K] [Start Time: 0 - 24 Hrs] [Speed: 5K/D] 💧⛔♻️","6.65","4.75","5","1000000000","wizsmm","788611ab-13c8-4bfe-b214-2901f296d3cc"
"instagram","Instagram Views [Max: 1M] [Start Time: 15 Minutes] [Speed: 5M/Day]  ⚡💧","1.834","1.31","100","100000000","wizsmm","789a44b0-07b6-4808-aef4-86af7b6e0ed1"
"instagram","Instagram Likes [Max: 15K] [USA 🇺🇸 ] [Refill: 90 Days] [Speed: 10K/Day] [Start Time: 0 - 1 Hours] 💧 ⛔️ ♻️","1.925","1.375","20","15000","wizsmm","7aeec63b-5d64-4cff-bf6d-10b1c8a9aef1"
"instagram","Instagram Likes [EMERGENCY] [NON DROP] [Max: 5K] [Start Time: 0-1 Hour] [Speed: 2K/Hour] 🔥🔥🔥","1.61","1.15","50","5000","wizsmm","7c29a47a-0487-4508-ab4b-7830aa003096"
"instagram","Instagram Views [ALL / EMERGENCY] [Max: 10M] [Start Time: 0-1 Hour] [Speed: 500K/Day]","0.3063","0.2188","100","10000000","wizsmm","7c367b4a-cd7d-4c78-937c-54ccb408b10c"
"instagram","🇧🇷 Instagram Followers [BRAZIL] [Max: 100K] [Refill: 30 Days] [Start Time: 0 - 1 Hour] [Speed: Up to 10K/Day]","1.6017","1.1441","10","85000","wizsmm","7c4dff31-75a2-48b6-afee-4817d28f6955"
"instagram","Instagram Views [ALL VIDEOS] [Max: 10M]  [Start Time: 0-1 Hour] [Speed: 1M/Day] 💧","0.098","0.07","100","100000000","wizsmm","7c6bdcee-0373-4186-9e8a-51ab419adcb4"
"instagram","Instagram Likes [NON DROP] [Refill: 1 Year] [Max: 10K] [Start Time: 1 Hour] [Speed: 5K/Day] ♻️","0.4658","0.3327","10","4000000","wizsmm","7f13dd94-9e84-4ddf-8375-8f392c873b76"
"instagram","Starter Pack [15-20 Comments + 7-10 Followers + 35-45 Post Likes] [Start Time: 2 Hours] [Speed: 24 Hours Delivery]","13.335","9.525","1000","1000","wizsmm","801c59dc-829b-4d0b-bd8b-a5426c41d479"
"instagram","Instagram Reel Views [Max: 1M] [Start Time: 0-1 Hour] [Speed: SUPER SPEED] 💧","2.0125","1.4375","100","100000000","wizsmm","803b439e-01b1-4759-8245-406783a553b5"
"instagram","Instagram Followers [Refill: 30D] [Max: 1M] [Start Time: 0 - 3 Hrs] [Speed: Up to 100K/D] 💧♻️","0.6468","0.462","10","1000000","wizsmm","8074df9d-b25f-4148-8a92-26f38bb4088b"
"instagram","🇺🇸 Instagram Followers [USA - AFRO] [Refill: No Drop] [Max: 2.5K] [Start Time: 0 - 3 Hrs] [Speed: Up to 1K/D] 💧","30.03","21.45","50","5000","wizsmm","80db316f-6ccd-4156-9edb-af2d2bb1eef9"
"instagram","Instagram Followers [Refill: 30 Days] [Max: 30K] [Start Time: 1 Hour] [Speed: 500/Hour] ♻️","6.475","4.625","10","100000","wizsmm","80dc974b-6cae-4951-9fef-b45fca9e8f68"
"instagram","🇮🇳 Instagram Followers [SPAM ON : WAITING / SPAM OF SUCCESS] [AI] [Start Time: 0 - 1 Hour] [Speed: 5K/Day]","4.9613","3.5438","10","5000","wizsmm","822ee389-ee5c-4fb4-8b60-be376cf46018"
"instagram","🇧🇷 Instagram Power Comments [10K+ Followers] [BR] [Random 40 Comments] [EXPLORE PAGE] [Max: 40] [Start Time: 0-1 Hour] [Speed: 1 Hour Delivery]","9.24","6.6","1000","1000","wizsmm","83169138-3b4d-446c-8d93-6c7f7cf755f6"
"instagram","Instagram Auto Profile Visits [Max: 500K] [Start Time: 0 - 1 Hr] [Speed: 50K/Day]💧⛔","0.035","0.025","10","1000000","wizsmm","839b72ef-94a8-4a00-868e-2427cb61329c"
"instagram","Instagram Auto Likes [NON DROP] [Refill: 1 Year] [Max: 10K] [Start Time: 1 Hour] [Speed: 5K/Day] ♻️","0.4658","0.3327","10","4000000","wizsmm","83d46903-5b08-48b5-b682-b49c7b63d9ee"
"instagram","🇮🇳 Instagram Likes [INDIA] [Refill: No] [Max: 50K] [Start Time: 0-24 Hours] [Speed: 5K/Day]","2.8438","2.0313","20","50000","wizsmm","83e62557-6482-408d-9db4-b29d1808dd73"
"instagram","Instagram Followers FEMALE TOP ACCOUNTS [PRICE IS FOR 50 FOLLOWERS] [Max: 50] [Start Time: 0-9 Hours] [Speed: 50/Day]","7.056","5.04","1000","1000","wizsmm","854db9b0-964c-427b-8a03-74c0a9e0cd89"
"instagram","Instagram Live Video Comments [RANDOM] [Refill: No] [Max: 2K] [Start Time: INSTANT] [Speed: INSTANT]","7.7","5.5","50","2000","wizsmm","85bd41ba-f640-426c-8453-62f1c1f544e5"
"instagram","Instagram FEMALE Comments [10K+ Followers] [Random 20 Comments] [Max: 20] [Start Time: 0-1 Hour] [Speed: 1 Hour Delivery]","3.15","2.25","1000","1000","wizsmm","876fa4e9-3148-4551-a01f-b7a4889be809"
"instagram","Instagram Followers  [ARAB - متابعين عرب متفاعلين ] [Refill: 60D] [Max: 1.5K] [Start Time: 12 - 24 Hrs] [Speed: 1K/D] 💧","1.8375","1.3125","50","100000","wizsmm","878e1862-1577-40d4-8f88-b6be1d27fc37"
"instagram","Instagram Followers [MIX] [Refill: No] [Max: 300K] [Start Time: 0 - 3 Hrs] [Speed: 5K/Day] 💧","1.05","0.75","10","1000000","wizsmm","8919bad0-df4b-4590-8221-621b41f0a870"
"instagram","🔥🔥🔥 [EXCLUSIVE] Instagram Followers [Spam On] [Refill: 65 Days] [Max: 100K/username - 1.4K/order] [Start Time: 0-1 Hour] [Speed: 1.4K/Day] ♻️🔥🔥🔥","1.0584","0.756","1400","1400","wizsmm","891f520b-e53e-4a64-bff8-b5d5de803ee5"
"instagram","Instagram Followers [With PP &amp; Posts] [Refill: No] [Max: 100K] [Start Time: 1 Hour] [Speed: 500/Hour]","5.6","4","50","100000","wizsmm","89b8086c-213b-409a-88fe-cb4c3a7af920"
"instagram","🇪🇬Instagram VERIFIED Followers [EGYPTIAN] [3 Followers] [1 ORDER PER ACCOUNT] 🔵","3.3592","2.3994","1","1","wizsmm","8a26db37-571c-41b9-89aa-0d4c79c9855b"
"instagram","Instagram Followers [Refill: No] [Max: 1M] [Start Time: 0-1 Hr] [Speed: 20K/D] ⛔💧","0.6125","0.4375","50","5000000","wizsmm","8a36e2e7-d964-464e-b85d-a98505cec09e"
"instagram","Instagram Auto Likes [Refill: No] [Max: 300K] [Start Time: 0-1 Hour] [Speed: 300K/Day] ⚡⛔💧","0.3255","0.2325","10","300000","wizsmm","8af21df6-f17d-4bac-b1f8-a376e4c74352"
"instagram","Instagram Likes [Max: 50K] [Start Time: 0 - 1 Hours] [Speed: 50K Per Day] 💧⛔","0.2625","0.1875","10","50000","wizsmm","8b10a646-e88c-4ad2-8f9f-f8886bd81dc6"
"instagram","Instagram Likes [TOP QUALITY] [Refill: 30D] [60K] [Start Time: 0 - 1 Hr] [Speed: 60K/D] ♻️🔥","2.077","1.4836","50","60000","wizsmm","8b1afeff-0859-4fa3-be62-3bb135a52289"
"instagram","Instagram Comments [CUSTOM] [Max: 5K] [Start Time: 1 Hour] [Speed: 500/Day]","7.4151","5.2965","10","5000","wizsmm","8b2df1ce-fa7e-48bb-b4b5-9b268b2b4695"
"instagram","IGTV Views [Max: 1M] [Start Time: 15 Minutes] [Speed: 5M/Day]  ⚡💧","1.9075","1.3625","100","20000000","wizsmm","8caceb78-bdd1-4008-a912-18bf333c1d2d"
"instagram","Instagram Story Views [ALL STORIES] [Max: 50K] [Start Time: 0 - 1 Hr] [Speed: 15K/Day]","0.14","0.1","100","50000","wizsmm","8d0d8cc8-0685-43a8-a1bc-7763ef35d77e"
"instagram","🇪🇺🇺🇸 Instagram Followers [EU/US] [Start Time: 0 - 1 Hour] [Speed: 500/Day][NO REFILL/NO REFUND]","10.416","7.44","20","15000","wizsmm","8efab955-309e-44b7-8669-e6684596b285"
"instagram","Instagram Likes + Impressions [25 Likes Per Minute] [Max: 10K] [Start Time: 0-1 Hour]","2.1","1.5","20","10000","wizsmm","902ba63c-1d77-4d6a-943d-b17580302c44"
"instagram","🇸🇦🇮🇷Instagram Likes [ARAB - IRAN MIX] [Refill: No] [Max: 10K] [Start Time: 0-1 Hour] [Speed: 5K/Day]","1.386","0.99","100","100000","wizsmm","903fbc5b-c996-47d8-a7bf-161309845227"
"instagram","Instagram Followers [🇦🇪 ARAB / 🇮🇳 INDIA / 🇹🇷 TURK MIX] [Refill: 30D] [Max: 10K] [Start Time: 0 - 1 Hr] [Speed: 20K/D] 💧⛔","2.975","2.125","50","500000","wizsmm","906be156-7348-4c15-97fc-eda658ae96e8"
"instagram","Instagram Views [ALL LINKS] [Max: 1M] [Start Time: 0 - 3 Hrs] [Speed: 500K/D] 💧","0.2888","0.2063","100","100000000","wizsmm","9139af60-0b27-4443-9ab2-80b28883b886"
"instagram","Instagram Story Views + Likes + Impressions + Profile Visits + Interactions [Max: 100K] [Start Time: 0-1 Hour] [Speed: 100K/Day]","0.4725","0.3375","20","100000","wizsmm","9147c639-8900-4646-a389-9736ed76e1bd"
"instagram","Instagram Followers [Max 100K] [Start Time: 0 - 1Hr] [Refill: No] [Speed: Up to 100K/D] 💧","0.9625","0.6875","10","100000","wizsmm","92901cb0-38af-497d-ae9e-e5f04372078b"
"instagram","Instagram Impressions + Reach + Profile Visits [Max: 1M] [Start Time: 0-1 Hour] [Speed: 50K/Day] 💧","0.049","0.035","10","1000000","wizsmm","9795138a-c968-4e1a-8af3-b8ffa0d1d205"
"instagram","🇺🇸 🇬🇧 Instagram Likes [Female] [USA/UK] [Refill: No Drop] [Max: 9K] [Start Time: 0 - 3 Hrs] [Speed: Up to 3K/D] 💧","10.374","7.41","50","9050","wizsmm","9b09d9e9-c033-4e8c-ab23-a8b3f8557a04"
"instagram","Instagram Likes [Refill: 30D] [Max: 200K] [Start Time: Instant] [Speed: Up to 100K/D] 💧⛔️♻️","0.3255","0.2325","10","200000","wizsmm","9b231b5c-8931-4967-b6fe-0995dd6bf12e"
"instagram","🇺🇸Instagram Comments [CUSTOM - USA] [300] [Start Time: 0 - 1 Hour] [Speed: 150/Day]","60.515","43.225","5","300","wizsmm","9b35511e-9162-4e2d-ac05-f36612d062a4"
"instagram","Instagram Followers [Max 5M] [Start Time: 0 - 1Hr] [Refill: 365D] [Speed: Up to 500K/D] 💧⛔♻️","1.5225","1.0875","10","10000000","wizsmm","a1360d33-9f83-467f-b51c-7538d5fdc11c"
"instagram","Instagram USA Likes [Refill: No Drop] [Max: 2K] [Start Time: 0-1 Hour] [Speed: 2K/Hour] 💧","3.808","2.72","5","50000","wizsmm","a1508e6d-9ff4-4a29-88f6-334754921db1"
"instagram","🇺🇸 / 🇬🇧 USA - UK Instagram Growth Package [50] [30 Days]","100.8","72","1","1","wizsmm","a18ee13a-cf24-4687-b8b5-1db7c336d1ff"
"instagram","Instagram Followers [WORKING] [Refill: No] [Max: 5M] [Start Time: 0 - 1Hr] [Speed: 100K/D] 💧⛔️","1.1935","0.8525","10","10000000","wizsmm","a5d753bd-8dbc-49a7-8cd5-6f5b605a7a97"
"instagram","Instagram Auto Reach + Impression [Max: 100K] [Start Time: 1 Hour] [Speed: 100K/Day]","0.105","0.075","100","250000","wizsmm","a63ae414-da02-4b30-891b-773eaaef6398"
"instagram","🇮🇩 Instagram Followers [INDONESIA] [Refill: 30D] [Max: 5K] [Start Time: 0 - 3 Hrs] [Speed: 5K/D] ⛔️💧♻️","3.472","2.48","50","100000","wizsmm","a812efd0-55aa-41a8-a778-1abf1b353a51"
"instagram","Instagram Likes + Impressions [HQ] [Max: 7K] [Start Time: Instant] [Speed: 7K/Day]💧🔥","0.0916","0.0654","1","1000000","wizsmm","a8244163-0a67-440d-9317-515bb43115d2"
"instagram","🇹🇷 Instagram Followers [TURKEY] [Refill: 30D] [Max: 20K] [Start Time: 0 - 3 Hrs] [Speed: 5K/D]","6.475","4.625","20","20000","wizsmm","a8420831-12ba-4bdc-a259-1707a4a73f05"
"instagram","Instagram Followers [AUTO-Refill: 30 Days] [Max: 250K] [Start Time: 3 Hours] [Speed: 1.5K/Day] ♻️","1.0718","0.7656","10","1000000","wizsmm","a84fc3c9-db5e-47c0-b4bd-0d1a377a4114"
"instagram","Instagram Followers [Refill: NO] [Max: 1M] [Start Time: 0 - 2 Hrs] [Speed: Up to 100K/D] 💧","0.5128","0.3663","100","10000000","wizsmm","a87d384e-7330-4635-81c2-337b286a245d"
"instagram","Instagram Views [EMERGENCY - ALL TYPE OF VIDEOS - AUTO ON / OFF]","1.89","1.35","100","100000000","wizsmm","47da1725-c115-4d22-9f84-9f3eeb522e82"
"instagram","Micro Pack [30-35 Comments + 11-13 Followers + 55-65 Post Likes] [Start Time: 2 Hours] [Speed: 24 Hours Delivery]","24.407","17.4336","1000","1000","wizsmm","a9acf801-c72e-43af-a31d-bf41e30c1858"
"instagram","Instagram Followers [Refill: No] [HQ 15+ Posts] [Max: 100K] [Start Time: 0-1 Hr] [Speed: Up to 100K/D] 💧⛔","1.0395","0.7425","10","10000000","wizsmm","a9b55e1c-9c06-4360-9692-61fad93320d1"
"instagram","🇧🇷 Instagram Power Comments [10K+ Followers] [BR] [Random 5 Comments] [EXPLORE PAGE] [Max: 5] [Start Time: 0-1 Hour] [Speed: 1 Hour Delivery]","2.52","1.8","1000","1000","wizsmm","aa705e17-827d-4a45-9110-f3bca5b1c136"
"instagram","Instagram Likes + Reach + Impressions [Refill: 30D] [200K] [Start Time: Instant] [Speed: 25K/D] ♻️💧⛔️","0.3256","0.2326","10","200000","wizsmm","ad13e5f4-babf-48eb-8f2a-af6f35b4c9d7"
"instagram","🇮🇷 Instagram Followers [IRAN] [Start Time: 0 - 1 Hour] [Speed: 1K/Day]","10.08","7.2","20","7000","wizsmm","b39e9773-46f9-4287-89c5-7f2037f23738"
"instagram","🇹🇷 Instagram Artist VERIFIED Followers [2 Followers] [Refill: 30 Days] [Start Time: 0-1 Hour] [Speed: 0-6 Hours]","8.47","6.05","1","1","wizsmm","b688bb14-c1e1-45d8-b21a-fd69aab81290"
"instagram","Instagram Followers [SPAM ON] [Refill: 30D] [Max: 1M] [Start Time: 0 - 2 Hrs] [Speed: Up to 25K/D] ♻️💧⛔","3.15","2.25","100","1000000","wizsmm","b6dbc032-7673-46d3-992f-dbd90140c929"
"instagram","Instagram Views [Max: 100K] [Start Time: INSTANT] [Speed: 3k/Min]","0.3587","0.2562","100","100000000","wizsmm","b6edc63a-953f-4434-98c3-f571b9784ac1"
"instagram","Instagram Likes [USA- REAL] [Lifetime Guarantee] [Max: 50k] [Start Time: 1 Hours] [Speed: 20k/Day]","1.4","1","5","50000","wizsmm","c639015b-e586-47e0-bcf4-807bf06dea6e"
"instagram","Instagram Auto Likes [MIGHT DROP] [Max: 5K] [Start Time: 0-1 Hour] [Speed: 2K/Day]","1.89","1.35","20","10000","wizsmm","c65d13e6-3c08-4eb6-96e3-44e1c7e5916f"
"instagram","🇸🇦 Instagram Power Comments [10K+ Followers] [Random ARABIC 20 Comments] [EXPLORE PAGE] [Max: 20] [Start Time: 0-1 Hour] [Speed: 1 Hour Delivery]","6.72","4.8","1000","1000","wizsmm","c66eab14-1a36-4493-b743-a16f8ae21880"
"instagram","🇭🇰 Instagram Likes [HONG KONG] [Start Time: 0 - 1 Hour] [Speed: 1K/Day]","4.704","3.36","20","1000","wizsmm","c7c244c2-816f-4b97-9783-36411a4e439f"
"instagram","🇧🇷 Instagram Likes [BRAZIL] [Refill: 30 Days] [Max: 45K] [Start Time: 1 Hour] [Speed: 5K/Day] ⛔️♻️💧","0.91","0.65","10","50000","wizsmm","c7d95b1b-8437-4669-b725-49c31df8a6f5"
"instagram","🇧🇷 Instagram Power Comments [10K+ Followers] [BR] [Random 10 Comments] [EXPLORE PAGE] [Max: 10] [Start Time: 0-1 Hour] [Speed: 1 Hour Delivery]","4.536","3.24","1000","1000","wizsmm","c7fa1bdf-48da-47fa-8e04-239aacf3d142"
"instagram","Instagram Engagement + Shares + Reach + Impressions [Max: 100K] [Start Time: INSTANT] [Speed: 100k/Hr]","1.19","0.85","100","100000","wizsmm","c82ec3c8-c6f3-4690-95b4-0ce0320ace23"
"instagram","🇰🇷 Instagram Likes [KOREA] [HQ] [Refill: No] [Max: 50K] [Start Time: 0-3 Hrs] [Speed: 10K/D]💧","10.773","7.695","10","50000","wizsmm","c86ab7ea-c49b-4690-b1f5-9ae780ff2038"
"instagram","Instagram Followers [Max: 100K] [Refill: 365D] [Start Time: 0 - 1 Hr] [Speed: 25K/Day] ♻️💧⛔","4.4625","3.1875","10","100000","wizsmm","c8ec77d4-2320-43d5-9fb3-6ded3803f050"
"instagram","Instagram Auto Likes [Max: 50K] [Start Time: 0-1 Hour] [Speed: 50K/Day]","3.299","2.3564","50","50000","wizsmm","ca8774bd-97e0-479e-b0b7-3f5760b63ec6"
"instagram","Instagram Followers [Max 100K] [Start Time: 0 - 1Hr] [Refill: No] [Speed: 5K/D] 💧⛔","2.275","1.625","10","100000","wizsmm","ca9926d2-55c0-4588-8c30-633015401c25"
"instagram","🇬🇧 Instagram Followers [UK] [Refill: 30D] [Max: 100K] [Start Time: 0 - 24 Hrs] [Speed: Up to 10K/D] 💧⛔♻️","6.65","4.75","10","100000000","wizsmm","ca9f1b4b-1cf9-44f1-8939-6e496aecc69e"
"instagram","Instagram Likes [Refill: No] [Max: 1M] [Start Time: 0 - 2 Hrs] [Speed: Up to 50K/Day]💧","0.7","0.5","10","1000000","wizsmm","cabed69f-d819-4eaf-88f9-b923ceb6d773"
"instagram","⚠️🔥🎇🇺🇸🇪🇺 Instagram Auto Comments [RANDOM] USA / EUROPE [EXCLUSIVE - NON DROP]","238.56","170.4","5","1000","wizsmm","cacb2ca3-a8ab-483d-8068-e0553d5fbbd1"
"instagram","Instagram Likes [Refill: 30 Days] [Max: 5K] [Start Time: 6 Hours] [Speed: 5K/Day]","0.315","0.225","10","200000","wizsmm","d1fbb229-7d05-4a8f-bd73-c40a10c2f43d"
"instagram","Instagram Auto FEMALE Comments [Random 40 Comments] [Max: 40] [Start Time: 0-1 Hour] [Speed: 40/Hour]","8.4","6","1000","1000","wizsmm","d325aaf1-0c96-4cf5-ac63-cfd81a579098"
"instagram","Instagram Auto Likes [Max: 50K] [Start Time: 0 - 1 Hours] [Speed: 50K Per Day] 💧⛔","0.2625","0.1875","10","50000","wizsmm","d35fdd99-4c26-4fdf-a650-1234bbfe0f77"
"instagram","Instagram Photo Views + Impressions [Max: 500K] [Start Time: 0-1 Hour] [Speed: 500K/D] ⛔","0.0525","0.0375","100","10000000","wizsmm","d37f2eec-f786-4b1b-a54e-4388c0534397"
"instagram","🇰🇷 Instagram Power Comments [10K+ Followers] [SOUTH KOREA] [Random 20 Comments] [EXPLORE PAGE] [Max: 20] [Start Time: 0-1 Hour] [Speed: 1 Hour Delivery]","7.14","5.1","1000","1000","wizsmm","d4c11e64-a118-4b20-bbb7-c8f8b0cf813f"
"instagram","Instagram Followers [SPAM ON] [NO REFILL] [ NO REFUND] [Max: 1M] [Start Time: 0-1 Hr] [Speed: 50K/Day] 💧⛔","0.6832","0.488","10","10000000","wizsmm","d5358e68-382f-41c6-b2fc-567a9361323f"
"instagram","Instagram Likes [Max: 10K] [Start Time: 0-1 Hour] [Speed: 10K/Day]","1.0325","0.7375","10","100000","wizsmm","d55ab86c-5e2a-47ea-ad61-e239eb1dcefb"
"instagram","🌎 WW Instagram Power Comments [10K+ Followers] [Random 20 Comments] [EXPLORE PAGE] [Max: 20] [Start Time: 0-1 Hour] [Speed: 1 Hour Delivery]","6.72","4.8","1000","1000","wizsmm","d5965779-dc02-4403-a032-afd15f3e9c7d"
"instagram","🇦🇺 Instagram Followers [AUSTRALIA] Refill: 30 Days] [Start Time: 0 - 1 Hour] [Speed: 3K/Day]","10.85","7.75","20","3000","wizsmm","d5b06156-fec2-44d3-b60b-b1912ed93503"
"instagram","Instagram Auto Random Comments [Emojis] [High quality ] [Refill: LIFETIME] [Max: 5K] [Start Time: 0-6 Hours] [Speed: 1K/Day] ♻️","5.04","3.6","25","50000","wizsmm","d6c0c137-51e5-47a0-abda-3e381b74dc74"
"instagram","Instagram FEMALE Comments [Random 10 Comments] [Max: 40] [Start Time: 0-1 Hour] [Speed: 1 Hour Delivery]","4.2","3","1000","1000","wizsmm","d6f8c93c-1c9e-4552-9739-c0d15270e728"
"instagram","Instagram Auto Likes [Refill: No] [Max: 3K/order 30k/link] [Start Time: 0-1 Hour]","0.4872","0.348","25","25000","wizsmm","d72c0357-9ef0-4c9c-8ac7-0fbeb5d73515"
"instagram","Instagram Female Likes [Engagement Booster]","16.8","12","100","10000","wizsmm","d733f199-3a38-44e0-800c-189578c1a6dd"
"instagram","🇧🇷 Instagram Followers [BRAZIL] [Refill: No] [Max: 50K] [Start Time: 1 Hour] [Speed: 10K/Day] 💧","1.1113","0.7938","50","50000","wizsmm","d76b0f70-7573-4805-ab7d-99f12b53e7d5"
"instagram","Instagram Reel Views [Max: 100M] [Start Time: 0-1 Hour] [Speed: 100M Per Day] 💧","0.336","0.24","1000","100000000","wizsmm","d78758a6-3266-4de5-a4e5-335ae441491b"
"instagram","Instagram Auto Likes [Refill: No] [Max: 1M] [Start Time: 0 - 1 Hr] [Speed: 200K/D] 💧","0.105","0.075","100","1000000","wizsmm","d78ba2f2-c3e3-428b-b26a-4efbcbe84c0d"
"instagram","Instagram Followers [Refill: Lifetime ] [Max: 1M] [Start Time: 0-1 Hour] [Speed: Up to 100K/Day] ♻️ 💧 ⛔","0.8575","0.6125","1","10000000","wizsmm","d7a5d962-4c49-4d60-9995-580c24f0338e"
"instagram","Instagram Likes [Max: 500K] [BOTS] [Refill: 30D] [Start Time: 0 - 1 Hr] [Speed: 50K/Day] ⛔♻️","0.1701","0.1215","10","500000","wizsmm","d7c3554c-1665-452f-9d66-a4cda6b1590a"
"instagram","Instagram Followers [HQ] [Refill: No] [Max: 1M] [Start Time: 0-1 Hr] [Speed: Up to 100K/D]💧","0.7","0.5","20","1000000","wizsmm","d7e41b65-d47e-4204-8dfe-e96cfb137ab7"
"instagram","🇺🇸 🇬🇧 Instagram Followers [USA/UK] [Refill: No Drop] [Max: 10K] [Start Time: 0 - 3 Hrs] [Speed: Up to 3K/D] 💧","30.03","21.45","50","12000","wizsmm","da2b89d5-5f35-4c7c-bf22-6d0cd5c3c704"
"instagram","Instagram Comments [CUSTOM] [100] [INDONESIA]","100.8","72","10","100","wizsmm","db7c6a49-af87-4dfb-99b0-8dc71b9bb684"
"instagram","Instagram Story Views + Profile Visits [Max: 15K] [Start Time: 0-1 Hr] [Speed: 5K/D] 💧⛔","0.49","0.35","10","15000","wizsmm","db976342-58d2-4d6c-9fde-38d4b8c9562c"
"instagram","🇺🇸 Instagram Followers [USA] [Refill: NO DROP] [Start Time: 0 - 1 Hour] [Speed: 1K/Day]","9.1","6.5","5","1000000000","wizsmm","db9c4834-f93c-4631-8db9-605cffcce40e"
"instagram","Instagram Auto Views [Max: 10M] [Start Time: 0-1 Hour] [Speed: INSTANT]","0.42","0.3","100","100000000","wizsmm","dc649fb7-6f46-4488-a475-a42bfdd9b9cb"
"instagram","Instagram Followers [Refill: 30D] [Max 5M] [SPAM ON] [Start Time: 0 - 3Hrs] [Speed: Up to 100K/D] 💧⛔♻️","1.7325","1.2375","5","50000","wizsmm","ddd09ed0-ebeb-4e2a-8f70-28feaece2859"
"instagram","Instagram Followers [SPAM ON] [Refill: 30D] [Max: 100K] [Start Time: 0 - 24Hrs] [Speed: 5K/D] ♻️💧⛔","6.65","4.75","10","1000000000","wizsmm","df0b8864-7b0e-4eca-b3ec-bbfffa9647d3"
"instagram","Instagram Likes [Refill: 30D] [200K] [Start Time: Instant] [Speed: 10K/D] ♻️💧⛔","0.3504","0.2503","50","200000","wizsmm","df53ab1c-3569-4144-bde2-5b9c9b2766fa"
"instagram","Instagram Followers [KSA 🇸🇦] [Refill: 30D] [Max: 20K] [Start Time: 0 - 2 Hrs] [Speed: Up to 20K/D] 💧⛔️","5.6","4","20","10000","wizsmm","df8a1519-52bc-4c0e-acb3-3d51879e4931"
"instagram","🇸🇦Instagram Power Comments [10K+ Followers] [Random ARABIC 10 Comments] [EXPLORE PAGE] [Max: 10] [Start Time: 0-1 Hour] [Speed: 10/Hour]","4.62","3.3","1000","1000","wizsmm","dfb5d4dc-087a-4970-b686-3e0996c178d9"
"instagram","Instagram Followers [Refill: No] [Max: 350K] [Start Time: 0 - 2 Hrs] [Speed: 20K/D] 💧⛔️","1.2075","0.8625","100","200000","wizsmm","e196b7f9-2cb8-4b75-ae44-b8360327d888"
"instagram","Instagram Followers [Refill: 30D] [Max: 5K] [Start Time: 2 Hours] [Speed: 5K/D] 💧♻️⛔️","1.225","0.875","50","200000","wizsmm","e1c4e4c6-8f48-4af3-9088-c82b5ee69515"
"instagram","🇰🇪Instagram Likes [KENYA] [Refill: No] [Max: 2K] [Start Time: 1 Hour] [Speed: 1K/Day]","33.6","24","50","5000","wizsmm","e1cb192f-4443-4308-af05-7cf981e5a45b"
"instagram","Instagram Followers [Max: 1M] [Refill: 365D] [Start Time: 0 - 1 Hr] [Speed: Up to 200K/D] ♻️⛔💧","4.263","3.045","10","10000000","wizsmm","e2248796-e251-441c-8bf7-d2b63bedce1a"
"instagram","Instagram Followers [SPAM ON : WAITING / SPAM OF SUCCESS] [AI] [Refill: No] [Max: 50K] [Start Time: 1 Hour] [Speed: 10K/Day] 💧","5.278","3.77","10","500100","wizsmm","e225ddee-f63f-4af3-8bb3-68d18140e991"
"instagram","Instagram Followers [SPAM ON] [Refill: 365D] [Max: 1M] [Start Time: 0 - 3 Hrs] [Speed: Up to 100K/D] 💧⛔ ♻️","3.5322","2.523","10","10000000","wizsmm","e232f8f3-d73e-4794-b77e-cc8f9ba60406"
"instagram","Instagram Followers [Refill: 30 Days] [Max: 50K] [Start Time: 1 Hour] [Speed: 2K/Day] 🔥♻️🛑","8.225","5.875","25","10000","wizsmm","e44c00fb-c8dc-4112-8f5b-376f44ce7bd4"
"instagram","Instagram Likes [Refill: No] [Max: 1M] [Start Time: 0-3 Hrs] [Speed: Up to 100K/D] 💧⛔","0.175","0.125","10","10000000","wizsmm","e4587531-6170-4430-ad8f-8d82de8c1f4d"
"instagram","Instagram Auto HQ Likes [Refill: 30D] [Max: 150K] [Start Time: 0-1 Hr] [Speed: 150K/Day] ⚡⛔","0.5775","0.4125","10","50000","wizsmm","e493062f-a1bd-4204-9dd3-5d68041df099"
"instagram","Instagram Followers [Refill: No] [Max: 1M] [Start Time: 1 Hour] [Speed: Up to 150K/D]💧⛔","0.525","0.375","1","10000000","wizsmm","e4db19aa-ce0f-4603-ba1a-2cf0a0121231"
"instagram","Instagram Impressions + Reach + Profile Visits [Max: 5M] [Start Time: 0-1 Hour] [Speed: INSTANT] 💧","0.1778","0.127","10","1000000","wizsmm","e6507aae-563a-45d2-8573-8180286319d8"
"instagram","🇧🇷Instagram Likes [BRAZIL] [Refill: 30 Days] [Max: 1K] [Start Time: 1 Hour] [Speed: INSTANT] 💧","0.8575","0.6125","10","100000","wizsmm","e66d4725-8fc4-4ba8-bd4c-fe82fffd9ce0"
"instagram","Instagram Followers [Refill: 30 Days] [Max: 20K] [Start Time: 1 Hour] [Speed: 5K/Day] ♻️","2.0328","1.452","10","10000000","wizsmm","e6b3a244-4167-4a24-8ad6-a968b318d82b"
"instagram","Instagram Likes [Refill: No] [Max: 200K] [Start Time: 0-1 Hour] [Speed: 100K/Day] ⛔💧","0.315","0.225","10","200000","wizsmm","e84692d7-d40c-4b77-8a64-fcf5211e65e1"
"instagram","Instagram Likes [Refill: NO] [Max: 1M] [Start Time: 0-3 Hrs] [Speed: Up to 100K/D] 💧⛔♻️","0.1838","0.1313","10","10000000","wizsmm","e872907c-8c9a-47ea-9bcd-a69aa0402eae"
"instagram","Instagram Likes [Refill: 30D - AUTO] [Max: 100K] [Start Time: 0-1 Hr] [Speed: Up to 10K/D] 💧⛔️♻️","0.3325","0.2375","10","100000","wizsmm","ea592a12-dc6d-442a-9567-bce2843a369b"
"instagram","Instagram Views [All Posts] [Max: 10M] [Start Time: 0-1 Hour] [Speed:1M/Day] 💧","1.862","1.33","100","100000000","wizsmm","ea679ad2-b366-47d4-8536-6749eb52a07d"
"instagram","Instagram Likes [Refill: No] [Max: 1M] [Start time: 0 - 1 Hr] [Speed: 200K/D] 💧⛔️","0.1225","0.0875","10","1000000","wizsmm","eab3d8db-3f24-4638-a8e9-ada665b5c270"
"instagram","Instagram Followers [SPAM ON : WAITING / SPAM OF SUCCESS] [AI] [Refill: 30D] [Max: 350K] [Start Time: 0 - 1 Hour] [Speed: 50K/D] 💧⛔♻️","4.725","3.375","10","200000","wizsmm","eac3f1f3-89c5-42a1-b8bd-7b3f6fca1829"
"instagram","Instagram Likes [Max: 50K] [Start Time: 0 - 1 Hours] [Speed: 50K Per Day] 💧⛔","0.21","0.15","10","50000","wizsmm","eacc5a37-358a-443e-b466-b21cca68c3cc"
"instagram","🇺🇸 Instagram Followers [USA] [SUPER QUALITY] [Refill: NON DROP] [Max: 100K] [Start Time: 0 - 24 Hrs] [Speed: 5K/D] 💧⛔♻️","10.7562","7.683","5","1000000000","wizsmm","eed9c337-2276-4fdf-89ed-14415334e31c"
"instagram","🇺🇸 / 🇬🇧 USA - UK Instagram Power Comments [10K+ Followers] [Random 5 Comments] [EXPLORE PAGE] [Max: 5] [Start Time: 0-1 Hour] [Speed: 1 Hour Delivery]","2.856","2.04","1000","1000","wizsmm","eef64d7e-5cb0-47d9-bfab-2ea474a101af"
"instagram","Instagram Story Slider Vote [Random 0-100 Vote] [Max: 300K] [Start Time: 1 Hour] [Speed: 300K/Day]","1.54","1.1","100","300000","wizsmm","efdbe958-2732-40cb-997b-1152386b10b1"
"instagram","Instagram RAL™ Likes [Refill: Lifetime] [Max: 1K] [Start Time: 0-2 Hours] [Speed: 1K/Hour] ⚡💧","3.36","2.4","5","50000","wizsmm","f008b6d4-3210-41d2-886e-753b90716605"
"instagram","🇺🇸Instagram Subscription [USA] [15 Days] [100 Followers] [100 Likes/Comments/Views/Saves on Each Post] [Start Time: Instant] [Speed: 100/Day - 15 Days]","51.87","37.05","1","1","wizsmm","f0225e8e-e422-4610-b799-174a67eeb675"
"instagram","🇺🇸🇪🇺 Instagram Likes USA / EUROPE [EXCLUSIVE - NON DROP] [Max: 15K] [Refill: 90D]","10.2375","7.3125","50","15000","wizsmm","f02850ec-a8f9-4fa0-9a1a-aaedb39d8a67"
"instagram","Instagram Likes [MQ] [Refill: No] [Max: 100K] [Start Time: 1 Hour] [Speed: 5K/Day]💧","1.344","0.96","1","100000","wizsmm","f03298e5-c3dd-492e-b3eb-faa3fabd77f0"
"instagram","Instagram Followers [Refill: 30D] [Max: 1M] [Start Time: 0 - 1 Hr] [Speed: Up to 50K/D] 💧♻️","0.6335","0.4525","10","1000000","wizsmm","f0914575-6433-41c4-9310-ae150af16373"
"instagram","Instagram Followers [SPAM ON] [Max: 1M] [Refill: 30D] [Start Time: 0 - 1 Hr] [Speed: 10K/D] ♻️💧⛔","1.1813","0.8438","10","1000000","wizsmm","f0a50a1d-3daa-4699-8d8e-d178a139f423"
"instagram","Instagram Mentions [User Followers] [Refill: No] [Max: 20K] [Start Time: 0-12 Hours] [Speed: 6-48 Hours to Complete]","4.55","3.25","1000","100000","wizsmm","f0f645f1-4a15-46cf-bc65-b21d30c01404"
"instagram","Instagram Followers [Refill: 15 Days] [Max: 10K] [Start Time: 1 Hour] [Speed: 500/Hour] ♻️","6.0375","4.3125","20","25000","wizsmm","f111619a-1738-4546-be1a-74ca13ad7056"
"instagram","🇧🇷Instagram Auto Likes [BRAZIL] [Refill: No] [Max: 40K] [Start Time: 6 Hours] [Speed: 200/Hour] 💧","1.225","0.875","10","50000","wizsmm","f235f000-6217-44f5-b652-d9c31965c05a"
"instagram","Instagram Followers [Refill: 30 Days] [Max: 50k] [Start time: 1 Hour] [Speed: 5K/Day] ♻️🔥","1.4","1","100","200000","wizsmm","f28f253d-8295-491d-940a-0b60a29bdbe0"
"instagram","Instagram Story Poll Votes [2nd Option] [Max: 1K] [Start Time: 0-1 Hr] [Speed: 1K/D]💧","3.85","2.75","100","1000","wizsmm","f29666ac-5479-4060-9be4-c02ca6756866"
"instagram","🔥🔥🔥 [EXCLUSIVE] Instagram Followers [Spam On] [Refill: 65 Days] [Max: 100K/username - 1K/order] [Start Time: 0-1 Hour] [Speed: 1K/Day] ♻️🔥🔥🔥","1.0584","0.756","1000","1000","wizsmm","f2a7566f-6904-4c46-8ce1-643d4251fb83"
"instagram","Instagram Followers [Refill: 30D] [SPAM ON] [Max: 1M] [Start Time: 0-1 Hr] [Speed: Up to 100K/D] 💧⛔♻️","4.725","3.375","10","1000000","wizsmm","f2b55d0b-8a02-46b0-bad0-cd0aa29f22ce"
"instagram","Instagram Auto Likes [Refill: Lifetime Guaranteed] [Max: 100K] [Start Time: 1 Hour] [Speed: 10K/Day] ♻️","0.21","0.15","50","150000","wizsmm","f2ca4103-7756-4386-bc4a-75f3b21e69b0"
"instagram","🇳🇴 🇩🇰 🇫🇮 🇸🇪 Instagram Followers [SCANDINAVIA] [Max: 400] [Start Time: 0 - 1 Hour] [Speed: Up to 400/Day]","529.2","378","5","400","wizsmm","f72804c6-f704-439a-ad03-b150cb0fd101"
"instagram","IGTV Views [Max: 1M] [Start Time: 0-1 Hour] [Speed: 10K/Hour] 💧","0.4172","0.298","100","100000000","wizsmm","f894fa78-2d2d-4fc3-9717-e181978148ea"
"instagram","🇹🇷 Instagram Likes [TURKEY - 80% FEMALE] [Refill: No] [Max: 25K] [Start Time: 1 Hour] [Speed: 5K/Day]","0.7875","0.5625","10","300000","wizsmm","f89a36b6-7270-4e02-9e55-bf837cb7c9ec"
"instagram","Instagram Followers [Refill: No] [Max: 1M] [Start Time: 0 - 1Hr] [Speed: Up to 200K/D] 💧","0.6108","0.4363","10","1000000","wizsmm","f8b1fdca-424f-4b7b-82fe-0835fd49b1d9"
"instagram","Instagram Reach + Impression [Max: 100K] [Start Time: 1 Hour] [Speed: 100K/Day] ⛔️💧","0.1138","0.0813","10","1000000","wizsmm","f8b99d18-84ad-4f59-9be5-98dba1636166"
"instagram","Instagram Likes + Impressions [Max: 2K] [Start Time: 1 Hour] [Speed: 2K/Day] ⚡","0.0916","0.0654","1","1000000","wizsmm","f8e5b315-03f9-455b-94d0-421de8973427"
"instagram","Instagram Followers [Refill: 30 Days] [Max: 5K] [Start Time: 1 Hour] [Speed: 5K/Day] ♻️","1.9866","1.419","100","5000","wizsmm","f8e90f70-da2f-40a2-a3b6-936e2424048c"
"instagram","Instagram Followers [HIGH DROP] [Refill: No] [Max: 5K] [Start Time: 1 Hour] [Speed: 1K/Day]","0.3408","0.2434","10","25000","wizsmm","f92dcc58-d40c-4f0f-8aa2-5236079b391c"
"instagram","Instagram Likes [Refill: 30D] [Max: 500K] [Start Time: 0-1 Hour] [Speed: 50K/D] 💧⛔♻️","0.5775","0.4125","10","200000","wizsmm","f93e3e15-f4eb-4951-8caf-2d44bc00d086"
"instagram","🇰🇪Instagram Followers [KENYA] [Refill: No] [Max: 1K] [Start Time: 4 Hours] [Speed: 1K/Day] ♻️","75.6","54","50","1000","wizsmm","f93eff45-3f10-4fa6-9971-2ef5e7707726"
"instagram","🇺🇸 Instagram Likes [MIX USA] [Refill: 30D] [200K] [Start Time: 0 - 1 Hr] [Speed: 50K/D] 🔥","2.352","1.68","50","100000","wizsmm","cf7a1e43-0a9f-49dd-8aa8-56d75acad0a5"
"instagram","Instagram -  Custom Comments [ from Verified Profiles ] [ Max - 16 ] 0-6 Hours","1680","1200","1","16","wizsmm","cee24759-e5d2-4c94-af03-78800b7170b7"
"instagram","🇸🇬Singapore Traffic from Instagram [No Refill] [Max: 1M] [Start Time: 12 Hours] [Speed: 10K/Day]","0.6125","0.4375","500","1000000","wizsmm","dc8b249c-66cb-4d35-aad9-f4ea8928b35a"
"instagram","🇨🇿Czech Republic Traffic from Instagram [No Refill] [Max: 1M] [Start Time: 12 Hours] [Speed: 10K/Day]","0.6125","0.4375","500","1000000","wizsmm","de40ed1f-64b3-4023-86cd-3a614605a601"
"instagram","6-Months Backlink [Dofollow] [In Website&amp;#039;s Entire Pages] [Instagram-Telegram-YouTube-Facebook-Twitter][Speed 2-7 Days] - Level 3","100.8","72","1","1","wizsmm","dec98737-4286-4dcd-b7b8-c993940af76c"
"instagram","🇵🇱Poland Traffic from  Instagram [No Refill] [Max: 1M] [Start Time: 12 Hours] [Speed: 10K/Day]","0.6125","0.4375","500","1000000","wizsmm","e30ed0e1-4bca-4021-8b75-7b228f4a5011"
"instagram","🇺🇸 Instagram Followers [USA] [Refill: 30D] [10K] [Start Time: 0 - 1 Hr] [Speed: 10K/D]💧","3.9375","2.8125","10","10000","wizsmm","e428d40c-f38a-4557-979a-4c9cc8cdd8c3"
"instagram","🇺🇸 Instagram Likes [USA] [Refill: 30D] [10K] [Start Time: 0 - 1 Hr] [Speed: 10K/D]💧","0.6125","0.4375","10","10000","wizsmm","e84041da-38b5-47a5-80b9-52a52da9091a"
"instagram","🇰🇷South Korea Traffic from Instagram [Refill: No] [Max: 1M] [Start Time: 12 Hours] [Speed: 10K/Day]","0.245","0.175","88","88888888","wizsmm","eabb5360-0d8c-4d28-a56d-4c838e4c03c2"
"instagram","🇻🇳Vietnam Traffic from Instagram [No Refill] [Max: 1M] [Start Time: 12 Hours] [Speed: 10K/Day]","0.6125","0.4375","500","1000000","wizsmm","ef9294bd-39d4-4762-b666-2c8ed671c50d"
"instagram","3-Months Backlink [Dofollow] [In Website&amp;#039;s Entire Pages] [Instagram-Telegram-YouTube-Facebook-Twitter][Speed 2-7 Days] - Level 1","18.9","13.5","1","1","wizsmm","f224c879-40ce-402d-b04d-7af2281dbacd"
"instagram","Portugal Traffic from Instagram","0.6125","0.4375","500","1000000","wizsmm","f7d54950-2440-4e14-bea4-435f8afc62b2"
"instagram","Instagram Germany Story Views + Profile Visits  [ Real ]","12.726","9.09","30","200","wizsmm","f45d0e62-7e45-4070-8e97-8c81dd6bca7e"
"instagram","Instagram auto comment of id 6369","16.002","11.43","10","200","wizsmm","f49cb299-d5f3-4ce7-b7d5-6fac6c58cce2"
"instagram","Instagram Shares [ Without Check ]","0.182","0.13","10","1000000","wizsmm","03376667-dafc-4921-b49c-4018e0acfa39"
"instagram","Instagram Indian Comments","42","30","5","500","wizsmm","2b491566-3cc4-41ab-9b29-535277b3cfe2"
"instagram","Instagram Reposts [Italy]","14.112","10.08","10","3000","wizsmm","04461357-909a-4bca-b70c-450a86279c08"
"instagram","🇹🇷 Instagram Turkish Followers | 30 Days Refill | %100 Turkish Users 🇹🇷 | 5K Per Hour","42.658","30.47","20","300000","wizsmm","04583e9b-0625-4687-ba76-27f6df579915"
"instagram","Instagram -  Random Comments [ from Verified Profiles ] [ Max - 20 ] 0-6 Hours","1176","840","1","20","wizsmm","04653a46-9c45-4c2b-9834-b42bff10f246"
"instagram","Thailand Traffic from Instagram","0.56","0.4","500","1000000","wizsmm","046c54d2-558f-453a-bc14-64ae0e5cdd85"
"instagram","Instagram Likes [Mix Quality] [Refill: 30 Days] [No Drop] [100K/D] [Instant]","0.336","0.24","10","200000","wizsmm","05594ed1-e834-4e6e-bd4f-4878edbd1ed0"
"instagram","🌎 Instagram Likes – [ Real ] [ Worldwide ] [ 1k/day ] [ 0–1h Start ] NO REFILL","7.896","5.64","1","15000","wizsmm","0575e656-3bb4-4b12-9816-85a5bb5ec970"
"instagram","Instagram | Comments | English | Praise Comments for Men/Models Posts","14.742","10.53","10","200","wizsmm","05fa8eb8-c6c5-4dd5-8c20-65a9ac5d6379"
"instagram","Instagram Africa Likes - [ AR30 - 100% Real ]","2.73","1.95","10","3000","wizsmm","06bf0f61-b0e2-4879-af74-8fe5cde10afc"
"instagram","Instagram | Comments | Extremely Fast | WW | Female | Random Positive | Texts [JAPANESE] | Start: Instant | Speed: 20K/day","14.742","10.53","10","100","wizsmm","06d11efb-61ef-458b-84d5-c37242bbdc36"
"instagram","Instagram Impression [ Home + Explore ]","0.077","0.055","10","1000000","wizsmm","06d5b2c6-368c-4035-b1fb-728be77dcbee"
"instagram","Instagram Germany Male Followers [ Real ] [ Non Drop ]","47.866","34.19","10","100","wizsmm","06e0c21a-15e6-4bf5-a588-6acc2aa6a892"
"instagram","Instagram Custom Comments Male","27.3","19.5","1","150","wizsmm","070bdecc-f352-4a2c-a7f8-0833afef6cc3"
"instagram","Instagram Hong kong~Taiwan Male Followers","28.98","20.7","10","10000","wizsmm","073f7562-1135-407f-bb1e-9e2d3639c845"
"instagram","ID:3 | Instagram Followers | 100-300K/D - R90 | Drop Rate: 0-5%","2.66","1.9","10","1000000","wizsmm","0021b9dc-49f3-4115-b84f-5ad2b81874cc"
"instagram","Instagram SPLIT Likes [FEMALE] | Last 200 posts [Enter Username]","1.05","0.75","4000","1000000","wizsmm","0acdf562-e2c1-4383-866d-8070e2c9ef8b"
"instagram","Instagram | Comments | Arab | Praise Comments for Women/Models Posts","14.742","10.53","10","200","wizsmm","0b7da819-6190-45a2-a526-ee6c23cf90aa"
"instagram","▷🇪🇸 Instagram Spanish Story Views | %100 Spanish Users","0.49","0.35","10","50000","wizsmm","0c734d40-7f76-40ba-8eeb-f98d4f18c25c"
"instagram","Instagram Impressions [From Explore] [Instant]","0.084","0.06","10","1000000","wizsmm","0c923c9d-b21a-4f7c-b4fa-b350e5ba3b49"
"instagram","Instagram Power Real Likes [Nice Quality][500KDAY]","0.098","0.07","100","500000","wizsmm","6151f0a4-6e36-403a-9ef3-f7a80754928b"
"instagram","Instagram SPLIT Impressions + Reach ➗ | Super-Fast ⚡️ | Last 10 posts [Enter Username]","0.266","0.19","1000","100000","wizsmm","0d85bac7-09f8-4653-b3da-d9f7e5f243a9"
"instagram","🇩🇪 Instagram Germany Custom Comments – [ Non-Drop ] [ Authentic Service ] [ Male ] NO REFILL","193.62","138.3","5","500","wizsmm","0da48081-a006-4077-8522-5bda030638dd"
"instagram","All-in-one Instagram (without Reels)","38.64","27.6","50","5000","wizsmm","0da52ad6-a068-44fc-854b-efb4bb7db195"
"instagram","Instagram Post Views [Increase stats for Image/Sidecar] [1M/D] [Instant]","0.028","0.02","10","10000000","wizsmm","0db91f24-f3d8-4716-b7de-e0f7cec412aa"
"instagram","Instagram Comment Likes [ 𝐄𝐧𝐭𝐞𝐫 𝐂𝐨𝐦𝐦𝐞𝐧𝐭 𝐋𝐢𝐧𝐤 ] [ 🚀1K ] [ Instant Start ] [ Cancel Button ] [ ♻️365D ]","3.5","2.5","50","1000","wizsmm","0dbdb75e-d6b3-4afe-9691-47b31ef9cf89"
"instagram","Instagram Comments | Japan | Male | MQ | Random | Emojis | Fast","18.438","13.17","1","200","wizsmm","0ef1c027-fa65-472d-bd18-f4d4e3c4ad6d"
"instagram","Instagram Positive Emoji Comments – [ Good Quality ] [ 0–6 Hours Start ] INSTANT","9.016","6.44","5","100000","wizsmm","0fa2a47e-9c3f-4f93-8ede-910a4408b7f5"
"instagram","Instagram Germany Likes + Impressions + Reach [ Real ]","27.874","19.91","10","200","wizsmm","109c766d-d0b5-4c6e-8739-2e43e6386143"
"instagram","Instagram Brazil Likes [No Drop] [R30] [5-10K/D] [0-1/H]","0.392","0.28","20","50000","wizsmm","121fda5f-a7de-417c-8a33-f7c7c8a82d2e"
"instagram","Instagram Likes - [ Max - 150k ] [ 30 Days Refill ]  INSTANT","0.308","0.22","100","150000","wizsmm","131dcf5c-85b2-4ceb-ac70-fd3542730c24"
"instagram","Instagram Arab Comments","64.512","46.08","5","500","wizsmm","86862da7-e68f-4cf4-b38f-5f7f1660aee5"
"instagram","Instagram Reach + Impressions [Instant]","0.084","0.06","10","1000000","wizsmm","149d36cb-d156-44ea-90b3-15e203e54251"
"instagram","Instagram Likes - [High Quality | No Drop | Speed 50k/D]","0.196","0.14","10","1000000","wizsmm","14a6a762-60d1-4969-ae16-603718a871aa"
"instagram","🇦🇪 Instagram Likes  - [ Max - 5k ] [ Arab /  Iran ] [ HQ  ] INSTANT","1.176","0.84","10","100000","wizsmm","14d2ff8a-2937-4a4a-9ae5-893a090cd949"
"instagram","🇫🇷 Instagram French Likes | 30 Days Refill | %100 French Users | 10K Per Hour","2.142","1.53","20","30000","wizsmm","14f08d7f-edb9-4df8-8594-5a99045fe589"
"instagram","Instagram SPLIT Likes [FEMALE] | Last 30 posts [Enter Username]","1.05","0.75","600","1000000","wizsmm","17e1c3f4-d8f5-4788-964d-2f4ac1945ded"
"instagram","🇪🇸🙂 SR - Instagram Spanish Followers | 30 Days Refill ♻️ | Max 200K | 100% Spanish | Business 💼️ | 10K per Hour","37.926","27.09","20","100000","wizsmm","17e68be3-3ea1-412c-9a8d-e0a4348cbfdd"
"instagram","Instagram SPLIT Comments ➗ | Random 🎲 | Positive EMOJIS 😃❤️🥰👏 | Super-Fast ⚡️ | Last 100 posts [Enter Username]","10.5","7.5","1000","10000","wizsmm","193759d0-2c7a-42b3-8f72-a0c5898435be"
"instagram","Instagram Reposts [200K/D] [Instant]","0.616","0.44","100","200000","wizsmm","197a8058-bd15-4969-a94b-3302b60fcaf9"
"instagram","Instagram | Comments | Extremely Fast | WW | Male | Random Positive | Texts [KOREAN] | Start: Instant | Speed: 20K/day","14.742","10.53","10","100","wizsmm","1987c6ad-f86d-4f07-834f-208b15ae0416"
"instagram","Instagram SPLIT Comments ➗ | Random 🎲 | Positive EMOJIS 😃❤️🥰👏 | Super-Fast ⚡️ | Last 200 posts [Enter Username]","10.5","7.5","2000","10000","wizsmm","1a4a8331-415b-47be-98d8-3ada18fe4df9"
"instagram","Instagram Reach","0.182","0.13","25","10000","wizsmm","1a534d82-4c36-4a47-8f64-4d9f83f0ce7d"
"instagram","Instagram | Comments | Extremely Fast | MEXICO | Female | Random Positive | Texts [SPANISH] | Start: Instant | Speed: 20K/day","26.208","18.72","10","100","wizsmm","1bc3f306-4800-4dfe-9fc4-e527bf25d569"
"instagram","🇺🇸 Instagram USA Comments – [ Random ] INSTANT","16.8","12","10","1000","wizsmm","1ea53224-b1bc-4e10-86d9-1780c99368ad"
"instagram","Instagram | Comments | Extremely Fast | WW | Gender MIX | Random Positive | Texts [ARAB] | Start: Instant | Speed: 20K/day","11.466","8.19","10","100","wizsmm","1f8b6557-3aa1-44c4-99e7-6d0d1a087f49"
"instagram","Instagram Story Views - [ All Stories ] [ REAL ] INSTANT","0.196","0.14","100","10000","wizsmm","1facbb05-72ff-485d-b815-622dca60ac80"
"instagram","Instagram Auto Reposts [Instant]","0.784","0.56","10","1000000","wizsmm","1fd92dc2-6973-4127-9e9d-11ed9ea65ada"
"instagram","🇸🇦👨❤️ SR - Instagram Arab Male Likes | 30 Days Refill ♻️ | Max 150K | 100% Arab Male | Business 💼️ | 10K per Hour","1.904","1.36","20","100000","wizsmm","21cfca13-2e6f-4eec-870e-f7709e763f34"
"instagram","Finland Traffic from Instagram","0.56","0.4","500","1000000","wizsmm","231049d2-6001-4c9c-b14d-8c6da8994f25"
"instagram","Instagram Likes S2 – [ Real ] [ Non-Drop ] NO REFILL","10.416","7.44","50","10000","wizsmm","242ef658-2487-4985-b90f-fbfdf77312ee"
"instagram","🇮🇹 Instagram Italy Female Followers | 30 Days Refill | %100 Italy Users 🇮🇹 | 10K Per Day","21.336","15.24","20","25000","wizsmm","252e7859-c7c3-43a5-9c41-45c5905a789e"
"instagram","💎🇰🇷 Instagram Likes + Impressions + Reach [ South Korea - UHQ ] [NON DROP] ⚡️⚡️","15.68","11.2","20","50000","wizsmm","255a3c70-a30a-4afd-9ac8-2c87f851d548"
"instagram","Instagram Post Views From Explore [Increase stats for Image/Sidecar] [10M/D] [Instant]","0.028","0.02","100","10000000","wizsmm","2630c0a5-3c92-40dd-90b6-f893bd27e981"
"instagram","Romania Traffic from Instagram [LQ]","0.238","0.17","88","88888888","wizsmm","26671378-6e29-4e3e-9972-e09dddb18e36"
"instagram","Instagram USA Followers (USA, Canada, etc) [ AR30 - 100% Real ]","5.446","3.89","5","2000","wizsmm","269176c6-6e6f-4df5-91fe-017b9ae12406"
"instagram","Instagram Followers [Real + High Quality] [High Speed] [50K/D] [Instant]","0.84","0.6","10","100000","wizsmm","27f2ce67-643c-41a0-801b-c03874cd7ed9"
"instagram","Instagram SPLIT Views ➗ | Super-Fast ⚡️ | Last 300 videos [Enter Username]","0.196","0.14","30000","1000000","wizsmm","2803da64-6e2d-4426-bf07-1dfe143e2914"
"instagram","Instagram Brazil Followers [R30]","9.408","6.72","10","100000","wizsmm","c8fbc581-4a63-4269-a9d8-025b84d3f545"
"instagram","Instagram Views [100% France] - 🇫🇷","0.266","0.19","100","1000000","wizsmm","97c87664-a177-4033-998e-eeeda99d3472"
"instagram","4301 - IG Followers [MOROCCO]","20.16","14.4","100","50000","wizsmm","39c8f298-c7a8-4cc1-a97a-636706834e78"
"instagram","Instagram Engagements + Shares + Reach + Impressions + Profile Visits","1.428","1.02","100","1000000","wizsmm","2a6e3107-94a0-4c3e-bc6e-3fe8414996cf"
"instagram","All-in-one Instagram (with Reels)","62.16","44.4","50","5000","wizsmm","2b652086-34c0-43fc-a7a6-b963019c3c5a"
"instagram","💎🇯🇵 Instagram Followers [ Japan - UHQ ] [30 Days Auto-Refill] [S2]","87.808","62.72","5","40000","wizsmm","2b70b6d4-bfb9-47de-b52d-89f96ecb7335"
"instagram","Instagram Korean Followers [Real Exclusive] [10K/D] [Instant]","50.4","36","10","20000","wizsmm","2b89857e-012c-41c3-850f-f0f4d32510a2"
"instagram","🇦🇪 Instagram Followers – [ Real Interactive Arabs ] [ From Advertisements ] [ 200–5k/day ] 0–48 HRS","7.056","5.04","1000","10000","wizsmm","2b9e5ef3-4d89-4bd4-ae01-3c6e4f7a1083"
"instagram","💎🇨🇳 Instagram Post Likes [ Chinese - HQ ] [S3]","5.166","3.69","20","5000","wizsmm","2d122742-4456-41e8-93b3-bbf300404976"
"instagram","Instagram Premium Followers | 100% Egypt Users 🇪🇬 | No Refill | 20K/Day","1.344","0.96","50","1000000","wizsmm","2d7b1f24-d38b-4680-a81f-c40321efece6"
"instagram","Instagram Custom Comments [ Max 10K ] [ Daily 10K ] [ Instant Start ] [ Cancel Button ] [ ⚠️No Refill ]","1.26","0.9","10","10000","wizsmm","2e181b98-b7ab-4585-ba44-edea244702a2"
"instagram","🇧🇷💙Brazil Instagram Like HQ 1K (Mobil App)","0.546","0.39","50","1000","wizsmm","2e4d2546-3afb-47be-a89a-64f33370cdcc"
"instagram","Instagram Followers Verified Accounts [ Max - 10 ]","7644","5460","1","10","wizsmm","2e77f5c6-19a7-439e-8d84-7ca493639fb7"
"instagram","Instagram Engagements + Shares","0.672","0.48","100","1000000","wizsmm","2f165bf7-2e08-40a4-ae78-4e1a444ca491"
"instagram","Instagram SPLIT Likes ➗ | Super-Fast ⚡️ | Last 200 posts [Enter Username]","0.448","0.32","20000","200000","wizsmm","2f9bb2fd-ddb5-4591-9058-74699e0e038a"
"instagram","Instagram Story Views [All Stories] [Mix] [High Quality] [100-200K/D] [0-1/H]","0.182","0.13","100","10000","wizsmm","2fae6afb-df08-4c2a-8e55-9339ab9494c8"
"instagram","Instagram Likes - JP","5.04","3.6","20","3000","wizsmm","e08d018d-d28a-4823-8beb-9306f56fa57b"
"instagram","Instagram Views [USA - Brazil] [Show in Dashboard] [100K/D] [Instant]","1.05","0.75","100","10000000","wizsmm","30bb070f-57af-455e-ad33-0256c322b6a5"
"instagram","🇫🇷 Instagram France Custom Comments – [ Non-Drop ] [ Authentic Service ] [ Mixed ] NO REFILL","193.62","138.3","5","1000","wizsmm","31abb4d9-5894-4672-b1f9-6fbba359d8df"
"instagram","Instagram Followers [30 Days Refill Via Button] [10K-30K/D] [0-1/H]","2.52","1.8","10","500000","wizsmm","32579161-316f-4644-adea-1cea5e2a3d99"
"instagram","Instagram Shares [Cancel Enabled] [Instant]","0.154","0.11","100","5000000","wizsmm","32bc2196-07e9-41b3-84e4-024240509578"
"instagram","3345 - Instagram Reach + Impressions + Profile Visits [High Reach] [Natural Increase]","0.084","0.06","10","1000000","wizsmm","332b2ef4-98cd-4906-8c2c-912d0ef46ea8"
"instagram","5526 - Instagram Story Views + Likes [Real]","1.092","0.78","10","15000","wizsmm","33307422-5f7d-43e4-a611-279ac3aa1a79"
"instagram","Instagram SPLIT Saves ➗ | Super-Fast ⚡️ | Last 50 posts [Enter Username]","0.266","0.19","5000","100000","wizsmm","350f8b6a-5f7e-4d0f-b451-b204f36c8580"
"instagram","🇫🇷 Instagram France Custom Comments – [ Non-Drop ] [ Authentic Service ] [ Male ] NO REFILL","193.62","138.3","5","500","wizsmm","38637291-eb50-43c4-bd90-e28c9bc7a66a"
"instagram","Instagram Views for photos","0.014","0.01","10","100000000","wizsmm","38d4d71d-a494-47e8-9d52-7e0bbd1dfd3c"
"instagram","Instagram Saves - [ Max - 10k ] INSTANT","0.084","0.06","10","10000","wizsmm","38dc04f4-8a16-404e-b7f7-7810a48a2b3b"
"instagram","💎♀️ 🇯🇵 Instagram Likes + Impressions [ Japan - Female ] [ REAL ]","19.768","14.12","20","30000","wizsmm","38edf0aa-44b1-44b4-8e79-c01fc3fae81d"
"instagram","🇮🇳 Instagram Indian Followers – [ Max – 200k ] [ ⚡ Current speed : 10k/day ] [ High Quality ] [ 30 Days Refill + Button ] INSTANT","1.456","1.04","100","200000","wizsmm","39b007a7-de3e-4c16-a28f-b5d864e3f1ae"
"instagram","Instagram | Comments | Extremely Fast | WW | Male | Random Positive | Texts [JAPANESE] | Start: Instant | Speed: 20K/day","14.742","10.53","10","100","wizsmm","39d830dd-c80a-4e58-a4bf-f3b8bad82b73"
"instagram","Instagram SPLIT Impressions + Reach ➗ | Super-Fast ⚡️ | Last 30 posts [Enter Username]","0.266","0.19","3000","100000","wizsmm","39de8841-0f31-4a52-a976-a8a2fe3a3250"
"instagram","❤️ Instagram Likes - Lowest Price | Fast Delivery | Up to 300K/day ⚠️ No Refill","0.056","0.04","1","10000000","wizsmm","39f68c3a-d612-456f-a6fd-b3c3b3d6170f"
"instagram","Instagram Repost/ Share Post","0.56","0.4","100","1000000","wizsmm","3daf63d5-335e-4c40-8d56-f28a2e7fa6f2"
"instagram","Instagram SPLIT Impressions + Reach ➗ | Super-Fast ⚡️ | Last 500 posts [Enter Username]","0.266","0.19","50000","200000","wizsmm","3ee5179a-da97-4bcc-94a4-b7b854e5105d"
"instagram","▷🇪🇸 Instagram Monthly Automatic Spanish Story Views","22.344","15.96","500","2000","wizsmm","3f4878c6-233a-4cfb-9967-f533974eb923"
"instagram","Instagram Brazil Likes [No Drop] [R30] [10-20K/D] [Instant]","0.462","0.33","10","20000","wizsmm","3fcf0438-17bf-42fd-8cad-c020625d769c"
"instagram","Spain Traffic from Instagram [LQ]","0.238","0.17","88","88888888","wizsmm","3fe6ee5e-d044-4540-9f4f-0afdf8d70f44"
"instagram","Instagram | Comments | Extremely Fast | MEXICO | Gender MIX | Random Positive | Texts [SPANISH] | Start: Instant | Speed: 20K/day","21.294","15.21","10","100","wizsmm","41e6ae2f-595e-4906-8ac2-893d051bbc1d"
"instagram","💎🇰🇷 Instagram Likes + Impressions [ South Korea ] [ Real &amp; Active ] ⚡️⚡️","13.258","9.47","50","12000","wizsmm","43599726-0b15-4376-a5a0-cef64ef51950"
"instagram","Instagram SPLIT Likes [FEMALE] | Last 50 posts [Enter Username]","1.05","0.75","1000","1000000","wizsmm","438638c7-7b53-4b4f-af94-9662a07e9fb9"
"instagram","Czech Republic Traffic from Instagram","0.56","0.4","500","1000000","wizsmm","45d0301a-69ab-476e-9003-2b75859f6ed2"
"instagram","Instagram Followers [Mix Accounts] [No Refill] [100K/D] [Instant] [Best]","0.49","0.35","1","10000000","wizsmm","4639d740-f81f-4c7b-a910-4a2fe13a5c1e"
"instagram","Instagram Shares + Engagement + Reach - [ FASTEST ] SUPER INSTANT","0.14","0.1","10","1000000","wizsmm","470d7d86-a573-454f-8f51-c735a2e731b9"
"instagram","Instagram Followers - [ Max - 10k ] [ Real ] [ 200-500/day ] [ High Quality ] INSTANT","5.782","4.13","10","20000","wizsmm","4748a4e1-4a99-4002-8949-74ebb40f5b21"
"instagram","Instagram Likes [High Speed] [No Drop] [500K/D] [Instant]","0.112","0.08","10","500000","wizsmm","48304dd2-5a4b-49d1-8ce2-7166f2d7d2e3"
"instagram","Instagram Random Comments – [ Good Quality ] [ 0–6 Hours Start ] INSTANT","9.016","6.44","5","100000","wizsmm","48413b74-e838-41b4-80f1-75c6de0b7da2"
"instagram","Instagram Comments EN [English]","72.8","52","1","300","wizsmm","487c2b00-b9b9-446e-b176-2c639152ab95"
"instagram","Instagram Profile Visits [Instant]","0.084","0.06","10","1000000","wizsmm","49610486-e395-4520-bf3c-4f939c915885"
"instagram","📊 Instagram - Story Views | Max 200K | HQ | Cancel Enable | All Stories | Instant Start |","0.154","0.11","10","20000","wizsmm","4b6eb0b6-b2e7-4f42-9402-b61d02c14ca9"
"instagram","Instagram Premium Followers | 100% Brazil Users 🇧🇷 | No Refill | 20K/Day","1.344","0.96","50","1000000","wizsmm","4b78ae57-0bf1-4509-b1d0-d731e0bd4387"
"instagram","Instagram Germany Female Story Views [ All Stories ] [ Real ]","11.872","8.48","30","100","wizsmm","4b7d065c-a8f9-4c75-afca-453f0d26fe1b"
"instagram","Instagram Likes - [ Max - 100k ] [ 30 Days AUTO Refill ] [ Fast Service ] INSTANT","0.182","0.13","10","50000","wizsmm","4d431973-f301-463f-a005-808c0dbb1402"
"instagram","3348 - Instagram Shares [Instant]","0.462","0.33","100","1000000","wizsmm","4d70dd70-72c1-4f5d-bee6-17ffb1259bc5"
"instagram","Instagram Impression [ Home + Explore + Location + Profil ]","0.077","0.055","10","1000000","wizsmm","4e5db80e-d4a5-4662-aef1-505513726ea0"
"instagram","♛ Instagram Followers ( S4 ) - [ Max - 50k ] [ #1 Best Quality In Market ] [ Real &amp; Active ] [ 10k/day ] [ 30 Days Refill BUTTON ] INSTANT","1.806","1.29","10","50000","wizsmm","4ecc075c-4b05-4b2e-8089-094b244f9489"
"instagram","Instagram SPLIT Saves ➗ | Super-Fast ⚡️ | Last 10 posts [Enter Username]","0.266","0.19","1000","100000","wizsmm","4ef058c5-b72b-48ad-ab1d-e2d6985b9b60"
"instagram","Instagram | Comments | Extremely Fast | KOREA | Gender MIX | Random Positive | Emojis | Start: Instant | Speed: 20K/day","18.018","12.87","10","100","wizsmm","4ef4373d-76ab-4ea6-85d5-f6dddb65c89a"
"instagram","Instagram Likes - [ Max - 300k ] [ Real, Fastest ] INSTANT","0.14","0.1","50","300000","wizsmm","e2d63f31-741a-4464-9b63-0448ffd75504"
"instagram","💎🇺🇸 Instagram Likes [USA - Real] [60 Days Refill]","6.524","4.66","5","20000","wizsmm","52ef2f9d-01f7-45d1-b5cf-e7be8f5406a1"
"instagram","Instagram Germany Followers [ Real ] [ Non Drop ]","47.866","34.19","10","200","wizsmm","5402f317-6f7b-4a55-970f-a82df545799f"
"instagram","Instagram Reach [ Max Unlimited ] [ Daily 100K ] [ Instant Start ] [ Cancel Button ] [ ⚠️No Refill ]","0.084","0.06","10","2147483647","wizsmm","54315a4b-32cf-40f7-a237-7c97760131d5"
"instagram","🇺🇸 Instagram Followers [USA] [Refill: 30D] [10K] [Start Time: 0 - 1 Hr] [Speed: 10K/D]💧","4.732","3.38","10","10000","wizsmm","5559e339-6eda-44dd-b58b-53761b440fee"
"instagram","Instagram | Comments | Extremely Fast | KOREA | Male | Random Positive | Texts [KOREAN] | Start: Instant | Speed: 20K/day","26.208","18.72","10","100","wizsmm","555c6794-5d7f-4b99-ad20-ba3524e51883"
"instagram","1063 - Instagram Comment Like With Username [20K]","3.276","2.34","10","20000","wizsmm","565afa13-7ec9-4898-8ace-a6df5b1495ee"
"instagram","♛🇰🇷 Instagram South-Korea Views","0.056","0.04","500","2000000","wizsmm","5685f3f3-8657-40c3-9ea0-fdcf7cbf526d"
"instagram","♛ 🇮🇳 Instagram Indian Followers – [ Max – 100k ] [ 10k/day ] [ Real Quality ] [ 30 Days Refill ] INSTANT","2.282","1.63","100","100000","wizsmm","56c33afd-9aee-43a5-8cb6-2d6e6dfff6af"
"instagram","Instagram Premium Followers | 100% Turkish Users 🇹🇷 | No Refill | 20K/Day","1.344","0.96","50","1000000","wizsmm","59fb4d3b-50b8-488b-9829-ec78bc62ec9f"
"instagram","Russia Traffic from Instagram","0.56","0.4","500","1000000","wizsmm","5a6049d3-4a1d-46ac-8758-3aa6e24d581c"
"instagram","Instagram Reach + Impression + Profile Visit","0.077","0.055","10","10000000","wizsmm","5b553926-c032-42d4-a205-14991db16483"
"instagram","Instagram Random comments [ emoji ] [ Max - 5K ] [  Lifetime guarantee ] [ High quality ]","5.04","3.6","25","50000","wizsmm","5bdd7792-198e-4f02-b107-5c254140fb45"
"instagram","Instagram SPLIT Saves ➗ | Super-Fast ⚡️ | Last 40 posts [Enter Username]","0.266","0.19","4000","100000","wizsmm","5bef1f41-1bf1-4d6a-a718-eb5f55beb511"
"instagram","Instagram | Comments | English | Praise Comments for Store Posts","14.742","10.53","10","200","wizsmm","5c74869a-d7cb-46a9-a4db-549723b35b67"
"instagram","Instagram SPLIT Likes [FEMALE] | Last 10 posts [Enter Username]","1.05","0.75","200","1000000","wizsmm","5d49ec69-4d00-46d8-82d5-c577d345355c"
"instagram","Ireland Traffic from Instagram","0.56","0.4","500","1000000","wizsmm","5dda74f8-b173-4b5b-8c17-a1f05f75a04b"
"instagram","Instagram Impressions [From Home + Explore] [Instant]","0.084","0.06","10","1000000","wizsmm","5f33860c-b1a8-4907-a4b4-50dbb5d3b4f5"
"instagram","Instagram Comments | Korea - Female | MQ | Random | Emojis | Fast","9.828","7.02","1","200","wizsmm","5fb5cbf0-940c-481d-88a5-e38e60353a6a"
"instagram","Instagram | Comments | Extremely Fast | ARAB | Gender MIX | Random Positive | Emojis | Start: Instant | Speed: 20K/day","18.018","12.87","10","100","wizsmm","609a56de-bac4-4ca4-9089-6763956c1780"
"instagram","Instagram Saves [200K/D] [Instant]","0.168","0.12","100","200000","wizsmm","60f0a40f-19f9-4e3d-808c-f23c44037fc6"
"instagram","Instagram Italian Likes","3.36","2.4","20","10000","wizsmm","0ab4a237-e4df-41c1-83ea-fff79622726f"
"instagram","Instagram | Comments | Extremely Fast | WW | Gender MIX | Random Positive | Emojis","9.828","7.02","10","100","wizsmm","638329ea-4ac6-4472-a9ae-1cd64366b347"
"instagram","Instagram Random Comments - [ Max - 20k ] [ 200-500/day ] 0-4 HRS","7.462","5.33","10","30000","wizsmm","638e7ece-3267-43c0-a7a7-bbdc2560ceba"
"instagram","Germany Traffic from Instagram [LQ]","0.238","0.17","88","88888888","wizsmm","6427783c-25df-4294-bd54-0cd219db434b"
"instagram","Instagram Profile Visits [ Max Unlimited ] [ Daily 100K ] [ Instant Start ] [ Cancel Button ] [ ⚠️No Refill ]","0.084","0.06","10","2147483647","wizsmm","64679b84-f7ea-4a9e-ad54-aa501b76a591"
"instagram","💎🇯🇵 Instagram Likes [ Japan - Real ] [NON-DROP] [Natural Speed]","14.28","10.2","20","40000","wizsmm","654d69da-520e-47e0-a77a-c8a4104ef901"
"instagram","Instagram Comments | Korea | MQ | Random  | Emojis | Fast","7.378","5.27","5","200","wizsmm","65ba2bab-b9ea-4a24-8331-a5488a2989a5"
"instagram","Canada Traffic from Instagram [LQ]","0.238","0.17","88","88888888","wizsmm","687d10e9-f467-4fc5-a68c-340581227695"
"instagram","Instagram Followers [No Refill] [10-20K/D] [0-1/H]","0.504","0.36","10","100000","wizsmm","69a05668-3869-4646-b597-35f44abb6bab"
"instagram","Instagram Comments emoji from followers","81.9","58.5","1","5000","wizsmm","69e960a5-29dc-444c-ac05-7a186a219712"
"instagram","Instagram | Comments | Extremely Fast | ITALY | Female | Random Positive | Emojis | Start: Instant | Speed: 20K/day","21.294","15.21","10","100","wizsmm","6a0cbf1a-7c7b-4ce8-bb94-66c6c5a49e3c"
"instagram","▷🇧🇷 Instagram Brazilian Story Views | %100 Brazilian Users","0.49","0.35","20","50000","wizsmm","6ab3cf21-314c-4708-bbc0-98c1eeded0e7"
"instagram","Instagram Followers — High Retention","1.2","0.8","100","100000","wizsmm","55562d58-1386-48a3-b12e-efdd7c93b13a"
"instagram","Instagram Post Likes","0.3","0.1","50","500000","wizsmm","dcea60ea-64de-46a6-8544-e68ab14681f5"
"instagram","Instagram Story Views","0.15","0.08","100","1000000","wizsmm","6153ab1a-0a09-46b1-9117-576a4ab5125d"
"instagram","Instagram Video Views","70","50","500","10000000","wizsmm","6242977e-f6ba-4332-a35a-f956645846f1"
"instagram","Instagram View + Tv + REELS Views","0.014","0.01","100","2147483647","wizsmm","6b5f3e10-662a-4047-aed4-f4c60ac86a7e"
"instagram","Australia Traffic from Instagram","0.56","0.4","500","1000000","wizsmm","e2db5f3c-9b27-46a2-94aa-5a8e4f2039ae"
"instagram","Instagram Views + Reach and Impressions","0.07","0.05","100","250000","wizsmm","6c4531d8-1dd0-4812-8802-3c40384ead39"
"instagram","Threads Real Nigerian Comments [CUSTOM] [NO DROP] [Max: 2k] [Start Time: 0-3 Hours] [Speed: 2k/Day]","52.5","37.5","25","2000","wizsmm","aceabcd9-a358-4c44-b1a3-34a42c69784d"
"instagram","Instagram Likes [Max: 2K] [SPAIN 🇪🇸 ] [Refill: No] [Speed: 2K/Day] [Start Time: 0 - 1 Hours]","5.775","4.125","20","2000","wizsmm","00d9cf4d-8ca9-4fab-af59-1b748fee8b63"
"instagram","🌎 WW Instagram Growth Package [50] [30 Days]","84","60","1","1","wizsmm","537652a5-7463-4801-9459-19472375277c"
"instagram","Instagram RAF™ Followers [Max: 50K] [Start Time: 0-3 Hours] [Speed: 3K/Day] ⚡💧","8.75","6.25","5","1000000000","wizsmm","509b740a-8174-48e0-a11e-f3513c81e4a1"
"instagram","🇺🇸 Instagram Followers [USA] [Algorithm Tricking] [Refill: NON DROP] [Max: 5K] [Start Time: 0 - 1 Hr] [Speed: 5K/D]","10.5","7.5","5","1000000000","wizsmm","cb750945-13cf-43f8-b0e8-c5709da3452c"
"instagram","Instagram RAF™ Followers [Refill: No Drop] [Max: 5K] [Start Time: 0-8 Hrs] [Speed: Up to 5K/Day] ⚡💧","29.3125","20.9375","50","10000","wizsmm","0419778e-8cd6-4ba3-a8fb-d345987f5357"
"instagram","Instagram RAF™ Followers [Refill: No Drop] [Max: 10K] [Start Time: 0-8 Hours] [Speed: 1K/Day] ⚡💧","31.0625","22.1875","50","10000","wizsmm","c37f3a3b-f27c-408a-abd8-94a861a06922"
"instagram","Worldwide Traffic from Instagram [LQ]","0.238","0.17","88","88888888","wizsmm","6c8be533-d536-4e4e-b28e-e28d083688bf"
"instagram","Instagram Brazil Followers [All Flags] [Very Low Drop] [R30] [5-10K/D] [0-1/H]","2.52","1.8","20","50000","wizsmm","6c9c37c8-79c8-4783-b25a-f54baa78ea20"
"instagram","Instagram Reach + Impressions - [ Always Working ] INSTANT","0.0672","0.048","10","1000000","wizsmm","6d9396db-9e8d-421d-8b38-22169450aa1e"
"instagram","Instagram Custom Comments - [ 6-24 HRS ]","3.276","2.34","10","10000","wizsmm","6da2f211-e68f-4ce1-8a87-8d03574245da"
"instagram","Instagram Likes - [ Super Real ] [ 500/day ] INSTANT","6.132","4.38","50","5000","wizsmm","6df71c19-763c-4cc6-9833-44e369ecdcd5"
"instagram","⚠️🔥🎇🇺🇸🇪🇺 Instagram Comments [CUSTOM] USA / EUROPE [EXCLUSIVE - NON DROP]","202.125","144.375","5","10000","wizsmm","2488a810-440e-448e-be24-ced12f51bcfe"
"instagram","⚠️🔥🎇🇺🇸🇪🇺 Instagram Comments [RANDOM] USA / EUROPE [EXCLUSIVE - NON DROP]","220.5","157.5","5","2500","wizsmm","7c86ddad-20cb-4669-add5-745e073968d3"
"instagram","⚠️🔥🎇🇺🇸🇪🇺 Instagram Followers [MALE] USA / EUROPE [EXCLUSIVE - NON DROP]","37.625","26.875","50","6000","wizsmm","dd7a0c9c-24ba-43cb-9e6f-307f0794b248"
"instagram","⚠️🔥🎇🇺🇸🇪🇺 Instagram Followers [FEMALE] USA / EUROPE [EXCLUSIVE - NON DROP]","37.625","26.875","50","9000","wizsmm","79db54dc-b302-403c-924d-4e57b266c4ca"
"instagram","Instagram Auto Random Comments [Male] [High quality ] [Refill: LIFETIME] [Max: 5K] [Start Time: 0-6 Hours] [Speed: 1K/Day] ♻️","5.04","3.6","25","50000","wizsmm","01b9aa5b-28b5-4b66-9199-b22e02bcd22b"
"instagram","Instagram Followers [SPAM ON] [Auto Refill: 30D] [Max: 50K] [Start Time: 0 - 2 Hrs] [Speed: 5K/D] 💧♻️⛔️","1.7325","1.2375","5","50000","wizsmm","01cf8e0e-33ff-4ec1-b862-f8654e3762c6"
"instagram","Instagram Followers [LEBANON] [Refill: No] [Max: 500] [Start Time: 12 Hour] [Speed: 100/Day]","105","75","25","500","wizsmm","dc2b5764-0f97-4e5b-802c-658f32b4a7fa"
"instagram","Instagram | Comments | Extremely Fast | WW | Gender MIX | Random Positive | Texts [ENGLISH]","11.466","8.19","10","100","wizsmm","6edec3a0-5cf3-4c59-84cf-2254cbb502ba"
"instagram","🇪🇺🇺🇸🙂 Instagram USA-EU Followers | Special Eid al-Adha Offer 🐏 | 30 Days Guaranteed ♻️ | 10K/Hour","6.104","4.36","20","500000","wizsmm","6f63004d-3109-46cd-9d95-45fffaf311af"
"instagram","🇮🇳 Instagram Random Comments [ Max - 5k ] [ Real Indian ] 0-6 HRS","8.848","6.32","10","200000","wizsmm","7076c499-891f-4fc6-8c07-42f092fa35f4"
"instagram","Instagram Video Views VIP [All Links] [Ultrafast] ⛔⚡","0.014","0.01","100","2147483647","wizsmm","70a6286e-cda1-4119-ac74-63a68e865992"
"instagram","Instagram Followers [FEMALE] [Afro-Americans] [USA]  [250/Day] [NO DROP]","40.3375","28.8125","30","2500","wizsmm","0299e752-f255-4c30-95b3-db47c5b532df"
"instagram","⚠️🔥🎇 Instagram Custom Comments [AFRO-AMERICANS] [USA]","202.125","144.375","5","2500","wizsmm","a7cd7cf2-d182-470a-8fb7-77a0e12c4176"
"instagram","⚠️🔥🎇 Instagram Random Comments [AFRO-AMERICAN] [USA]","231","165","5","1000","wizsmm","5d7fa392-89a2-45ea-a60a-1e50ce23adfc"
"instagram","🌎 WW Instagram Growth Package [50] [30 Days]","84","60","1","1","wizsmm","c2f18598-9b06-4b39-b26c-2196875d721e"
"instagram","🌎 WW Instagram Growth Package [100] [30 Days]","126","90","1","1","wizsmm","43768626-1cda-4496-8e97-5cef3aaad389"
"instagram","🇧🇷 BR Instagram Growth Package [50] [30 Days]","84","60","1","1","wizsmm","16a004be-2464-4a76-82b8-3620d127c3fa"
"instagram","🇰🇷 South Korea Instagram Growth Package [50] [30 Days]","84","60","1","1","wizsmm","d86527e7-199a-4d3d-9261-86de587ea3f2"
"instagram","🇸🇦 Arab Instagram Growth Package [50] [30 Days]","84","60","1","1","wizsmm","eb65e3b0-c575-4e43-92bc-7f83a18d7172"
"instagram","Instagram Likes [Refill: No] [Max: 1K] [Start Time: 0 - 6 Hours] [Speed: 1K/Day]","0.1201","0.0858","10","200000","wizsmm","02dc5ba8-d956-46fd-9acd-a65927389458"
"instagram","Instagram SPLIT Views ➗ | Super-Fast ⚡️ | Last 10 videos [Enter Username]","0.196","0.14","1000","1000000","wizsmm","72da9e3e-8fbb-406e-ba6b-44f40c3b7ada"
"instagram","Instagram Random Comments For Men [ Males [ Max - 5K ] [ Lifetime guarantee ] [ High quality ]","5.04","3.6","25","50000","wizsmm","754f4457-ead8-46b3-8c28-0d9392b4b829"
"instagram","Instagram SPLIT Impressions + Reach ➗ | Super-Fast ⚡️ | Last 40 posts [Enter Username]","0.266","0.19","4000","100000","wizsmm","75b2d534-3a61-49b7-82d0-ef507e3fdb4d"
"instagram","Instagram Followers [Real + High Quality] [Low Drop] [High Speed] [50-100K/D] [0-1/H]","0.756","0.54","10","100000","wizsmm","76ca3acf-e965-4863-9c23-b4fc082a95b9"
"instagram","Instagram Likes [HQ] [NON DROP] [Max: 25K] [Start Time: 0-1 Hr] [Speed: 5K/Hr] 💧⛔","2.1875","1.5625","100","25000","wizsmm","1e0986a6-6664-446e-b610-b12b792e0b33"
"instagram","Influencer Pack [45-52 Comments + 15-18 Followers + 80-90 Post Likes] [Start Time: 2 Hours] [Speed: 24 Hours Delivery]","34.755","24.825","1000","1000","wizsmm","04a7e753-e6a6-41d5-80f0-78676baf21fb"
"instagram","Instagram Followers [Refill: 7 Days] [Max: 100K] [Start Time: 1 Hour] [Speed: 500/Hour] ♻️","5.95","4.25","10","50000","wizsmm","04aadb65-ce75-4f40-9e29-e1b033e247f7"
"instagram","🇺🇸 🇬🇧 Instagram Followers [Female] [USA/UK] [Refill: No Drop] [Max: 9K] [Start Time: 0 - 3 Hrs] [Speed: Up to 3K/D] 💧","39.13","27.95","50","9000","wizsmm","04b3a0df-9617-41a3-9e6c-82743d2a910b"
"instagram","Taiwan Traffic from Instagram [LQ]","0.238","0.17","88","88888888","wizsmm","76df787d-07e0-4e8f-bc28-ac24ac876333"
"instagram","💎♂️ 🇯🇵 Instagram Likes + Impressions [ Japan - Male ] [ REAL ]","19.768","14.12","20","10000","wizsmm","76fa2095-1c40-4bcd-8684-79be38cbee61"
"instagram","Czech Republic Traffic from Instagram [LQ]","0.238","0.17","88","88888888","wizsmm","77aa368b-4515-492b-ad7a-e3c63f983147"
"instagram","Instagram | Comments | Extremely Fast | INDIA | Gender MIX | Random Positive | Emojis | Start: Instant | Speed: 20K/day","18.018","12.87","10","100","wizsmm","77e1c1be-3e3e-432a-8202-990032ff2e08"
"instagram","🇮🇳 Instagram Auto Indian Likes - [ Max - 30k ] [ Super Real ] INSTANT","0.392","0.28","10","100000","wizsmm","78f5786e-bae7-49bc-acb8-01f0f2b21183"
"instagram","Instagram SPLIT Comments ➗ | Random 🎲 | Positive EMOJIS 😃❤️🥰👏 | Super-Fast ⚡️ | Last 50 posts [Enter Username]","10.5","7.5","500","5000","wizsmm","795cf1c8-f3d1-4e43-9156-7f3c8a2d8140"
"instagram","Instagram Likes - [ ULTRAFAST ] ALWAYS INSTANT","0.602","0.43","10","100000","wizsmm","7a450201-802c-46f7-ac6c-0712346c3f7b"
"instagram","Instagram Auto Likes [80% FEMALE] [Refill: LIFETIME GUARANTEED] [Max: 25K] [Start Time: Instant] [Speed: 10K/Hour]","0.819","0.585","10","300000","wizsmm","057e0446-0179-465b-99e2-793c6c1a4931"
"instagram","Instagram Followers [SPAM ON : WAITING / SPAM OF SUCCESS] [AI] [Refill: 30 Days] [Max: 300K] [Start Time: 0 - 1 Hour] [Speed: 50K/Day] 💧⛔♻️","5.5579","3.9699","10","200000","wizsmm","058f47f7-b6bb-4b96-ad11-e41d5bc75068"
"instagram","🇺🇸 Instagram Likes [USA] [Refill: 365 Days] [Start Time: 0 - 1 Hour] [Speed: Up to 2K/Day]","10.752","7.68","20","20000","wizsmm","05929550-94e4-4ede-b496-76a3a9adf581"
"instagram","Instagram Reach + Impressions [Max: 100K] [Start Time: 0-1Hour] [Speed: 100K/Day] ⚡️💧🔥","1.1375","0.8125","10","1000000","wizsmm","05e04179-f5a4-410a-9cbd-e0292ed95844"
"instagram","Instagram Followers [Max 1M] [SPAM ON] [Start Time: 0 - 1Hr] [Refill: No] [Speed: Up to 50K/D] 💧⛔","1.2558","0.897","10","200000","wizsmm","05e43679-5dfb-421d-a43e-757841169dcc"
"instagram","Instagram Impressions + Reach + Profile Visits [Max: 10K] [Start Time: 0-1 Hour] [Speed: INSTANT] 💧","0.315","0.225","10","1000000","wizsmm","05e84900-de55-4d5c-82cc-caf049c7162b"
"instagram","Instagram Views [Instant]","0.014","0.01","100","1000000000","wizsmm","7aa8acb8-c4ec-44ef-90a8-0b1754a38a4e"
"instagram","Instagram Profile Visits + Reach - [ Via Profile Link ]","0.14","0.1","10","10000","wizsmm","7b792d85-fbf6-4c2f-8fee-ba556a9f6e34"
"instagram","Instagram Germany Female Story Views + Profile Visits  [ Real ]","12.726","9.09","30","100","wizsmm","7bb26d00-05c6-4966-b351-0bbba3940916"
"instagram","Instagram Reels Views - [ FASTEST Service ] ALWAYS INSTANT","0.0112","0.008","100","2147483647","wizsmm","7bdce2f1-d940-41cf-9716-b47dba3d554e"
"instagram","Instagram Followers [AUTO-Refill: 60 Days] [Max: 100K] [Start Time: 1 Hour] [Speed: 2.5K/Day] ♻️","1.6061","1.1472","10","1000000","wizsmm","07fe6b8e-bc89-4d04-98e3-5b702a3b68fa"
"instagram","Instagram Followers [Refill: 30D] [Max: 1M] [Start Time: 0 - 2 Hrs] [Speed: Up to 100K/D] 💧♻️","0.9275","0.6625","100","1000000","wizsmm","08069bea-5ea4-4d8f-bd98-6f123c0f80ee"
"instagram","Instagram Profile Reach [Max: 12K] [Start Time: 0 to 1 Hour] [Speed: 12K/Day] ⛔️💧","0.1323","0.0945","10","1000000","wizsmm","0808c50c-5c0d-42f0-97bc-0ec2c391a828"
"instagram","ID:3 | Instagram Followers | 100-300K/D - R90 | Drop Rate: 0-5%","2.66","1.9","10","1000000","wizsmm","0021b9dc-49f3-4115-b84f-5ad2b81874cc"
"instagram","Instagram Impression [Others] [Max: 10K] [Start Time: 0-1 Hour] [Speed: 10K/Day]","0.1007","0.0719","10","1000000","wizsmm","08793cec-e1fb-47cc-9728-23f6259e4573"
"instagram","Instagram Views [Max: 1M] [Start Time: 1 Hour] [Speed: 1M/Day]  ⚡💧","0.4301","0.3072","100","100000000","wizsmm","08a4b81b-0c05-4f35-86ed-e546f022286e"
"instagram","Instagram Story Likes [GULF ARAB] [Max: 5K] [Refill: No] [Start Time: 0 - 3 Hrs] [Speed: 5K/D]","0.4655","0.3325","20","5000","wizsmm","08c485e9-4211-4c2b-925e-23beabf987d0"
"instagram","🇧🇷Instagram Likes [BRAZIL] [Refill: 30 Days] [Max: 45K] [Start Time: 1 Hour] [Speed: 4K/Day] ⛔️♻️💧","0.8925","0.6375","20","120000","wizsmm","08e104d0-79cd-42e3-8ae9-1c9ea66ab1a3"
"instagram","🇧🇷 Instagram Followers [MQ] [BRAZIL] [Refill: No] [Max: 100K] [Start Time: 1 Hour] [Speed: 10K/Day] 💧","2.1","1.5","10","100000","wizsmm","08f6f232-7936-4e7c-9311-2dbb5eacd8b0"
"instagram","Instagram Followers [SPAM ON] [Refill: 60D] [Max: 500K] [Start Time: 0-1 Hr] [Speed: Up to 50K/D] 💧⛔","5.53","3.95","10","650000","wizsmm","08f75c92-30f0-48ea-98fd-d290efc0fb92"
"instagram","Instagram Story Views + Reactions [Italy]","31.92","22.8","1","500","wizsmm","7d7f4077-12a6-4ff2-891e-1ce2f786dde0"
"instagram","Instagram | Comments | Extremely Fast | KOREA | Female | Random Positive | Emojis | Start: Instant | Speed: 20K/day","21.294","15.21","10","100","wizsmm","7dee25c1-8e7d-43ee-b0de-b30620229f02"
"instagram","Instagram Likes + Reach + Impressions  [ Max - 2M ] [ Real ] [ SUPERFAST ] [ 30 Days Refill ] INSTANT","0.35","0.25","100","200000","wizsmm","7e1173e8-c06d-4036-97f7-40ee68e7dcfb"
"instagram","Instagram Engagements + Shares","0.672","0.48","100","100000","wizsmm","7e5f676d-4e15-4748-9c70-aed3811dfa59"
"instagram","Instagram SPLIT Likes [REAL HUMANS] ➗ | Super-Fast ⚡️ | Last 40 posts [Enter Username]","3.332","2.38","4000","100000","wizsmm","7e6f4a5e-33f3-4c94-b6d7-28b9347d9ff9"
"instagram","🇪🇸🙂 Instagram Spanish Followers | Special Eid al-Adha Offer 🐏 | 30 Days Guaranteed ♻️ | 10K/Hour","6.104","4.36","20","250000","wizsmm","7e824866-cc7b-439f-9f64-641cb475bf76"
"instagram","Instagram Likes [LQ] [Refill: 30D] [Max: 500K] [Start Time: 0 - 3 Hours] [Speed: 10K/Day] 💧⛔️","0.21","0.15","50","500000","wizsmm","09b5a22c-652e-412e-ba26-7d621568510f"
"instagram","Instagram Likes [Refill: 30 Days] [Max: 100K] [Start Time: 1 Hour] [Speed: 20K/Day] ♻️💧🔥","0.0916","0.0654","1","100000","wizsmm","09cda136-af3c-4837-9cb2-37933aa55657"
"instagram","🇺🇸 Instagram Likes [USA] [Start Time: 0 - 1 Hour] [Speed: 5K/Day]","5.425","3.875","20","15000","wizsmm","09d97dcd-2e28-4647-8c1a-853a9b6d9b5a"
"instagram","Promo Pack [8-12 Comments + 4-6 Followers + 20-25 Post Likes] [Start Time: 2 Hours] [Speed: 24 Hours Delivery]","9.6012","6.858","1000","1000","wizsmm","09e6727e-73de-4ac7-8b9d-ab7fcc80bcbe"
"instagram","Instagram Likes [Refill: No] [Max: 5K] [Start Time: 6 Hours] [Speed: 5K/Day]","0.1247","0.0891","10","500000","wizsmm","09fcf207-78b5-4e26-b49f-531d949c574e"
"instagram","Instagram Likes [80% FEMALE] [Refill: LIFETIME GUARANTEED]  [Max: 25K] [Start Time:  Instant] [Speed: 10K/Hour]","0.7875","0.5625","10","300000","wizsmm","0a07438d-c723-4229-90e4-9d2a7b584d95"
"instagram","IGTV Views [Max: 10M] [Start Time: 0-1 Hour] [Speed: 1M/Day]","1.5225","1.0875","100","100000000","wizsmm","0a252c4b-c1c9-49f4-9a9f-0a32b67dea6b"
"instagram","Instagram Likes [HQ] [Max: 5K] [Start Time: Instant] [Speed: Instant] 🔥⛔","2.1875","1.5625","100","25000","wizsmm","82bce6de-0950-487c-8046-49578119ba02"
"instagram","Instagram FEMALE Comments [Random 40 Comments] [Max: 40] [Start Time: 0-1 Hour] [Speed: 1 Hour Delivery]","8.4","6","1000","1000","wizsmm","0ab2399d-2041-4502-83ad-316499d4e94a"
"instagram","Instagram Followers [15-20% Drop] [Refill: No] [Max: 3M] [Start Time: 0-1 Hour] [Speed: 30-50K/Day]","3.7066","2.6476","20","3000000","wizsmm","0ba9c6d2-fef3-4dfd-a68f-4349a09fc91a"
"instagram","Instagram Followers[Refill: 30D] [Max: 5M] [Start Time: 0 - 2Hrs] [Speed: Up to 500K/D] ♻️💧⛔","1.1375","0.8125","10","10000000","wizsmm","0bc437be-9936-41f4-a2ea-1a5a48599c33"
"instagram","🇮🇳 Instagram Likes [INDIA WOMEN] [Refill: 30 Days] [Max: 10K] [Start Time: Instant] [Speed: 10K/Day]","3.0625","2.1875","10","3000","wizsmm","79ed61eb-5792-4b30-9710-f62388bef9aa"
"instagram","🇷🇺Instagram Likes + Impressions [RUSSIAN] [NON-DROP] [Max: 150K] [Refill: 30 Days] [Start Time: 1 Hour] [Speed: 2K/Day] 💧🔥♻️","7","5","50","200000","wizsmm","8afc2df9-bcaf-454f-abb2-591600bfc5a9"
"instagram","Instagram Real Likes [Refill: 365] [Max: 100K] [Start Time: 0 - 1 Hr] [Speed: 20K/D] 💧⛔♻️","0.4004","0.286","10","10000000","wizsmm","0c2ddf67-b50f-4b36-a6e6-9fe70752ef03"
"instagram","Instagram Likes [Refill: 30D] [Max: 500K] [Start Time: 0-1 Hour] [Speed: 50K/D] 💧⛔♻️","0.5775","0.4125","10","500000","wizsmm","0c5b03c4-7527-4f78-a87d-ea10a8529b7d"
"instagram","Instagram Likes [10K] [UKRAINE] [1H - 10K/Day]","33.25","23.75","20","50000","wizsmm","7536e9c7-7b4b-415b-8e74-72a7f0c2d6eb"
"instagram","South Korea Traffic from Instagram [LQ]","0.238","0.17","88","88888888","wizsmm","813616b9-70ba-4ae0-9ff4-350eecc8c4a4"
"instagram","Japan Traffic from Instagram","0.56","0.4","500","1000000","wizsmm","8213cf37-4e1b-4886-85aa-ab6273ce6346"
"instagram","Instagram | Comments | Extremely Fast | WW | Gender MIX | Random Positive | Texts [SPANISH] | Start: Instant | Speed: 20K/day","11.466","8.19","10","100","wizsmm","82574541-9bec-436b-87d2-a01d8857c0c7"
"instagram","Instagram SPLIT Views ➗ | Super-Fast ⚡️ | Last 400 videos [Enter Username]","0.196","0.14","40000","1000000","wizsmm","826bfae1-6256-47b9-8942-15b952189ffa"
"instagram","Instagram Auto Impressions","0.084","0.06","100","5000000","wizsmm","831355f5-5ccb-45bf-93ed-aad1bb3ccc3c"
"instagram","Instagram Auto HQ Views [ALL LINKS] [Max: 100K] [Start Time: 0 - 1 Hour] [Speed: 50K/Hour] ⚡💧","1.4","1","100","500000","wizsmm","0cdce965-ac03-4d34-a1c3-2618f25f8314"
"instagram","Instagram Followers [SPAM ON] [Max: 25K] [Refill: 30D] [Start Time: 0 - 1 Hr] [Speed: 20K/Day] ♻️💧","5.5125","3.9375","20","40000","wizsmm","0d670603-f48e-487f-bcdd-ab7552feba38"
"instagram","Instagram FEMALE Comments [10K+ Followers] [Random 5 Comments] [Max: 5] [Start Time: 0-1 Hour] [Speed: 1 Hour Delivery]","2.52","1.8","1000","1000","wizsmm","0d7b12c2-40cf-4e8d-a270-01b7c26050c2"
"instagram","Instagram Likes [HQ] [Refill: No] [Max: 300K] [Start Time: 0-1 Hr] [Speed: 25k/D] 💧⛔","0.245","0.175","50","300000","wizsmm","0d9789cb-3cef-43f6-93c5-f51ede2623e9"
"instagram","🇫🇷 Instagram French Male Followers | 30 Days Refill | %100 French Users 🇫🇷 | 10K Per Hour","21.336","15.24","20","20000","wizsmm","83558afe-0b26-442e-9317-dd9f867a82ef"
"instagram","🇧🇷🙂 SR - Instagram Brazilian Followers | 30 Days Refill ♻️ | 100% Brazilian | Max 200K | Business 💼️ | 10K per Hour","37.926","27.09","20","150000","wizsmm","839675f2-5482-4725-abea-0e41f2c637a7"
"instagram","Instagram Brazil Likes [Cancel Enabled] [1-3K/D] [0-1/H]","0.462","0.33","10","5000","wizsmm","839c87b2-f714-4e87-b4e2-0e0ff16467dd"
"instagram","Instagram SPLIT Likes [REAL HUMANS] ➗ | Super-Fast ⚡️ | Last 400 posts [Enter Username]","3.332","2.38","40000","200000","wizsmm","848cd687-b9bd-4272-9d9f-6c96d5c6ce28"
"instagram","🌎 Instagram Random Comments – [ Real ] [ Worldwide ] [ 1k/day ] [ 0–1h Start ] NO REFILL","32.928","23.52","1","15000","wizsmm","84c4d844-43cf-4844-ac7a-f10498723b33"
"instagram","Instagram Premium Followers | 100% USA Users 🇺🇸 | No Refill | 20K/Day","1.344","0.96","50","1000000","wizsmm","84c9da8f-6af5-43df-8468-f551e2e7156c"
"instagram","4060 - IG Followers [Chinese] [Mix] [30 Days Auto Refill]","14.924","10.66","10","1000","wizsmm","63ae1903-275d-4661-bbd8-0326297fea6c"
"instagram","Canada Traffic from Instagram","0.56","0.4","500","1000000","wizsmm","8615e432-03c4-43c9-8dd4-a50ab4c4bab8"
"instagram","Instagram Followers [Refill: 30D] [Max: 500K] [Start Time: 0-2 Hrs] [Speed: Up to 100K/D] 💧","1.3125","0.9375","10","500000","wizsmm","b12a04f2-83a5-4c9c-a8e9-a0fdf2e71431"
"instagram","Instagram Followers [Super HQ + Low Drop] [Max: 100K] [Start Time: 0 - 2 Hrs] [Speed: 100K/D] 💧⛔","1.6625","1.1875","10","100000","wizsmm","0f2a46a4-eafa-46f0-bd4f-bb56566db084"
"instagram","Instagram Followers [Refill: 365D] [Max: 1M] [Start Time: 0-1 Hr] [Speed: Up to 100K/D] 💧⛔♻️","1.75","1.25","20","1000000","wizsmm","3a945855-ba95-45ee-84ee-3d4ec270b76b"
"instagram","Instagram Followers [Super HQ + Low Drop] [Refill: 30D] [Max: 100K] [Start Time: 0 - 2 Hrs] [Speed: 300K/D] ♻️💧⛔️","2.1875","1.5625","20","1000000","wizsmm","aafce22c-cb3f-4c8f-96d5-67272a30b04a"
"instagram","Instagram Likes RAU™ [USA 🇺🇸] [Max: 10K] [Refill: 60D] [Start Time: 0 - 1 Hr] [Speed: Up to 5K/D] 💧","3.808","2.72","5","50000","wizsmm","0fa8677d-4d16-4080-a52a-0f3b4d01f07f"
"instagram","Instagram Followers [Italy] [Real from Ads] [50-100/D] [0-12/H]","28.588","20.42","20","10000","wizsmm","1282e2c8-f619-413f-bbc1-76dea5e4eaa2"
"instagram","Instagram Story Views + Reply [Italy]","33.6","24","1","500","wizsmm","865c87fc-50ac-45bb-bcd8-061b3f4b2e94"
"instagram","🇺🇸 Instagram Likes [MIX USA] [Refill: 30D] [200K] [Start Time: 0 - 1 Hr] [Speed: 50K/D] 🔥","2.828","2.02","50","100000","wizsmm","865cfbfa-2fb0-4423-9290-cae1d9cf0a2b"
"instagram","▷🇮🇩 Instagram Indonesian Story Views | %100 Indonesian Users","0.49","0.35","20","5000","wizsmm","871dbb12-e21b-4f94-96c9-14384755e8a4"
"instagram","🇮🇳 Instagram Emoji Comments [ Max - 5k ] [ Real Indian ] 0-6 HRS","8.848","6.32","10","200000","wizsmm","872b14a7-dcfb-497e-91fd-4d6243c92719"
"instagram","Instagram Followers[Refill: 30D] [Max: 5M] [Start Time: 0 - 4Hrs] [Speed: Up to 200K/D] ♻️💧⛔","1.876","1.34","10","10000000","wizsmm","108d72fd-cd56-4c26-8371-3578f7a51a3a"
"instagram","🇮🇹Instagram Likes + Impressions + Reach [ITALY] [NON DROP] [Max: 2.5K] [Start Time: 4 Hours] [Speed: 1K/Day]","16.7045","11.9318","10","5000","wizsmm","1097f796-762e-4f0b-b69d-06a15c1514fa"
"instagram","Instagram Followers [Refill: 365D] [Max 1M] [SPAM ON] [Start Time: 0 - 1Hr] [Speed: Up to 100K/D] 💧⛔♻️","2.1875","1.5625","10","10000000","wizsmm","4ddd200d-88d0-4437-818e-057af7bdb27d"
"instagram","🇸🇦 Instagram Power Comments [10K+ Followers] [Random ARABIC 80 Comments] [EXPLORE PAGE] [Max: 80] [Start Time: 0-1 Hour] [Speed: 1 Hour Delivery]","11.76","8.4","1000","1000","wizsmm","11106fb5-b7b6-4f39-9f26-5badbc8bab57"
"instagram","Instagram Views [Max: 10M] [Start Time: 0-1 Hour] [Speed: 5M/Day]","0.3273","0.2338","100","100000000","wizsmm","1121dbf6-f11d-4d1a-ab13-f74c9e55d484"
"instagram","Instagram Likes - [ Fast ] [ 30 Days Refill ] INSTANT","0.896","0.64","10","250000","wizsmm","885168cf-f087-45a5-b78b-0ea395a2de5a"
"instagram","Instagram | Comments | Germany | Praise Comments for Women/Models Posts","14.742","10.53","10","200","wizsmm","8870c982-63d5-424b-9652-db3f1bd0f3ac"
"instagram","Instagram SPLIT Likes ➗ | Super-Fast ⚡️ | Last 400 posts [Enter Username]","0.448","0.32","40000","200000","wizsmm","8925be22-928d-43d9-86d3-71551839fa0a"
"instagram","Instagram Shares + Engagement + Reach + Impressions","0.14","0.1","10","10000000","wizsmm","8929c293-459f-412e-84a1-5fa45fe568a1"
"instagram","🇰🇷🇰🇵 Instagram Followers [Korea] [HQ] [Refill: No] [Max: 50K] [Start Time: 0 - 3 Hrs] [Speed: 10K/D] 💧","61.9448","44.2463","10","50000","wizsmm","121edc79-185d-4b4c-9a8e-44bebc15b0eb"
"instagram","Instagram Followers [HQ] [Refill: 30D] [Max: 1M] [Start Time: 0-1 Hr] [Speed: Up to 80K/D] 💧♻️","1.75","1.25","10","10000000","wizsmm","3d503d67-5001-4d41-aff2-354a985b7666"
"instagram","🔥🔥🔥 [EXCLUSIVE] Instagram POWER Likes [TOP IN MARKET] [Max: 10K] [Start Time: 0-1 Hour] [Speed: 5K/Day]  🔥🔥🔥","1.155","0.825","100","100000","wizsmm","125c4c11-da80-4a61-a69d-3db5e48cc9d8"
"instagram","🇪🇸👨 SR - Instagram Spanish Male Followers | 30 Days Refill ♻️ | Max 150K | 100% Male Spanish | Business 💼️ | 10K per Hour","37.926","27.09","20","100000","wizsmm","8a5e5c8d-e363-4c47-9b45-a216162c33ad"
"instagram","🇪🇬❤️ Egyptian Instagram Like HQ 100K","1.512","1.08","50","100000","wizsmm","8a693653-842e-4199-af24-97dbbcc6d636"
"instagram","🇮🇳 Instagram Indian Followers – [ Max – 200k ] [ ⚡ Current speed : 50k/day ] [ High Quality ] [ 30 Days Manual Refill ] INSTANT","1.358","0.97","100","200000","wizsmm","8b2414dc-7868-4c21-a0f5-b980e88aedb7"
"instagram","📊  Instagram - Views for photos from Explore | HQ | Cancel Enable | Instant Start","0.028","0.02","10","10000000","wizsmm","8b6397da-6b7a-4c11-b0e5-7c2486fb8171"
"instagram","Instagram Likes [Indian Mix] [High Quality] [100K/D] [Instant]","0.126","0.09","50","50000","wizsmm","8b67e599-d470-40b2-96e4-e0bd8dd71a05"
"instagram","Instagram Followers [Refill: 30D] [Max: 500K] [Start Time: 0-3 Hrs] [Speed: 25K/Day] 💧♻️","0.875","0.625","10","5000000","wizsmm","ed288937-b5dc-4b25-8892-3471b18e5476"
"instagram","🇪🇬Instagram VERIFIED Comments [EGYPTIAN] [10 Comments] 🔵","11.8742","8.4816","1","1","wizsmm","14540a4a-9269-4bea-86a8-6b44d46b7c9e"
"instagram","Instagram Followers [Refill: 365 Days] [Max: 1M] [Start Time: 0 - 3 Hours] [Speed: 20K/Day] 🔥","2.625","1.875","100","100000","wizsmm","a1d797d5-6ab1-4973-ae30-4cd0e4400329"
"instagram","Instagram Followers [Refill: 30 Days] [Max: 500K] [Start Time: 0 - 1 Hour] [Speed: 10K/Day] ⛔♻️","4.375","3.125","10","100000","wizsmm","bab96a91-6238-4cbc-a7d0-45a3bf22b3f2"
"instagram","Instagram Followers [LQ] [Auto-Refill: 30 Days] [Max: 200K] [Start Time: 0-2 Hours] [Speed: 3K/Day] ♻️","5.25","3.75","10","50000","wizsmm","d490694d-7cd5-48e9-82f0-00bdbdb76c90"
"instagram","🇸🇦 Instagram Power Comments [10K+ Followers] [Random ARABIC 80 Comments] [EXPLORE PAGE] [Max: 80] [Start Time: 0-1 Hour] [Speed: 1 Hour Delivery]","14.28","10.2","1000","1000","wizsmm","1462e979-41e5-45e0-9eb3-8474671f272e"
"instagram","Instagram Likes [Max: 1K] [USA 🇺🇸  ] [Refill: No] [Speed: 1K/Day] [Start Time: 0 - 1 Hours]","5.6","4","20","2000","wizsmm","146e0d4a-c5cf-4709-bb7a-c2941077a497"
"instagram","Instagram Auto Reach + Impressions [Max: 5M] [Start Time: 0-1 Hour] [Speed: INSTANT] 💧","0.1183","0.0845","10","1000000","wizsmm","149e2279-a135-4ba9-b9a9-8e51d280430c"
"instagram","Instagram | Comments | Extremely Fast | COLOMBIA | Male | Random Positive | Texts [SPANISH] | Start: Instant | Speed: 20K/day","26.208","18.72","10","100","wizsmm","8bf7a7bd-3597-43fb-82c1-e684f20cc42a"
"instagram","💎🇰🇷 인스타그램 상위노출 - Instagram Korean Likes for Popular Post! 🔥🆕","18.816","13.44","100","10000","wizsmm","8c4dfd8c-3c61-4374-975d-4a9fc3d8e5ab"
"instagram","Instagram Comments | Japan | Female | MQ | Random | Emojis | Fast","18.438","13.17","1","200","wizsmm","8c59f835-31bf-4a2f-bf22-630882e8fcb8"
"instagram","🇮🇳 Instagram Negative Emoji Comments [ Max - 5k ] [ Real Indian ] 0-6 HRS","8.848","6.32","10","200000","wizsmm","8d75bcc8-ef17-44fe-8e4d-2189919415e4"
"instagram","Instagram Followers [HQ] [Max 250K] [Start Time: 0 - 1Hr] [Refill: 30D] [Speed: Up to 10K/D] 💧⛔♻️","0.77","0.55","100","1000000","wizsmm","162caac9-2a5d-4b63-a3a7-69f8b3ece533"
"instagram","🇧🇷 Instagram Followers [BRAZIL - Male] [Refill: 30 Days] [Max: 30K] [Start Time: 1 Hour] [Speed: 5K/Day]💧♻️","11.3925","8.1375","10","50000","wizsmm","1681695a-1ba6-4494-bd88-0a8abb6a42be"
"instagram","Instagram Followers [SPAM ON] [Refill: 30D] [Max: 100K] [Start Time: 1 Hour] [Speed: 15K/Day]  💧⛔♻️","3.9375","2.8125","10","100000","wizsmm","0638fc0c-93eb-4f00-9381-41b2d865ded3"
"instagram","🇩🇪 Instagram Likes [GERMANY] [Max: 200] [Start Time: 2 Hours] [Speed: 100/Day]","87.36","62.4","5","500","wizsmm","16f5b5ee-0747-45fd-b5f5-07d402a861f8"
"instagram","🇺🇸 Instagram Followers [USA] [Algorithm Tricking] [Refill: NON DROP] [Max: 5K] [Start Time: 0 - 1 Hr] [Speed: 5K/D]","9.1","6.5","5","1000000000","wizsmm","17447d45-6d02-4488-a535-d0b2907ed4bc"
"instagram","Instagram Likes [Max: 2K] [UK 🇬🇧 ] [Refill: No] [Speed: 2K/Day] [Start Time: 0 - 1 Hours]","5.775","4.125","20","2000","wizsmm","1778ed5e-40f8-4b55-8865-32a48b6d5737"
"instagram","Instagram Followers [Auto-Refill: 15 Days] [Max: 10K] [Start Time: 3 Hours] [Speed: 1K/Day] ♻️","1.1851","0.8465","10","1000000","wizsmm","17926a9f-0fbc-4e23-99ac-11ebd0c42f59"
"instagram","UK Traffic from Instagram","0.56","0.4","500","1000000","wizsmm","8dc5457f-225d-4417-b7b6-37c0d6c8a6f6"
"instagram","Instagram Auto Shares [Instant]","0.126","0.09","10","1000000","wizsmm","8dd9e370-3130-4ea3-b1a4-de77173d6a5a"
"instagram","🌎 Instagram Saves – [ Real ] [ Worldwide ] [ 1k/day ] [ 0–1h Start ] NO REFILL","9.996","7.14","1","15000","wizsmm","8f9cd0ab-300d-41ab-8f8d-809677a6fd2b"
"instagram","Instagram Story Views + Impressions + Profile Visits + Interactions [Max: 100K] [Start Time: 0-1 Hour] [Speed: 100K/Day]","0.3413","0.2438","20","100000","wizsmm","17d17908-14c5-4112-821a-65d76d9c9ff2"
"instagram","Instagram Likes [NATURAL INCREASE] [Refill: No] [Max: 25K]  🔥","0.1099","0.0785","1","100000","wizsmm","181c7105-8fc3-4259-8e5a-e92904fc4706"
"instagram","Instagram AUTO POWER Likes [TOP IN MARKET] [Refill: No] [Max: 50K] [Start Time: 1 Hour] [Speed: 5K/Day] 🔥","0.2827","0.2019","1","1000000","wizsmm","181c8714-9106-4d85-b48f-2d899ac3a1b1"
"instagram","Instagram Followers [Refill: 30D] [SPAM ON] [Max: 1M] [Start Time: 0-1 Hr] [Speed: Up to 20K/D] 💧⛔","1.015","0.725","10","1000000","wizsmm","18574be7-a794-4709-b97f-8913aa755885"
"instagram","Instagram Saves [Max: 15K] [Start Time: 0-1 Hour] [Speed: INSTANT] 💧","0.105","0.075","10","1000000","wizsmm","18a16b2a-8cef-4a82-9954-03000c84f595"
"instagram","Instagram Story Views [All Stories] [Real] [100K/D] [Instant]","0.182","0.13","100","100000","wizsmm","91307960-5362-443e-a1ba-9e6d25cae52b"
"instagram","Instagram Followers [Refill: 30 Days] [Max: 100K] [Start Time: 1 Hour] [Speed: 500/Hour] ♻️","6.475","4.625","10","1000000","wizsmm","19b32356-15ca-46c0-85f3-adfffa2dcbed"
"instagram","🇮🇷 Instagram Likes [IRAN] [Start Time: 0 - 1 Hour] [Speed: 1K/Day]","6.048","4.32","20","7000","wizsmm","19d01d98-7468-4bd7-967f-4b2210d44995"
"instagram","Instagram Followers [SPAM ON] [Max: 1M] [Refill: 60D] [Start Time: 0 - 1 Hr] [Speed: Up to 200K/D] ♻️⛔💧","1.407","1.005","10","1000000","wizsmm","19d856d5-f5d5-4166-8a04-3fb43772b25c"
"instagram","Instagram Followers [EMERGENCY] [Refill: No] [Max: 500K] [Start Time: 0-1 Hour] [Speed: 5K to 10K/Day]","1.3125","0.9375","10","10000000","wizsmm","48089c08-2338-4399-a95c-f24649e950de"
"instagram","Instagram Followers [20K] [Refill: No] [Start Time: 0 - 3 Hrs] [Speed: 20K/D]💧⛔","1.3125","0.9375","100","100000","wizsmm","d2a84380-5c8f-4891-89c4-2cf67205019b"
"instagram","Instagram Followers [SPAM ON] [Refill: No] [Max: 5M] [Start Time: 0-1 Hr] [Speed: Up to 100K/D] 💧","4.8125","3.4375","10","750000","wizsmm","7aa4948a-31c8-4fc1-b6c5-1999149b024a"
"instagram","Instagram Views [ALL LINKS] [Max: 10M] [Start Time: 0-1 Hour] [Speed: 500K/Day]","0.3238","0.2313","100","100000000","wizsmm","1a35355f-c373-450a-8ad3-0885796793c0"
"instagram","Instagram Auto Comments [Positive EMOJI] [Refill: No Refill] [Max: 200K] [Start Time: 0 - 3 Hours] [Speed: 2K/Day]","5.46","3.9","10","200000","wizsmm","1a6881d8-4c16-4b00-a23c-8fc08671f55d"
"instagram","Instagram Hong kong~Taiwan Follower","21.252","15.18","10","10000","wizsmm","9374b269-9a6a-4e96-836a-73517224c13e"
"instagram","Instagram USA Custom Comments [High Quality] [30 Days Refill] [200/D] [0-8/H]","72.576","51.84","5","200","wizsmm","9395f7aa-825d-433a-88a9-40d92c3faed4"
"instagram","Israel Traffic from Instagram","0.56","0.4","500","1000000","wizsmm","93cd1c29-702a-4f0d-8c0e-8f15863b62e2"
"instagram","Instagram Channel Member [WW 🌎] [Max: 5K] [Refill: No] [Start Time: 0 - 1 Hr] [Speed: Up to 5K/D]💧","1.1375","0.8125","50","5000","wizsmm","1b498aea-f70c-4af0-ab70-63b59a80edf8"
"instagram","Instagram Followers [SPAM OFF] [Refill: No] [Max: 100K] [Start Time: 0-1 Hr] [Speed: Up to 100K/D] 💧⛔","1.75","1.25","10","100000","wizsmm","4d53bfd8-5009-4a99-8ab1-f61878589d3a"
"instagram","Instagram Followers [Refill: No] [Max: 100K] [Start Time: 0-1 Hr] [Speed: Up to 100K/D] 💧⛔","0.9625","0.6875","10","10000000","wizsmm","1b5840f4-bad7-4748-90f0-f5a068640418"
"instagram","Instagram Followers [With PP &amp; Posts] [Refill: No] [Max: 5K] [Start Time: 1 Hour] [Speed: 500/Hour]","5.5125","3.9375","10","20000","wizsmm","1b6d4433-240d-4997-90f6-4b9772bb0c33"
"instagram","Instagram Followers [ [SPAM ON : WAITING / SPAM OF SUCCESS] [AI] [Refill: No] [Max: 80K] [Start Time: 0-1 Hr] [Speed: 50K/D] 💧🔥","5.25","3.75","10","120000","wizsmm","ce8a27ce-662f-472f-b534-0b3ba3c65b31"
"instagram","Instagram Followers [Max 1M] [SPAM ON] [Start Time: 0 - 1Hr] [Refill: No] [Speed: Up to 100K/D] 💧⛔","1.75","1.25","10","100000","wizsmm","8fe91bea-fa09-46a6-8733-12350b1368ae"
"instagram","Instagram Followers [Refill: 7 Days] [Max: 30K] [Start Time: 1 Hour] [Speed: 500/Hour] ♻️","5.95","4.25","10","30000","wizsmm","1bf4ec20-c50c-4a27-8f38-702123aac160"
"instagram","Instagram Followers [English Names - HQ] [Refill: 30 Days] [Max: 50K] [Start Time: 1 Hour] [Speed: 5K/Day] ♻️","7.4725","5.3375","10","1000000000","wizsmm","1c379c13-1000-4e1e-8eb3-e9291a4098b6"
"instagram","🇮🇹Instagram Followers [ITALY 16-21 YO] [Max: 10K] [Start Time: 12 Hours] [Speed: 200/Day]","42.6686","30.4776","10","5000","wizsmm","1c54a8da-3421-42a3-a7c5-69235141af71"
"instagram","Instagram Views [WORKS ON REEL AND IGTV] [Max: 10M] [Start Time: 0-1 Hour] [Speed: SLOW]","1.6758","1.197","100","100000000","wizsmm","1c5b94fa-2fb5-4fe0-9408-1b7222fddd23"
"instagram","Instagram Korean Followers [High Quality] [30 Days Refill] [1-2K/D] [Start 10 Minutes] [Working]","90.72","64.8","10","1000","wizsmm","94d7e9a3-568e-4a2e-aa4e-992938d85e67"
"instagram","Instagram SPLIT Saves ➗ | Super-Fast ⚡️ | Last 30 posts [Enter Username]","0.266","0.19","3000","100000","wizsmm","95124c76-de4d-42d8-996b-5dbaadbc8d39"
"instagram","🇨🇳 Instagram China Likes - [ 30 Days Refill ] [ 500-1k/day ] INSTANT","12.6","9","10","40000","wizsmm","953c0a2d-0134-40c3-8846-f564154fc5b1"
"instagram","▷🇦🇪 Instagram Arabic Story Views | %100 Arabic Users","0.49","0.35","20","50000","wizsmm","95425dcd-3c37-4580-9bed-ebc1b171a680"
"instagram","Instagram Likes | Japan | Male | MQ | Fast | 100% Japan","5.74","4.1","20","10000","wizsmm","95e5470b-a495-483c-b480-a906751bc815"
"instagram","Instagram Followers [LOW DROP] [Refill: No] [Max: 5K] [Start Time: 1 Hour] [Speed: 1K/Day]","3.5","2.5","50","50000","wizsmm","87fa7d1b-39b7-4565-b8ff-dcc250be7c21"
"instagram","Instagram Followers [SPAM ON] [Refill: No] [Max: 10M] [Start Time: 0-2 Hrs] [Speed: Up to 500K/D] 💧⛔","2.3625","1.6875","250","500000","wizsmm","1cd3eee8-7287-4d31-9493-6c754a705d5c"
"instagram","Instagram Followers [HQ] [Max 100K] [Start Time: 0 - 1Hr] [Refill: 30D] [Speed: Up to 40K/D] 💧⛔","1.225","0.875","10","1000000","wizsmm","1ce56449-6e79-457b-acf1-bf129d343bc9"
"instagram","Instagram Auto Shares [Max: 50K] [Start Time: 0 -1 Hr] [Speed: 20K/D]","0.0175","0.0125","10","5000000","wizsmm","1cf63831-d32f-4c07-9d20-9368f3ad9af0"
"instagram","Instagram Story POFILE VISTS [Max: 100K] [Start Time: 0-1 Hour] [Speed: 100K/Day]","1.4","1","100","10000000","wizsmm","1d051229-0aad-4534-b4eb-f33205f41cdd"
"instagram","Instagram | Comments | Extremely Fast | INDIA | Female | Random Positive | Emojis | Start: Instant | Speed: 20K/day","21.294","15.21","10","100","wizsmm","960b5ac2-fdc4-4971-b117-ea66ab819005"
"instagram","🇧🇷 Instagram Brazil Custom Comments - [ 50/day ] 1-12 HRS","59.15","42.25","10","250","wizsmm","96620b28-2f2b-4732-980e-977bae29e829"
"instagram","Instagram SPLIT Views ➗ | Super-Fast ⚡️ | Last 20 videos [Enter Username]","0.196","0.14","2000","1000000","wizsmm","9690d67d-eeaa-44d9-8d0b-634695c28402"
"instagram","Instagram Scrape Data - [ User Followers ] 24 Hours Delivery","1.722","1.23","5000","1000000","wizsmm","9795217d-6a79-44ee-8bce-2e86c9fd98e9"
"instagram","Instagram Followers [KSA 🇸🇦] [Refill: No] [Max: 20K] [Start Time: 0 - 2 Hrs] [Speed: Up to 20K/D] 💧⛔️","3.5","2.5","50","20000","wizsmm","26228300-3edb-40ec-b62b-703eec225dea"
"instagram","Instagram Likes [Max: 1K] [USA 🇺🇸  ] [Refill: No] [Speed: 1K/Day] [Start Time: 0 - 1 Hours]","5.6","4","20","2000","wizsmm","1e89b9d1-12eb-4cd5-a43d-d8c03bc92cff"
"instagram","Instagram Reel Views [Max: 1M] [Start Time: 0-1 Hour] [Speed: 1M/Day] 💧","0.014","0.01","100","100000000","wizsmm","1ec13dc4-56db-4016-bbf1-75f57781cf5e"
"instagram","🇰🇷🇰🇵 Instagram Followers [Korea] [HQ] [Refill: 30 Days] [Max: 10K] [Start Time: 0 - 1 Hour] [Speed: 1K/Day]","47.25","33.75","10","20000","wizsmm","60bb30ff-1b2b-418e-b977-d2800720d8f4"
"instagram","Instagram Likes + Impressions + Reach [NON DROP] [Max: 7K] [Start Time: 0-1 Hour] [Speed: FAST] 💧🔥🔥🔥","2.912","2.08","5","50000","wizsmm","1f1a1fcc-89db-4857-b6da-a6383d8766f7"
"instagram","Instagram RAU™ Likes [Refill: No Drop] [Max: 10K] [Start Time: 0-1 Hour] [Speed: 500/Hr] 💧","3.2928","2.352","5","50000","wizsmm","1f282401-adf7-4cbe-9df1-f372c1e06641"
"instagram","🇷🇺Instagram Followers [RUSSIAN] [NON-DROP] [Refill: 30 Days] [Max: 200K] [Start Time: 1 Hour] [Speed: 1K/Day] 💧🔥♻️","14.875","10.625","50","500000","wizsmm","a53ca2b9-5970-4a2e-905d-923b6874eef2"
"instagram","Instagram Views [Max: 1M] [Start Time: Insatnt] [Speed: 1M/Day] 💧","1.8669","1.3335","100","100000000","wizsmm","1f6a20f2-889d-4a6f-bf9c-e30635ba7730"
"instagram","Instagram Likes","0.098","0.07","100","1000000","wizsmm","994a6f5e-6621-41eb-8691-f406e56202b1"
"instagram","Instagram | Comments | Extremely Fast | ARAB | Male | Random Positive | Texts [ARABIC] | Start: Instant | Speed: 20K/day","26.208","18.72","10","100","wizsmm","9ab66086-b504-4ace-b682-74d5371ff3b0"
"instagram","Instagram Followers Spain","9.912","7.08","20","250000","wizsmm","b9fdd17e-eba1-4a5e-9523-00cefbcda4d3"
"instagram","Instagram Followers [EAST AFRICA] [Refill: No Drop] [Max: 1k] [Start Time: 4 Hours] [Speed: 1K/Day]","26.25","18.75","1000","1000","wizsmm","e54edf65-393a-44cd-af89-2ae8e1bc1b52"
"instagram","Instagram Followers [WEST AFRICA] [Refill: No Drop] [Max: 1K] [Start Time: 4 Hours] [Speed: 1K/Day]","26.25","18.75","1000","1000","wizsmm","d8d5cb1f-65cc-4f2c-b231-7d7d06d47e72"
"instagram","🇸🇦Instagram Followers [ARAB - خليجي حقيقي متفاعلين] [Refill: No] [Max: 5K] [Start Time: Up to 48 Hours] [Speed: 400 - 800/Day] ⚡️💧⭐","7","5","1000","5000","wizsmm","43e0e5fb-bcdf-4af2-b285-fdd088d959f7"
"instagram","🇯🇵 Instagram Followers [JAPAN] [Start Time: 0 - 1 Hour] [Speed: 2K/Day]","21","15","20","3000","wizsmm","2dbca7d4-0211-4d83-8186-016e5b461a81"
"instagram","Instagram Views [Max: 10M] [Start Time: 0-1 Hour] [Speed: 200K/D]","0.0017","0.0012","100","5000000","wizsmm","207e5ff9-822a-4936-94ad-f2c1d852c28f"
"instagram","Instagram Profile Visits [Italy]","5.04","3.6","10","3000","wizsmm","cefde647-b62d-40bd-a097-5e5f5ef08f93"
"instagram","Instagram Likes | Japan MIXED | MQ | Fast","1.4","1","100","50000","wizsmm","9bea2639-d600-4d85-9967-d3fe6c47f368"
"instagram","3042 - Instagram Latin Story Views [All Stories] [20K/D] [Instant]","0.182","0.13","100","15000","wizsmm","9c2b3f96-8d28-41cf-bf42-185a1112bf4f"
"instagram","Instagram Mix Indian Likes [Low Drop] [10-100K/D] [Instant]","0.336","0.24","50","100000","wizsmm","ed60059e-4121-4de5-97e8-d17363034e04"
"instagram","💎 🇰🇷 Instagram UHQ Followers [ South Korea ] [S2] [30 Days Auto-Refill] ⚡️","152.88","109.2","10","35000","wizsmm","9d4ead8f-92bc-4030-a480-c846f2e92f41"
"instagram","Instagram Germany Views  [ Real ]","8.47","6.05","30","200","wizsmm","9e886cc3-5962-40cf-8019-f21630eba9c5"
"instagram","💎♀️🇰🇷 Instagram REAL Followers [ South Korea - Female ] [90 Days Auto-Refill] ⚡️","246.96","176.4","10","20000","wizsmm","9ed1571b-421c-46c3-b917-f8fbd29a4b0f"
"instagram","Instagram Auto Likes [REAL LOOKING] [Max: 50K] [Start Time: 0-1 Hour] [Speed: 20K/Day]","0.693","0.495","10","1000000","wizsmm","2289a821-5999-459e-b1b7-24c4400d99c2"
"instagram","Instagram Followers [HQ] [Max: 10K] [Start Time: 0 - 2 Hrs] [Speed: 10K/D] 💧","0.6825","0.4875","20","10000","wizsmm","22954f65-ac54-4795-82cf-e33bfbe09887"
"instagram","🇸🇦Instagram Followers [ARAB - خليجي حقيقي متفاعلين] [Refill: No] [Max: 100K] [Start Time: Up to 48 Hours] [Speed: 200/Day] ⚡️💧⭐","8.316","5.94","2000","100000","wizsmm","229a3858-7be1-43cb-b449-823920b09398"
"instagram","Instagram Auto Likes [SUPER FAST] [Refill: No] [Max: 50K] [Start Time: 0-1 Hour] [Speed: INSTANT] 🔥🔥","4.312","3.08","20","50000","wizsmm","22bfa324-88dc-410a-850b-db0f3b70f8c5"
"instagram","🇰🇷 Instagram Power Comments [10K+ Followers] [SOUTH KOREA] [Random 20 Comments] [EXPLORE PAGE] [Max: 20] [Start Time: 0-1 Hour] [Speed: 1 Hour Delivery]","7.14","5.1","1000","1000","wizsmm","22c0da77-c746-4f1a-88aa-70474da0ad6e"
"instagram","🇮🇳 Instagram Comments [INDIA] [Start Time: 0 - 1 Hour] [Speed: 500/Day]","70.56","50.4","5","20","wizsmm","22dd46b1-5b7c-4ea3-b074-1bcee7330978"
"instagram","Instagram Random Comments [ Max 10K ] [ Daily 10K ] [ Instant Start ] [ Cancel Button ] [ ⚠️No Refill ]","0.84","0.6","10","10000","wizsmm","9f78e778-f5f8-47af-93b3-5dc19e8602e9"
"instagram","Instagram Reach + Impressions + Profile Visits [Instant]","0.084","0.06","10","10000000","wizsmm","9fdd3c1b-3337-4ce5-a8c4-f572c1b1c290"
"instagram","Instagram Followers Arab","9.912","7.08","20","100000","wizsmm","2b324229-176b-4e1b-8db5-9f5ab1f1c9e3"
"instagram","Instagram Followers [Max 1M] [SPAM ON] [Start Time: 0 - 1Hr] [Refill: No] [Speed: Up to 100K/D] 💧⛔","5.8625","4.1875","10","1000000","wizsmm","23bc0eef-e918-4f9a-9b08-b02b88872b45"
"instagram","Instagram Followers [Refill: 30D] [Max: 200K] [Start Time: 0 - 3 Hrs] [Speed: 5K/D] 💧⛔♻️","1.876","1.34","10","10000000","wizsmm","240ef65d-54c2-464d-a40a-9aae0b8cfaf2"
"instagram","Instagram Likes + Reach + Impressions [Auto-Refill: 30 Days] [300K] [MQ] [Start Time: Instant] [Speed: 20K/Day] ♻️💧⛔️","0.4603","0.3288","10","300000","wizsmm","242839ea-f467-4692-80f3-9e21bb8590db"
"instagram","🇪🇬Instagram VERIFIED Followers [EGYPTIAN] [15 Followers] [1 ORDER PER ACCOUNT] 🔵","19.0613","13.6152","1","1","wizsmm","242b6632-ae21-488a-9b77-3f5503b9ea8c"
"instagram","🇦🇪 Instagram Arabic - Followers [ Max - 5k ] [ REAL HQ ] [ 30 Days AUTO Refill ] INSTANT","6.902","4.93","10","15000","wizsmm","a09c1034-0a9c-4f94-8c9c-cd6dcf36facc"
"instagram","Instagram Shares [10M] [Ultrafast] [Own Server] 🔥⚡","0.098","0.07","10","100000000","wizsmm","a0cbb8ef-b16b-4576-a7a0-2ff3359173b9"
"instagram","Instagram Arab Female Likes [30 Days Refill] [10-20K/D] [Instant]","0.56","0.4","20","50000","wizsmm","076b6fc7-38c8-419a-94c2-c5f5c9430f44"
"instagram","Instagram Likes [High Quality] [Cancel Enabled] [No Refill] [300K+/D] [Instant]","0.14","0.1","1","10000000","wizsmm","a209ae1b-d50f-408b-96cc-66fb7feb8ac1"
"instagram","Instagram Mix Emoji Comments – [ Good Quality ] [ 0–6 Hours Start ] INSTANT","9.016","6.44","5","100000","wizsmm","a3fb9d7a-8e0b-4d0e-8ddd-758f996f10b1"
"instagram","▷🌎 Instagram Global Story Views | %100 Global Users","0.49","0.35","10","1000000","wizsmm","a425c666-a7a6-43cd-a174-3d04b7545a70"
"instagram","Romania Traffic from Instagram","0.56","0.4","500","1000000","wizsmm","a5898544-4f06-447c-b41b-511669c7dac5"
"instagram","Instagram Story Views","0.504","0.36","10","100000","wizsmm","a5ce1ab9-30a9-4533-995d-87f2b4d70317"
"instagram","Instagram Arabic Likes [Real] [High Quality]  [500-1K/D] [0-1/H]","0.672","0.48","50","50000","wizsmm","5ec1002c-0cd8-427b-aa14-cd0143ddc320"
"instagram","🇦🇪 Instagram Arabic Male Likes | 30 Days Refill | %100 Arabic Users | 10K Per Hour","2.184","1.56","20","100000","wizsmm","a671afad-45ef-483c-b574-a9a0e3e1eb99"
"instagram","Instagram SPLIT Likes ➗ | Super-Fast ⚡️ | Last 40 posts [Enter Username]","0.448","0.32","4000","100000","wizsmm","a6a80c18-b585-4d7f-92d5-2391cefec778"
"instagram","Instagram SPLIT Likes ➗ | Super-Fast ⚡️ | Last 20 posts [Enter Username]","0.448","0.32","2000","100000","wizsmm","a6d44c8e-c135-48d7-b853-08dc4aa8df8a"
"instagram","Instagram Followers Switzerland","25.2","18","20","10000","wizsmm","f3819e08-5cb9-4e23-b586-33e278605732"
"instagram","Instagram Custom Comments [ Good Server ] INSTANT","18.228","13.02","1","1200","wizsmm","a7eb4937-bc6c-4ea9-9734-38d9fad02163"
"instagram","Instagram Likes [MIX] [Refill: No] [Max: 6K] [Start Time: 0-1 Hour] [Speed: INSTANT]💧⛔","4.914","3.51","20","3000","wizsmm","25a2473d-8d98-440b-a625-829ba3cc31a0"
"instagram","Instagram Story Views [FEMALE] [Max: 30K] [Start Time: 0-1 Hour] [Speed: 30K/Day]","0.35","0.25","20","30000","wizsmm","25ab0a7a-aa76-4c10-a8f7-935f774a0abf"
"instagram","Instagram Auto Likes RAU™ [KOREA 🇰🇷 🇰🇵] [Max: 1.5K] [Refill: 60D] [Start Time: 0 - 1 Hr] [Speed: 1.5K/D] 💧","11.83","8.45","20","20000","wizsmm","25d7f2d4-8d92-4398-a6ab-0fb5cb0530a3"
"instagram","Instagram Video + TV + Reels Views + Plays - [ Always Working ] INSTANT","0.007","0.005","100","2147483647","wizsmm","a84910cb-db4a-47da-889e-09415165eb4f"
"instagram","IG Likes [Arabic Mix] [High Quality] [5K/D] [0-1/H]","1.008","0.72","50","5000","wizsmm","c1edf809-e0e2-4ce5-bcae-c1220bf9c69f"
"instagram","Instagram Followers [30 Days Refill] [Cancel Enabled] [100K/D] [Instant]","0.504","0.36","50","1000000","wizsmm","a98ffa29-ae36-4574-9c47-21a6f81c2573"
"instagram","💎♂️🇯🇵 Instagram REAL Followers [ Japan - Male ] [60 Days Auto-Refill]","131.712","94.08","5","8000","wizsmm","aa816e36-e98d-450a-bde7-b3bfabc4b2d7"
"instagram","Instagram Reels + TV + Video Views - [ ⚡Current speed : 50000 Per Hour ]","0.014","0.01","50","30000000","wizsmm","aab7b2ab-e0bc-4c7f-bb94-417653a7fc6f"
"instagram","Instagram Custom Comments [RELEVENT COMMENT] [From 10k+ Followers] [Refill: No Drop] [Max: 2K] [Start Time: 0-3 Hrs] [Speed: 500/Day]","105","75","1","2000","wizsmm","0cec659b-8673-4620-9132-af1f7a3b7060"
"instagram","Instagram Random Comments [RELEVENT COMMENT] [From 10k+ Followers] [Refill: No Drop] [Max: 2K] [Start Time: 0-3 Hrs] [Speed: 500/Day]","140","100","1","2000","wizsmm","12d38b69-6d84-4d9d-af5a-ee7285237b14"
"instagram","Instagram Comments [Random] [Refill: No] [Start Time: 0 - 1 Hour] [Speed: 5K/Day]","6.125","4.375","10","50000","wizsmm","294c60c1-4a3d-4a17-b226-d9a0be261de1"
"instagram","Instagram Followers [Refill: Button - 30 Days] [Max: 200K] [HQ] [Start Time: 2 Hours] [Speed: 20K/Day] ♻️","0.6747","0.4819","10","1000000","wizsmm","26571ab2-36ca-411d-9229-af2785ec66ef"
"instagram","Instagram Comments [RANDOM] [Refill: 30 Days] [Max: 1M] [Start Time: 0 - 3 Hours] [Speed: 25K/Day] 💧","6.125","4.375","10","50000","wizsmm","8e1f9849-bd49-4bd8-8073-996cdce0fc32"
"instagram","Instagram SPLIT Likes ➗ | Super-Fast ⚡️ | Last 300 posts [Enter Username]","0.448","0.32","30000","200000","wizsmm","abcc814e-b24d-430f-9356-6a58da7a3c88"
"instagram","ID:3 | Instagram Followers | 100-300K/D - R90 | Drop Rate: 0-5%","2.66","1.9","10","1000000","wizsmm","0021b9dc-49f3-4115-b84f-5ad2b81874cc"
"instagram","Instagram Hong kong~Taiwan Custom Comments [High Quality]","154.56","110.4","1","1000","wizsmm","ac1be41c-9197-4707-89c7-284ad1d57b8f"
"instagram","Poland Traffic from  Instagram","0.56","0.4","500","1000000","wizsmm","aca5d5bf-5ddb-4c3b-ba14-718205de22d1"
"instagram","Instagram Arab Likes [30 Days Refill] [10-20K/D] [Instant]","2.24","1.6","20","500000","wizsmm","b33effce-d712-454e-a4ba-c6e556641865"
"instagram","🇮🇩Instagram Likes [Indonesia] [No Refill] [Max: 15K] [Start Time: 1 - 6 Hours] [Speed: 5K/Day] ♻️","0.525","0.375","100","10000","wizsmm","271c9c90-f81a-464f-a9d2-22ba878f1fe0"
"instagram","Instagram Comment Likes [5K] [SPECIFIC COMMENT] [Refill: No] [Max: 5K] [Start Time: 0-1 Hour] [Speed: 5K/Day] ⚡️","5.25","3.75","10","20000","wizsmm","a202613f-ed0d-4b39-96a8-54df5ce622d3"
"instagram","Instagram Comments [PREMIUM - RANDOM] [Refill: No] [Max: 250] [Start Time: 0 - 3 Hours] [Speed: 250/Day] 💧","437.5","312.5","5","200","wizsmm","f660bb9b-bbee-411f-939a-a27267e58a50"
"instagram","Instagram Comments [CUSTOM] [100] [UNITED KINGDOM]","67.2","48","10","250","wizsmm","6e161c61-ba1f-48d9-b077-70610772dbc1"
"instagram","🇪🇸👨❤️ SR - Instagram Spanish Male Likes | 30 Days Refill ♻️ | Max 200K | 100% Spanish Male | Business 💼️ | 10K per Hour","1.904","1.36","20","100000","wizsmm","ace3eb83-54c3-4852-906f-945ff17e0141"
"instagram","Brazil Traffic from Instagram","0.56","0.4","500","1000000","wizsmm","ad0fefeb-028a-4efc-b620-5845de0678f7"
"instagram","Instagram | Comments | Extremely Fast | WW | Gender MIX | Random Positive | Texts [HINDI] | Start: Instant | Speed: 20K/day","11.466","8.19","10","100","wizsmm","ad29fa74-774b-4f9d-9d65-736f89ab7b87"
"instagram","Instagram Followers Italy","25.2","18","20","25000","wizsmm","6a60d5cf-c32b-4604-9f9f-d9ba24d5aa77"
"instagram","🇳🇬🇬🇭Instagram Custom Comments VOTES [NIGERIA &amp; GHANA] [Max: 5k] [Start Time: 1 Hour] [Speed: 1k/Day]","43.75","31.25","50","5000","wizsmm","e13e1b8f-b455-4c21-967f-aa8630c06641"
"instagram","🇫🇷Instagram Comments [CUSTOM] [FRENCH] [Max: 100] [Start Time: 0-1 Hour] [Speed: Fast]","87.5","62.5","10","250","wizsmm","20cb168a-d438-41bf-8816-2cc4db1c7f71"
"instagram","🇩🇪Instagram Comments [CUSTOM] [GERMANY] [Max: 100] [Start Time: 0-1 Hour] [Speed: Fast]","87.5","62.5","10","250","wizsmm","2cd0b1fb-9293-455f-904d-9945c4bcc7c3"
"instagram","Instagram Story Views + Story Profile Visits + Story Impressions + Story Interactions [Max: 100K] [Start Time: 0-1 Hour] [Speed: INSTANT]","0.42","0.3","100","100000","wizsmm","27ba1bcb-47b3-4c0b-874c-e407197be2c5"
"instagram","Instagram Followers [SPAM ON] [Auto Refill: 30 Days] [Max: 50K] [Start Time: 4 Hours] [Speed: 30K/Day] 💧♻️⛔️","2.6075","1.8625","10","50000","wizsmm","27cc0d75-45e8-40ba-84bc-5d6b426b92e9"
"instagram","Instagram Comments [RANDOM] [ARAB] [Max: 100] [Start Time: 0-1 Hour] [Speed: FAST]","122.5","87.5","10","250","wizsmm","aeaa0381-5f3c-462b-80d7-c2f802d450a6"
"instagram","Instagram Comment Reply  [CUSTOM] [Max: 1K] [Start Time: 0-1 Hour] [Speed: FAST]","525","375","5","1000","wizsmm","b361ee78-6807-4cf0-b3d1-3ead669a25d7"
"instagram","Instagram Story Views + Impressions + Profile Visits [Max: 100K] [Start Time: 0-1 Hour] [Speed: 100K/Day]","0.315","0.225","10","100000","wizsmm","27d1fa54-63a0-4da7-be4e-927986e6b4e6"
"instagram","Instagram Likes [Bots] [Refill: 30 Days] [Max: 50K] [Start Time: 0-1 Hour] [Speed: 30-60K/Day] ♻️","0.315","0.225","10","300000","wizsmm","2830a33f-3976-40d2-8695-bed31f724e1f"
"instagram","Instagram Followers [Max 1M] [Start Time: 0 - 1Hr] [Refill: 7D] [Speed: Up to 50K/D] 💧♻️","0.805","0.575","20","1000000","wizsmm","28413a2b-cd71-49a4-8a05-4600e0a26402"
"instagram","Instagram Korean Likes [Real Exclusive] [10K/D] [Instant]","8.064","5.76","10","20000","wizsmm","b0cec49b-05e1-4993-9fe4-5840c2192780"
"instagram","Turkey Traffic from Instagram","0.56","0.4","500","1000000","wizsmm","b0d6e030-88ef-4a5f-a9eb-af27dcfde7d9"
"instagram","South Africa Traffic from Instagram","0.56","0.4","500","1000000","wizsmm","b13bee80-9a39-43a2-9886-6876cae1cd13"
"instagram","Instagram Auto Views - [ Superfast ]","0.014","0.01","100","10000000","wizsmm","b1d0ef03-a659-4e32-84f8-4a38c3d679bf"
"instagram","🇸🇦Instagram Power Comments [10K+ Followers] [Random ARABIC 40 Comments] [EXPLORE PAGE] [Max: 40] [Speed: 1 Hour Delivery]","8.4","6","1000","1000","wizsmm","28ac9590-bc77-45ac-9008-89e5864cc31f"
"instagram","Instagram Auto Impressions [10M] [Speed: 1M / Day] [Start Time: Instant]","0.14","0.1","100","10000000","wizsmm","28af5fa3-76c3-4d61-ad1f-c2fb7592bb39"
"instagram","Instagram Followers [Refill: 15 Days] [Max: 50K] [Start Time: 1 Hour] [Speed: 500/Hour] ♻️","6.0375","4.3125","20","25000","wizsmm","28dc8dd9-03d5-4680-8fa3-7fce2841e2aa"
"instagram","🇱🇧 Instagram Power Comments [10K+ Followers] [Random 5 Comments] [EXPLORE PAGE] [Max: 5] [Start Time: 0-1 Hour] [Speed: 1 Hour Delivery]","2.52","1.8","1000","1000","wizsmm","28fe10d7-1c85-497c-8574-29c1accf2472"
"instagram","▷🇹🇷 Instagram Turkish Story Views | %100 Turkish Users","0.49","0.35","10","100000","wizsmm","b2587af9-cf11-450b-b661-679621eb1b29"
"instagram","🇮🇳 Instagram Indian Likes - [ Max - 30k ] [ Super Real ] INSTANT","0.364","0.26","10","100000","wizsmm","b3722302-fcb5-4b88-88ae-8c489eedccbb"
"instagram","Thailand Traffic from Instagram [LQ]","0.238","0.17","88","88888888","wizsmm","b38a8fcb-6190-4da9-8f2c-4b2e4e4e0435"
"instagram","Instagram SPLIT Likes [REAL HUMANS] ➗ | Super-Fast ⚡️ | Last 20 posts [Enter Username]","3.332","2.38","2000","100000","wizsmm","b3c9d58c-8b74-420f-8464-744a9c8e86b0"
"instagram","Instagram | Comments | Extremely Fast | JAPAN | Female | Random Positive | Emojis | Start: Instant | Speed: 20K/day","21.294","15.21","10","100","wizsmm","b4b3359f-4f7e-4ba2-86e2-ae08379a0839"
"instagram","Instagram Real Saves - [ Premium Quality ] [ 50K/day ] INSTANT","0.084","0.06","10","1000000","wizsmm","b4cf39f5-cb13-433d-a54c-d3da6a03eec2"
"instagram","🇸🇪 Instagram Engagement Package [SWEDEN - BASIC] [READ DESCRIPTION]","17.5","12.5","1000","1000","wizsmm","21b6cdb5-30aa-4a4a-80b3-346cd57cb974"
"instagram","🇸🇪 Instagram Engagement Package [SWEDEN - STANDARD] [READ DESCRIPTION]","87.5","62.5","1000","1000","wizsmm","10e51b00-fa64-41d2-a983-8639008b9b97"
"instagram","🇸🇪 Instagram Engagement Package [SWEDEN - PRO] [READ DESCRIPTION]","175","125","1000","1000","wizsmm","98b77a96-e4a6-432f-97d6-94135b24fa25"
"instagram","🇫🇷 Instagram Engagement Package [FRANCE - BASIC] [READ DESCRIPTION]","17.5","12.5","1000","1000","wizsmm","0ab5469c-6170-4831-972b-2f5d1867f955"
"instagram","🇫🇷 Instagram Engagement Package [FRANCE - STANDARD] [READ DESCRIPTION]","87.5","62.5","1000","1000","wizsmm","9e41914a-46c1-4ec1-8b98-98257fd6fb04"
"instagram","🇫🇷 Instagram Engagement Package [FRANCE - PRO] [READ DESCRIPTION]","175","125","1000","1000","wizsmm","1efd9a90-8860-4616-92c8-fb8cdc235dd5"
"instagram","🇩🇪 Instagram Engagement Package [GERMANY - BASIC] [READ DESCRIPTION]","17.5","12.5","1000","1000","wizsmm","5a5e7082-cfa4-421e-953d-a6386a62a670"
"instagram","🇩🇪 Instagram Engagement Package [GERMANY - STANDARD] [READ DESCRIPTION]","87.5","62.5","1000","1000","wizsmm","4937b719-e6db-404f-a60e-2efff162b291"
"instagram","🇩🇪 Instagram Engagement Package [GERMANY - PRO] [READ DESCRIPTION]","175","125","1000","1000","wizsmm","26b84805-46c6-497b-b3a7-67119ecc8b21"
"instagram","Instagram Auto Reach + Impressions [Instant]","0.084","0.06","10","500000","wizsmm","b75554ea-e321-40d7-addb-8575f1135c5a"
"instagram","Instagram Impressions + Reach+ Profile Visit","0.084","0.06","10","10000000","wizsmm","b76dc8b9-f384-47fc-a4e0-a790b0081a23"
"instagram","Instagram Followers – [ Male ] [ Real ] [ Non-Drop ] NO REFILL","39.116","27.94","50","5000","wizsmm","b77f5c1b-2941-4710-8f38-edb037a3c612"
"instagram","Instagram | Comments | Extremely Fast | WW | Male | Random Positive | Texts [ENGLISH] | Start: Instant | Speed: 20K/day","14.742","10.53","10","100","wizsmm","b8a295ca-be69-4a97-ac80-b76fc63a775f"
"instagram","Argentina Traffic from Instagram","0.56","0.4","500","1000000","wizsmm","b8bd7e73-9a8a-4e9b-ad52-261f16d8d562"
"instagram","🇩🇪Instagram Likes [GERMANY] [NON DROP] [Max: 700] [Start Time: 1 Hour] [Speed: 50/Day]","91","65","5","500","wizsmm","dad46935-c7b2-4cfe-b2b1-e6ba40aa9116"
"instagram","🇸🇪Instagram Likes [SWEDEN] [NON DROP] [Max: 100] [Start Time: 1 Hour] [Speed: 50/Day]","87.5","62.5","5","200","wizsmm","a260a723-35eb-49e2-b860-19ef0cf7a175"
"instagram","🇺🇸🇬🇧Instagram Comments [USA/UK] [Start Time: Instant] [Speed: 250/Day]","875","625","4","500","wizsmm","498943f7-7a8c-4e86-ab85-5051560b87b0"
"instagram","🇩🇪Instagram Comments [Germany] [Start Time: Instant] [Speed: 700/Day]","875","625","4","800","wizsmm","8242e24b-53ed-4ee8-95d9-71334981b923"
"instagram","🇸🇪Instagram Comments [Sweden] [Start Time: Instant] [Speed: 50/Day]","875","625","4","200","wizsmm","1b7ca761-0770-4970-8246-5b734126d834"
"instagram","🇪🇸Instagram Comments [Spain] [Start Time: Instant] [Speed: 100/Day]","875","625","4","100","wizsmm","084702c2-bc18-4bd5-bfc5-b6e3a23aedac"
"instagram","Instagram Live Video Comments [RANDOM] [FEMALE] [Refill: No] [Max: 2K] [Start Time: INSTANT] [Speed: INSTANT]","7","5","50","2000","wizsmm","a23c1cbc-2b84-4771-9323-9e9fbd95ce17"
"instagram","🔥🔥🔥 [EXCLUSIVE] Instagram Followers [Spam On] [Refill: 65 Days] [Max: 100K/username - 290/order] [Start Time: 0-1 Hour] [Speed: 290/Day] ♻️🔥🔥🔥","1.0584","0.756","290","290","wizsmm","2b3ba72f-e752-47ca-961f-119de59cd9c7"
"instagram","Instagram Comments [RANDOM - FEMALE] [MAX: 2K] [Start Time: 0 - 1 Hr] [Speed: 2K/D]","17.535","12.525","10","1000","wizsmm","2b3ee17d-3781-4cee-8346-739fa120fb42"
"instagram","Instagram Likes [Refill: No] [Max: 5K] [Start Time: 0 - 1 Hr] [Speed: 500/D] 💧⛔️♻️","0.525","0.375","20","6000","wizsmm","2b4fe28b-2bf5-46d3-850a-a829a90edfc4"
"instagram","Instagram Story Impression All Posts [Username Only]","0.28","0.2","100","10000000","wizsmm","b995a23b-cdb3-4403-86d3-248a73a955f0"
"instagram","Instagram Shares with Engagement + Reach + Impressions","0.168","0.12","100","1000000","wizsmm","b9bf520c-10b7-4190-9443-579d232abfb0"
"instagram","Instagram Followers [Refill: 30 Days] [SPAM ON : WAITING / SPAM OFF SUCCESS] [AI] [Max: 100K] [Start Time: 0-1 Hour] [Speed: 10-15K/Day] 💧♻️⛔️","5.04","3.6","10","100000","wizsmm","2cc30793-62df-4875-aa52-52eff2183974"
"instagram","Instagram Premium Package [15-18 Followers] [80-90 Likes] [45-52 Comments] [NON DROP] [Start Time: 0-1 Hour] [Speed: 24 Hours Delivery]","31.7625","22.6875","1000","1000","wizsmm","2cf05f00-b254-4d7e-aaac-6d5c6be10cb2"
"instagram","Instagram Story Views + Likes + Impressions + Profile Visits [Max: 100K] [Start Time: 0-1 Hour] [Speed: 100K/Day]","0.4375","0.3125","20","100000","wizsmm","8203ebcb-30e9-4331-ba25-1e9c81d5dbab"
"instagram","Instagram Story Views + Impressions [Max: 100K] [Start Time: 0-1 Hour] [Speed: 100K/Day]","0.2188","0.1563","10","100000","wizsmm","2d56276d-d2c1-445c-a3e7-13568cc62158"
"instagram","Instagram Views [REEL + IGTV + POSTS] [Max: 9M] [Start Time: 0-1 Hour] [Speed: 100K/Day]","0.0088","0.0063","100","100000000","wizsmm","2d5a495a-5169-42d6-a0d9-2468c49c1605"
"instagram","Instagram Story Reply [CUSTOM REPLY] [Max: 400] [Start Time: 0-1 Hr] [Speed: 400/D]💧","24.5","17.5","5","400","wizsmm","e51d7b4f-2062-4b89-9412-40452c61f7c3"
"instagram","Instagram | Comments | Extremely Fast | JAPAN | Female | Random Positive | Texts [JAPANESE] | Start: Instant | Speed: 20K/day","26.208","18.72","10","100","wizsmm","bca695ee-87f7-4093-831a-5f2b33d3848b"
"instagram","🇹🇷🙂 Instagram Turkish Followers | Special Eid al-Adha Offer 🐏 | 30 Days Guaranteed ♻️ | 10K/Hour","6.104","4.36","20","400000","wizsmm","bcc1f9f9-0d80-4f0e-a452-7c04d825bd79"
"instagram","India Traffic from Instagram","0.56","0.4","500","1000000","wizsmm","bcd860c8-7bb4-4e10-9860-da4c0717f0f2"
"instagram","Instagram Germany Female Followers [ Real ] [ Non Drop ]","47.866","34.19","10","100","wizsmm","bde67b4d-0ca2-40ce-952c-d48d68de597e"
"instagram","Instagram Followers – [ Female ] [ Real ] [ Non-Drop ] NO REFILL","39.116","27.94","50","5000","wizsmm","be1c5e95-3b23-4207-8db9-98bfa2a89b15"
"instagram","Instagram Auto Saves [Max: 50K] [Start Time: 1 Hour] [Speed: 50K/Day]","0.1138","0.0813","10","50000","wizsmm","2eaf8a96-e197-42fd-a0b2-11e30e43baf5"
"instagram","Instagram Likes + Impressions + Reach [Max: 45K] [Start Time: Instant] [Speed: 30K/Day] ⚡","1.6022","1.1444","50","200000","wizsmm","2ed6789b-53b6-4b69-be54-925730eabe47"
"instagram","Instagram Story Views [Max: 800] [Start Time: 0 - 1 Hr] [Speed: INSTANT] ⛔️💧","1.575","1.125","50","50000","wizsmm","2f0107a6-b6d6-48b9-9883-919905ffdf2c"
"instagram","Instagram Followers [Refill: 90D] [Max: 1M] [Start Time: 0 - 3 Hrs] [Speed: Up to 100K/D] 💧⛔♻️","1.4875","1.0625","20","1000000","wizsmm","2f363ca6-cf28-4bac-aa89-8f1cbf120554"
"instagram","Instagram Shares [Max: 500K] [Start Time: 0 - 24 Hrs] [Speed: Up to 20K/D]💧⛔","0.0525","0.0375","100","500000","wizsmm","2f7b3257-f09d-421b-b48d-a565c4a0d63f"
"instagram","Instagram Story Views + Likes + Impressions [Max: 100K] [Start Time: 0-1 Hour] [Speed: 100K/Day]","0.3763","0.2688","20","100000","wizsmm","2facb4da-e947-4861-a1b1-91967dca4d64"
"instagram","Instagram SPLIT Saves ➗ | Super-Fast ⚡️ | Last 300 posts [Enter Username]","0.266","0.19","30000","200000","wizsmm","bede8d22-f758-42b2-a1fa-7ffa0b5ce22e"
"instagram","Instagram Random Indian Comments 🇮🇳","4.914","3.51","10","10000","wizsmm","bf011de8-de00-4a90-a4cf-5ef07d97ed01"
"instagram","Hong Kong Traffic from Instagram","0.56","0.4","500","1000000","wizsmm","bf106067-cc1e-499b-af9d-84bcb7d0b6c8"
"instagram","Instagram Korean Female Followers [High Quality] [30 Days Refill] [1-2K/D] [Start 10 Minutes] [Working]","70.56","50.4","10","25000","wizsmm","bf37a60f-e83e-4715-b92f-6b548217e708"
"instagram","Instagram Indian Likes [Premium Quality] [No Drop] [30 Days Refill] [50K/D] [Instant]","0.504","0.36","10","50000","wizsmm","bf39c237-ee85-44a0-a9d6-6ecd2800c42b"
"instagram","Instagram Likes [FROM VERIFIED ACCOUNTS] [DONE IN 24 HOURS]","1225","875","1","16","wizsmm","afb1ddbb-467a-4181-acd8-24b4e4806253"
"instagram","Instagram Followers [FROM VERIFIED ACCOUNTS] [DONE IN 24 HOURS]","9625","6875","1","16","wizsmm","cb49ae03-657f-45dd-a345-190cf2e02e63"
"instagram","🔥🔥🔥 [EXCLUSIVE] Instagram Followers [Spam On] [Refill: 65 Days] [Max: 100K/username - 13K/order] [Start Time: 0-1 Hour] [Speed: 5-10K/Day] ♻️🔥🔥🔥","1.0584","0.756","13000","13000","wizsmm","3097bc64-e71c-4960-b109-abfb63f5f880"
"instagram","Instagram Channel Comments [POSITIVE] [Max: 5K] [Refill: No] [Start Time: 0 - 1 Hr] [Speed: Up to 5K/D]💧","0.875","0.625","10","5000","wizsmm","efe90599-eaad-4878-aff4-eff9321836ea"
"instagram","Instagram Followers [Max 1M] [Start Time: 0 - 1Hr] [Refill: No] [Speed: Up to 200K/D] 💧⛔","0.9625","0.6875","10","10000000","wizsmm","309929ed-c8fd-4107-ac6c-7744391bd7e1"
"instagram","Instagram Story Views + Impressions [Max: 10K] [Start Time: 0-1 Hour] [Speed: 10K/Day]","0.7","0.5","200","10000","wizsmm","30a2a0e4-b30c-4857-9ded-0fd3fb516fb7"
"instagram","Instagram Story Views [LAST POST] [Max: 5K] [Start Time: 0-1 Hr] [Speed: 5K/D] 💧","0.0875","0.0625","100","5000","wizsmm","31286fc2-4ab8-479e-90db-c3afd753222a"
"instagram","🇺🇸 USA Instagram Real Likes - [  Premium ] INSTANT","4.368","3.12","20","10000","wizsmm","c0343b34-5b2b-4e97-9807-c2d78a77b83e"
"instagram","Instagram Followers [Italy] [Non Drop] [100-1K/D] [0-6/H]","30.24","21.6","50","2500","wizsmm","1040aee0-e6d5-4055-abd9-1bc80d2f80ae"
"instagram","Instagram Views [ 𝐂𝐡𝐞𝐚𝐩 𝐒𝐞𝐫𝐯𝐞𝐫 ] [ 🚀100K ] [ Instant Start ] [ Cancel Button ] [ ♻️365D ]","0.014","0.01","100","2147483647","wizsmm","c17b1c21-3450-4dcc-8f56-15cff40e249e"
"instagram","Instagram Followers Turkey","9.912","7.08","20","400000","wizsmm","61974771-8e0d-4c97-91fe-64bf261c20e2"
"instagram","Instagram Likes [WITH CANCELATION] [Max: 5K] [Start Time: 0-1 Hour] [Speed: INSTANT] 💧⚡⛔🔥","0.1155","0.0825","10","300000","wizsmm","329fe6cd-34d2-4395-ae27-3ad2c2a4c716"
"instagram","Instagram Followers [Refill: 30D] [Max: 200K] [Start Time: 0 - 2 Hrs] [Speed: Up to 10K/D] 💧♻️","0.5688","0.4063","10","1000000","wizsmm","33950fc7-ae7f-4f12-8669-1d81c9649008"
"instagram","Instagram Followers [LOW DROP] [Refill: No] [Max: 10K] [Start Time: 1 Hour] [Speed: 5K/Day]","2.9044","2.0746","10","100000","wizsmm","33e85652-caad-4993-a832-0d03c20d1814"
"instagram","Instagram Views [Max: 2M] [Start Time: 0-1 Hour] [Speed: 5M/Day] 💧","0.35","0.25","100","2147483647","wizsmm","33fa9ef7-6050-400b-966f-22a41e02dc6c"
"instagram","Instagram Followers [Refill: 15D] [Max: 1M] [Start Time: 0 - 3 Hrs] [Speed: Up to 100K/D] 💧⛔ ♻️","0.8225","0.5875","100","1000000","wizsmm","3405ce41-5e22-4eb7-9445-3fd93bcd03b7"
"instagram","Instagram Auto Likes [Refill: No] [Max: 80K] [Start Time: 0 - 1 Hour] [Speed: 80K/Day] 💧","0.1155","0.0825","10","300000","wizsmm","340966c9-63b7-4b1a-9e52-6097c6c096c8"
"instagram","Instagram Likes [REAL] [Max: 5K] [Start Time: 0-1 Hour] [Speed: 2K/Hour]","4.704","3.36","20","3000","wizsmm","343cf00b-2725-4974-90a7-66dc83c8e3b6"
"instagram","🇮🇩Instagram Followers [Indonesia] [Refill: 30] [Max: 50K] [Start Time: 12 Hours] [Speed: 500/Day]","2.8","2","50","100000","wizsmm","34f69a05-7b5c-43ba-ae9f-1e26262a0f05"
"instagram","Instagram Followers FEMALE TOP ACCOUNTS [PRICE IS FOR 300 FOLLOWERS] [Max: 300] [Start Time: 0-9 Hours] [Speed: 300/Day]","15.96","11.4","1000","1000","wizsmm","353ed1ce-a539-4a79-ab71-5b1bc9ac04a8"
"instagram","Instagram HQ Story Views + Profile Visits [Max: 6K] [Start Time: 0-1 Hr] [Speed: 6K/D] 💧⛔","0.5075","0.3625","10","26000","wizsmm","3543db4c-e32f-4432-8d53-15bcd4867b8a"
"instagram","Instagram SPLIT Likes [REAL HUMANS] ➗ | Super-Fast ⚡️ | Last 50 posts [Enter Username]","3.332","2.38","5000","100000","wizsmm","c29c97b8-009b-4900-a102-6c2403b21bb8"
"instagram","Instagram Followers Brazil","9.912","7.08","20","150000","wizsmm","4d0f8474-5ffa-43fc-a350-0363eff22d86"
"instagram","🇧🇷👨❤️ SR - Instagram Brazilian Male Likes | 30 Days Refill ♻️ | Max 150K | 100% Brazilian Male | Business 💼️ | 10K per Hour","1.904","1.36","20","30000","wizsmm","c37dfbf2-55a8-4e56-af6a-1a15fead60b4"
"instagram","Instagram Followers [Refill: 120D] [SPAM ON] [Max: 1M] [Start Time: 0-1 Hr] [Speed: Up to 100K/D] 💧⛔♻️","2.3625","1.6875","10","1000000","wizsmm","357abc21-36ff-446d-aa09-cb5bc95bef46"
"instagram","Instagram PRANK Followers [READ DESCRIPTION] [Refill: No] [Max: 25K] [Start Time: 0-1 Hour] [Speed: 10K/Day] 💧⛔️","0.2975","0.2125","10","25000","wizsmm","35c23f4a-e1a5-4d2d-ac89-e1727ba4f1ec"
"instagram","Instagram Auto Likes [🇦🇪 🇸🇦 ARAB - GULF] [Refill: No] [Max: 3K] [Start Time: 0-1 Hour] [Speed: 3K/Day]","3.85","2.75","20","10000","wizsmm","35f4171a-c145-4a73-b36f-54d78e61557d"
"instagram","Instagram Reel Saves [Max: 100K] [Start Time: 0-1 Hour] [Speed: INSTANT]","0.2041","0.1458","100","217545811","wizsmm","35fa943d-eef5-4c33-980c-91e7ec3977dc"
"instagram","Instagram Reach + Impressions + Profile Visits [Max: 100K] [Start Time: INSTANT] [Speed: 100k/Hr]","0.77","0.55","10","1000000","wizsmm","35fb5287-dfc1-4594-8ea0-12aea71f451b"
"instagram","Instagram Profile Visits + Reach + Impressions [Max: 1M] [Start Time: 0 to 1 Hour] [Speed: 50K/Day] ⛔️💧","0.105","0.075","10","1000000","wizsmm","3637c613-b628-48d2-9f1c-b0f3759bbd2a"
"instagram","Instagram Auto RAL™ Likes [Refill: No Drop] [Max: 15K] [Start Time: 0-8 Hours] [Speed: 2K/Day] ⚡💧","11.375","8.125","50","15000","wizsmm","36bf323d-e32c-4904-a14a-f00211440fd3"
"instagram","Advanced Pack [65-72 Comments + 18-20 Followers + 120-130 Post Likes] [Start Time: 2 Hours] [Speed: 24 Hours Delivery]","46.2","33","1000","1000","wizsmm","36fe64da-1066-46a6-9198-5865ecaa0f9f"
"instagram","🇫🇷 Instagram Auto Likes [FRANCE] [Max: 1K] [Refill: Non Drop] [Start Time: 0 - 8 Hrs] [Speed: Up to 100/D]","11.76","8.4","25","1000","wizsmm","3704d733-5d81-4d09-a984-e35cc8b36654"
"instagram","Instagram Video Reach [Max: 30K] [Start Time: 0-1 Hour] [Speed: 30K/Day] 💧","0.504","0.36","10","1000000","wizsmm","370f325c-e6c8-42b4-99ac-199cd8e516de"
"instagram","Instagram Followers [Refill: 30 Days] [Max: 100K] [Start Time: 1 Hour] [Speed: 10K/Day] ♻️🔥🔥⚡⚡","1.155","0.825","1","50000000","wizsmm","371296b7-61a4-4a75-84ba-6deb9de7fe0e"
"instagram","Instagram Story Views [All Stories] [High Quality] [30K/D] [Instant]","0.224","0.16","100","30000","wizsmm","c3e5c35f-a90a-4d42-ad91-1ad7aefe59d9"
"instagram","📊 Instagram Video Views | All Videos | 1M/Day | Cancel Enable | Instant Start","0.014","0.01","100","10000000","wizsmm","c4a4c06c-44f7-4cea-8791-dcb3dd3f7b02"
"instagram","Instagram Reach + Impressions [For Post] [Fast]","0.084","0.06","10","500000","wizsmm","c4e63703-e021-4da1-bf33-0d8f96408b7b"
"instagram","Instagram Reposts [Cancel Enabled] [10K/D] [Instant]","0.644","0.46","1","10000","wizsmm","c561cf02-ba83-4ab3-8b6a-5dc26a88f53d"
"instagram","Japan Traffic from Instagram [LQ]","0.238","0.17","88","88888888","wizsmm","c5d57e90-55d7-48cf-8338-d54946018051"
"instagram","Instagram Story Views - [ Max - 5k ] [ FAST ] INSTANT","0.168","0.12","100","5000","wizsmm","c5dc2850-b8fb-4ca9-a4a0-e7e736f91eaf"
"instagram","Instagram Auto Comments [RANDOM] [NEVER DROP] [Max: 5K] [Start Time: 0-1 Hour] [Speed: INSTANT]","23.52","16.8","5","5000","wizsmm","3743d402-d6b6-48f3-9398-dc2d436dba08"
"instagram","🇳🇬Instagram Auto Likes [NIGERIA] [Refill: No] [Max: 2K] [Start Time: 1 Hour] [Speed: 2K/Day]","43.75","31.25","100","2500","wizsmm","0e31d396-f473-4a40-b409-292dfc1e453f"
"instagram","Instagram Auto Likes [ARAB - عرب متفاعلين] [Refill: 30 Days] [Max: 500] [Start Time: 0 -12 Hours] [Speed: 500/Day]","3.0625","2.1875","100","100000","wizsmm","76284b30-e5b9-4a88-b5db-1c63dcac5684"
"instagram","🇪🇸 Instagram Followers [SPAIN] [Start Time: 0 - 1 Hour] [Speed: 500/Day]","10.416","7.44","20","2000","wizsmm","374fd97f-29c8-4a0a-b1d3-0fe916604a77"
"instagram","Instagram Auto Likes [Refill: AR30] [Max: 200K] [Start Time: 1 Hour] [Speed: 5K/D] ⛔️","0.6125","0.4375","10","50000","wizsmm","37b617be-bd88-4816-90f7-fbf457d283ee"
"instagram","Instagram Likes + Reach + Impressions [Refill: 30] [Max: 10K] [Start Time: 0 - 1 Hour] [Speed: 10K/Day] 💧","0.3255","0.2325","10","100000","wizsmm","381f76fd-e284-429c-b8ff-4ebf6f56f0b9"
"instagram","Instagram Story Profile Visits [Max: 100K] [Start Time: 0-1 Hour] [Speed: 100K/Day]","2.8","2","10","100000","wizsmm","3830e67f-68a9-42be-bf8a-4caa498f9971"
"instagram","🇫🇷 Instagram France Likes – [ Special ] [ Mixed ] [ Non-Drop ] [ Real Service ] NO REFILL","10.92","7.8","25","1000","wizsmm","c611048c-4984-427f-b928-98e00a3156cc"
"instagram","Instagram | Comments | Extremely Fast | WW | Female | Random Positive | Texts [THAI] | Start: Instant | Speed: 20K/day","14.742","10.53","10","100","wizsmm","c66db785-62dd-4225-834b-effe9ad36310"
"instagram","Instagram SPLIT Likes ➗ | Super-Fast ⚡️ | Last 100 posts [Enter Username]","0.448","0.32","10000","100000","wizsmm","c736b3ad-490f-4a7f-a173-66c8ee466789"
"instagram","🇧🇷 Instagram Auto Likes [BRAZIL] [Refill: No] [Max: 40K] [Start Time: 0 - 1 Hours] [Speed: 10K/Day] 💧","0.875","0.625","10","50000","wizsmm","b3223a81-ac4c-4053-b90f-b11a7f1b4b4e"
"instagram","Instagram Followers [SPAM ON] [Refill: 30D] [Max: 100K] [Start Time: 0-1 Hr] [Speed: Up to 5K/D] 💧⛔♻️","5.6","4","100","1000000000","wizsmm","39a9aa7b-82c1-4b51-98f2-df3e6d423c79"
"instagram","Instagram Followers [SPAM ON] [Max: 1M] [Refill: 30D] [Start Time: 0 - 1 Hour] [Speed: 50K/Day] ♻️💧⛔","4.1125","2.9375","10","1000000","wizsmm","39b17729-2f85-40f6-9fa9-b2a6e2917591"
"instagram","Instagram Followers [Refill: 30D] [Max: 200K] [Start Time: 0-2 Hrs] [Speed: Up to 20K/D] 💧♻️","0.3458","0.247","100","1000000","wizsmm","39c71a74-21ab-4593-be3d-3ea23e41c196"
"instagram","Instagram Impressions [Max: 1M] [Start Time: 0-1 Hour] [Speed: 500K/Day]","0.084","0.06","10","1000000","wizsmm","39cc65c9-00bb-4c6e-9f64-577ef05ad713"
"instagram","Instagram Auto Views [Max: 50K] [Start Time: Instant] [Speed: 50K/Day] 💧","0.875","0.625","100","100000000","wizsmm","c702d03c-3863-4227-9534-62e658c339e7"
"instagram","Instagram Followers [WW] [Max: 1M] [Refill: 365Days] [Start Time: 0 - 1 Hour] [Speed: 50K/Day] ♻️","1.029","0.735","1","10000000","wizsmm","3a17909a-332f-4d13-939c-27319cf516fa"
"instagram","Instagram Followers [Refill: 365 Days] [Max: 1M] [Start Time: 0 - 2 Hours] [Speed: 100K/Day] 💧♻️⛔️","1.3885","0.9918","10","5000000","wizsmm","3a279396-efcb-4d48-b09b-14cd3f020c4d"
"instagram","Instagram Auto Views [Max: 10M] [Start Time:0 - 1 Hours] [Speed: Up to 2M / Day] ⚡","1.75","1.25","100","100000000","wizsmm","286e72ea-4201-4042-90d3-ae809083f308"
"instagram","Instagram Followers Latin","9.912","7.08","20","250000","wizsmm","3f9d2bfd-ab28-41e9-be3a-39091161285d"
"instagram","🇧🇷👩❤️ SR - Instagram Brazilian Women Likes | 30 Days Refill ♻️ | Max 150K | 100% Brazilian Women | Business 💼️ | 10K per Hour","1.904","1.36","20","50000","wizsmm","c8e5c1af-1ae7-454b-8d7d-bd7ad7a26f43"
"instagram","Instagram RAF™ Followers [MALE] [Refill: No Drop] [Max: 5K] [Start Time: 0-8 Hours] [Speed: 1K/Day] ⚡💧","39.1125","27.9375","50","5000","wizsmm","3b22dc91-79b9-4d87-92d6-f91bff1bf03f"
"instagram","Instagram Followers [HQ] [Max 10K] [WORKING] [Start Time: 0 - 1Hr] [Refill: No] [Speed: 10K/D] 💧","1.54","1.1","10","10000000","wizsmm","3b6b5e93-02e2-418e-8b6c-e3eb07df216d"
"instagram","Instagram Comment Likes [SPECIFIC COMMENT] [Refill: No] [Max: 2K] [Start Time: 0-1 Hr] [Speed: 2K/Day]  ⚡️","1.582","1.13","20","2000","wizsmm","3b8b44a2-f038-4393-988c-424b187253af"
"instagram","Instagram Likes [5 Likes Per Minute] [Max: 10K] [Start Time: 0-1 Hour]","1.89","1.35","20","10000","wizsmm","3bd8de57-23b0-49c1-90c6-9dbfdd4553da"
"instagram","🇺🇸 Instagram Comments [USA] [Max: 1K] [Start Time: 0 - 1 Hour] [Speed: Up to 1K/Day]","770","550","5","500","wizsmm","d4c8bbc9-5c03-4b95-9c4d-4ede51703e7d"
"instagram","🇺🇸 Instagram Custom Comments [USA] [Max: 800] [Start Time: 0 - 1 Hour] [Speed: Up to 2K/Day]","770","550","5","500","wizsmm","6e398af6-c4ff-4f9f-9666-75dec018ec96"
"instagram","Instagram Saves [Max: 5K] [Start Time: 1 Hour] [Speed: 5K/Day]","0.105","0.075","10","1000000","wizsmm","3bdda3d7-f677-4d73-b8d8-6fbe620d980b"
"instagram","Instagram Followers [Max 10M] [SPAM ON] [Start Time: 0 - 1Hr] [Refill: No] [Speed: Up to 500K/D] 💧⛔","0.5775","0.4125","100","10000000","wizsmm","3bf7aacc-acb4-48e7-89d4-a313f4a81940"
"instagram","🇺🇸 Instagram Auto Likes [USA] [Refill: 30D] [Max: 4K] [Start Time: 0 - 1 Hr] [Speed: 3K/D]","2.1","1.5","20","4000","wizsmm","3c001aa8-a98e-414d-9c66-45f03aaf8c38"
"instagram","Instagram Story Views + Profile Visits [Max: 1M] [Start Time: 0 - 1 Hr] [Speed: 50K/D] 💧","0.0053","0.0038","100","1000000","wizsmm","3c0414d9-50d6-4942-acdf-c5e9edc1b670"
"instagram","🇰🇷 Instagram Likes [KOREA] [Start Time: 0 - 1 Hour] [Speed: 2K/Day]","4.704","3.36","20","3000","wizsmm","3c153786-dd48-4d27-979e-5d6270f29013"
"instagram","🇰🇷🇰🇵 Instagram Likes + Impressions + Reach [Korea] [HQ] [Refill: 90 Days] [Max: 10K] [Start Time: 0 - 1 Hour] [Speed: 10K/Day]","11.83","8.45","20","20000","wizsmm","3c9214fc-3c5a-4cd8-b43c-8f5c020b3551"
"instagram","Pakistan Traffic from Instagram","0.56","0.4","500","1000000","wizsmm","c96b47d0-517c-48a4-9726-d99d86637994"
"instagram","🇮🇹 Instagram Italy Male Followers | 30 Days Refill | %100 Italy Users 🇮🇹 | 10K Per Day","21.336","15.24","20","25000","wizsmm","c991dbc8-d0ef-4ab2-b389-8a06a33489f8"
"instagram","🇦🇪 Instagram Arab Female Followers | 30 Days Refill | %100 Arab Users 🇦🇪 | 5K Per Hour","6.44","4.6","20","100000","wizsmm","ca7bd147-9720-4494-9a60-4a4c12667c6f"
"instagram","Instagram Scrape Data [ Location ] 24 Hours Delivery","1.722","1.23","3000","1000000","wizsmm","cbec6877-fe93-4476-acc7-afb336cb9b0e"
"instagram","🇺🇸 Instagram Comments [USA] [Start Time: 0 - 1 Hour] [Speed: 5K/Day]","84","60","5","50","wizsmm","d5b3b17d-f874-4c70-9d22-e64307cfcf82"
"instagram","🇩🇪 🇦🇹 🇨🇭 Instagram Likes [GERMANY MIX] [NON DROP] [Start Time: 0-12 Hours]","64.75","46.25","25","1000","wizsmm","84f64fc7-e896-4b4e-98f1-5f49b18ea8d8"
"instagram","🇩🇪 🇦🇹 🇨🇭 Instagram Followers [GERMANY MIX] [NON DROP] [Start Time: 0-12 Hours]","78.75","56.25","25","1000","wizsmm","e4818cfb-89b1-4daa-bb5e-dd54a06d9461"
"instagram","Instagram Auto Impressions [Max: 500K] [Start Time: 0-1 Hour] [Speed: INSTANT]","0.0875","0.0625","10","1000000","wizsmm","3cfec338-142c-4c66-8b36-c312ba6f5358"
"instagram","🇺🇸🇬🇧 Instagram Likes [USA/UK] [Start Time: Instant] [Speed: 50/Day]","87.5","62.5","5","200","wizsmm","6ee63165-4380-4575-b16a-6deb045e2d2d"
"instagram","🇫🇷 Instagram Likes [France] [Start Time: Instant] [Speed: 50/Day]","87.5","62.5","5","200","wizsmm","3bfb57e1-b6b7-4252-9921-092df8258950"
"instagram","🇩🇪 Instagram Likes [Germany] [Start Time: Instant] [Speed: 50/Day]","87.5","62.5","5","500","wizsmm","b8100bb7-21ee-424d-868c-7bdcacadc18c"
"instagram","🇸🇪 Instagram Likes [Sweden] [Start Time: Instant] [Speed: 50/Day]","87.5","62.5","5","200","wizsmm","64430c1c-6493-4777-8878-6f0faf473a5b"
"instagram","🇫🇷Instagram Followers [France] [Start Time: Instant] [Speed: 50/Day]","525","375","5","200","wizsmm","4495e27d-bad2-48b7-96e5-6818bd93459a"
"instagram","Instagram | Comments | Extremely Fast | COLOMBIA | Male | Random Positive | Emojis | Start: Instant | Speed: 20K/day","21.294","15.21","10","100","wizsmm","cc356494-fb35-46fd-b5e3-d26ebbe643c1"
"instagram","🇮🇳 Instagram Custom Comments [ Max - 5k ] [ Real Indian ] 0-6 HRS","8.848","6.32","10","10000","wizsmm","ccb0ddc9-cf6d-4421-9cd7-3e687430bb1a"
"instagram","📊 Instagram Video views and Reach | All Videos | 500k/Day | Cancel Enable | Instant Start","0.084","0.06","100","500000","wizsmm","ccee7d41-67cc-4346-b3d3-136576735367"
"instagram","Instagram Likes  - [ Max - 10k ] [ Europe + Korean ] [ 1k/Hour ]  INSTANT","0.882","0.63","10","5000","wizsmm","cd0d1b0c-42c0-46be-86dd-1ec0fbcf6f42"
"instagram","Philippines Traffic from Instagram","0.56","0.4","500","1000000","wizsmm","cd143482-cae3-4118-a271-78dab2e6af2f"
"instagram","Instagram | Comments | Extremely Fast | WW | Female | Random Positive | Texts [KOREAN] | Start: Instant | Speed: 20K/day","14.742","10.53","10","100","wizsmm","cda28936-9662-4118-a653-0efb116ad09b"
"instagram","Instagram SPLIT Saves ➗ | Super-Fast ⚡️ | Last 200 posts [Enter Username]","0.266","0.19","20000","200000","wizsmm","cddec8cb-f3bb-4db8-a015-4fab49dcae6e"
"instagram","🇧🇷 Instagram Auto Likes [HQ] [Brazil] [Refill: 30D] [Max: 30K] [Start Time: 0 - 1 Hr] [Speed: 20K/D] 💧♻️","1.75","1.25","10","100000","wizsmm","bf9625e2-9f31-4e1b-8dd8-1942c8c8a89e"
"instagram","⚠️🔥🎇🇺🇸🇪🇺 Instagram Likes [MALE] USA / EUROPE [EXCLUSIVE  - NON DROP]","9.975","7.125","30","6050","wizsmm","3df7dfb2-1207-4833-b984-eac09f2786b9"
"instagram","Instagram Followers [BR 🇧🇷] [Refill: No] [Max: 100K] [Start Time: 0 - 2 Hrs] [Speed: Up to 1K/D] 💧","2.625","1.875","5","100000","wizsmm","3b8b18eb-e119-4fd6-a5bd-2f6da57254f6"
"instagram","🇮🇹 Instagram Auto Likes + Impressions + Reach [ITALY] [NON DROP] [Max: 2.5K] [Start Time: 4 Hours] [Speed: 1K/Day]","16.7045","11.9318","10","5000","wizsmm","3e0428c4-f5d7-4d37-a909-b24e7735176d"
"instagram","Instagram Followers [BR 🇧🇷] [Refill: 30D] [Max: 100K] [Start Time: 0 - 2 Hrs] [Speed: Up to 1K/D] 💧","3.5","2.5","5","100000","wizsmm","dcd8c1e7-13de-431d-93fe-363ca4506def"
"instagram","Instagram Followers [SPAM OFF] [Refill: 30D] [Max: 1M] [Start Time: 0-1 Hr] [Speed: 20K/Day] ♻️ 💧 ⛔","0.6668","0.4763","10","5000000","wizsmm","3e435cda-e35c-4c45-a435-c58983641849"
"instagram","Instagram Followers [BR 🇧🇷] [Refill: No] [Max: 100K] [Start Time: 0 - 2 Hrs] [Speed: Up to 2K/D] 💧","3.9375","2.8125","5","100000","wizsmm","8c6ecbcd-2a84-4ac4-a1a9-04ae7d41ba2e"
"instagram","Instagram Post Views [Increase stats for Image/Sidecar] [10M/D] [Instant]","0.028","0.02","100","10000000","wizsmm","ce00d14e-a3f9-4098-a07b-af1007880ecd"
"instagram","Vietnam Traffic from Instagram","0.56","0.4","500","1000000","wizsmm","ce133a13-fe44-4f39-8bed-c81a857787ad"
"instagram","Instagram Emoji Comments - [ Max - 1M ] [ Fast ]  INSTANT","5.6","4","10","1000000","wizsmm","ce21cf6d-0390-4963-9214-a2fa96a1d232"
"instagram","Instagram Followers Indonesia","15.12","10.8","20","20000","wizsmm","588e866c-b99c-4eef-821a-b7d5cbda1712"
"instagram","Instagram Impressions [From Home + Explore + Location + Profile] [Instant]","0.084","0.06","10","1000000","wizsmm","00abe136-4eaa-43a5-a8b2-16f5397c31df"
"instagram","🇧🇷 Instagram Comments [BRAZIL - REAL] [Max: 500] [Start Time: 0 -  1 Hr] [Speed: 500/D]","140","100","5","100","wizsmm","71634fa9-a8d2-4443-9b96-a12adfe1e066"
"instagram","INSTAGRAM PACKAGE HQ [BRAZIL] [150-200 likes][20 Comments] [20 Comment Like][10 Comment Reply]","2.625","1.875","1","1","wizsmm","4cb126ce-83fc-49ee-ab54-965612d39eec"
"instagram","Instagram Followers [SPAM ON] [Max: 100K] [Refill: 60D] [Start Time: 0 - 1 Hour] [Speed: 20K/Day] ♻️💧⛔","0.7277","0.5198","1","1000000","wizsmm","3fd98b5e-a876-4c8f-ae16-3927a2f1e065"
"instagram","🇰🇷 South Korea Instagram Growth Package [50] [30 Days]","84","60","1","1","wizsmm","f507cdc2-8342-48e3-bc3a-008dea47d134"
"instagram","Instagram Auto Likes [Refill: 180 Days] [Max: 50K] [Start Time: 1 Hour] [Speed: 5K/Day] ♻️","0.1155","0.0825","10","250000","wizsmm","4025375b-48f1-45b7-a7e2-8da66d3e7402"
"instagram","🇳🇬 Instagram Followers Nigeria [Max: 20K] [Start Time: 1 Hour] [Speed: 1.5K/Day]","52.5","37.5","400","4500","wizsmm","631020d2-08f3-47f7-bc5e-63d6a270306c"
"instagram","🇳🇬 Instagram Likes Nigeria [Max: 2K] [Start Time: 1 Hour] [Speed: 1.5K/Day]","43.75","31.25","100","2500","wizsmm","de86b3a4-b81e-49ac-91b0-89cf8a228f98"
"instagram","🇳🇬 Instagram Comments Nigeria [Max: 2K] [Start Time: 1 Hour] [Speed: 100/Day]","91","65","50","2500","wizsmm","142a01c8-223a-41b1-8982-958b7ddc93f3"
"instagram","Instagram Auto Views [REEL + IGTV + POSTS] [Max: 9M] [Start Time: 0-1 Hour] [Speed: 100K/Day]","1.7325","1.2375","100","100000000","wizsmm","409402eb-3a2a-48a3-9874-64db463a762e"
"instagram","Instagram Reposts + Reach [10K] [INSTANT - 3K/Day]","0.7875","0.5625","10","10000","wizsmm","4114eeed-d8d8-4878-a359-de86ce55fddf"
"instagram","ID:3 | Instagram Followers | 100-300K/D - R90 | Drop Rate: 0-5%","2.66","1.9","10","1000000","wizsmm","0021b9dc-49f3-4115-b84f-5ad2b81874cc"
"instagram","🇦🇪 Instagram Arab Male Followers | 30 Days Refill | %100 Arab Users 🇦🇪 | 5K Per Hour","6.44","4.6","20","100000","wizsmm","08c071a9-3bd7-4ff9-999c-a9c65bfe637c"
"instagram","Instagram Likes [Germany] [Non Drop] [100-1K/D] [0-6/H]","11.508","8.22","25","2500","wizsmm","3c275bd7-98cc-4c53-9481-6037da7c7c20"
"instagram","Instagram Followers Nigeria","15.12","10.8","20","20000","wizsmm","ac4fc026-3223-4a0a-b079-a2e97ccbe731"
"instagram","Instagram Likes [France] [Non Drop] [100-1K/D] [0-6/H]","11.396","8.14","25","1000","wizsmm","a2214719-1114-402e-83b2-cb4e53b22749"
"instagram","Real Organic Comments from Black People [VIP]-MALE","396.06","282.9","5","200","wizsmm","a00e7d58-7faa-4515-acc8-415d290b88dc"
"instagram","Real Custom Comments from USA African American profiles [VIP]","811.44","579.6","5","250","wizsmm","6fdc7c42-950d-4e5a-8271-2d5656adfb63"
"instagram","Real Comments from USA African American profiles [VIP]","811.44","579.6","5","250","wizsmm","511ad802-e7e0-405e-80ad-932d8c277702"
"instagram","Instagram Followers France","25.2","18","20","20000","wizsmm","7745075b-ef4c-4959-a916-7837b3b4bbbe"
"instagram","Instagram Impressions [Photo + Explore + Home] [Max: 1M] [Start Time: 0-1 Hour] [Speed: INSTANT]","0.063","0.045","10","1000000","wizsmm","41b03589-cb5a-4fcc-8f68-f3a7d297c3f7"
"instagram","Instagram Saves [Max: 50K] [Start Time: 0-1 Hr] [Speed: Up to 20K/D] 💧","0.105","0.075","10","1000000","wizsmm","421b6f6f-c418-4979-9b28-23fba3d656dc"
"instagram","🇪🇸 Instagram REPOST [Max: 100K] [Start Time: 0 -1 Hr] [Speed: Up to 50K/D]💧⛔","13.825","9.875","10","100000","wizsmm","425c38d9-7e17-4121-bcbd-0a7b9df8bfd8"
"instagram","Egypt [Mix]İnstagram Followers 100.000 ♻️90 Days Refill","7.28","5.2","20","100000","wizsmm","b8ccbed7-3a1f-4262-bbd2-3598f7dfac5a"
"instagram","IG Likes [Latin America + Mexico] [30 Days Auto Refill] [Cancel Enabled] [5K/D] [0-1/H]","1.75","1.25","10","5000","wizsmm","36e68d45-bf87-4780-86ef-5b9398813fa9"
"instagram","90% Views + 10% Likes | Super Fast | 500K","0.168","0.12","120","500000","wizsmm","730741ae-c8d2-4e63-886f-6a25359e0531"
"instagram","80% Views + 20% Likes | Super Fast | 500K","0.168","0.12","130","500000","wizsmm","932c6edf-e7e8-4ce8-bb3d-9cfe9193d281"
"instagram","70% Views + 30% Likes |  Super Fast | 500K","0.154","0.11","150","500000","wizsmm","e023a127-2125-42f2-ad0a-e317b0e0c315"
"instagram","----------- 𝐋𝐈𝐊𝐄𝐒 + 𝐂𝐎𝐌𝐌𝐄𝐍𝐓𝐒 [𝐄𝐌𝐎𝐉𝐈𝐒] -----------","1638","1170","1","1","wizsmm","aa91bbe9-3596-40f1-93fb-e1241c1214cd"
"instagram","98% Likes + 2% Comments | EMOJIS |  Super Fast | 50K","0.21","0.15","250","20000","wizsmm","8c204556-d20f-4b76-a33b-028376f27e70"
"instagram","95% Likes + 5% Comments | EMOJIS |  Super Fast | 50K","0.322","0.23","100","20000","wizsmm","a16cb1a4-e793-4023-ab8b-a59351302709"
"instagram","90% Likes + 10% Comments | EMOJIS |  Super Fast | 50K","0.518","0.37","100","20000","wizsmm","eae9bc13-5143-49a1-bb26-b9bfa79dfd92"
"instagram","----------- 𝐋𝐈𝐊𝐄𝐒 + 𝐂𝐎𝐌𝐌𝐄𝐍𝐓𝐒 [𝐓𝐄𝐗𝐓𝐒] -----------","1638","1170","1","1","wizsmm","2cbf002c-37d6-4f79-a82d-2bc4c79508a1"
"instagram","98% Likes + 2% Comments | ENGLISH COMPLIMENTS | Super Fast | 50K","0.602","0.43","500","50000","wizsmm","9bd4542c-5d2f-444d-8740-547aac75206a"
"instagram","95% Likes + 5% Comments | ENGLISH COMPLIMENTS | Super Fast | 50K","0.91","0.65","200","20000","wizsmm","4f427afd-6394-4594-b1d6-12ac444188fc"
"instagram","90% Likes + 10% Comments | ENGLISH COMPLIMENTS | Super Fast | 50K","1.792","1.28","100","20000","wizsmm","68a6d43e-625f-4739-b3ad-904faa06b9e8"
"instagram","----------- 𝐀𝐂𝐓𝐈𝐕𝐄 𝐋𝐈𝐊𝐄𝐒 + 𝐀𝐂𝐓𝐈𝐕𝐄 𝐂𝐎𝐌𝐌𝐄𝐍𝐓𝐒 -----------","1638","1170","1","1","wizsmm","3f1de8a9-a7b7-4835-9d91-7157eab998ff"
"instagram","Instagram Likes [50 Likes Per Minute] [Max: 10K] [Start Time: 0-1 Hour]","1.89","1.35","20","10000","wizsmm","441254bf-0691-4a6e-89a7-4817148cc2fe"
"instagram","Instagram Auto Comments [RANDOM] [Max: 75K] [Start Time: 0-1 Hour] [Speed: 10K/Day]","7.875","5.625","10","100000","wizsmm","c10ee6af-f923-4217-9b02-0b6f927cf73c"
"instagram","Instagram Auto Emoji Comments [RANDOM] [Max: 100K] [Start Time: 0-1 Hour] [Speed: 10K/Day]","7.875","5.625","10","100000","wizsmm","9657bea2-e412-4060-aa75-28b2efd5c14f"
"instagram","Instagram Auto Comments [RANDOM] [90% ENGLISH] [NON DROP] [Max: 500] [Start Time: 0-1 Hour] [Speed: 2K/Day]","42","30","10","50","wizsmm","80f21548-477e-486c-9bad-5a223ad28b24"
"instagram","Instagram Auto Comments [RANDOM] [MALE] [Max: 100] [Start Time: 1 Hour] [Speed: INSTANT]","70","50","10","500","wizsmm","80a9ef52-c726-4887-abdf-71ed7ee18c35"
"instagram","Instagram Auto Comments [FEMALE] [Max: 200] [Start Time: 1 Hour] [Speed: INSTANT]","70","50","10","500","wizsmm","30e9ca49-e8b1-4086-9191-3b231f11fffb"
"instagram","Instagram Comments [RANDOM] [100] [INDONESIA]","100.8","72","10","100","wizsmm","444a79d4-b066-4e97-b9e3-2cf5adf03e87"
"instagram","Instagram Auto Comments [RANDOM] [100] [FEMALE] [SPORTS/ FASHION RELATED] [MONTHLY UNLIMITED POST]","525","375","1","1","wizsmm","8c750248-69a2-4ed4-9381-c352eae0d4b4"
"instagram","Instagram Auto Comments [CUSTOM] [100] [FEMALE] [SPORTS/ FASHION RELATED] [MONTHLY UNLIMITED POST]","875","625","1","1","wizsmm","ac77db71-180c-4fd1-b0c8-c2e286f7d863"
"instagram","100% REAL &amp;amp; Active Likes + 5% REAL Active Comments","3.122","2.23","20","5000","wizsmm","89c50d73-3833-4270-9451-968e5f795830"
"instagram","Instagram Comments | 3 Comments | MQ | Random | Emojis | Fast","0.126","0.09","1000","1000","wizsmm","ffe5e007-22de-4cd7-b60b-e71605f53962"
"instagram","Instagram Comments | 5 Comments | MQ | Random | Emojis | Fast","0.21","0.15","1000","1000","wizsmm","6f638ebd-5d12-48e1-84d7-931f81d6885b"
"instagram","Instagram Comments | 7 Comments | MQ | Random | Emojis | Fast","0.294","0.21","1000","1000","wizsmm","7c78edc9-40cd-423c-a7ba-758fffeef612"
"instagram","Instagram Comments | 10 Comments | MQ | Random | Emojis | Fast","0.42","0.3","1000","1000","wizsmm","dcf00c8c-19d4-4c75-8e76-38a8f1485058"
"instagram","Instagram Comments | 15 Comments | MQ | Random | Emojis | Fast","0.616","0.44","1000","1000","wizsmm","4ebbb17d-72c4-49e0-8ba1-8de619af1314"
"instagram","Instagram Comments | 30 Comments | MQ | Random | Emojis | Fast","1.232","0.88","1000","1000","wizsmm","c09f54e5-7463-449b-bd8a-e3888b28fa80"
"instagram","Instagram Comments | 40 Comments | MQ | Random | Emojis | Fast","1.638","1.17","1000","1000","wizsmm","9d887b5b-cb8d-4f52-8f86-37569ce8fbb3"
"instagram","Instagram Comments | 60 Comments | MQ | Random | Emojis | Fast","2.464","1.76","1000","1000","wizsmm","41d68ad3-df0c-4365-a32d-7ea24c09bd2c"
"instagram","Instagram Comments | 80 Comments | MQ | Random | Emojis | Fast","3.276","2.34","1000","1000","wizsmm","76aa2c00-7f07-4405-ac99-02ce57799f40"
"instagram","Instagram Comments | Nigeria | Real Humans | Post Related | No Drops  | 100% Real - Most Very Good Accounts","49.14","35.1","1","200","wizsmm","f233ebf7-70e6-4d4f-b891-400fc8748f74"
"instagram","Instagram Likes | Mexico | MQ | Super Fast","8.19","5.85","10","10000","wizsmm","8f6216b7-38ef-46ed-b679-8ecb25b53249"
"instagram","Instagram Comments | Mexico | MQ | Random | Emojis | Super Fast","24.57","17.55","10","200","wizsmm","48935601-0eeb-4a54-bd6f-a485b42b7168"
"instagram","Instagram Likes [🇪🇺 Europe] Super Real [Max: 2000]","81.9","58.5","5","800","wizsmm","d41a0b8d-c946-409c-bcf7-aca16614d829"
"instagram","Instagram Likes [🇺🇸 USA &amp; 🇬🇧 UK] Super Real [Max: 500]","81.9","58.5","5","200","wizsmm","7c9cd227-2643-4d99-97fe-5c2e9e973987"
"instagram","Instagram Likes [🇸🇪 Sweden] Super Real [Max: 100]","81.9","58.5","5","200","wizsmm","9ddbfa3e-a048-41b7-8737-9e5db3307d1a"
"instagram","Instagram Likes [Scandinavia] Super Real [Max: 400]","81.9","58.5","5","400","wizsmm","dc685c7c-3ced-4a5e-b065-a4bfc34313f7"
"instagram","Instagram Followers [🇪🇺 Europe] Super Real [Max: 2000]","491.4","351","5","800","wizsmm","ecb508e9-1a8f-4243-8f3a-590e63eab428"
"instagram","Instagram Followers [🇫🇷 France] Super Real [Max: 300]","491.4","351","5","200","wizsmm","cac655e4-5150-408c-8998-0a2665dc0fd3"
"instagram","Instagram Followers [🇺🇸 USA &amp; 🇬🇧 UK] Super Real [Max: 500]","491.4","351","5","200","wizsmm","e5ffee5d-b866-4629-bd99-e60f83b7d8be"
"instagram","Instagram Followers [🇸🇪 Sweden] Super Real [Max: 100]","491.4","351","5","200","wizsmm","1e867fdb-5bab-49c8-97d3-012717d542f8"
"instagram","Instagram Followers [Scandinavia] Super Real [Max: 400]","491.4","351","5","400","wizsmm","9d781dc8-071f-4182-a3a4-98b89a4a8098"
"instagram","🇺🇸 / 🇪🇺 Instagram Likes [USA &amp; EU] [Refill: 30D] [Max: 5K] [Start Time: 0 - 3 Hrs] [Speed: 3K/D]","2.8","2","20","10000","wizsmm","4535423b-da62-49bf-9d7a-87ef4695a2fe"
"instagram","Instagram Followers [Max: 1M] [Refill: 365D] [Start Time: 0 - 1 Hr] [Speed: Up to 200K/D] ♻️⛔💧","4.2","3","10","10000000","wizsmm","453b4de1-0373-4e9d-9355-165ac006d9e4"
"instagram","Instagram Followers [WORKING] [Refill: No] [Max: 50K] [Start Time: 0 - 1Hr] [Speed: 50K/D] 💧⛔️","2.3625","1.6875","10","250000","wizsmm","453d8b9c-2cf3-4b6b-9d8c-e9b1b71d52ec"
"instagram","Instagram Followers [SPAM OFF] [Refill: 30D] [Max: 1M] [Start Time: 0 - 3Hrs] [Speed: 2K/D] ♻️💧⛔","1.876","1.34","10","10000000","wizsmm","45916f93-f6a2-4cee-8d0d-f0b2da3f274c"
"instagram","🇧🇷 Instagram Followers [Max: 40K] [Refill: 30D] [Start Time: 0 - 1 Hour] [Speed: Up to 10K/Day] ♻️💧⛔","5.5822","3.9873","10","56000","wizsmm","46290467-82f2-4ab6-a742-3a972d397b05"
"instagram","Instagram Custom Comments [🇪🇺 Europe] Super Real [Max: 2000] [🏷️ Discount]","573.3","409.5","4","2000","wizsmm","098f98b3-122b-49de-bd83-04bcce1cc645"
"instagram","Instagram Custom Comments [🇫🇷 France] Super Real [Max: 300]","819","585","4","300","wizsmm","e0e5d808-9055-4ba3-9fde-d7002e84da2f"
"instagram","Instagram Custom Comments [🇺🇸 USA &amp; 🇬🇧 UK] Super Real [Max: 500]","819","585","4","500","wizsmm","110b3009-10a8-4924-9d4c-aa544cdd7678"
"instagram","Instagram Custom Comments [🇪🇸 Spain] Super Real	 [Max: 100]","819","585","4","100","wizsmm","c028f1cd-d500-4c1d-a3e5-155b5af26cce"
"instagram","Instagram Custom Comments [🇸🇪 Sweden] Super Real [Max: 100]","819","585","4","200","wizsmm","5805dbc6-a2bc-4d57-ac7a-c87b1aa2c932"
"instagram","Instagram Custom Comments [Scandinavia] Super Real [Max: 400]","819","585","4","400","wizsmm","29203101-4a64-4739-9c29-36a9989b1dee"
"instagram","Instagram Random Comments [🇺🇸 USA &amp; 🇬🇧 UK] Super Real [Max: 500]","819","585","4","500","wizsmm","0ec9dbb9-951a-4dd5-a9aa-96d4cb851b69"
"instagram","Instagram Random Comments [🇫🇷 France] Super Real [Max: 300]","819","585","4","300","wizsmm","f13c5556-4e03-4776-9b3f-f5928ec9f759"
"instagram","Instagram Random Comments [🇫🇷 France] Super Real [Male] [Max: 300]","982.8","702","4","120","wizsmm","1e167b41-b921-446c-ab7d-f1688b1dbaa3"
"instagram","Instagram Random Comments [🇫🇷 France] Super Real [Female] [Max: 300]","982.8","702","4","180","wizsmm","0932a440-73bb-4561-9036-44aa4ea05d65"
"instagram","Instagram Random Comments [🇪🇸 Spain] Super Real [Max: 100]","819","585","4","100","wizsmm","04f99e50-533b-4d33-8ebe-63a43d22bc37"
"instagram","Instagram Followers [🇫🇷 France] Super Real [Male] [Max: 120]","819","585","5","120","wizsmm","5c60e9c4-2170-4007-b4a8-f65f5eeaaf1a"
"instagram","Instagram Followers [🇸🇪 Sweden] Super Real [Male] [Max: 35]","819","585","5","100","wizsmm","1f04494d-8e1c-4886-9e62-f1def1989b22"
"instagram","Instagram Followers [🇸🇪 Sweden] Super Real [Female] [Max: 65]","819","585","5","100","wizsmm","b18fdb2d-94f1-45ed-bba7-1109665143b2"
"instagram","Instagram Custom Comments [🇪🇺 Europe] Super Real [Male] [Max: 600] [🏷️]","737.1","526.5","4","600","wizsmm","da94542c-c343-4204-b3cd-225ff8300cd6"
"instagram","Instagram Custom Comments [🇪🇺 Europe] Super Real [Female] [Max: 1200] [🏷️]","737.1","526.5","4","1200","wizsmm","fc01b545-c1ce-4919-b790-634ad3006198"
"instagram","Instagram Custom Comments [🇫🇷 France] Super Real [Male] [Max: 120]","982.8","702","4","120","wizsmm","624ded62-a77d-4a5d-8b4c-78a4d77913f0"
"instagram","Instagram Custom Comments [🇫🇷 France] Super Real [Female] [Max: 180]","982.8","702","4","180","wizsmm","1aa33c73-b6af-487d-9dda-fc889edc08cf"
"instagram","Instagram Custom Comments [🇺🇸 USA &amp; 🇬🇧 UK] Super Real [Male] [Max: 150]","982.8","702","4","150","wizsmm","bd29d297-f7fd-4b6c-883e-945a0368d80e"
"instagram","Instagram Custom Comments [🇺🇸 USA &amp; 🇬🇧 UK] Super Real [Female] [Max: 350]","982.8","702","4","350","wizsmm","c183ed53-5fef-4245-9fe4-35220692d9c0"
"instagram","Instagram Custom Comments [🇪🇸 Spain] Super Real [Male] [Max: 40]","982.8","702","4","40","wizsmm","d6abd428-24f9-40c2-9b71-59922fb0b333"
"instagram","Instagram Custom Comments [🇪🇸 Spain] Super Real [Female] [Max: 60]","982.8","702","4","60","wizsmm","3be2da10-a5b0-45cc-a505-ac1907f8e986"
"instagram","Instagram Custom Comments [🇸🇪 Sweden] Super Real [Male] [Max: 35]","982.8","702","4","100","wizsmm","5c4e3830-6b32-4ecf-928c-5b430ca65de2"
"instagram","🇫🇷Instagram Followers [FRANCE] [Max: 1K] [Refill: Non Drop] [Start Time: 0 - 8 Hrs] [Speed: Up to 100/D]","33.1625","23.6875","25","1000","wizsmm","470de302-6685-4248-93d8-ef132d8bf868"
"instagram","Instagram Comments [CUSTOM] [HIGH END] [Max: 100] [Start Time: 2 Hours] [Speed: 100/Day]","12.6","9","10","10000","wizsmm","4710059a-eec6-4eb4-9623-46a1c7c86875"
"instagram","🇹🇷Instagram Likes [TURKEY] [Refill: No] [Max: 3K] [Start Time: 0-1 Hour] [Speed: 100/Day] 🔥","0.1225","0.0875","10","500000","wizsmm","474c175c-17b2-4536-9c76-3703a52dafed"
"instagram","Instagram Auto Likes [FROM APP] [Refill: AR30] [Max: 100K] [Start Time: 0 - 1 Hour] [Speed: Up to 5K/Day]","0.525","0.375","100","150000","wizsmm","47e54b14-cdb8-4244-9133-b35449813390"
"instagram","Instagram Custom Comments [🇸🇪 Sweden] Super Real [Female] [Max: 65]","982.8","702","4","100","wizsmm","eef502dc-80db-4f53-bda6-3c3b74275745"
"instagram","Instagram Custom Comments [Scandinavia] Super Real [Male] [Max: 120]","982.8","702","4","120","wizsmm","d2f4f22f-c64f-406d-af61-c48e2f4b7f4c"
"instagram","Instagram Custom Comments [Scandinavia] Super Real [Female] [Max: 280]","982.8","702","4","280","wizsmm","b7609715-89f7-4c70-909d-d928f4b2ff57"
"instagram","Instagram Phenomenon Raffle Followers |10-15K Package | Wednesday 20:00","95.102","67.93","1","1","wizsmm","b925ec60-fecd-4c74-a8a6-a858a69cb743"
"instagram","Instagram Phenomenon Raffle Followers |15-25K Package | Friday 20:00","141.596","101.14","1","1","wizsmm","429c7f45-1c56-4696-9157-a8e019b6d273"
"instagram","Instagram Nigerian Custom Comments","27.72","19.8","20","5000","wizsmm","ddaa0b4a-8e7b-4c91-a40c-f2bd18cae8b8"
"instagram","Instagram Brazil Custom Comments","31.08","22.2","5","100000","wizsmm","a244694a-85c7-4431-8a79-ba48b798976b"
"instagram","Instagram Latin American Custom Comments","31.08","22.2","5","100000","wizsmm","7605f44a-d923-4a48-8923-bb2710666153"
"instagram","Instagram French Custom Comments","31.08","22.2","5","100000","wizsmm","974349bf-a02e-4231-9d56-53f9b7e134e6"
"instagram","Instagram Spanish Custom Comments","31.08","22.2","5","100000","wizsmm","9adfed31-dbab-4d7f-b80f-472fc37b1bab"
"instagram","Instagram Power Likes [Last 15 Posts] [Package 50-150K] [Non Drop] [Start Time: 0-1 Hour] [Speed: 50K/Day]","16.415","11.725","50000","150000","wizsmm","487e74a3-5d47-4db7-a772-016c16f413a6"
"instagram","Instagram Followers [SPAM ON : WAITING / SPAM OF SUCCESS] [AI] [Refill: 15 Days] [Max: 100K] [Start Time: 0 - 1 Hour] [Speed: 20K/Day] 💧♻️","2.0832","1.488","100","150000","wizsmm","488ca6c3-e869-46e9-b0bd-8e3deec6430a"
"instagram","Instagram Likes [60 Likes Per Minute] [Max: 10K] [Start Time: 0-1 Hour]","1.89","1.35","20","10000","wizsmm","4891cfa2-a96b-4b1b-bd5a-382839e27640"
"instagram","🇰🇷 Instagram Power Comments [10K+ Followers] [SOUTH KOREA] [Random 40 Comments] [EXPLORE PAGE] [Max: 20] [Start Time: 0-1 Hour] [Speed: 1 Hour Delivery]","9.24","6.6","1000","1000","wizsmm","48f96e1d-636e-445a-bf3d-5036d65a67e4"
"instagram","Instagram EMERGENCY Views [Max: 500K] [Start Time: 0 - 1 Hr] [Speed: 50K/D] 💧","0.1137","0.0812","100","100000000","wizsmm","4939b9a7-7bab-4b11-b3a4-1834c54bcdfb"
"instagram","🇪🇬Instagram VERIFIED Comments [EGYPTIAN] [4 Comments] 🔵","4.9216","3.5154","1","1","wizsmm","4a5641ac-1e4d-4234-8671-6a5ad212b59a"
"instagram","Instagram Followers [SPAM OFF] [Refill: No] [Max: 5K] [Start Time: 0-1 Hr] [Speed: Up to 5K/D] 💧⛔","0.9625","0.6875","10","5000","wizsmm","4a754eff-3f79-42ed-b9e7-638ed88eca6d"
"instagram","Instagram Auto Views [Max: 9M] [Start Time: 0-1 Hour] [Speed: 100K/Day]","0.0039","0.0028","10","217545811","wizsmm","4b03381a-6d7a-4140-8e19-ed07770e873e"
"instagram","Instagram Views [REEL + IGTV + POSTS] [Max: 9M] [Start Time: 0-1 Hour] [Speed: 100K/Day]","0.14","0.1","10","10000000","wizsmm","4b18631a-1d3c-45de-ba53-af2e156fb6dd"
"instagram","Instagram Power Likes [Last 25 Posts] [Package 50-150K] [Non Drop] [Start Time: 0-1 Hour] [Speed: 50K/Day]","27.3525","19.5375","50000","150000","wizsmm","4b7e1328-a3aa-4d21-a95c-8091df522f13"
"instagram","Instagram Likes - KR","13.566","9.69","10","10000","wizsmm","054a7509-032c-4388-a112-6c599f3d6aef"
"instagram","MOROCCO - Real Followers | Instant-start | Engagement Possible | [10K] ⛔","9.828","7.02","10","10000","wizsmm","87a92089-0209-4ed1-8352-35fec0abd7c2"
"instagram","MOROCCO - Real Likes | Instant-start | No Drops | Engagement Possible | [10K] ⛔","3.276","2.34","10","10000","wizsmm","287148e6-6a8e-4f4c-80f6-009b1a4658a6"
"instagram","MOROCCO - Real Male Likes | Instant-start | No Drops | Engagement Possible | [5K] ⛔","4.914","3.51","10","5000","wizsmm","20982bb9-bdcc-4f9e-9a46-70df81028161"
"instagram","MOROCCO - Real Comments | Random | Instant-start | No Drops |  Engagement Possible | [10K] ⛔","9.828","7.02","10","200","wizsmm","27a607b9-2794-4a53-8a6e-3cbc21f65dd1"
"instagram","MOROCCO - Real Comments | MALE | Instant-start | No Drops |  Engagement Possible | [10K] ⛔","11.466","8.19","10","200","wizsmm","f0df5e02-db42-431c-827d-1a5404d5f4a0"
"instagram","MOROCCO - Real Story Views | Instant-start | No Drops |  Engagement Possible | [1K] ⛔","1.638","1.17","10","1000","wizsmm","4db4d957-b95f-4eda-a835-e1aad22bb5a8"
"instagram","MOROCCO - Real Story Views | MALE | Instant-start | No Drops |  Engagement Possible | [1K] ⛔","2.464","1.76","10","1000","wizsmm","d00dbb1a-ab8b-46f0-9dc1-5aaae25a927e"
"instagram","Instagram Engagement Package [🇪🇺 Europe] Super Real [🏷️ Discount]","81.9","58.5","1","1","wizsmm","9dc77b42-6ff2-4bda-a4c5-df7c21101389"
"instagram","Instagram Engagement Package [🇫🇷 France] Super Real","40.95","29.25","1","1","wizsmm","3ef0d8b8-f848-4505-af1b-2d27b639e43e"
"instagram","Instagram Engagement Package [🇺🇸 USA &amp; 🇬🇧 UK] Super Real","40.95","29.25","1","1","wizsmm","2e605e56-2c13-42f6-9578-0d01c8729b3e"
"instagram","Instagram Engagement Package [🇪🇸 Spain] Super Real","40.95","29.25","1","1","wizsmm","a9c4817b-a411-4307-a9f4-131564486b73"
"instagram","Instagram Engagement Package [Scandinavia] Super Real","40.95","29.25","1","1","wizsmm","cc342843-231d-40b6-b9be-1a0d59d9f24d"
"instagram","Instagram Engagement Package [🇫🇷 France] Super Real [Basic]","16.38","11.7","1000","1000","wizsmm","b19bef7f-edf4-41a3-85e6-9159ccf5a327"
"instagram","Instagram Engagement Package [🇫🇷 France] Super Real [Standard]","81.9","58.5","1000","1000","wizsmm","4108ce46-4ce0-4d4d-b5a1-f104c9c9071e"
"instagram","Instagram Engagement Package [🇫🇷 France] Super Real [Pro]","163.8","117","1000","1000","wizsmm","c1713551-6c5f-4850-bf2e-eeab0ca07af4"
"instagram","Instagram Engagement Package [🇺🇸 USA &amp; 🇬🇧 UK] Super Real [Basic]","16.38","11.7","1000","1000","wizsmm","3582537a-4c7c-4150-9d9d-88f3a5301dd2"
"instagram","Instagram Engagement Package [🇺🇸 USA &amp; 🇬🇧 UK] Super Real [Standard]","81.9","58.5","1000","1000","wizsmm","c8f9a6c2-8817-4f3d-bdc4-bd8ac8687410"
"instagram","Instagram Engagement Package [🇺🇸 USA &amp; 🇬🇧 UK] Super Real [Pro]","163.8","117","1000","1000","wizsmm","e788866d-cb62-453a-bd02-f345062b49aa"
"instagram","Instagram Engagement Package [🇪🇸 Spain] Super Real [Basic]","16.38","11.7","1000","1000","wizsmm","b752a158-5dfc-4c16-b5cd-af68a32f1513"
"instagram","Instagram Engagement Package [🇪🇸 Spain] Super Real [Standard]","81.9","58.5","1000","1000","wizsmm","bf9d1fc0-e355-4437-8a9c-9b67d9895e7a"
"instagram","Instagram Engagement Package [🇪🇸 Spain] Super Real [Pro]","163.8","117","1000","1000","wizsmm","db240d2f-7ede-48e4-a567-e05bdb10dd77"
"instagram","Instagram Engagement Package [🇸🇪 Sweden] Super Real [Basic]","16.38","11.7","1000","1000","wizsmm","83562d3f-6dac-4c76-9e76-b93542b9e61a"
"instagram","Instagram Engagement Package [🇸🇪 Sweden] Super Real [Standard]","81.9","58.5","1000","1000","wizsmm","ebc57d57-95bb-4a52-9c7f-ee194485b690"
"instagram","Instagram Engagement Package [🇸🇪 Sweden] Super Real [Pro]","163.8","117","1000","1000","wizsmm","03ca5372-7f50-421c-b894-0af2f686be09"
"instagram","Instagram Likes [🇸🇪 Sweden] Super Real [Male] [Max: 35]","122.85","87.75","5","100","wizsmm","9df051a9-3a8a-46b3-9d23-ea12ebc2188d"
"instagram","Instagram Likes [🇸🇪 Sweden] Super Real [Female] [Max: 65]","122.85","87.75","5","100","wizsmm","65c146a4-1f95-4a93-abfe-9bccd0d3df41"
"instagram","Instagram Male Likes [Premium] [NON DROP] [Max: 2K] [Start Time: 0-1 Hour] [Speed: 24 Hours Delivery]","13.965","9.975","30","6050","wizsmm","4d92734c-8ea3-4d56-90ac-1aed90d9e2b8"
"instagram","Instagram Likes + Impressions [10 Likes Per Minute] [Max: 10K] [Start Time: 0-1 Hour]","2.1","1.5","20","10000","wizsmm","4e70918a-188d-496a-81eb-4486b6dcc5b6"
"instagram","🇺🇸 🇬🇧 Instagram Likes [Male] [USA/UK] [Refill: No Drop] [Max: 6K] [Start Time: 0 - 3 Hrs] [Speed: Up to 3K/D] 💧","10.374","7.41","30","6050","wizsmm","4ebc001c-e92f-4cf2-a31a-bd080f20d21f"
"instagram","Instagram Views [All Videos] [Max: 1M] [Start Time: 0-1 Hour] [Speed: 10K/Hour] 💧","0.4172","0.298","100","100000000","wizsmm","4ec4885e-337a-4e0a-b6ae-0ccb60391b7f"
"instagram","Instagram Views [Max: 5M] [Start Time: 0-1 Hour] [Speed: INSTANT] ⛔","1.925","1.375","100","100000000","wizsmm","50174899-ebb9-439c-9696-87986c8ca8a8"
"instagram","🇰🇷 Instagram Power Comments [10K+ Followers] [SOUTH KOREA] [Random 10 Comments] [EXPLORE PAGE] [Max: 20] [Start Time: 0-1 Hour] [Speed: 1 Hour Delivery]","4.536","3.24","1000","1000","wizsmm","508c913d-f1ef-43c9-b753-4849f74087aa"
"instagram","🌎 WW Instagram Power Comments [10K+ Followers] [Random 40 Comments] [EXPLORE PAGE] [Max: 40] [Start Time: 0-1 Hour] [Speed: 1 Hour Delivery]","8.4","6","1000","1000","wizsmm","509ee41f-e82d-4d8e-ad98-1e8f72c5cca7"
"instagram","Instagram Followers [WORKING] [Refill: 365D] [Max: 200K] [Start Time: 0-1 Hr] [Speed: Up to 100K/D] 💧⛔♻️","1.827","1.305","10","10000000","wizsmm","50efa818-2347-4457-8372-69f346b941a3"
"instagram","Instagram Followers USA","16.8","12","10","25000","wizsmm","b53e276f-224b-486c-b77f-43cbdd2a8f0c"
"instagram","Instagram Views [Max: 5M] [Start Time: 1 Hour] [Speed: 500K/Day]","0.2923","0.2088","100","100000000","wizsmm","511320bf-962c-45e6-9151-3caba5e5d5d1"
"instagram","Instagram Followers[Max: 1M] [Refill:365D] [Start Time: 0 - 1 Hour] [Speed: 100K/Day] ♻️","1.2005","0.8575","1","10000000","wizsmm","519c09f9-1732-460d-9b62-47b85dc8a180"
"instagram","Instagram Likes [Refill: No] [Max: 10K] [Start Time: 1H] [Speed: 10K/Day]","0.1026","0.0733","1","100000","wizsmm","52409eec-ec24-4d9a-aa18-3c60a18e402c"
"instagram","Instagram Followers [3K] [AUTO R15] [1H - INSTANT] 💧⛔♻🔥","7.056","5.04","10","12000","wizsmm","526b7580-7b65-4ec9-90db-b8d3d23b2ec8"
"instagram","Instagram Auto Views [Max: 10M] [Start Time: 0-1 Hour] [Speed: 10M/Day]","0.35","0.25","100","100000000","wizsmm","526f56f9-dc31-4165-a0e6-13d4a23914a7"
"instagram","Instagram Followers [Refill: 365D] [Max: 100K] [Start Time: 0 - 2 Hrs] [Speed: Up to 100K/D] 💧♻️⛔️","0.84","0.6","100","1000000","wizsmm","52a15711-7ba5-44c6-9ae2-778cda2352c0"
"instagram","🇺🇸 Instagram Followers [USA] [Refill: 30 Days] [Private Accounts] [Start Time: 0 - 1 Hour] [Speed: 3K/Day]","10.85","7.75","20","3000","wizsmm","52cdf173-952d-4d19-af2a-d37fa7755d60"
"instagram","Instagram Auto Likes [Refill: 90D] [Max: 150K] [Start Time: 0-1 Hr] [Speed: 150K/Day]","0.0916","0.0654","1","1000000","wizsmm","535c67f0-d7ff-4cbe-8136-3632c59ad49d"
"instagram","Instagram Story Views [GULF ARAB] [Max: 5K] [Refill: No] [Start Time: 0 - 3 Hrs] [Speed: 5K/D]","0.3675","0.2625","20","5000","wizsmm","53a8b98e-92bf-4474-b643-9574ef5f49c5"
"instagram","⚠️🔥🎇Instagram Comments [NON DROP] [Max: 500] [Start Time: 0-1 Hour] [Speed: 24 Hours Delivery]","352.8","252","5","2500","wizsmm","5414c29f-9125-4a76-84d8-2f000af45ad2"
"instagram","Instagram Auto Views [All Posts] [Max: 10M] [Start Time: 0-5 Minutes] [Speed:100K/Hour] 💧","1.8806","1.3433","100","100000000","wizsmm","5433bb71-dd52-48cb-8d67-43eae8b1da1c"
"instagram","Instagram Arabic Likes","3.36","2.4","20","100000","wizsmm","b6fc5a0c-fe7b-44d0-8473-a5416c9d9f10"
"instagram","Instagram Power Comments [10K+ Followers] [Random 40 Comments] [EXPLORE PAGE] [Max: 40] [Start Time: 0-1 Hour] [Speed: 10/Hour]","8.4","6","1000","1000","wizsmm","54a9de8e-66ba-479e-9e4b-c484ec35d1a7"
"instagram","Instagram Views [All Videos] [Max: 5M] [Start Time: Instant] [Speed: 5M/Day]","1.764","1.26","100","100000000","wizsmm","54c7de42-e648-46a2-aef9-3fe3d865e23b"
"instagram","🇧🇷 Instagram Likes [BRAZIL] [Refill: 30 Days] [Max: 40K] [Start Time: 0-1 Hour] [Speed: Up to 15K/Day] 💧♻️","1.0084","0.7203","10","75000","wizsmm","54d1688f-c148-4139-a0aa-0fb6ada07f40"
"instagram","Instagram Auto Likes [HQ] [BEST QUALITY] [Refill: No] [Max:10K] [Start Time: 0-1 Hour] [Speed: 5K/Day] 🔥🔥🔥","0.315","0.225","10","500000","wizsmm","55123176-2119-4e6e-bf07-7f577bf308dc"
"instagram","Instagram Profile Visits [Max: 500K] [Start Time: 0 - 1 Hr] [Speed: 50K/Day]💧⛔","0.035","0.025","10","1000000","wizsmm","551edab7-b2ac-41c4-90b5-162f60effee1"
"instagram","🇧🇷Instagram Likes [BRAZIL] [Refill: No] [Max: 40K] [Start Time: 6 Hours] [Speed: 200/Hour] 💧","1.225","0.875","10","50000","wizsmm","552ec5d7-0408-4c29-8a23-666b7d2f5614"
"instagram","Instagram Followers [Max: 1M] [Refill: No] [Start Time: 0 - 1 Hr] [Speed: 30K/D]💧","0.9275","0.6625","10","1000000","wizsmm","552f8e8a-5b1b-45e5-9172-a85d9cf8cd86"
"instagram","🇺🇸 / 🇬🇧 USA - UK Instagram Power Comments [10K+ Followers] [Random 100 Comments] [EXPLORE PAGE] [Max: 100] [Start Time: 0-1 Hour] [Speed: 1 Hour Delivery]","15.12","10.8","1000","1000","wizsmm","55546c28-72d1-42ee-b64c-b5cc8e80c852"
"instagram","Instagram Followers [10-20% Drop] [Refill: No] [Max: 300K] [Start Time: 0-1 Hour] [Speed: 10-15K/Day]","2.8892","2.0637","20","10000000","wizsmm","5556dcb5-5e74-4e87-ae4d-a5898c95fdc2"
"instagram","🇧🇷 Instagram Power Comments [10K+ Followers] [BR] [Random 20 Comments] [EXPLORE PAGE] [Max: 20] [Start Time: 0-1 Hour] [Speed: 1 Hour Delivery]","7.14","5.1","1000","1000","wizsmm","5561e699-8d8e-48b7-8545-987af5d3a12e"
"instagram","Instagram Followers [REAL USERS] [Max: 1M] [Refill: No] [Start Time: 0 - 1 Hr] [Speed: 50K/Day] 💧⛔","1.2172","0.8694","10","1000000","wizsmm","559b6e65-084e-4f64-b230-827cb2b81f30"
"instagram","Instagram Followers [SPAM ON : WAITING / SPAM OF SUCCESS] [AI] [Refill: No] [Max: 5K] [Start Time: 0-1 Hr] [Speed: 5K/D] 💧🔥","3.29","2.35","10","5000","wizsmm","5631f158-a559-45e5-ba47-8370c181b520"
"instagram","Instagram Followers [Refill: 30 Days] [Max: 30K] [Start Time: 1 Hour] [Speed: 5K/Day] ♻️","2.0328","1.452","100","30000","wizsmm","564eac21-5851-4a69-87fb-cfa0029118a6"
"instagram","Instagram Followers [SPAM ON] [Refill: 365D] [Max: 1M] [Start Time: 0 - 6Hrs] [Speed: Up to 100K/D] ♻️💧⛔","2.1315","1.5225","10","10000000","wizsmm","566d3877-6317-40e6-a3c7-25aafd780a4d"
"instagram","🇧🇷 Instagram Auto Likes [BRAZIL][Max: 10K] [Start Time: 0 - 1 Hr] [Speed: 5K/Day]","1.1375","0.8125","10","10000","wizsmm","567213a8-eba5-4739-b353-268d02da84fe"
"instagram","Instagram Live Video Comments [RANDOM] [MALE] [Refill: No] [Max: 2K] [Start Time: INSTANT] [Speed: INSTANT]","12.6","9","50","2000","wizsmm","568fa6ed-abbb-476f-9fed-8878aa0e2dc6"
"instagram","Instagram Views [ALL LINKS] [Max: 10M] [Start Time: 0-1 Hr] [Speed: 1M/Day] 💧","0.28","0.2","100","100000000","wizsmm","56a034fe-56ee-4b1b-a82a-85e2ffba3442"
"instagram","Instagram Shares [Max: 1M] [Start Time: 0 -1 Hr] [Speed: 100K/D]💧⛔","0.0175","0.0125","10","1000000","wizsmm","56a3ea1d-1944-415a-9500-8377fba0e5f4"
"instagram","🇪🇬Instagram Likes [EGYPT] [Refill: No] [Max: 20K] [Start Time: 1 Hour] [Speed: 5K/Day]","5.46","3.9","100","50000","wizsmm","5723abae-48bd-418b-b79d-e8e97f9d5451"
"instagram","Instagram Nigeria Views [100K] 🇳🇬","2.786","1.99","100","100000000","wizsmm","14e11978-3f48-43a9-8ee2-fc4d4e2c21bd"
"instagram","Instagram Nigeria Story views [2K] 🇳🇬","20.888","14.92","100","5000","wizsmm","ed558970-e338-495e-a8b5-9c0231999f44"
"instagram","Instagram Nigeria Likes [5K] 🇳🇬","27.846","19.89","100","5000","wizsmm","c1e689d0-7862-4e2a-8897-886414ff2d1f"
"instagram","Instagram Nigeria Likes [AUTO] [5K] 🇳🇬","27.846","19.89","100","5000","wizsmm","14fa71f1-02f1-4fd2-a6b7-46b4a1db8f20"
"instagram","Instagram Nigeria Comments [5K] 🇳🇬","27.846","19.89","50","5000","wizsmm","b86611e3-97e3-4b2f-9f28-6323c350b206"
"instagram","Instagram Nigeria Comments [AUTO] [5K] 🇳🇬","27.846","19.89","50","5000","wizsmm","f5d47a53-0859-45ce-9d29-4b08e5ffa2d4"
"instagram","Instagram Nigeria Comments [UNIQUE VOTES] [5K]","34.818","24.87","50","5000","wizsmm","09c517af-9239-4648-baf4-97bceaaec0cf"
"instagram","Instagram Nigeria Followers [10K] 🇳🇬","34.818","24.87","200","10000","wizsmm","f64e9bfe-b9bd-4c23-b69a-07794ae053ed"
"instagram","Instagram Nigeria Followers [5K] [S2] 🇳🇬","41.776","29.84","100","5000","wizsmm","c3697cdf-371b-4513-8cb1-e23486c97ad8"
"instagram","Instagram Nigeria Followers [S3] [100K] 🇳🇬","27.846","19.89","1","1","wizsmm","03dddc78-a3f9-49aa-ae52-418ed9a0d2e6"
"instagram","Instagram Nigeria Followers [S4] [50K] 🇳🇬","20.888","14.92","1","1","wizsmm","29213791-6d95-4a00-8006-5ef973432442"
"instagram","Instagram Followers [AFRICAN PROFILES] [30D AR] [REAL]","20.888","14.92","100","5000","wizsmm","c833c441-3fc9-4735-84e2-7c7d8cbf55bd"
"instagram","Instagram Followers [EASTERN AFRICA]","20.888","14.92","1000","1000","wizsmm","a8f7d849-be82-4fd8-ab3c-1b2c24433fd7"
"instagram","Instagram Followers [SOUTHERN AFRICA]","20.888","14.92","1000","1000","wizsmm","33f7338e-1503-4c58-b8a8-be313beea63e"
"instagram","Instagram Followers [WESTERN AFRICA]","20.888","14.92","1000","1000","wizsmm","dd0fbdea-7bcf-4409-abbb-5700b2c7630a"
"instagram","Instagram Followers [SPAM ON] [Refill: 90D] [Max: 1M] [Start Time: 0-1 Hr] [Speed: Up to 100K/D] 💧⛔♻️","3.185","2.275","1","10000000","wizsmm","57ebe47c-465e-46b2-87ce-bd5bcfeb7ec8"
"instagram","🇪🇬Instagram VERIFIED Followers [EGYPTIAN] [7 Followers] [1 ORDER PER ACCOUNT] 🔵","8.9057","6.3612","1","1","wizsmm","58b438c2-efbd-4299-bd10-056bf31a93b4"
"instagram","🇺🇸 / 🇬🇧 USA - UK Instagram Power Comments [10K+ Followers] [Random 40 Comments] [EXPLORE PAGE] [Max: 40] [Start Time: 0-1 Hour] [Speed: 1 Hour Delivery]","9.24","6.6","1000","1000","wizsmm","58bd8102-c36d-491f-82cf-9a3bac22bbac"
"instagram","935 - Instagram All Link View [100M] [Instant Superfast]","0.07","0.05","100","2147483647","wizsmm","32aaf20e-dfc6-4c92-8b42-f26695a9755c"
"instagram","962 - EMERGENCY - Instagram Video View All Link [100M] [Instant Superfast] 🔥","0.168","0.12","100","2147483647","wizsmm","78f81db2-a05b-45ea-8ebc-19c53036a798"
"instagram","675 - Instagram Like High Quality Non Drop HOUR 10K Speed [Max 20K] ⛔","0.266","0.19","1","10000000","wizsmm","4df2fd22-a7d3-4ec2-9cae-e5233c08c7ec"
"instagram","Instagram Auto Impression [Tags] [Max: 10K] [Start Time: 0-1 Hour] [Speed: 10K/Day]","0.1114","0.0796","10","100000000","wizsmm","58d3e22f-fa1b-42e4-bd9a-bc7a108dd387"
"instagram","Instagram Followers [Max 1M] [SPAM ON] [Start Time: 0 - 1Hr] [Refill: No] [Speed: Up to 50K/D] 💧⛔","1.232","0.88","10","5000000","wizsmm","593ab3f4-5ef1-4a58-a123-b67d13281675"
"instagram","🇺🇸Instagram Comments [RANDOM - USA] [150] [Start Time: 0 - 1 Hour] [Speed: 150/Day]","51.87","37.05","5","150","wizsmm","593df1e0-ed08-432a-9edd-24a2cd245821"
"instagram","ID:3 | Instagram Followers | 100-300K/D - R90 | Drop Rate: 0-5%","2.66","1.9","10","1000000","wizsmm","0021b9dc-49f3-4115-b84f-5ad2b81874cc"
"instagram","Instagram Views [10M] [Start Time: Instant] [Speed: 10M/Day]","1.5225","1.0875","100","100000000","wizsmm","595124a5-26ef-4356-86cb-34312775d117"
"instagram","Instagram Likes + Impressions [50 Likes Per Minute] [Max: 10K] [Start Time: 0-1 Hour]","2.1","1.5","20","10000","wizsmm","5954eb1c-bd9a-4c6c-86e3-10869919a956"
"instagram","🇧🇷 Instagram Followers [BRAZIL] [Refill: No] [Max: 50K] [Start Time: 1 Hour] [Speed: 10K/Day] ⛔️💧","1.8375","1.3125","10","200000","wizsmm","596f09f4-407d-419e-9c3b-dab070c74904"
"instagram","Instagram Followers [FLAG OFF] [Refill: No] [Max: 100K] [Start Time: 0-2 Hrs] [Speed: 100K/D] 💧⛔️","0.9625","0.6875","1","10000000","wizsmm","597decd6-6e99-4107-8499-d877d2c58a30"
"instagram","881 - Instagram Best Quality Like [25K][30 Day Refill] [Instant Superfast]♻️","2.464","1.76","10","100000","wizsmm","efa23b8d-b3e0-48c0-be03-0128a56a1282"
"instagram","511 - Instagram Power Like Non Drop Hour 10K Speed  [Max 50K] ⛔","0.658","0.47","1","10000000","wizsmm","cb4b85d9-67aa-44dd-a34a-b1275126a857"
"instagram","526 - Instagram High Quality Real Like + Impression SUPERFAST [75K]⛔","0.742","0.53","1","10000000","wizsmm","eabf3e85-6f21-4fe1-99fd-198a47964ad3"
"instagram","869 - Instagram INDIA Real Likes [30K] [30 Day Refill] [Instant Superfast]💧♻️","2.296","1.64","10","100000","wizsmm","ab002634-a1e8-4547-ad38-89a9c00fcf69"
"instagram","866 - Instagram INDIA Real Likes [50K] [60 Day Refill] [Instant Superfast]💧♻️","2.464","1.76","10","100000","wizsmm","2d4708d4-e94a-423e-a3cb-50975a106c71"
"instagram","Instagram Belgium Likes","3.36","2.4","10","10000","wizsmm","3a516ff2-47f9-465a-8116-3564ecf90d34"
"instagram","867 - Instagram INDIA Women Real Likes [5K] [30 Day Refill] [Instant Superfast]💧♻️","2.87","2.05","10","3000","wizsmm","ce10803d-70c8-40bb-aca1-b5a7ebd4cac8"
"instagram","Instagram Followers [WORKING - SPAM OFF] [Max: 1M] [Refill: No] [Start Time: 0 - 1 Hr] [Speed: 5K/D] 💧⛔️","1.05","0.75","10","1000000","wizsmm","5ad14d10-b2c0-4779-8ddb-79a0f3567ba6"
"instagram","Instagram RAL™ Likes [Refill: No Drop] [Max: 5K] [Start Time: 0-8 Hrs] [Speed: Up to 5K/D] ⚡💧","10.2375","7.3125","50","10000","wizsmm","5ad2d74d-0e5a-4901-99ef-5fd65536e732"
"instagram","Instagram Auto Likes [Bots with PP] [Refill: AR30] [Max: 300K] [Start Time: 0-1 Hour] [Speed: FAST]","0.5075","0.3625","100","300000","wizsmm","5afbc292-5348-40e7-a967-61191c6b3ebf"
"instagram","Instagram Story Views [Max: 80K] [Start Time: 0-1 Hour] [Speed: 80K/Day]","0.1995","0.1425","100","15000","wizsmm","5b2c42b6-0627-490c-bc8e-18bba20a26be"
"instagram","Instagram Followers [SPAM ON] [Refill: 365D] [Max: 1M] [Start Time: 0-1 Hr] [Speed: Up to 100K/D] 💧♻️","4.55","3.25","50","10000000","wizsmm","5b6d9396-846c-40b6-94e7-e2b5ef97ccd3"
"instagram","🇧🇷Instagram BRAZIL Comments [CUSTOM] [Max: 10K] [Start Time: 1 Hour] [Speed: 500/Day]","62.72","44.8","1","10000","wizsmm","5b725b8c-a9ea-4b13-a2cd-6698122430a9"
"instagram","Instagram EU/USA Likes","2.352","1.68","20","100000","wizsmm","4cd3bd38-506f-49f4-8621-542642ed078e"
"instagram","Instagram Comment Likes [SPECIFIC COMMENT] [Refill: No] [Max: 2K] [Start Time: 0-1 Hr] [Speed: 2K/Day]","1.68","1.2","20","2000","wizsmm","5c35a27b-9b7d-461f-bd1b-eaee4ffac718"
"instagram","Instagram Auto Likes [Max: 150K] [Start Time: 0-1 Hour] [Speed: 2-5K/Day] 🔥","0.315","0.225","10","150000","wizsmm","5e3e57e1-433f-44b6-b870-49b1d8750840"
"instagram","Instagram Likes + Impressions [Max: 45K] [Start Time: 0-1 Hr] [Speed: INSTANT]  🔥🔥🔥","0.9625","0.6875","50","200000","wizsmm","5e4dd50f-242b-4948-b70a-ad8d0ba1076a"
"instagram","Instagram Followers [Refill: 365 Days] [Max: 1M] [Start Time: 0-1 Hour] [Speed: 300K/Day] ♻️","1.5225","1.0875","10","10000000","wizsmm","5f517982-46c6-47ce-adeb-98b31bb6375d"
"instagram","Instagram Story Poll Votes [3rd Option] [Max: 1K] [Start Time: 0-1 Hr] [Speed: 1K/D]💧","3.85","2.75","100","1000","wizsmm","5f55a9bf-0f1b-4a37-9edc-d1620c304d91"
"instagram","Instagram Hong Kong Likes","13.44","9.6","10","1000","wizsmm","f794914f-f4f0-47a0-b36b-d4e5440bc749"
"instagram","🇹🇷 Instagram Artist VERIFIED Comments | 1 Comment","1.176","0.84","1","1","wizsmm","40ffa137-4019-436b-9828-7abafaa49aa4"
"instagram","🇹🇷 Instagram Artist VERIFIED Comments | 20 Comment","23.52","16.8","1","1","wizsmm","75dbea86-d0b2-4ce4-80aa-8263c443d923"
"instagram","Private Story Views [200K] [All Stories]","0.084","0.06","100","200000","wizsmm","959448de-20b5-4f3e-8db8-abeb7fff37d9"
"instagram","Instagram Saves S2 [400K]","0.056","0.04","100","400000","wizsmm","ee425b64-8139-4545-91e5-51e1df4d57c8"
"instagram","🇸🇦🙂 SR - Instagram Arab Followers | 30 Days Refill ♻️ | 100% Arab | Max 200K | Business 💼️ | 10K per Hour","37.926","27.09","20","100000","wizsmm","02a6dbd7-fdc7-47f1-aa61-d38384e11be5"
"instagram","Instagram Followers [LOW DROP] [Refill: No] [Max: 100K] [Start Time: 1 Hour] [Speed: 5K/Day]","3.0663","2.1902","100","100000","wizsmm","5fae3e09-f980-47d5-80f7-9a943696852f"
"instagram","Instagram Views [All Videos] [Start Time: 0 - 1 Hour] [Speed: 5M/Day]","1.722","1.23","100","100000000","wizsmm","5ffc9e85-6406-4763-8cd3-f309777ee949"
"instagram","Instagram Followers [Max: 25K] [Refill: No] [Start Time: 1 Hour] [Speed: 1K/Day]","0.2975","0.2125","10","25000","wizsmm","6044557d-9767-49e9-8c24-260889d0e2b4"
"instagram","Instagram IGTV Views [Max: 5M] [Start Time: 0-1 Hour] [Speed: 5M/Day] 💧","0.175","0.125","100","100000000","wizsmm","60a856fe-0f2d-49fe-b5dc-f207451a2571"
"instagram","Instagram Photo Views [Max: 10M] [Start Time: 0-1 Hour] [Speed: 500K/Day] ⛔","0.014","0.01","100","1000000","wizsmm","60a9bc4c-e61a-4596-9fc3-f9cb0e5d9437"
"instagram","Instagram Auto Likes [Refill: No Drop] [Max: 30K] [Start Time: Instant - 1 Hour] [Speed: 30K/Day] ⚡💧⛔️","0.2905","0.2075","50","30000","wizsmm","61089cb9-d59e-4380-8550-856f6594c739"
"instagram","🙂 SR - Instagram Followers Guaranteed | 365 Days Refill ♻️ | With Cancel Button | Max 1M | 5K per Hour","56.882","40.63","20","2000000","wizsmm","cb65ac31-7fb9-4b51-a942-41b032f7a03b"
"instagram","🇰🇷 Instagram Power Comments [10K+ Followers] [SOUTH KOREA] [Random 20 Comments] [EXPLORE PAGE] [Max: 20] [Start Time: 0-1 Hour] [Speed: 1 Hour Delivery]","8.008","5.72","1000","1000","wizsmm","b5f0252d-77e6-42c8-817b-84b5f70ba10e"
"instagram","🇧🇷 Instagram Power Comments [10K+ Followers] [BR] [Random 20 Comments] [EXPLORE PAGE] [Max: 20] [Start Time: 0-1 Hour] [Speed: 1 Hour Delivery]","8.008","5.72","1000","1000","wizsmm","30983f74-32fd-47b2-94eb-b22c68270e96"
"instagram","🌎 Instagram Power Comments [10K+ Followers] [WW] [Random 20 Comments] [EXPLORE PAGE] [Max: 20] [Start Time: 0-1 Hour] [Speed: 1 Hour Delivery]","7.532","5.38","1000","1000","wizsmm","dd906446-51dc-473e-b42b-58530af82cbd"
"instagram","🌎 Instagram Power Comments [10K+ Followers] [WW] [Random 80 Comments] [EXPLORE PAGE] [Max: 80] [Start Time: 0-1 Hour] [Speed: 1 Hour Delivery]","11.298","8.07","1000","1000","wizsmm","73cee27c-7d02-4b1c-a5b9-55164abbb5c2"
"instagram","🌎 Instagram Power Comments [10K+ Followers] [WW] [Random 200 Comments] [EXPLORE PAGE] [Max: 200] [Start Time: 0-1 Hour] [Speed: 1 Hour Delivery]","18.816","13.44","1000","1000","wizsmm","41341eed-05b9-40bc-b32d-20d1e93db25d"
"instagram","🇺🇸 / 🇬🇧 USA - UK Instagram Power Comments [10K+ Followers] [Random 20 Comments] [EXPLORE PAGE] [Max: 20] [Start Time: 0-1 Hour] [Speed: 1 Hour Delivery]","8.666","6.19","1000","1000","wizsmm","07f3721f-31df-482e-a2ec-83e89184f415"
"instagram","🇺🇸 / 🇬🇧 USA - UK Instagram Power Comments [10K+ Followers] [Random 40 Comments] [EXPLORE PAGE] [Max: 40] [Start Time: 0-1 Hour] [Speed: 1 Hour Delivery]","10.36","7.4","1000","1000","wizsmm","f3b39978-544f-4678-ad8d-09fc385552fe"
"instagram","🇺🇸 / 🇬🇧 USA - UK Instagram Power Comments [10K+ Followers] [Random 100 Comments] [EXPLORE PAGE] [Max: 100] [Start Time: 0-1 Hour] [Speed: 1 Hour Delivery]","16.94","12.1","1000","1000","wizsmm","591abb25-bb92-45ff-9264-74b5d5bfc314"
"instagram","🇸🇦 Instagram Power Comments [10K+ Followers] [Random ARABIC 20 Comments] [EXPLORE PAGE] [Max: 20] [Start Time: 0-1 Hour] [Speed: 1 Hour Delivery]","7.532","5.38","1000","1000","wizsmm","3fcc64d3-e0aa-4e95-95a6-02d31bce534e"
"instagram","🇱🇧 Instagram Power Comments [10K+ Followers] [Random 20 Comments] [EXPLORE PAGE] [Max: 20] [Start Time: 0-1 Hour] [Speed: 1 Hour Delivery]","7.532","5.38","1000","1000","wizsmm","7070de83-3670-4692-9fe2-fe1d0bda47a5"
"instagram","Instagram Likes [HQ] [Refill: No] [Start Time: Instant] [Speed: 50k/Day]💧⛔️","4.312","3.08","20","50000","wizsmm","61c1466a-c776-4168-8f3d-7726478a3369"
"instagram","Instagram Followers [UNLIMITED REFILL] [Max: 1M] [Refill: 30D] [Start Time: 0 - 1 Hr] [Speed: Up to 200K/D] ♻️⛔💧","6.825","4.875","10","10000000","wizsmm","6209287d-d15d-4b45-bcaa-1bd426b2d176"
"instagram","Instagram REPOST [Max: 5K] [Start Time: 0 -1 Hr] [Speed: Up to 5K/D]💧","17.4748","12.482","10","100000","wizsmm","623fc374-b512-4f97-8b63-0e081de5ffca"
"instagram","🇸🇦 Instagram Power Comments [10K+ Followers] [Random ARABIC 10 Comments] [EXPLORE PAGE] [Max: 10] [Start Time: 0-1 Hour] [Speed: 1 Hour Delivery]","4.62","3.3","1000","1000","wizsmm","62c96ec4-12bf-4237-9bb8-c6aaca78614d"
"instagram","🇰🇷 Instagram Power Comments [10K+ Followers] [SOUTH KOREA] [Random 40 Comments] [EXPLORE PAGE] [Max: 20] [Start Time: 0-1 Hour] [Speed: 1 Hour Delivery]","9.24","6.6","1000","1000","wizsmm","62cc721d-bc20-47ce-b001-f38abbb87fc7"
"instagram","🇮🇳 Instagram Followers [INDIA] [Refill: 30 Days] [Max: 5K] [Start Time: 0-6 Hours] [Speed: 5K/Day] ♻️","0.84","0.6","100","1000000","wizsmm","62cd2519-43e2-4ba7-85df-1a55f23a356b"
"instagram","🌎 WW Instagram Growth Package [50] [30 Days]","94.08","67.2","1","1","wizsmm","6d9b2a83-3747-40f8-b742-65e5dd1778cf"
"instagram","🌎 WW Instagram Growth Package [200] [30 Days]","225.792","161.28","1","1","wizsmm","3eb13517-f8fc-4ff8-a8b9-c1466fa21816"
"instagram","Instagram RAF™ Followers [Refill: 30D] [Max: 50K] [Start Time: 0-3 Hours] [Speed: 3K/Day] ⚡💧","9.8","7","5","1000000000","wizsmm","025077c1-1f63-4a8d-ad41-6d0340f8e4ed"
"instagram","🇺🇸 Instagram Followers [USA] [Algorithm Tricking] [Refill: Auto - 30D] [Max: 5K] [Start Time: 0 - 1 Hr] [Speed: 5K/D]","11.76","8.4","5","1000000000","wizsmm","0606a2fc-aae3-42ba-808c-c0689fe9e417"
"instagram","Instagram RAF™ Followers [Refill: No Drop] [Max: 5K] [Start Time: 0-8 Hrs] [Speed: Up to 5K/Day] ⚡💧","32.83","23.45","50","10000","wizsmm","2165ad65-f3fd-4368-b6d7-31b518adee58"
"instagram","Instagram RAF™ Followers [Refill: No Drop] [Max: 10K] [Start Time: 0-8 Hours] [Speed: 1K/Day] ⚡💧","34.79","24.85","50","10000","wizsmm","6ab42825-a0c9-420f-adcf-87a1babef61f"
"instagram","Instagram RAL™ Likes [Refill: No Drop] [Max: 5K] [Start Time: 0-8 Hrs] [Speed: Up to 5K/D] ⚡💧","11.466","8.19","50","10000","wizsmm","6e82b32d-4a26-4ece-9f56-6dd5859b9ea4"
"instagram","Instagram RAL™ Likes [Refill: No Drop] [Max: 15K] [Start Time: 0-8 Hours] [Speed: 2K/Day] ⚡💧","12.74","9.1","50","15000","wizsmm","a380fe7d-ea26-422c-9429-f95a358c6123"
"instagram","🇺🇸🇪🇺Instagram Story Views [USA/Europe] [Refill: No] [Max: 10K] [Start Time: 0-4 Hours] [Speed: 500-3K/Day]","19.6","14","100","5000","wizsmm","f9f6964a-7ac6-4c24-8ddb-b47ee06d4639"
"instagram","🇺🇸🇪🇺Instagram Likes [USA/Europe] [Non Drop] [Refill: No] [Max: 15K] [Start Time: 0-4 Hours] [Speed: 1.5K/Day]","21.56","15.4","100","15000","wizsmm","9eadaf9d-b168-4abc-86a8-877b34f21fa7"
"instagram","🇺🇸🇪🇺Instagram Followers [USA/Europe] [Non Drop] [Refill: No] [Max: 15K] [Start Time: 0-4 Hours] [Speed: 1.5K/Day]","50.96","36.4","100","15000","wizsmm","688e37d9-c8cf-49b9-8773-8c532c9dd0cc"
"instagram","🇺🇸Instagram Subscription [USA] [15 Days] [100 Followers] [100 Likes/Comments/Views/Saves on Each Post] [Start Time: Instant] [Speed: 100/Day - 15 Days]","58.1","41.5","1","1","wizsmm","405ca1f7-58a5-49ff-a3b9-ff850d41de71"
"instagram","🇺🇸Instagram Comments [CUSTOM - USA] [150] [Start Time: 0 - 1 Hour] [Speed: 150/Day]","67.788","48.42","5","150","wizsmm","c789888f-8ccd-4a40-b334-00de752fd6a6"
"instagram","🇺🇸Instagram Comments [RANDOM - USA] [150] [Start Time: 0 - 1 Hour] [Speed: 150/Day]","58.1","41.5","5","150","wizsmm","121ef6bd-f470-4d66-9507-955b9d1da6ce"
"instagram","🇺🇸 Instagram Followers [USA] [MIX] [Refill: 30D] [Max: 100K] [Start Time: 0 - 24 Hrs] [Speed: 5K/D] 💧⛔♻️","7.448","5.32","5","1000000000","wizsmm","c925f7ab-808b-48bf-b8d2-2f3eef0d190c"
"instagram","🇺🇸 Instagram Followers [USA] [SUPER QUALITY] [Refill: 30D] [Max: 100K] [Start Time: 0 - 24 Hrs] [Speed: 5K/D] 💧⛔♻️","12.054","8.61","5","1000000000","wizsmm","b41d964e-e733-4e74-9c76-a2149c115fb9"
"instagram","⚠️🔥🎇🇺🇸🇪🇺 Instagram Likes USA / EUROPE","12.236","8.74","50","15000","wizsmm","3ab2858c-5f52-4a87-8be3-52d38863a70b"
"instagram","⚠️🔥🎇🇺🇸🇪🇺 Instagram Followers USA / EUROPE","32.34","23.1","50","12000","wizsmm","0e2b6656-2002-4634-91ca-3670347dfa1f"
"instagram","Instagram Followers [15-20% Drop] [Refill: No] [Max: 300K] [Start Time: 0-1 Hour] [Speed: 30-50K/Day]","2.9963","2.1402","20","300000","wizsmm","630e110b-0c9f-49bc-a9c7-a7db743ea330"
"instagram","🇪🇸 Instagram Likes [SPAIN] [Start Time: 0 - 1 Hour] [Speed: 500/Day]","5.544","3.96","20","2000","wizsmm","63267055-8865-43db-b163-12173d79fa49"
"instagram","Instagram Likes [ARAB] [Refill: 30D] [Max: 50K] [Start Time: 0 - 12 Hrs] [Speed: Up to 10K/D] 💧⛔","3.255","2.325","50","300","wizsmm","634da2d0-69f9-4b8b-a065-0701985b7efc"
"instagram","🌎 WW Instagram Growth Package [200] [30 Days]","201.6","144","1","1","wizsmm","635c8203-e2e4-4b73-999c-2480c69e6b01"
"instagram","🇧🇷 Instagram Followers [Max: 40K] [Refill: No] [Start Time: 0 - 1 Hour] [Speed: Up to 10K/Day] 💧⛔","5.4271","3.8765","50","55000","wizsmm","63843f22-373a-406c-b38a-e28d81961cea"
"instagram","Instagram FEMALE Comments [Random 20 Comments] [Max: 40] [Start Time: 0-1 Hour] [Speed: 1 Hour Delivery]","6.72","4.8","1000","1000","wizsmm","63b6eeb0-096c-4969-9e07-36b3ffb46a6f"
"instagram","Instagram Likes [FEMALE] [Afro-Americans] [USA] [250/Day] [NO DROP]","18.48","13.2","30","2500","wizsmm","63dd6dbf-ce90-46b3-974a-b8e075f2d22b"
"instagram","🇰🇷🇰🇵 Instagram Followers [Korea] [HQ] [Refill: 30D] [Max: 50K] [Start Time: 0 - 3 Hrs] [Speed: 1K/D] 💧","72.269","51.6207","10","50000","wizsmm","63f21b4c-b58a-4c9d-9c80-ad1577f8aaf9"
"instagram","⚠️🔥🎇🇺🇸🇪🇺 Instagram Comments [CUSTOM] USA / EUROPE","226.38","161.7","5","10000","wizsmm","ac178dde-0506-4c5c-a906-177abb5bb3d6"
"instagram","⚠️🔥🎇🇺🇸🇪🇺 Instagram Comments [RANDOM] USA / EUROPE [wizsmm EXCLUSIVE - NON DROP]","246.96","176.4","5","2500","wizsmm","04648467-bf3f-4461-a151-f15fc46f198b"
"instagram","⚠️🔥🎇🇺🇸🇪🇺 Instagram Likes [MALE] USA / EUROPE [wizsmm EXCLUSIVE  - NON DROP]","11.172","7.98","30","6050","wizsmm","4b2f5834-0e18-44d3-bc1d-b6d1f1923f78"
"instagram","⚠️🔥🎇🇺🇸🇪🇺 Instagram Likes [FEMALE] USA / EUROPE","11.172","7.98","50","9050","wizsmm","8c62c4ab-eacb-4dbb-ba1c-7ed83bccf9f2"
"instagram","⚠️🔥🎇🇺🇸🇪🇺 Instagram Followers [SMALL QUANTITY] [30] USA / EUROPE","48.314","34.51","15","30","wizsmm","f0d2a3d2-2dbc-43b8-b08d-dcbb0ec15579"
"instagram","⚠️🔥🎇🇺🇸🇪🇺 Instagram Followers [MALE] USA / EUROPE","42.14","30.1","50","6000","wizsmm","147a4ef5-6b42-4a80-bdd0-335047626b4b"
"instagram","⚠️🔥🎇🇺🇸🇪🇺 Instagram Followers [FEMALE] USA / EUROPE","42.14","30.1","50","9000","wizsmm","cddac5f4-7e66-4b5c-a4e8-f7b98201de2e"
"instagram","🇩🇪 Instagram Followers [GERMANY] [Refill: No] [Max: 20K] [Start Time: 48 Hours] [Speed: 50/Day]","201.81","144.15","10","4000","wizsmm","16e8c1e3-d801-4dfc-ad7a-a5e0b293477c"
"instagram","Instagram Followers FEMALE TOP ACCOUNTS [PRICE IS FOR 50 FOLLOWERS] [Max: 50] [Start Time: 0-9 Hours] [Speed: 50/Day]","7.91","5.65","1000","1000","wizsmm","ade70a30-b772-45ad-85a4-fd1735e03b19"
"instagram","Instagram Followers FEMALE TOP ACCOUNTS [PRICE IS FOR 300 FOLLOWERS] [Max: 300] [Start Time: 0-9 Hours] [Speed: 300/Day]","17.878","12.77","1000","1000","wizsmm","10274d83-b68e-4ecf-a363-c8c1b2db69b6"
"instagram","Instagram Likes RAU™ [USA 🇺🇸] [Max: 1.5K] [Refill: 60D] [Start Time: 0 - 1 Hr] [Speed: 1.5K/D] 💧","4.27","3.05","5","50000","wizsmm","f0a18529-b7f5-4e3e-9aee-b9cede8fbd82"
"instagram","Instagram Likes + Impressions + Reach [NON DROP] [English PUBLIC with Stories Accounts] [Max: 7K] [Start Time: 0-1 Hour] [Speed: FAST] 💧🔥🔥🔥","3.766","2.69","5","50000","wizsmm","fdf986a8-3667-4257-befc-4a1ebcacad45"
"instagram","Instagram Likes [ ADS] [Refill: No] [Max: 50K] [Start time: 1 Hour] [Speed: 5K/Day]","3.724","2.66","50","50000","wizsmm","9b3ee154-01ab-4f5a-8700-95ba7ddcad20"
"instagram","Instagram Likes [NON DROP] [Refill: 1 Year] [Max: 3K] [Start Time: 1 Hour] [Speed: 3K/Day] ♻️","0.224","0.16","10","1000000","wizsmm","1520a128-f96c-4f1e-8b90-2772e6c8a391"
"instagram","Instagram Likes [NON DROP] [Refill: 1 Year] [Max: 10K] [Start Time: 1 Hour] [Speed: 5K/Day] ♻️","0.532","0.38","10","4000000","wizsmm","d71bb4d7-beb6-4883-aeb7-5010f6499225"
"instagram","Instagram Likes + Impressions + Reach [NON DROP] [Max: 7K] [Start Time: 0-1 Hour] [Speed: FAST] 💧🔥🔥🔥","3.262","2.33","5","50000","wizsmm","2417cb26-08b9-4f95-b8a0-b4b9fd0f6abe"
"instagram","Instagram Likes [Premium] [NON DROP] [Max: 2.5K] [Start Time: 0-1 Hour] [Speed: 24 Hours Delivery]","6.272","4.48","20","20000","wizsmm","b90fa826-cf41-41f0-9208-0a04e7a6ba3e"
"instagram","Instagram Male Likes [Premium] [NON DROP] [Max: 2K] [Start Time: 0-1 Hour] [Speed: 24 Hours Delivery]","15.652","11.18","30","6050","wizsmm","662c4c71-44f7-491b-8d67-ba10bca1a212"
"instagram","🇩🇪 Instagram Followers [GERMANY] [Max: 1K] [Refill: Non Drop] [Start Time: 0 - 8 Hrs] [Speed: Up to 100/D]","34.9125","24.9375","25","2500","wizsmm","65da3a9d-10e1-40bc-9422-5bcb3f11e878"
"instagram","🇧🇷Instagram Followers [BRAZIL] [Refill: 30 Days] [Max: 200K] [Start Time: 24 Hours] [Speed: 50/Day] [SLOW] ♻️","7.28","5.2","50","199999","wizsmm","66109a7c-e5f7-4ce4-b46a-cc9547458e7c"
"instagram","🇪🇬Instagram VERIFIED Followers [EGYPTIAN] [25 Followers] [1 ORDER PER ACCOUNT] 🔵","31.248","22.32","1","1","wizsmm","666c88a8-2ba5-4086-bd5d-60fb9a22baaf"
"instagram","Instagram Followers [Refill: 30D] [Max: 300K] [Start Time: 0 - 2 Hrs] [Speed: Up to 200K/D] 💧♻️⛔️","0.805","0.575","10","1000000","wizsmm","669cca7e-490d-4333-858b-b16c72433997"
"instagram","Instagram Followers [Refill: No] [Max: 1M] [Start Time: 0 -1 Hr] [Speed: 100K/D] ♻️💧","5.8625","4.1875","10","1000000","wizsmm","66adfad3-d77f-4b08-accc-648d15ed7e1e"
"instagram","Instagram Female Likes [Premium] [NON DROP] [Max: 2K] [Start Time: 0-1 Hour] [Speed: 24 Hours Delivery]","15.652","11.18","50","9050","wizsmm","d55936a2-cadc-4aff-ad5f-d2fd914ec0f7"
"instagram","🇩🇪 Instagram Likes [GERMANY] [Max: 200] [Start Time: 2 Hours] [Speed: 100/Day]","97.846","69.89","5","500","wizsmm","4ed4abe9-b347-4a8e-a467-5fe80ded46db"
"instagram","Instagram Comments [NON DROP] [Max: 500] [Start Time: 0-1 Hour] [Speed: 24 Hours Delivery]","395.136","282.24","5","2500","wizsmm","3e7f89e6-a08b-4dde-a074-0c4de55246c6"
"instagram","Instagram Female Comments [NON DROP] [Max: 500] [Start Time: 0-1 Hour] [Speed: 24 Hours Delivery]","862.4","616","5","500","wizsmm","17fd351e-fac5-408b-9e01-1f9c0677cd64"
"instagram","Instagram Male Comments [NON DROP] [Max: 500] [Start Time: 0-1 Hour] [Speed: 24 Hours Delivery]","862.4","616","5","500","wizsmm","098a9768-0224-479b-9c27-520f3b317825"
"instagram","Instagram Micro Package  [4-6 Followers] [20-25 post likes] [8-12 Comments] [NON DROP] [Start Time: 0-1 Hour] [Speed: 24 Hours Delivery]","11.27","8.05","1000","1000","wizsmm","b4ceb786-5470-423a-bb25-c92b111577bc"
"instagram","Instagram Starter Package [7-10 Followers] [35-45 Likes] [15-20 Comments] [NON DROP] [Start Time: 0-1 Hour] [Speed: 24 Hours Delivery]","15.19","10.85","1000","1000","wizsmm","c7dd9017-ddb0-45e9-91bb-9bc1493e06d8"
"instagram","Instagram Regular Package [11-13 Followers] [55-65 Likes] [30-35 Comments] [NON DROP] [Start Time: 0-1 Hour] [Speed: 24 Hours Delivery]","24.99","17.85","1000","1000","wizsmm","d2e76021-8ad6-4765-86aa-df052e8ef90b"
"instagram","Instagram Premium Package [15-18 Followers] [80-90 Likes] [45-52 Comments] [NON DROP] [Start Time: 0-1 Hour] [Speed: 24 Hours Delivery]","35.574","25.41","1000","1000","wizsmm","39332eab-59eb-4f18-a871-b41935bdb60c"
"instagram","Instagram Advanced Package [18-20 Followers] [120-130 Likes] [65-72 Comments] [NON DROP] [Start Time: 0-1 Hour] [Speed: 24 Hours Delivery]","48.552","34.68","1000","1000","wizsmm","4a189e06-0e14-4a80-afab-3afc0ca16baf"
"instagram","Instagram Package [FEMALE] [400-500 likes] [100 Comments] [100 Comment Like] [50 Comment Reply] [100 Story View] [10 Post Share]","2.94","2.1","1","1","wizsmm","de9afe70-4d76-479b-b175-de51faa10ad8"
"instagram","INSTAGRAM PACKAGE HQ [MALE] [150-200 likes] [20 Comments] [20 Comment Like][10 Comment Reply]","2.94","2.1","1","1","wizsmm","3d5d4b61-d2dc-4234-8cf4-cc3acfc4ad3f"
"instagram","🇺🇸 Instagram Followers [USA] [Refill: 30 Days] [Max: 5K] [Start Time: 0-1 Hour] [Speed: 5K/Day] ♻️","3.066","2.19","20","1000000","wizsmm","559fb65f-a13b-4f9b-8dd2-e531aec8fc94"
"instagram","🇺🇸 Instagram Likes [USA] [Refill: No] [Max: 5K] [Start Time: 0-1 Hour] [Speed: 5K/Day]","2.716","1.94","20","20000","wizsmm","7b3b3050-dc15-4bcd-8b37-cd399df71c1b"
"instagram","Instagram Auto Likes [Max: 10K] [Refill: No] [Start Time: 0 - 1 Hour] [Speed: 10K/Hour]","0.1155","0.0825","10","500000","wizsmm","66f3b291-56cd-40ef-9933-cf8e34c582f2"
"instagram","Instagram Followers [SPAM ON] [Max: 25K] [Refill: 15D] [Start Time: 0 - 1 Hr] [Speed: 20K/Day] ♻️💧","5.1625","3.6875","20","25000","wizsmm","66f749ce-98ed-46ea-bd71-8a5c672656ce"
"instagram","🇧🇷 Instagram Followers [MQ] [BRAZIL] [Refill: Auto 30D] [Max: 100K] [Start Time: 1 Hour] [Speed: 10K/Day] ♻️ ⛔️💧","2.4378","1.7413","10","100000","wizsmm","67680989-da57-4199-bb45-ee44b6cf6090"
"instagram","Instagram IGTV Views [Max: 10M] [Start Time:0 - 1 Hours] [Speed: Up to 2M / Day] ⚡💧","0.014","0.01","100","2147483647","wizsmm","67b5c6a1-505b-41e9-b067-3ece2d3ee744"
"instagram","Instagram Indian Likes [High Quality] [Cancel Enabled] [100-500/H] [Instant]","0.924","0.66","10","30000","wizsmm","a9b0c0ad-50ca-461b-8ec7-21d49a1d19f1"
"instagram","Instagram Indian Likes [High Quality] [Cancel Enabled] [1-5K/H] [Instant]","0.322","0.23","10","10000","wizsmm","4146848f-41d3-4606-ade3-e3e47e371e1f"
"instagram","Instagram Indian Likes [High Quality] [Cancel Enabled] [5-10K/H] [Instant]","0.21","0.15","50","100000","wizsmm","9cb386b9-3c73-4fb7-bfa7-b90e8ad04930"
"instagram","Instagram Indian Likes [High Quality] [Cancel Enabled] [10-15K/H] [Instant]","2.506","1.79","50","5000","wizsmm","cfc8612e-0382-4c3d-889f-1b3373e180b5"
"instagram","Instagram Indian Mix Likes [High Quality] [Cancel Enabled] [50-100/H] [Instant]","1.806","1.29","10","5000","wizsmm","e68a0a61-df9b-4411-99f7-9fb7866e86c1"
"instagram","♛🇺🇸 Instagram USA Views + Impressions + Reach","0.224","0.16","500","100000","wizsmm","f9b28f2f-ba16-44a6-92ed-f185c31673fa"
"instagram","♛🇭🇰 Instagram Hong Kong Views","0.056","0.04","500","1000000","wizsmm","946f77f1-fd38-4665-9d84-5bdba248fb02"
"instagram","♛🇯🇵 Instagram Japan Views","0.056","0.04","500","1000000","wizsmm","c83669f8-4285-4a15-9c61-7dff08c64109"
"instagram","♛🇹🇼 Instagram Taiwan Views","0.056","0.04","500","1000000","wizsmm","0688ece5-f173-41cc-a1fe-3c64801ff72a"
"instagram","♛🇮🇳 Instagram India Views","0.056","0.04","500","100000000","wizsmm","73b181bf-5ec6-42e9-be60-7bec1892fea1"
"instagram","♛🇻🇳 Instagram Vietnam Views","0.056","0.04","500","10000000","wizsmm","eef7105d-8f6d-4a5e-b714-fb3bff1e8acd"
"instagram","♛🇮🇩 Instagram Indonesia Views","0.056","0.04","500","50000000","wizsmm","3a886752-ee27-421d-bcfe-8478fa42f12c"
"instagram","♛🇬🇧 Instagram UK Views","0.056","0.04","500","8000000","wizsmm","0eb29afc-e991-4921-b0a3-1420a5f3bbe0"
"instagram","♛🇮🇹 Instagram Italy Views","0.056","0.04","500","50000000","wizsmm","f3df2b48-47ff-40d8-92d3-9e18cde3ca8c"
"instagram","♛🇧🇷 Instagram Brazil Views","0.056","0.04","500","80000000","wizsmm","242cbc3b-08fa-4606-a12f-026cb1291339"
"instagram","♛🇲🇽 Instagram Mexico Views","0.056","0.04","500","1000000","wizsmm","c5532367-52d1-4b52-a34f-6aa89fab86cc"
"instagram","Instagram Followers [SPAM ON] [Max: 1M] [Refill: 90D] [Start Time: 0 - 1 Hr] [Speed: Up to 200K/D] ♻️⛔💧","1.5008","1.072","10","1000000","wizsmm","68d6156a-092a-4f81-a38b-cc854eb69639"
"instagram","Instagram Auto Impressions + Reach [Max: 500K] [Start Time: 0 - 1 Hr] [Speed: 50K/D]","0.0349","0.0249","10","1000000","wizsmm","6905a5b5-457c-468d-a4df-30789aa2621b"
"instagram","Instagram Views [Max: 5M] [Start Time: 0-1 Hour] [Speed: 5M/Day] 💧","1.715","1.225","100","100000000","wizsmm","69b7e5c0-1f9d-4145-aa0c-6e016e2486bd"
"instagram","Instagram Auto Views [ALL] [Max: 1M] [Start Time: 0 - 1 Hour] [Speed: 100K/Day] 💧","0.175","0.125","100","100000000","wizsmm","69ea58f0-c202-4a53-b97b-e1631ec86448"
"instagram","Instagram SPLIT Impressions + Reach ➗ | Super-Fast ⚡️ | Last 200 posts [Enter Username]","0.266","0.19","20000","200000","wizsmm","02debb2f-9440-44e5-9d7c-17bf8142f13a"
"instagram","Instagram France Followers [Real] [100/D] [0-1/H]","31.92","22.8","1","100","wizsmm","a1371d2d-b549-4f0f-ad5f-0065daeafd87"
"instagram","Instagram Followers [Drops 5-20%] [Auto-Refill: 30 Days] [Max: 10K] [Start Time: 0-1 Hour] [Speed: 5K/Day] ♻️","2.0496","1.464","10","10000000","wizsmm","6ad6fcc2-2b8a-4cb1-9595-d6e99a415f85"
"instagram","Instagram Likes [Refill: No] [Max: 3K/order 30k/link] [Start Time: 0-12 Hours]","0.4872","0.348","50","30000","wizsmm","6ae5be65-76ce-45fc-bd67-c3136a3d7409"
"instagram","Instagram Likes [HQ] [Refill:NO] [Max: 500K] [Start Time: 0-3 Hrs] [Speed: 100K/D] 💧⛔️","0.0578","0.0413","1","10000000","wizsmm","6af13179-f803-4f1f-af03-c408ce373094"
"instagram","Instagram Followers [Max 50K] [WORKING] [Start Time: 0 - 1Hr] [Refill: No] [Speed: 1K/D] 💧⛔","5.4023","3.8588","20","50000","wizsmm","6b13ce17-8e55-43d9-b248-dfae7b47c510"
"instagram","🇰🇷 Instagram Power Comments [10K+ Followers] [SOUTH KOREA] [Random 10 Comments] [EXPLORE PAGE] [Max: 20] [Start Time: 0-1 Hour] [Speed: 1 Hour Delivery]","4.536","3.24","1000","1000","wizsmm","6b32f82e-07da-4b33-97c8-0011f3c9bc4b"
"instagram","🇧🇷 Instagram Followers [Brazil] [Refill: 30 Days] [Max: 50K] [Start Time: 0 - 1 Hour] [Speed: 20K/Day] ⛔️♻️💧","10.675","7.625","10","150000","wizsmm","6b4af052-8aee-4381-917a-79d269640636"
"instagram","Instagram Followers [LOW DROP] [Refill: No] [Max: 5K] [Start Time: 1 Hour] [Speed: 5K/Day]","2.8448","2.032","50","5000","wizsmm","6b77776b-7bba-4c8e-96d7-8b2ddc2adb4f"
"instagram","Instagram Followers [Max: 5M] [Refill: 365D] [Start Time: 0 - 1 Hour] [Speed: 25K/Day] ♻️💧⛔","6.2125","4.4375","10","5000000","wizsmm","6b8c8c53-739d-4cae-9dcc-c891cc083075"
"instagram","🇰🇷 Instagram Power Comments [10K+ Followers] [SOUTH KOREA] [Random 20 Comments] [EXPLORE PAGE] [Max: 20] [Start Time: 0-1 Hour] [Speed: 1 Hour Delivery]","7.14","5.1","1000","1000","wizsmm","6c8b5410-68f5-4091-9e99-13e4a2336f7b"
"instagram","Instagram Impressions [Max: 100K] [Start Time: 0-1 Hour] [Speed: 100K/Day]","0.098","0.07","10","1000000","wizsmm","6cc56dd7-480d-4ed1-be9b-57977c142452"
"instagram","Instagram Saves [HQ] [Max: 50K] [Start Time: 0 - 1 Hr] [Speed: 50K/D] 💧⛔","0.084","0.06","10","1000000","wizsmm","6cd1109d-e9b0-42db-82f9-8283ebfddc52"
"instagram","Instagram Likes [Max: 2K] [Start Time: 1 Hour] [Speed: 3K/Hour]💧","3.36","2.4","5","50000","wizsmm","6d86087f-e2ac-436a-b902-ae31dff319a8"
"instagram","Instagram Reach + Impressions [Max: 1M] [Start Time: 0 - 1 Hour] [Speed: 250K/Day]","0.07","0.05","10","1000000","wizsmm","6e3f5a61-046a-43cd-aeef-33d73742889a"
"instagram","Instagram Auto Impressions [Max: 1M] [Start Time: 0-1 Hour] [Speed: 500K/Day]","0.14","0.1","100","1000000","wizsmm","6e63f716-b289-49f3-860a-bd2a6da58663"
"instagram","🇹🇷 Instagram Likes [HQ - TURKEY] [Refill: No] [Max: 500] [Start Time: 1 Hr] [Speed: 500/D]","1.6975","1.2125","10","5000","wizsmm","6ea627e1-6891-42b6-8824-cae7e5c5fb99"
"instagram","🇧🇷 Instagram Power Comments [10K+ Followers] [BR] [Random 10 Comments] [EXPLORE PAGE] [Max: 10] [Start Time: 0-1 Hour] [Speed: 1 Hour Delivery]","4.536","3.24","1000","1000","wizsmm","6eeb8a48-f79f-43b2-8460-56f6a40c20ee"
"instagram","Instagram Auto Views [All Videos] [Max: 1M] [Start Time: 0-1 Hour] [Speed: 10K/Hour] 💧","0.3578","0.2556","100","100000000","wizsmm","6f1070ed-7a91-47d0-808d-7d9158f2bcb2"
"instagram","Instagram Likes [HQ] [Refill: No] [Max: 20K] [Start Time: 0-1 Hour] [Speed: FAST] 💧⛔","0.0916","0.0654","1","1000000","wizsmm","6f4c33aa-e503-40a4-b0e9-88c1ed32cf4e"
"instagram","Instagram Comments [HQ - EMOJI] [Refill: 30 Days] [Max: 100K] [Start Time: 0 - 3 Hours] [Speed: 20K/Day] 💧","5.978","4.27","10","500000","wizsmm","70471e81-0478-4d9c-a726-524630df08f5"
"instagram","🇲🇦Instagram Likes [MOROCCO] [NON DROP] [Max: 5K] [Start Time: 1 Hour] [Speed: 5K/Day]","8.19","5.85","50","20000","wizsmm","70a33d80-c972-42d9-8548-7b8bafdeec5a"
"instagram","🇺🇸 Instagram Likes [USA] [Private Accounts] [Start Time: 0 - 1 Hour] [Speed: 3K/Day]","6.3","4.5","20","3000","wizsmm","70ae70d4-32cc-4873-a4d3-0ee2a55de300"
"instagram","Instagram Auto Likes [Max: 100K] [Refill: 30] [Start Time: 0 - 1 Hour] [Speed: 30K/Hour]","0.315","0.225","10","250000","wizsmm","70f57c62-a7b7-4ed1-8b60-3cf4ca5ad970"
"instagram","🇧🇷 Instagram REPOST [Max: 100K] [Start Time: 0 -1 Hr] [Speed: Up to 50K/D]💧⛔","13.825","9.875","10","100000","wizsmm","71061696-fe52-414b-932d-e53140857d58"
"instagram","Instagram Reel Views [Max: 10M] [Start Time: 0-3 Hours] [Speed: 1M/Day] 💧","0.28","0.2","100","100000000","wizsmm","7107f25f-8bd1-43d9-ba0e-d7ecb3708913"
"instagram","🇺🇸 Instagram Followers [USA] [MIX] [Refill: 30D] [Max: 100K] [Start Time: 0 - 24 Hrs] [Speed: 5K/D] 💧⛔♻️","6.65","4.75","10","1000000000","wizsmm","729dbabc-c757-4abc-9172-2747296a14ea"
"instagram","Instagram Story SWIPE UP [Max: 100K] [Start Time: 0-1 Hour] [Speed: 100K/Day]","3.85","2.75","100","100000","wizsmm","729e72cf-6840-4964-9182-5e0dabb98d14"
"instagram","Instagram Auto Profile Visits [Max: 5M] [Start Time: 1 Hour] [Speed: 1M/Day]","0.1142","0.0816","100","5000000","wizsmm","72a55d19-e63c-4479-b523-d0397fd9842b"
"instagram","Instagram Auto Likes [HQ] [Refill: No] [Max: 500K] [Start Time: 0-3 Hrs] [Speed: 100K/D] 💧⛔️","0.049","0.035","10","5000000","wizsmm","72a6ef58-8f47-4212-bb52-11e851c293a7"
"instagram","Instagram Followers [Max: 2K] [SPAIN 🇪🇸 ] [Refill: No] [Speed: 2K/Day] [Start Time: 0 - 1 Hours]","10.85","7.75","20","2000","wizsmm","72fb844c-d4fa-4f07-b34c-51ad65742bd7"
"instagram","IGTV Views [Max: 5M] [Start Time: 0-6 Hour] [Speed: 1M/Day]","0.014","0.01","100","100000000","wizsmm","7312f988-d6cb-42e8-b5e1-d18347e5f547"
"instagram","Instagram Korean Likes","20.16","14.4","20","3000","wizsmm","dc3ac2b3-dc3a-48c1-86a8-e44766683bd4"
"instagram","🇧🇷Instagram Likes [BRAZIL - MALE] [Refill: No] [Max: 1K] [Start Time: 1 Hour] [Speed: 1K/Day] ⛔️💧","1.4875","1.0625","10","200","wizsmm","73d4dbc0-7148-4866-b701-31e408c5603d"
"instagram","Instagram Likes [Max: 50K] [Start Time: 0-1 Hr] [Speed: 1K/Hour] ⛔🔥💧","0.315","0.225","10","150000","wizsmm","7410f4d7-253d-491b-ae9a-2fe6c97b0b95"
"instagram","Instagram Auto Likes + Impressions + PV [Refill: No] [Max: 10K] [Start Time: 2 Hours] [Speed: 20K/Day] 🔥⛔","0.3255","0.2325","10","10000","wizsmm","742ae7a3-1cb8-4ef4-8713-edad50f8bc09"
"instagram","🇰🇷🇰🇵 Instagram Likes + Impressions + Reach [Korea] [HQ] [Refill: 90 Days] [Max: 10K] [Start Time: 0 - 1 Hour] [Speed: 10K/Day]","11.83","8.45","20","20000","wizsmm","74830dd8-80a4-4237-9174-ab88537e1321"
"instagram","Instagram Followers [Refill: 30 Days] [Max: 50K] [Start Time: 3 Hours] [Speed: 3K/Day] 🔥♻️🛑","8.225","5.875","25","10000","wizsmm","7503fe95-9181-47d5-afae-35df4ddb956e"
"instagram","Instagram Likes [100K/D] [Instant]","0.56","0.4","10","10000","wizsmm","a548f0f7-3ad7-42c2-8834-8b7e0ebc17ca"
"instagram","Instagram Indian Likes [100K/D] [Instant]","0.322","0.23","10","10000","wizsmm","cdedd930-87fd-4850-923c-63ee6b7374b9"
"instagram","Instagram Indian Likes [1K/D] [Instant]","2.002","1.43","50","300000","wizsmm","b7b504ab-be92-4df1-8444-f536aac816d2"
"instagram","Instagram Indian Likes [5K/D] [Instant]","2.52","1.8","50","5000","wizsmm","63da27af-4964-4160-bbb1-67dc2ed4a08b"
"instagram","Instagram Egyptian Likes [1K/D] [Instant]","2.17","1.55","50","1000","wizsmm","be4ffb2b-9d73-4524-a400-88d95ab6d757"
"instagram","Instagram Egyptian Likes [5K/D] [Instant]","1.386","0.99","50","5000","wizsmm","af774ac0-f3c3-4d40-b4d0-140df9c9def4"
"instagram","Instagram Brazil Likes [1K/D] [Instant]","1.904","1.36","50","1000","wizsmm","3cbc5254-d124-4317-8851-db386b32dd8a"
"instagram","Instagram Brazil Likes [5K/D] [Instant]","1.05","0.75","20","5000","wizsmm","337b5079-83bc-4ae2-8c07-c8cd3cf774fd"
"instagram","Instagram Turkish Likes [1K/D] [Instant]","0.532","0.38","20","1000","wizsmm","664b8c53-803e-4740-a876-75ce1dac2b27"
"instagram","Instagram Turkish Likes [5K/D] [Instant]","0.7","0.5","20","5000","wizsmm","f90fe667-82f5-4a1b-9b44-3b24183c5dd9"
"instagram","Instagram Iraq Likes [1K/D] [Instant]","1.302","0.93","50","1000","wizsmm","9756b311-506c-412f-8562-5d1e9fc801fc"
"instagram","Instagram Iraq Likes [5K/D] [Instant]","1.652","1.18","50","5000","wizsmm","1699c388-c00c-4f8d-952a-6cd8775cde8b"
"instagram","Instagram Arabic Likes [1K/D] [Instant]","1.05","0.75","50","1000","wizsmm","e566446a-03bf-46a7-aeed-fa3ddd5d893f"
"instagram","Instagram Arabic Likes [5K/D] [Instant]","1.218","0.87","50","5000","wizsmm","ba80d4a1-6379-4112-a3ce-eb5c1caa36db"
"instagram","Instagram Followers [All Flag Types] [High Quality + Real] [Low Drop] [30 Days Refill] [200-400K/D] [Instant]","0.686","0.49","10","1000000","wizsmm","794b27ff-4a1c-48b1-993b-1a649f675b86"
"instagram","Instagram Followers [Refill: 365D] [Max: 1M] [Start Time: 0-3 Hours] [Speed: Up to 30K/Day] 💧♻️⛔️","6.825","4.875","10","1000000","wizsmm","75ea18e8-89e5-4cbd-b655-d9e512d19ea3"
"instagram","Instagram Power Comments [10K+ Followers] [Random 200 Comments] [EXPLORE PAGE] [Max: 200] [Start Time: 0-1 Hour] [Speed: 10/Hour]","16.8","12","1000","1000","wizsmm","7609e2a0-af25-4c77-a6f3-ee7cef52261a"
"instagram","Instagram Brazil Male Likes [No Drop] [R30] [10-20K/D] [0-1/H]","0.462","0.33","10","10000","wizsmm","46011d7b-1f35-4de7-8292-c89d494523a5"
"instagram","Instagram Brazil Female Likes [No Drop] [R30] [10-20K/D] [0-1/H]","0.462","0.33","10","10000","wizsmm","5e2ad6a5-457b-4447-aa2e-8bdf9c6b6c86"
"instagram","Instagram Brazil Male Followers [All Flags] [Very Low Drop] [R30] [5-10K/D] [0-1/H]","4.032","2.88","10","10000","wizsmm","6555ef81-cf5a-44c3-8580-bb20b92a81e9"
"instagram","Instagram Brazil Female Followers [All Flags] [Very Low Drop] [R30] [5-10K/D] [0-1/H]","4.032","2.88","10","10000","wizsmm","6d9adf36-c545-4d39-aa39-9a1464d8a1e9"
"instagram","Instagram Brazil Auto Likes [No Drop] [R30] [10-20K/D] [0-1/H]","0.462","0.33","10","20000","wizsmm","e06fe452-ec8f-4832-b9e0-23d6844a2a67"
"instagram","Instagram Brazil Male Auto Likes [No Drop] [R30] [10-20K/D] [0-1/H]","0.462","0.33","10","10000","wizsmm","34bf7791-5d32-4354-a3de-f5ff3e19d10f"
"instagram","Instagram Brazil Female Auto Likes [No Drop] [R30] [10-20K/D] [0-1/H]","0.462","0.33","10","10000","wizsmm","ee9d9718-265e-49af-b883-03e1bb05b6d6"
"instagram","Instagram Likes [Max: 10K] [Start Time: 0-1 Hr] [Speed: 5K/Hr] 💧⛔","0.8575","0.6125","50","100000","wizsmm","77738452-d46d-4659-b537-0bfd511ce97a"
"instagram","Instagram Story Views [Max: 100K] [Start Time: 1 Hour] [Speed: 100K/Day]","0.1995","0.1425","100","15000","wizsmm","779acf79-7e95-4ee9-b0fe-9363190a6866"
"instagram","Instagram Followers [All Flag Types] [30 Days Refill] [Cancel Enabled] [50-100K/D] [Instant] [Read Description]","2.086","1.49","10","500000","wizsmm","8c5cf672-c7ba-40c3-8202-ff832fcbba5c"
"instagram","Instagram Followers [All Flag Types] [Extreme Speed] [Cancel Enabled] [300-500K/D] [Instant]","1.26","0.9","100","500000","wizsmm","cbac5055-d1ef-4602-a85a-7cdc651a38d6"
"instagram","Instagram Followers [All Flag Types] [365 Days Refill] [Cancel Enabled] [50-100K/D] [Instant] [Read Description]","5.04","3.6","10","5000000","wizsmm","f5dcf1a7-b8f1-4d56-8091-6c4d8c079810"
"instagram","Instagram Followers [All Flag Types] [30 Days Refill Button] [Cancel Enabled] [50-100K/D] [Instant] [Read Description]","4.368","3.12","10","500000","wizsmm","af39a267-6c15-4952-9e59-25f6c0ce5555"
"instagram","Instagram Taiwan Likes","16.8","12","20","1000","wizsmm","d414ca89-ce7f-4335-aa3e-c6b2d0ddacb7"
"instagram","Instagram USA Comments","20.16","14.4","5","500","wizsmm","2a60ece1-bbd9-415f-bfab-b1377a596966"
"instagram","EGYPT - Real Followers | Instant-start | Engagement Possible | [10K] ⛔","9.016","6.44","10","10000","wizsmm","c3b0dc45-7ec0-48c1-af46-3232eedda961"
"instagram","EGYPT - Real Likes | Instant-start | No Drops | Engagement Possible | [10K] ⛔","1.974","1.41","10","10000","wizsmm","738dae6c-bf32-4208-a1e3-9b46acd743c5"
"instagram","EGYPT - Real Male Likes | Instant-start | No Drops | Engagement Possible | [5K] ⛔","2.954","2.11","10","10000","wizsmm","d456257f-721d-4b59-a026-cffad47a301d"
"instagram","EGYPT - Real Comments | Random | Instant-start | No Drops |  Engagement Possible | [10K] ⛔","16.38","11.7","10","200","wizsmm","6f4781f2-af86-4cfe-a988-eeab6d205a77"
"instagram","EGYPT - Real Comments | FEMALE | Instant-start | No Drops |  Engagement Possible | [10K] ⛔","24.57","17.55","10","200","wizsmm","89e9c976-9400-47c3-9544-861e0504594f"
"instagram","EGYPT - Real Comments | MALE | Instant-start | No Drops |  Engagement Possible | [10K] ⛔","24.57","17.55","10","200","wizsmm","3fc954d3-bf49-449b-82dd-f329592f9a3c"
"instagram","EGYPT - Real Story Views | Instant-start | No Drops |  Engagement Possible | [1K] ⛔","1.638","1.17","10","1000","wizsmm","a909e19d-fe15-4b93-8f25-00cc63eb4ce9"
"instagram","EGYPT - Real Story Views | FEMALE | Instant-start | No Drops |  Engagement Possible | [1K] ⛔","2.464","1.76","10","1000","wizsmm","f83b8fdf-cb89-43a3-985d-7861fe77848b"
"instagram","EGYPT - Real Story Views | MALE | Instant-start | No Drops |  Engagement Possible | [1K] ⛔","2.464","1.76","10","1000","wizsmm","2388aac0-3045-4718-94c6-cf3706017802"
"instagram","Instagram Global Comments","20.16","14.4","5","500","wizsmm","d18b2d28-3d92-4a63-a073-795a392b8bbc"
"instagram","Instagram France Comments","50.4","36","5","500","wizsmm","0c4db925-66d7-483c-bca5-0616a37d0186"
"instagram","Instagram German Comments","42","30","10","500","wizsmm","6e166b84-c083-4b84-b981-716cffdfa2dc"
"instagram","Instagram USA Followers [All Flags] [Very Low Drop] [R30] [5-10K/D] [0-1/H]","2.94","2.1","10","10000","wizsmm","0248f1b7-740c-41c0-ac1c-97168dec5fe9"
"instagram","Instagram USA Likes [No Drop] [R30] [5-10K/D] [0-1/H]","0.448","0.32","10","10000","wizsmm","c56daa45-1e78-4bcb-aaea-738843791510"
"instagram","🇮🇳 Instagram Likes [INDIA] [Start Time: 0 - 1 Hour] [Speed: 5K/Day]","1.848","1.32","20","3000","wizsmm","7a17b226-2b11-4c9b-a5d6-ecd59d8c3f35"
"instagram","🇧🇷 Instagram Followers [75% Brazil] [Refill: No] [Max: 50K] [Start Time: 0 - 1 Hour] [Speed: 20K/Day] ⛔️💧","1.8725","1.3375","10","100000","wizsmm","7a3dd568-72fa-4edd-a771-59c5433004ec"
"instagram","Instagram Impressions [Max: 500K] [Start Time: 0 - 1 Hr] [Speed: 50K/D]","0.0272","0.0194","10","1000000","wizsmm","7a4e3758-e045-4304-bedc-11419f9d6f14"
"instagram","Instagram Followers [All Flag Types] [High Quality + Real] [60 Days Refill] [20-50K/D] [0-1/H]","1.428","1.02","10","100000","wizsmm","035dc89d-4a84-48a4-9ff3-a6b04dbd5a3e"
"instagram","Instagram Followers [All Flag Types] [High Quality + Real] [90 Days Refill] [20-50K/D] [0-1/H]","1.554","1.11","10","100000","wizsmm","70c12a12-042f-48b3-8f4a-7630237636c0"
"instagram","Instagram Followers [All Flag Types] [High Quality + Real] [Lifetime Refill] [20-50K/D] [0-1/H]","2.142","1.53","10","100000","wizsmm","97c2cc97-b321-4892-a45d-fdad8610e5ad"
"instagram","Instagram Followers [All Flag Types] [High Quality + Real] [Low Drop] [10-20K/D] [0-1/H]","1.414","1.01","10","100000","wizsmm","99fd1407-98f5-4bce-ac42-f19d583be44a"
"instagram","Instagram Followers [All Flag Types] [High Quality + Real] [Low Drop] [30-50K/D] [0-1/H]","2.352","1.68","10","100000","wizsmm","9bd1211c-a5cf-4efb-a5c0-634c38a881fb"
"instagram","Instagram Auto Likes [10 Likes Per Minute] [Max: 10K] [Start Time: 0-1 Hour]","1.89","1.35","20","10000","wizsmm","7b2dffe2-8f20-4de1-ba98-685edc31db56"
"instagram","Instagram Likes [Max: 100K] [Start Time: 0-1 Hr] [Speed: 25K/D] 💧⛔","1.54","1.1","10","100000","wizsmm","7b5bd1c9-6ce4-4a0d-9947-256d84317f25"
"instagram","🇧🇷 Instagram BRAZIL Comments [RANDOM] [Max: 1K] [Refill: No] [Start Time: 1 Hour] [Speed: 500/Day]","50.5399","36.0999","1","250","wizsmm","7bd497ec-cf3f-465c-aa21-5d79c41386df"
"instagram","Instagram Reach + Impressions [1M] [Start Time: 0 - 1 Hour] [Speed: 250K/Day] ⛔💧","0.07","0.05","10","1000000","wizsmm","7bdfdf8e-9140-456b-a52e-873a2361d024"
"instagram","Instagram Followers [All Flag Types] [High Quality + Real] [Low Drop] [50-100K/D] [0-1/H]","2.772","1.98","10","100000","wizsmm","359fbbe5-e374-4fbd-bffd-1b367d83857c"
"instagram","Instagram Likes [High Quality + Real] [No Drop] [30-50K/D] [0-1/H]","0.336","0.24","10","100000","wizsmm","3cc8ff03-64a4-4447-9c53-11f00944d001"
"instagram","Instagram Likes [High Quality + Real] [No Drop] [50-100K/D] [0-1/H]","0.49","0.35","10","100000","wizsmm","5fc6247e-c6ab-46bd-890d-722cc9c3f770"
"instagram","Instagram Followers [🇪🇺 Europe] Super Real [Max: 2000]","579.6","414","5","800","wizsmm","c3cf3649-0524-45fd-88bf-fdf36d2980f2"
"instagram","Instagram Followers [🇩🇪 Germany] Super Real [Max: 700]","579.6","414","5","500","wizsmm","6ea720df-3a15-4bb8-8d3c-50ebdfebeabd"
"instagram","Instagram Followers [🇫🇷 France] Super Real [Max: 300]","579.6","414","5","200","wizsmm","29ca288f-733f-4d52-b05d-85872ddacedd"
"instagram","Instagram Followers [🇺🇸 USA &amp; 🇬🇧 UK] Super Real [Max: 500]","579.6","414","5","200","wizsmm","ca8f26aa-6a22-4756-8dd4-70b04578c72a"
"instagram","Instagram Followers [🇸🇪 Sweden] Super Real [Max: 100]","579.6","414","5","200","wizsmm","b6a91448-0c2c-46c9-9dbb-f79c491bc883"
"instagram","Instagram Power Likes [Last 5 Posts] [Package 50-150K] [Non Drop] [Start Time: 0-1 Hour] [Speed: 50K/Day]","5.4775","3.9125","50000","150000","wizsmm","7cb8fc31-262d-4b63-ba8c-ac366351634e"
"instagram","Instagram Story Trend [Max: 10M] [Start Time: 0-1 Hour] [Speed: 100K/Day]","1.148","0.82","100","100000000","wizsmm","7cdf10b9-ee6d-4681-a697-e97fe11610b0"
"instagram","Instagram Saves [Max: 400K] [Start Time: 0-1 Hour] [Speed: 15K/Day] 💧","0.28","0.2","10","1000000","wizsmm","7ceb2624-c602-4e8d-ba17-bb874ec9db30"
"instagram","⚠️🔥🎇🇺🇸🇪🇺 Instagram Likes [FEMALE] USA / EUROPE [EXCLUSIVE - NON DROP]","9.975","7.125","50","9050","wizsmm","7d0f1c70-d1ac-4128-8843-0b80787a8351"
"instagram","Instagram Followers [50K] [EUROPE] [Refill: 30 Days] [Start Time: 1 Hour] [Speed: 2K/Day]","8.19","5.85","10","10000000","wizsmm","7e29ffd8-cfc8-4b0f-b6e3-6fea841cc5d2"
"instagram","Instagram Followers [Scandinavia] Super Real [Max: 400]","579.6","414","5","400","wizsmm","3109632d-c952-427f-ade9-9f2cefb7f513"
"instagram","Instagram Followers [🇩🇪 Germany] Super Real [Female] [Max: 450]","966","690","5","300","wizsmm","fa672a43-6aaa-4bc0-8bf0-942dacc89f86"
"instagram","Instagram Followers [🇫🇷 France] Super Real [Male] [Max: 120]","966","690","5","120","wizsmm","52e8193a-4ac8-47ca-86ff-22c631f82a7a"
"instagram","Instagram Followers [🇸🇪 Sweden] Super Real [Male] [Max: 35]","966","690","5","100","wizsmm","d6750786-9ead-4839-9098-e3960fa18d5d"
"instagram","Instagram Followers [🇸🇪 Sweden] Super Real [Female] [Max: 65]","966","690","5","100","wizsmm","3850d35d-faca-45aa-870b-cb9cb7cfcddc"
"instagram","Instagram Indian Followers","3.696","2.64","10","3000","wizsmm","c341d20c-9ebb-4cd9-880e-20708d560526"
"instagram","Instagram USA Followers","3.78","2.7","10","15000","wizsmm","bee5b56b-1120-4bd7-9ec1-1c9522a01752"
"instagram","Instagram Global Followers","3.78","2.7","20","15000","wizsmm","ed76a4bb-0892-4405-b359-8ed51eb77853"
"instagram","Instagram Iranian Followers","5.04","3.6","20","7000","wizsmm","9915a431-2e76-420b-97fc-362040da5487"
"instagram","Instagram Arab Followers","7.056","5.04","20","5000","wizsmm","189c18a1-94da-4e5e-9cfc-0c8c65e99c70"
"instagram","Instagram Italy Followers","8.4","6","10","2000","wizsmm","65deb0f5-5b31-4009-89b2-315e40fef103"
"instagram","Instagram Spain Followers","10.08","7.2","20","2000","wizsmm","d1b154eb-1bfa-491b-9092-52aa72d1465d"
"instagram","Instagram UK Followers","10.08","7.2","10","2000","wizsmm","92fbbbaa-fea1-4052-85bc-f715f0db080a"
"instagram","Instagram France Followers","11.76","8.4","10","2000","wizsmm","048cc7a2-829e-4d2c-9a54-9abdcbd53d05"
"instagram","Instagram Germany Followers","11.76","8.4","20","2000","wizsmm","d0a0ee21-ef77-41d2-a13b-1d5065726b48"
"instagram","Instagram EU/USA Followers","20.16","14.4","20","15000","wizsmm","6fc2492c-255f-4853-96f7-aa1e69f28fbc"
"instagram","Instagram Korean Followers","17.808","12.72","20","3000","wizsmm","46710efb-b27e-401d-b30f-a308e9c92326"
"instagram","Instagram Hong Kong Followers","18.48","13.2","20","1000","wizsmm","6fb869e5-ee34-4b8e-b5d1-909fc81f0f6e"
"instagram","Instagram Taiwan Followers","23.52","16.8","20","10000","wizsmm","73b4f9a6-1197-4dd2-9bcc-b995d61e619f"
"instagram","Instagram Indian Likes","1.344","0.96","10","3000","wizsmm","5b73ccc9-cdf5-412f-a1c7-d0dc0bf3258e"
"instagram","Instagram Global Likes","2.828","2.02","20","15000","wizsmm","e5a4f118-870a-456c-b55f-b8d4a5085c6a"
"instagram","Instagram USA Likes","2.52","1.8","20","15000","wizsmm","04914109-50ec-4fe9-83c5-2411201d7261"
"instagram","Instagram Italy Likes","3.696","2.64","20","2000","wizsmm","28349bbb-8c89-498c-b51f-cb0258f7c525"
"instagram","Instagram Iranian Likes","5.04","3.6","50","7000","wizsmm","b8daeb6c-03a7-4dcd-81a4-205a810b837f"
"instagram","Instagram Arab Likes","5.04","3.6","20","5000","wizsmm","01793959-d682-4762-b67c-80a951c09ebd"
"instagram","Instagram Spain Likes","5.04","3.6","20","2000","wizsmm","54949b81-c186-40a5-9e5d-c5beb84ee2ef"
"instagram","Instagram France Likes","5.376","3.84","20","2000","wizsmm","f0c57391-b842-467e-b96d-8f753c458ab8"
"instagram","Instagram UK Likes","6.72","4.8","20","2000","wizsmm","f7fc897b-0fa4-4f7f-a489-e21c1d72175c"
"instagram","🔥🔥🔥 [EXCLUSIVE] Instagram Followers [Spam On] [Refill: 65 Days] [Max: 100K/username - 8.4K/order] [Start Time: 0-1 Hour] [Speed: 8.4K/Day] ♻️🔥🔥🔥","1.0584","0.756","8400","8400","wizsmm","7fa86b52-b149-4d10-b888-318753bb39e0"
"instagram","Instagram Followers [Max 1M] [SPAM ON] [Start Time: 0 - 1Hr] [Refill: 30D] [Speed: Up to 100K/D] 💧⛔","5.1975","3.7125","10","1000000","wizsmm","7fb4ab44-e12e-4f8b-bad2-b479621d1528"
"instagram","🇪🇬Instagram VERIFIED Followers [EGYPTIAN] [20 Followers] [1 ORDER PER ACCOUNT] 🔵","26.0921","18.6372","1","1","wizsmm","8010fa7c-1e2c-4dba-b0b5-ba5196171a9f"
"instagram","Instagram Germany Likes","11.76","8.4","20","5000","wizsmm","a92d86fe-fbb4-4ab6-8c8f-1b18ac0c5ab9"
"instagram","Instagram Iranian Followers [Real] [High Quality] [5-10K/D] [0-1/H]","2.884","2.06","100","20000","wizsmm","3909d000-3d30-4231-9b33-591a9485fe3a"
"instagram","Instagram Russian Mix Followers","3.36","2.4","100","20000","wizsmm","2a872a62-4899-4059-9e5a-fe383432fb27"
"instagram","Instagram Followers [Arabic - Indian] [Real] [High Quality] [Cancel Enabled] [150K/D] [Instant]","2.898","2.07","100","150000","wizsmm","4a6f1f9e-29fb-4d78-a853-2fc868ddbd44"
"instagram","Instagram Middle East Followers [Nice Quality] [30 Days Refill Button] [10-20K/D] [0-30/M]","3.892","2.78","100","30000","wizsmm","9157ee40-7d4f-4ff4-ad56-f699a9966943"
"instagram","Instagram Southeast Asia Followers [Real] [30 Days Auto Refill] [1-5K/D] [0-1/H]","4.368","3.12","10","5000","wizsmm","136ceca6-6cba-4a7b-986b-d807d90c0cec"
"instagram","Instagram Vietnam Mix Followers [5-10K/D] [0-1/H]","4.704","3.36","50","10000","wizsmm","abaef252-b00e-4eb3-a7ad-11dcd9a40a66"
"instagram","Instagram Colombian Followers [Mix] [Nice Quality] [5-10K/D] [0-1/H]","2.842","2.03","50","20000","wizsmm","62fac95d-6b18-45af-892e-2b9ca2db7ed3"
"instagram","Instagram USA Followers [30 Days Refill] [5-10K/D] [Instant]","5.04","3.6","20","100000","wizsmm","bba7f1a5-7465-461f-98c5-b9230db951e5"
"instagram","Instagram Latin Followers [30 Days Refill] [5-10K/D] [0-1/H]","5.628","4.02","20","50000","wizsmm","db6d1356-865c-475b-bb1e-bffac4d5cf5c"
"instagram","Instagram Followers [Indonesia Thailand Majority] [30 Days Auto Refill] [1-5K/D] [0-1/H]","7.392","5.28","10","5000","wizsmm","df637263-beac-4ec5-8fc6-4e87ba097c8b"
"instagram","Instagram Followers [Latin America and Mexico] [30 Days Auto Refill] [1-5K/D] [0-1/H]","7.392","5.28","10","10000","wizsmm","6ef90e1f-b53c-4e45-820b-291f16edd396"
"instagram","Instagram Followers [Europe Countires] [30 Days Auto Refill] [1-5K/D] [0-1/H]","7.392","5.28","10","5000","wizsmm","e89b6cef-6f12-4551-80f9-4735f5775f79"
"instagram","Instagram South Asia Followers [Real] [30 Days Auto Refill] [1-5K/D] [0-1/H]","7.392","5.28","10","5000","wizsmm","d03ce6f5-981d-4e05-93da-c60dac2191b1"
"instagram","Instagram Europian Followers [Real] [30 Days Auto Refill] [1-5K/D] [0-1/H]","7.308","5.22","10","5000","wizsmm","bd78ba9d-c52a-4889-a321-9d4382aa6b5c"
"instagram","Instagram Latin Followers [30 Days Refill] [5-10K/D] [Instant]","7.574","5.41","20","100000","wizsmm","0d19750b-0e1f-4a9b-82d6-2f6b3209540c"
"instagram","Instagram Arab Followers [30 Days Refill] [5-10K/D] [Instant]","7.574","5.41","10","100000","wizsmm","bd418c66-0ea8-4005-880b-495f8d76474a"
"instagram","Instagram Followers [USA Canada Majority] [30 Days Auto Refill] [1-5K/D] [0-1/H]","8.4","6","10","5000","wizsmm","d693eb09-df5e-48d9-802a-528299c9f2e3"
"instagram","Instagram Spanish Followers [30 Days Refill] [5-10K/D] [Instant]","21.63","15.45","20","100000","wizsmm","7fbcd328-d2d2-490e-8602-b5bcdce104e0"
"instagram","Instagram Korean Followers [High Quality] [30 Days Refill] [1-2K/D] [0-1/H]","58.8","42","10","1000","wizsmm","c694cc46-6417-43dc-adad-5c8ea51f6676"
"instagram","Instagram Korean Female Followers [High Quality] [30 Days Refill] [1-2K/D] [0-1/H]","92.4","66","10","50000","wizsmm","64076ae8-4af0-495c-836d-bfda19fd497d"
"instagram","Instagram Israel Followers","173.88","124.2","25","200","wizsmm","094cd17e-0422-4239-a100-a10d2d4ca1c8"
"instagram","🇮🇳 Indian Real Likes [30 Days Auto Refill] [100-1K/D] [Instant]","1.68","1.2","10","2000","wizsmm","d5f756f1-e0c4-4ccc-9194-1915931c9674"
"instagram","5486 - 🇮🇷 Iranian Real Likes [30 Days Auto Refill] [100-1K/D] [Instant]","2.52","1.8","20","7000","wizsmm","f52bac51-336f-4598-a1f8-34840c14b0c9"
"instagram","Instagram Likes [Max: 20K] [Start Time: 0-1 Hour] [Speed: FAST] 🔥🔥🔥","1.8375","1.3125","10","100000","wizsmm","80e2d340-3d46-480a-b546-3774e829443f"
"instagram","Instagram Followers [Max 500K] [Start Time: 0 - 1Hr] [Refill: No] [Speed: Up to 100K/D] 💧⛔","0.9625","0.6875","10","500000","wizsmm","80eb3025-7b3e-4b64-bf7b-8a622b22a0dc"
"instagram","Instagram Followers [PAK 🇵🇰] [Refill: 30D] [Max: 20K] [Start Time: 0 - 2 Hrs] [Speed: Up to 20K/D] 💧⛔️","4.4625","3.1875","20","10000","wizsmm","810e2aa8-78ec-41ca-979b-4f4990fa45a1"
"instagram","Instagram Followers [WORKING] [Max: 500k] [Refill: 30D] [Start Time: 0 - 1 Hr] [Speed: 50K/D] ♻️💧⛔","2.0073","1.4338","10","10000000","wizsmm","811b6baa-bd7d-47d9-a506-d1383c72480d"
"instagram","Instagram Followers [Refill: 30 Days] [Max: 5K] [Start Time: 6 Hours] [Speed: 20K/Day] ♻️🔥","0.7875","0.5625","50","5000000","wizsmm","811f354a-97ce-4dee-9587-e0680d9dc075"
"instagram","Instagram Advanced Package [18-20 Followers] [120-130 Likes] [65-72 Comments] [NON DROP] [Start Time: 0-1 Hour] [Speed: 24 Hours Delivery]","43.3475","30.9625","1000","1000","wizsmm","812736e4-edc8-4fec-8754-42b7dc1d8214"
"instagram","🇺🇸 Instagram Followers [USA] [Refill: 30 Days] [Max: 5K] [Start Time: 0-1 Hour] [Speed: 5K/Day] ♻️","2.73","1.95","20","1000000","wizsmm","81663a99-31ba-44fe-a586-b5030609a571"
"instagram","5485 - 🇮🇷 Iranian Real Followers [30 Days Auto Refill] [100-1K/D] [Instant]","3.36","2.4","100","5000","wizsmm","4580c86f-a470-4926-affc-e944cba8639b"
"instagram","🇮🇳 Indian Real Followers [30 Days Auto Refill] [100-1K/D] [Instant]","6.048","4.32","10","2000","wizsmm","ec21cd4a-d679-4f1b-95da-0aedd68d0729"
"instagram","🇦🇪🇸🇦🇶🇦🇰🇼🇴🇲 Arab Real Likes [30 Days Auto Refill] [100-1K/D] [Instant]","6.72","4.8","50","1000","wizsmm","708afe8a-77af-413e-a899-bd6db470052d"
"instagram","🇮🇹 Italy Real Likes [30 Days Auto Refill] [100-1K/D] [Instant]","13.146","9.39","25","1000","wizsmm","82caa16a-84e2-4cca-b967-7f00df733d74"
"instagram","🇪🇸 Spain Real Likes [30 Days Auto Refill] [100-1K/D] [Instant]","13.44","9.6","20","1000","wizsmm","1466a3ce-4b7d-49b4-8590-fc65b992c489"
"instagram","🇦🇪🇸🇦🇶🇦🇰🇼🇴🇲 Arab Real Followers [30 Days Auto Refill] [100-1K/D] [Instant]","13.44","9.6","50","1000","wizsmm","f6041609-8386-4c1b-adb4-a7a4fd12d136"
"instagram","🇺🇸 USA Real Likes [30 Days Auto Refill] [100-1K/D] [Instant]","13.44","9.6","10","1000","wizsmm","6b93cbf8-a896-4ad9-97bd-5cfbc6bc2350"
"instagram","🇫🇷 France Auto Real Likes [30 Days Auto Refill] [100-1K/D] [Instant]","12.124","8.66","25","1000","wizsmm","ca82baa8-2e5b-4008-a74f-818f713143e1"
"instagram","🇫🇷 France Auto Real Female Likes [30 Days Auto Refill] [100-1K/D] [Instant]","23.87","17.05","25","700","wizsmm","c4671309-73d4-45ac-86fe-85bd22577b8e"
"instagram","🇫🇷 France Auto Real Male Likes [30 Days Auto Refill] [100-1K/D] [Instant]","23.87","17.05","25","350","wizsmm","c6b2e2c3-625f-47c5-b384-4c70fbd95f80"
"instagram","🇫🇷 France Real Likes [30 Days Auto Refill] [100-1K/D] [Instant]","12.124","8.66","25","1000","wizsmm","7ae50466-50a3-4f0c-a7bf-089d1ef57b42"
"instagram","🇫🇷 France Real Female Likes [30 Days Auto Refill] [100-1K/D] [Instant]","23.87","17.05","25","700","wizsmm","228a55ca-2f70-4253-9e57-9bc95dcbc235"
"instagram","🇫🇷 France Real Male Likes [30 Days Auto Refill] [100-1K/D] [Instant]","23.87","17.05","25","350","wizsmm","45c46ef9-49ec-496e-b4c1-84fb5cc08e05"
"instagram","🇰🇷 Korean Real Likes [30 Days Auto Refill] [100-1K/D] [Instant]","16.8","12","10","3000","wizsmm","b262f010-fd7d-417a-a118-99360a9e705d"
"instagram","🇪🇸 Spain Real Followers [30 Days Auto Refill] [100-1K/D] [Instant]","20.16","14.4","20","1000","wizsmm","c0015a2c-953a-4544-a209-582eaa6504da"
"instagram","🇺🇸 USA Real Followers [30 Days Auto Refill] [100-1K/D] [Instant]","20.16","14.4","10","1000","wizsmm","bd8b9c5d-c6cf-4da7-b744-f058ffe2a305"
"instagram","🇫🇷 France Real Followers [30 Days Refill] [100-1K/D] [Instant]","35","25","25","1000","wizsmm","8abd8ac6-aa06-4b60-bcad-c0adda80c552"
"instagram","🇫🇷 France Real Female Followers [30 Days Refill] [100-1K/D] [Instant]","48.818","34.87","25","750","wizsmm","b67ea54c-436e-469d-b967-88d1c3343c0e"
"instagram","🇫🇷 France Real Male Followers [30 Days Auto Refill] [100-1K/D] [Instant]","48.818","34.87","25","350","wizsmm","54a4880a-ca48-487a-a630-52a7e79df827"
"instagram","🇰🇷 Korean Real Followers [30 Days Auto Refill] [100-1K/D] [Instant]","58.8","42","10","3000","wizsmm","0f3656b6-bb83-4566-8e92-270846a2d67c"
"instagram","Instagram Female Story Views [Real] [Cancel Enabled] [50K/D] [Instant]","0.21","0.15","100","10000","wizsmm","203ad1a8-e4e2-495e-ba65-108c7178a6d7"
"instagram","Instagram Female Likes [Real] [No Drop] [Cancel Enabled] [50/D] [Instant]","0.952","0.68","20","100000","wizsmm","57f18022-304b-42d8-96fe-d16a0b56b1d5"
"instagram","Instagram Male Likes [Real] [No Drop] [Cancel Enabled] [10K/D] [Instant]","0.952","0.68","10","100000","wizsmm","0ea473bb-a85e-46c5-9ed1-6170739e4d08"
"instagram","Instagram Female Followers [30 Days Refill] [10K/D] [Instant]","10.164","7.26","50","50000","wizsmm","a33ef21e-b512-4574-9d97-e72ca7f36cea"
"instagram","🌎 WW Instagram Power Comments [10K+ Followers] [Random 100 Comments] [EXPLORE PAGE] [Max: 100] [Start Time: 0-1 Hour] [Speed: 1 Hour Delivery]","12.6","9","1000","1000","wizsmm","828a01c0-c891-40a6-a069-9d22f5ab4009"
"instagram","Instagram Followers [Refill: 30 Days] [Max: 1M] [Start Time: 0-1 Hour] [Speed: 60K/Day] 💧⛔♻️","2.6488","1.892","10","999999","wizsmm","829a7dd6-e119-4c7b-b210-1bbfc8fa0e37"
"instagram","🔥🔥🔥 [EXCLUSIVE] Instagram POWER Likes [TOP IN MARKET] [Max: 50K] [Start Time: 0-1 Hr] [Speed: 20K/Day] 🔥🔥🔥","0.385","0.275","10","100000","wizsmm","82a6975e-2c05-4fdc-b406-f36079212637"
"instagram","Instagram AUTO POWER Likes [TOP IN MARKET] [Refill: No] [Max: 10K] [Start Time: 1 Hour] [Speed: 5K/Day] 🔥","1.0976","0.784","1","1000000","wizsmm","82b115cd-81c3-44eb-9112-369f565ba4a3"
"instagram","Instagram Views [All Videos] [Max: 1M] [Start Time: 0 - 1 Hour] [Speed: 100K/Day] 💧","0.35","0.25","100","100000000","wizsmm","83137fdc-efab-43e6-89f9-42af87f90ef8"
"instagram","Instagram Male Followers [30 Days Refill] [10K/D] [Instant]","30.24","21.6","10","2500","wizsmm","e4ef22fe-e93b-4a47-95c1-12348934e401"
"instagram","Instagram Female Random Comments [Real] [Premium Quality] [No Drop] [1K/D] [Instant]","63.84","45.6","5","5000","wizsmm","dd8538fd-5115-4b8a-9be2-5d348899b4b2"
"instagram","Instagram Male Random Comments [Real] [Premium Quality] [No Drop] [1K/D] [Instant]","63.84","45.6","5","5000","wizsmm","3346c962-7641-4d00-b5e2-d9487d1b2c71"
"instagram","Instagram Female Followers [Real] [Premium Quality] [No Drop] [1K/D] [Instant]","62.188","44.42","5","5000","wizsmm","b7f9269c-9fc7-49ec-bfa5-1551666ffe03"
"instagram","Instagram Male Followers [Real] [Premium Quality] [No Drop] [1K/D] [Instant]","72.24","51.6","5","5000","wizsmm","7413bf73-5147-498b-badf-f846a3afaca1"
"instagram","Instagram Female Costum Comments [Real] [Premium Quality] [No Drop] [1K/D] [Instant]","73.08","52.2","5","5000","wizsmm","f6d9d63b-3fe7-4388-9d67-2f74cd3c25bd"
"instagram","Instagram Male Costum Comments [Real] [Premium Quality] [No Drop] [1K/D] [Instant]","73.08","52.2","5","5000","wizsmm","deefa9ad-397e-49b1-87dd-a658676b2d5a"
"instagram","Israeli Real Likes","93.548","66.82","25","200","wizsmm","529d2cc8-514b-4a09-bc44-7eedfb065a2e"
"instagram","Israeli Real Female Likes","93.548","66.82","25","200","wizsmm","f04dc14e-5f1e-4e8b-a098-a01e726b9097"
"instagram","Israeli Real Male Likes","93.548","66.82","25","200","wizsmm","957f7899-9d76-4f82-9792-8c4233aaee0e"
"instagram","Israeli Real Followers","175.392","125.28","25","200","wizsmm","4ac6af3e-775d-4c1a-a86f-cb25944a9469"
"instagram","Israeli Real Female Followers","175.392","125.28","25","200","wizsmm","b72f6ebe-54fd-401f-b760-0c66c9c24171"
"instagram","Israeli Real Male Followers","175.392","125.28","25","200","wizsmm","9d970fd9-da81-4a7e-aedc-8df51f05144e"
"instagram","Israeli Real Comments","672.336","480.24","5","1500","wizsmm","11e3043d-ae26-405f-b0ed-c96573086ed4"
"instagram","Israeli Real Female Comments","672.336","480.24","5","250","wizsmm","3c6a2427-ad4d-4a98-877f-fd71bf455191"
"instagram","Isreali Real Male Comments","672.336","480.24","5","250","wizsmm","91a59bed-bfa2-49db-80c5-dbe41036fdf8"
"instagram","Instagram Iranian Likes [5-10K/D] [Instant]","0.812","0.58","10","100000","wizsmm","edbd15e2-91fe-47d1-b06d-72868a237f2d"
"instagram","Instagram Iranian Followers [5-10K/D] [Instant]","2.016","1.44","100","10000","wizsmm","48e76ed2-8382-4d7f-9e01-dec387c591e2"
"instagram","Instagram Iranian Followers [5-20K/D] [Instant]","2.226","1.59","100","10000","wizsmm","19edfeaa-f265-4594-8f57-8474e2ac6d6f"
"instagram","Instagram Iranian Random Comments [5-10K/D] [Instant]","12.096","8.64","10","20000","wizsmm","10fbf0f6-6a75-4057-8f9c-eac7d1f5dc46"
"instagram","Instagram Iranian Costum Comments [1K/D] [Instant]","14.112","10.08","10","1000","wizsmm","ccc53a80-0af7-44bc-ba25-643988a208f7"
"instagram","Instagram Iranian Real Followers [1-2K/D] [Instant]","44.352","31.68","50","2000","wizsmm","75d9472d-c95d-4a2b-adbb-2b6fdc3e6b99"
"instagram","Instagram Iraq Likes [High Quality] [Cancel Enabled] [1K/H] [Instant]","1.386","0.99","50","1000","wizsmm","663ba59a-66a1-4862-a8d7-29caf2be3c26"
"instagram","Instagram Iraq Likes [High Quality] [Cancel Enabled] [1-5K/H] [Instant]","1.764","1.26","50","5000","wizsmm","6356ac44-96f8-4b94-a0a0-a85bda712f93"
"instagram","Instagram Iraq Likes [High Quality] [Cancel Enabled] [1-5K/H] [Instant]","2.226","1.59","50","100000","wizsmm","6c22b9ff-5cf7-41ac-9b53-3ab3d904b75c"
"instagram","Instagram Iraq Likes [Refill: 365 Days] [High Quality] [Cancel Enabled] [1-5K/H] [Instant]","3.332","2.38","50","1000000","wizsmm","d81c47cc-cbd5-4e8a-8682-754d618a20fe"
"instagram","Instagram Bangladesh Likes [Real] [1K/D] [0-1/H]","1.68","1.2","10","10000","wizsmm","37e5a44f-4a62-467e-a3f0-f190543b3ed3"
"instagram","Instagram Costum Comments [Bangladesh] [Real] [1K/D] [0-1/H]","5.88","4.2","10","10000","wizsmm","ba864e9e-eba0-473d-94d2-73aeec3e1dc8"
"instagram","Instagram Random Comments [Bangladesh] [Real] [1K/D] [0-1/H]","5.88","4.2","10","10000","wizsmm","7e11b902-b5dc-4012-98c4-c38ca3873b40"
"instagram","🌎 WW Instagram Power Comments [10K+ Followers] [Random 200 Comments] [EXPLORE PAGE] [Max: 200] [Start Time: 0-1 Hour] [Speed: 1 Hour Delivery]","16.8","12","1000","1000","wizsmm","83ea223d-430f-4985-8ee7-939ae9288a23"
"instagram","Instagram Likes [LQ] [Refill: No] [Max: 100K] [Start Time: 0 - 6 Hours] [Speed: 10K/Day] 💧⛔️","0.0175","0.0125","10","200000","wizsmm","83fa889d-58b5-4d27-ba26-b2ce219a4bc6"
"instagram","Instagram Comments [Positive EMOJI] [Refill: No Refill] [Max: 200K] [Start Time: 0 - 3 Hours] [Speed: 2K/Day]","5.46","3.9","10","200000","wizsmm","842aae41-01ec-46e1-8105-bc6de9a5c129"
"instagram","Instagram Followers [Refill: 30D] [Max: 100K] [REAL] [Start Time: 1 Hour] [Speed: 100K/Day] 💧♻️⛔️","1.0599","0.7571","10","10000000","wizsmm","844a06a0-f0c9-4380-b989-dd223854310c"
"instagram","🇮🇷Instagram Auto Likes [10K] [IRAN / ARAB] [Start Time: 1 Hour] [Speed: 10K/Day]","2.275","1.625","10","500000","wizsmm","850f29ad-89d9-44ca-a55b-31d1e1f45168"
"instagram","Instagram FEMALE Comments [Random 100 Comments] [Max: 100] [Start Time: 0-1 Hour] [Speed: 1 Hour Delivery]","12.6","9","1000","1000","wizsmm","8530db07-efc8-432b-a480-e2edcdd247f6"
"instagram","Instagram Followers [Bangladesh] [Real] [1K/D] [0-1/H]","4.816","3.44","10","10000","wizsmm","3f3323e0-3e4d-4c4d-904e-e63b38413666"
"instagram","Instagram Egyptian Likes [High Quality] [Cancel Enabled] [1K/H] [Instant]","1.204","0.86","50","1000","wizsmm","f7625d4b-9a4f-440c-9cd1-35b8939abff5"
"instagram","Instagram Egyptian Likes [High Quality] [Cancel Enabled] [1-5K/H] [Instant]","1.484","1.06","50","5000","wizsmm","605c9ada-19ef-46bc-a24b-be87dcdcafe4"
"instagram","Instagram Egyptian Likes [High Quality] [Cancel Enabled] [1-5K/H] [Instant]","1.666","1.19","50","100000","wizsmm","3f5d6b32-d06f-4aa5-91dd-8b47f141823b"
"instagram","App Real  Pakistan [Mix] İnstagram Followers 1000","2.52","1.8","50","5000","wizsmm","99bb86cf-1490-4112-99ac-889e3279dcae"
"instagram","Instagram Egyptian Likes [Refill: 365 Days] [High Quality] [Cancel Enabled] [1-5K/H] [Instant]","1.848","1.32","50","1000000","wizsmm","fb2a08b9-b9b5-4ccc-8fee-6942d72fae7b"
"instagram","6549 - Instagram EGYPT Real Story Views [All Stories] [Cancel Enabled] [100-1K/D] [0-1/H]","1.932","1.38","10","1000","wizsmm","cc929cea-bda3-47c3-9f31-f91b5430b3f8"
"instagram","3807 - IG Egyptian Likes [Lifetime] [400-500/D] [0-72/H]","2.184","1.56","1000","10000","wizsmm","dcc72f53-4a21-4edd-ac9e-55ad90d09378"
"instagram","6543 - Instagram EGYPT Real Likes [Cancel Enabled] [100-1K/D] [0-1/H]","2.324","1.66","10","10000","wizsmm","ad11662d-84fe-483e-8fc5-99239f448567"
"instagram","6550 - Instagram EGYPT Real Female Story Views [All Stories] [Cancel Enabled] [100-1K/D] [0-1/H]","2.898","2.07","10","1000","wizsmm","3dcb47fe-1af3-4dfa-b567-a0bbcf595f6d"
"instagram","6551 - Instagram EGYPT Real Male Story Views [All Stories] [Cancel Enabled] [100-1K/D] [0-1/H]","2.898","2.07","10","1000","wizsmm","e3d661e3-9c4a-407e-a207-51d075af92e8"
"instagram","6545 - Instagram EGYPT Real Male Likes [Cancel Enabled] [100-1K/D] [0-1/H]","3.486","2.49","10","10000","wizsmm","d3390b3f-66cf-4d74-a7d1-3648a9dad93c"
"instagram","6542 - Instagram EGYPT Real Followers [Cancel Enabled] [100-1K/D] [0-1/H]","10.626","7.59","10","10000","wizsmm","fadc41df-d432-4331-8104-29399eae99f1"
"instagram","6546 - Instagram EGYPT Real Random Comments [Cancel Enabled] [100-1K/D] [0-1/H]","19.32","13.8","10","200","wizsmm","6cfd8bc9-45e6-48a1-bcf5-703ddcf05a1b"
"instagram","6802 - Instagram Egypt Likes","20.16","14.4","10","10000","wizsmm","7fe82d15-c352-4d5f-9ef0-61a4f6b8d1ff"
"instagram","6547 - Instagram EGYPT Real Random Female Comments [Cancel Enabled] [100-1K/D] [0-1/H]","28.98","20.7","10","200","wizsmm","e417314f-b3ae-48fa-9a3c-6e888641e5c5"
"instagram","6548 - Instagram EGYPT Real Random Male Comments [Cancel Enabled] [100-1K/D] [0-1/H]","28.98","20.7","10","200","wizsmm","abdcf798-1f12-4090-affc-b76d4d6474b9"
"instagram","Instagram NFT Likes [30 Days Auto Refill] [500/D] [Instant]","67.2","48","10","1000","wizsmm","c0740665-d453-491a-91a8-1283b08e3340"
"instagram","Instagram NFT Followers [30 Days Auto Refill] [500/D] [Instant]","84","60","10","1000","wizsmm","c867e0b2-5f19-45d0-8821-6f8539819261"
"instagram","Instagram NFT Random Comments [200/D] [0-1/H]","90.72","64.8","10","200","wizsmm","248d4e78-ca46-4eae-9e06-168d872a6f8b"
"instagram","Instagram NFT Costum Comments [200/D] [0-1/H]","108.864","77.76","10","200","wizsmm","ce3097ed-1001-486a-9399-451a3bc68ae9"
"instagram","Instagram Followers [NIGERIA]","40.32","28.8","1","1","wizsmm","f7a3c87f-cb4f-4b3c-bea3-0f85f093bef1"
"instagram","Instagram Likes [Refill: 30D] [Max: 500K] [Start Time: 0 - 1 Hr] [Speed: Up to 100K/D] 💧⛔♻️","0.28","0.2","10","500000","wizsmm","862eae5d-a108-4834-9099-1500c8a3de00"
"instagram","Instagram Followers [Refill: 20 Days] [Max: 250K] [Start Time: 6 Hours] [Speed: 5K/Day] ♻️🔥","1.3955","0.9968","10","1000000","wizsmm","86365d3a-cc7c-403d-90e6-beac64e96805"
"instagram","🇧🇷 Instagram Followers [BRAZIL] [60%] [Refill: No] [Max: 20K] [Start Time: 1 Hour] [Speed: 5K/Day]","18.1836","12.9883","10","10000","wizsmm","8661287b-8437-4f00-9711-8b7e3e02b1d4"
"instagram","Instagram Auto Impressions + Reach + Profile Visits [Max: 1M] [Start Time: 0-1 Hour] [Speed: INSTANT]","0.378","0.27","10","1000000","wizsmm","86e1c21e-8fe9-471d-929b-aef4d7c9b56f"
"instagram","Instagram Followers [Refill: No] [OLD Accs 15+ Posts] [Max: 5M] [Start Time: 0-1 Hr] [Speed: Up to 100K/D] 💧⛔","1.3552","0.968","10","10000000","wizsmm","86f7b0d9-b414-4ce9-b786-3f98a9a4b74c"
"instagram","Instagram Likes [With PP &amp; Posts] [Refill: No] [Max: 50K] [Start Time: 1 Hour] [Speed: 500/Hour]","0.245","0.175","50","400000","wizsmm","8723ef4c-f2bb-45cb-b05d-f1f7735d88da"
"instagram","Instagram Reach + Impressions [Max: 5M] [Start Time: 0-1 Hour] [Speed: INSTANT] 💧","0.1183","0.0845","10","1000000","wizsmm","873dfdfa-0aca-4903-a2b7-fcde543538ff"
"instagram","Instagram Nigerian Likes [No Supports]","40.32","28.8","100","20000","wizsmm","240c677f-2dde-441a-adef-5ad8e6bea259"
"instagram","Instagram Likes [NIGERIA]","33.6","24","50","5000","wizsmm","c8f31ca7-583d-4bd0-80c7-a33329c718d5"
"instagram","Instagram Followers [NIGERIA]","50.4","36","200","10000","wizsmm","6f74e101-eb51-4f44-bcb7-1eb1577fb73a"
"instagram","Instagram Nigerian Followers [No Supports]","48.3","34.5","400","5000","wizsmm","399ba09a-9bc0-4031-9eeb-92fdce499a5a"
"instagram","Instagram Comments [Random - Post related ] [NIGERIA - GHANA - SOUTH AFRICA] [250/D] [1-6/H]","40.32","28.8","50","5000","wizsmm","c9eb50ce-00e4-4620-bfd7-90444501655b"
"instagram","Instagram Followers [NIGERIA]","60.48","43.2","100","5000","wizsmm","aa0329d6-57a5-470d-a657-39f1d0726875"
"instagram","Instagram Nigerian Random Comments [Real] [50-100/D] [0-10/M]","55.44","39.6","1","200","wizsmm","ddb6d3f2-099a-40af-bd6f-19594b53d7df"
"instagram","Instagram Comments [Nigeria - Ghana] [250/D] [1-6/H]","77.28","55.2","50","5000","wizsmm","a883084e-9c62-480f-88ab-cabd7e276a7e"
"instagram","Instagram Comments [Votes] [NIGERIA - GHANA - SOUTH AFRICA]","77.28","55.2","50","500","wizsmm","472be561-1190-46b9-9cd9-6a5a333abf45"
"instagram","Instagram Nigerian Comments [No Supports]","100.464","71.76","50","2500","wizsmm","8c651f3a-b422-4308-b732-7f47c60e73aa"
"instagram","Instagram Chinese Followers [No Refill] [500-1K/D] [0-12/H]","33.6","24","10","20000","wizsmm","525c34b3-7fd2-4500-b3a7-8051bd2f87c7"
"instagram","Instagram Chinese Likes [No Refill] [500-1K/D] [0-12/H]","23.52","16.8","10","20000","wizsmm","2a4bff5d-6801-4639-a1e3-beb3adfdb66d"
"instagram","Instagram Likes [Japanese Mix] [Instant]","1.652","1.18","100","10000","wizsmm","289cf5c9-34be-4ba0-b034-fe4e3d2b900c"
"instagram","Instagram Japanese Male Likes [Instant]","6.762","4.83","20","10000","wizsmm","59be3706-6e4d-4640-9987-106dc8b5e41c"
"instagram","Instagram Likes [Japanese] [30 Days Refill] [3-5K/D] [Instant]","12.432","8.88","5","15000","wizsmm","436ddee5-c770-4956-84d7-7b0ce80978e6"
"instagram","Instagram Japanese Likes [30 Days Refill] [Instant]","12.866","9.19","5","20000","wizsmm","b7e3ca0b-78b2-4c5e-a02a-b6e62514e36f"
"instagram","Instagram Japanese Random Emoji Comments [Instant]","14.49","10.35","1","200","wizsmm","35a03bfa-a0f5-4c40-b0a0-47958be28f4f"
"instagram","Instagram Japanese Female Likes [30 Days Refill] [Instant]","15.596","11.14","5","10000","wizsmm","cb87ec51-e6f5-4180-b147-c38af3f1413e"
"instagram","Instagram Japanese Likes [Premium Quality] [Instant]","15.456","11.04","5","2000","wizsmm","9ee12650-a047-4cc7-9029-c5e38b84703a"
"instagram","Instagram Random Emoji Comments [Japanese Female] [Instant]","21.742","15.53","1","200","wizsmm","fe6c5fa2-86e3-4a56-8c21-8c5b26ea4f54"
"instagram","6709 - Instagram Random Emoji Comments [Japanese Male] [Instant]","21.742","15.53","1","200","wizsmm","3bf8a5aa-717a-4f3a-b1b5-150c68f3a89e"
"instagram","4923 - Instagram Likes [Japanese] [High Quality] [30 Days Refill] [1K+/D] [0-2/H]","30.912","22.08","10","2500","wizsmm","4683fb03-4948-4ff1-8175-91e5ff75cfbd"
"instagram","Instagram Views [Max: 5M] [Start Time: 1 - 4 Hours] [Speed: 5M/Day] ⚡💧","0.014","0.01","100","100000000","wizsmm","87b10fa6-8863-4466-837f-3b4c6b57c812"
"instagram","🔥🔥🔥 [EXCLUSIVE] Instagram Followers [Spam On] [Refill: 65 Days] [Max: 100K/username - 5.9K/order] [Start Time: 0-1 Hours] [Speed: 5.9K/Day] ♻️🔥🔥🔥","1.0584","0.756","5900","5900","wizsmm","87b3a548-2e2b-49c4-9b0f-6737e97492d6"
"instagram","Instagram Followers [SPAM ON] [Refill: 30D] [Max: 5M] [Start Time: 0-1 Hr] [Speed: Up to 200K/D] 💧⛔♻️","1.575","1.125","10","5000000","wizsmm","880d7902-5ca7-4906-a4a3-2e566d617217"
"instagram","Instagram Auto Power Comments [10K+ Followers] [Random 5 Comments] [EXPLORE PAGE] [Max: 5] [Speed: 1 Hour Delivery]","2.52","1.8","1000","1000","wizsmm","8818777d-bcd9-49fd-91aa-ae2ffd8100d6"
"instagram","Instagram Likes [Max: 10M] [Start Time: 0-3 Hrs] [Speed: 300K/D] 💧","0.0578","0.0413","1","10000000","wizsmm","887df900-fcd4-487e-8485-cbeadbe89e31"
"instagram","Instagram Japanese Followers [30 Days Refill] [2-4K/D] [0-1/H]","69.3","49.5","10","35000","wizsmm","18e4198f-7390-48fd-95cf-b93d33284dc0"
"instagram","Instagram Female Japanese Followers [365 Days Refill] [500-1K/D] [0-1/H]","73.416","52.44","5","50000","wizsmm","78c8db1d-53e3-4943-8c8f-fe45e9d698c9"
"instagram","7187 - Instagram Followers [Japanese] [30 Days Refill] [2-4K/D] [0-1/H]","161.028","115.02","10","20000","wizsmm","90d16a9e-de77-4525-8e7e-9b3fbb2388b9"
"instagram","6712 - Instagram Followers [Japanese] [30 Days Refill] [1-5K/D] [0-12/H]","165.06","117.9","10","10000","wizsmm","224fa95b-bcd1-4ded-826f-63269350d71b"
"instagram","7055 - Instagram Followers [Japanese] [High Quality] [30 Days Refill] [Instant]","88.41","63.15","10","25000","wizsmm","0b4347e9-0db6-4b70-9191-327b2ebcb221"
"instagram","4922 - Instagram Followers [Japanese] [30 Days Refill] [500/D] [0-6/H]","96.6","69","10","32000","wizsmm","59f22c2f-05f8-4599-b001-fa4ca54d1798"
"instagram","4924 - Instagram Followers [Japanese] [30 Days Auto Refill]","96.6","69","10","20000","wizsmm","7507f8a9-75e5-42e4-9bd9-69d09f628d01"
"instagram","7041 - Instagram Female Followers [Japanese] [30 Days Refill] [Instant]","100.464","71.76","5","10000","wizsmm","42d5b275-b83e-4c74-8485-726650c3a0c9"
"instagram","7054 - Instagram Male Followers [Japanese] [30 Days Refill] [Instant]","100.464","71.76","5","10000","wizsmm","e10b1c64-0d2f-4c53-8650-2cad1ad2082e"
"instagram","Instagram Japanese Costum Comments [30 Days Refill] [Instant]","138.6","99","1","1000","wizsmm","5a175eaf-85aa-4ef7-8f6f-ace2d30cbcb5"
"instagram","Instagram Japanese Costum Comments [30 Days Refill] [Instant]","141.12","100.8","1","10000","wizsmm","f4c71c10-6fac-477d-8bc7-a57bcfbcc852"
"instagram","Instagram Korean-Chinese Likes [High Quality] [Cancel Enabled] [1-5K/H] [Instant]","1.582","1.13","20","200000","wizsmm","6c6c8db3-835b-4107-8ad3-4419e3bdd135"
"instagram","Instagram Korean-Chinese Likes [Refill: 365 Days] [High Quality] [Cancel Enabled] [1-5K/H] [Instant]","1.848","1.32","20","1000000","wizsmm","e28445d6-3acd-480d-9206-0c0c6dfe011a"
"instagram","Instagram Likes [Korean Males] [5K/D] [0-1/H]","5.88","4.2","25","10000","wizsmm","adf11c6a-5bd4-48d7-ab56-df2cad68fbb4"
"instagram","Instagram Auto Likes [Korean Males] [5K/D] [0-1/H]","7.896","5.64","10","10000","wizsmm","c64d1627-ec9d-4d66-a76d-06a8ba35e7c9"
"instagram","Instagram Auto Likes [Korean Females] [5K/D] [0-1/H]","7.896","5.64","10","20000","wizsmm","93dc5c61-c323-4210-9fb6-3dc04b8c9af0"
"instagram","Instagram Likes [Korean Females] [5K/D] [0-1/H]","7.896","5.64","10","20000","wizsmm","d2729b68-c8cb-4540-a518-3508d8548934"
"instagram","Instagram Likes [Real] [South Korea]","5.04","3.6","50","10000","wizsmm","784b961e-9bf7-4515-bccc-ee36865803e3"
"instagram","Instagram Likes + Reach + Impressions [South Korea]","15.806","11.29","10","2000","wizsmm","1117755f-4fa6-4793-9bb4-ebe319cf7cfa"
"instagram","Instagram Korean Likes [High Quality] [1K/D] [Instant]","8.064","5.76","50","1000","wizsmm","9b1d756e-aa85-46d7-b79c-7484b389bb73"
"instagram","Instagram Korean Likes [500/D] [0-1/H]","13.86","9.9","10","10000","wizsmm","ae70d979-0f87-4187-928c-cb38dd740563"
"instagram","Instagram Korean Likes [High Quality with Stories] [1K/D] [Instant]","9.744","6.96","10","1000","wizsmm","800dbf79-5a35-4c49-88c1-5fccf68c4491"
"instagram","5100 - Instagram Random Comments [Korea]","8.694","6.21","5","200","wizsmm","949ff52c-73e5-4155-96ee-54f7e0f38fe1"
"instagram","Instagram Korean Followers [High Quality] [1K/D] [Instant]","16.156","11.54","50","1000","wizsmm","5ec3cb89-c9af-4550-b5d5-16800b717a49"
"instagram","Instagram Korean Likes [High Quality] [30 Days Refill] [500/D] [0-3/H]","13.524","9.66","10","6500","wizsmm","2eb10936-c7f7-4079-8872-c16a8e707f55"
"instagram","Instagram BOT Followers [Refill: No] [Max: 15K] [Start Time: 0-1 Hr] [Speed: 15K/D] 💧","3.85","2.75","20","15000","wizsmm","895bf1dc-6a27-4416-a7cc-dc82059cc713"
"instagram","🇪🇬Instagram VERIFIED Comments [EGYPTIAN] [20 Comments] 🔵","27.1858","19.4184","1","1","wizsmm","8979b6a9-4b8b-4993-9b96-359ac5cba797"
"instagram","Instagram Followers [Refill: 30 Days] [Max: 50K] [Start Time: 1 Hour] [Speed: 500/Hour] ♻️","6.475","4.625","10","1000000","wizsmm","898230e9-b22e-4790-b20f-96713edaf2d7"
"instagram","Instagram IGTV Views [Max: 1M] [Start Time: 0-1 Hour] [Speed: 1M/Day] 💧","0.3273","0.2338","100","100000000","wizsmm","8a059024-4a66-4a51-96cf-125431e3483b"
"instagram","Instagram Korean Followers [High Quality with Stories] [1K/D] [Instant]","20.412","14.58","50","1000","wizsmm","b1b4630c-dea0-4e2e-8c1f-636f3618bde8"
"instagram","Instagram Followers [Korean] [30 Days Refill] [3-5K/D] [Instant]","165.004","117.86","20","5000","wizsmm","2a15cdea-81eb-42b4-8790-29e3c508241d"
"instagram","Instagram Korean Followers [30 Days Refill] [3-5K/D] [0-1/H]","66.276","47.34","5","50000","wizsmm","d684ecc8-2ea5-4fd4-9956-95b84e653d07"
"instagram","Instagram Korean Female Followers [Lifetime Guarantee] [3-5K/D] [Instant]","169.414","121.01","10","30000","wizsmm","ec226375-4e4a-4cae-8f0d-b2459b2e8f24"
"instagram","Instagram Korean Followers [Lifetime Guarantee] [3-5K/D] [Instant]","77.7","55.5","10","40000","wizsmm","8c320e15-159b-41f8-b1c2-cf50a8d5c98c"
"instagram","Instagram Korean Followers [Lifetime Guarantee] [3-5K/D] [Instant]","67.2","48","10","50000","wizsmm","3c2bb0e9-bbb2-4de4-93e7-4379617fbb3c"
"instagram","Instagram Followers [Korea] [High Quality] [30 Days Refill] [500/D] [0-3/H]","94.5","67.5","10","100000","wizsmm","3fa0b8e1-4841-417e-bdd6-e0363e554bf8"
"instagram","Instagram Real Korea Followers [No Drop] [Instant]","75.6","54","10","30000","wizsmm","8ecf9c6c-9565-4fc6-9326-8e0e794c2013"
"instagram","🇰🇷 Korean Followers [30 Days Refill] [1-3K/D] [Instant]","91.56","65.4","50","20000","wizsmm","bf77b343-261e-4e7a-8029-f7b14384b795"
"instagram","3997 - IG Costum Comments [South Korea]","135.24","96.6","1","100","wizsmm","a67abb9c-b00e-4c94-b94d-b2dd0297e531"
"instagram","7042 - Instagram Costum Comments [Korea]","141.12","100.8","10","5000","wizsmm","4e9944fc-cdff-4851-ad52-e3caf08a4a5b"
"instagram","7042 - Instagram Costum Comments [Korea]","150.696","107.64","10","5000","wizsmm","ca1fef00-38b0-40dc-8098-8f5339d6a881"
"instagram","Instagram Chinese Likes [High Quality] [30 Days Refill] [Instant]","13.888","9.92","10","10000","wizsmm","44ac8f22-d0b3-4191-b11d-45107d676bf9"
"instagram","Instagram Chinese / Hong Kong Likes [30 Days Refill] [3-5K/D] [Instant]","11.396","8.14","10","10000","wizsmm","dc1f8ae7-7e6e-4c6a-bb68-045b727efde7"
"instagram","Instagram Likes [Chinese - Hongkong - Taiwan]","12.376","8.84","10","10000","wizsmm","4be6000b-bca6-4122-a532-161382fc7967"
"instagram","Instagram Chinese Followers [30 Days Refill] [3-5K/D] [Instant]","13.496","9.64","10","15000","wizsmm","b483de65-7519-46d7-a2ba-dc66a138a76a"
"instagram","Instagram Chinese Followers [Cancel Enabled] [3-5K/D] [Instant]","14.14","10.1","10","10000","wizsmm","e44d99a2-8bfe-4f32-961f-7c22826d394e"
"instagram","Instagram Chinese Followers [Insights: Hong Kong] [High Quality] [30 Days Refill] [5-10K/D] [Instant]","13.44","9.6","10","30000","wizsmm","d2ad28a7-8e7b-4400-9d10-336723b5dfa9"
"instagram","5149 - Instagram Chinese Follower [High Quality] [30 Days Auto Refill] [Instant]","14.49","10.35","10","10000","wizsmm","9a4f0f39-101c-4871-a24f-494e01c0dcf7"
"instagram","4669 - Instagram Likes [Chinese] [High Quality] [30 Days Refill] [500/D] [0-3/H]","19.32","13.8","10","50000","wizsmm","a244900b-a46b-493e-bd8d-7bde636af9e5"
"instagram","7188 - Instagram Followers [Chinese] [30 Days Refill] [3-5K/D] [0-1/H]","15.12","10.8","10","30000","wizsmm","fb7e2700-37be-4251-8457-5e437fe02674"
"instagram","4061 - IG Followers [Chinese - Hongkong - Taiwan] [High Quality] [30 Days Auto Refill]","18.48","13.2","10","40000","wizsmm","faa93519-f5e3-40a9-b3bc-7f2749f83da0"
"instagram","7043 - Instagram Followers [Hongkong - Taiwan] [High Quality] [30 Days Refill] [2-3K/D] [0-2/H]","23.94","17.1","50","50000","wizsmm","d595db85-a74f-4b13-8fa4-4af01d0e5b86"
"instagram","Instagram Traditional Chinese Comments","101.64","72.6","1","1000","wizsmm","f5dfeb4c-1794-485b-9576-610bc3e44c1f"
"instagram","3999 - Instagram Chinese Costum Comments","135.24","96.6","1","30","wizsmm","58b6cb9c-2e2f-40b4-91a2-6afcd30a667f"
"instagram","Instagram Italy Reels Views","5.18","3.7","75","10000","wizsmm","225c9f90-4069-414a-a07d-84be653b5ec5"
"instagram","Instagram Auto Italy Reels Views","5.418","3.87","75","10000","wizsmm","76fcf446-5815-49c5-b806-5f6e11f695f1"
"instagram","Instagram Italy Story Views [One Story]","4.13","2.95","75","5000","wizsmm","4c9fdd19-19ea-42d6-871d-e33bc0ed54c6"
"instagram","Instagram Italy Female Story Views [One Story]","4.13","2.95","75","2500","wizsmm","748551aa-de3c-4f92-aac9-8d2506fffc29"
"instagram","Instagram Italy Male Story Views [One Story]","4.13","2.95","75","2500","wizsmm","c1bc7bb5-172b-4569-9ee2-3f95c11b97fc"
"instagram","Instagram Italy Female Story Views + Profile Visits [One Story]","5.18","3.7","75","2500","wizsmm","eaf8fc41-5ab5-4af2-897c-090348fd62d3"
"instagram","Instagram Italy Male Story Views + Profile Visits [One Story]","5.236","3.74","75","2500","wizsmm","ba62edba-7ed2-477f-ba37-38c3d2a54539"
"instagram","Instagram Italy Story Views + Profile Visits [One Story]","5.236","3.74","75","5000","wizsmm","ad2ea120-78b5-4128-af37-2cb4b7581920"
"instagram","Instagram Italy Story Views [All Stories]","5.236","3.74","75","5000","wizsmm","ea7d77d7-4f58-4891-883c-fdf7e2998fe6"
"instagram","Instagram Italy Female Story Views [All Stories]","5.236","3.74","75","2500","wizsmm","1a725cf2-aa14-42bb-9e6b-b09c7d406ded"
"instagram","Instagram Italy Male Story Views [All Stories]","5.236","3.74","75","2500","wizsmm","4daf9e4f-4abf-4b26-9f40-dbe0b6411c87"
"instagram","Instagram Italy Story Views + Likes [All Stories]","7.21","5.15","75","5000","wizsmm","0a8285c3-5ce8-4af4-bd31-58d5f1b7db5c"
"instagram","Instagram Italy Female Story Views + Likes [All Stories]","7.21","5.15","75","2500","wizsmm","463ccc6f-d660-4761-84fe-a15dc1ec694d"
"instagram","Instagram Italy Male Story Views + Likes [All Stories]","7.21","5.15","75","2500","wizsmm","a97d1d55-05d9-48d9-87d0-78f80fe67c56"
"instagram","Instagram Italy Saves","10.542","7.53","25","5000","wizsmm","60c7094c-6ece-486f-a6c4-d05003586cf3"
"instagram","Instagram Italy Male Likes + Impressions + Reach [Real] [No Drop] [1K/D] [0-1/H]","12.726","9.09","10","2500","wizsmm","173db41a-27e1-420d-bc13-91d13dc3690b"
"instagram","Instagram Italy Female Likes + Impressions + Reach [Real] [No Drop] [1K/D] [0-1/H]","12.74","9.1","10","2500","wizsmm","151468f4-15ea-420e-bead-c3962c4aaf3f"
"instagram","Instagram Italy Auto Likes + Impressions + Reach [Real] [No Drop] [1K/D] [0-1/H]","12.572","8.98","10","5000","wizsmm","7b2117c6-45c2-4bc9-803e-cffba4e37c04"
"instagram","Instagram Italy Auto Male Likes + Impressions + Reach [Real] [No Drop] [1K/D] [0-1/H]","12.572","8.98","10","2500","wizsmm","318fb210-0bc8-4767-a55b-bf9b72230e5b"
"instagram","Instagram Italy Auto Female Likes + Impressions + Reach [Real] [No Drop] [1K/D] [0-1/H]","12.572","8.98","10","2500","wizsmm","6a08a43d-4187-4953-b162-6df7e211f76d"
"instagram","Instagram Italy Likes + Impressions + Reach [Real] [No Drop] [1K/D] [0-1/H]","12.572","8.98","10","5000","wizsmm","42d72139-6525-4ff8-8fe5-240192e00501"
"instagram","Instagram Italy Female Followers [Real] [No Drop] [1K/D] [0-1/H]","27.356","19.54","10","2500","wizsmm","585af303-a30e-4ac8-a7fc-e086167f3d07"
"instagram","Instagram Italy Male Followers [Real] [No Drop] [1K/D] [0-1/H]","27.356","19.54","10","2500","wizsmm","46c22f51-70f6-4edc-be94-49650d363f71"
"instagram","Instagram Italy Followers [Real] [No Drop] [1K/D] [0-1/H]","27.356","19.54","10","5000","wizsmm","3c3cd04c-af88-46ef-b1a0-077aa3642c63"
"instagram","Instagram Italy Story Views","8.316","5.94","75","5000","wizsmm","0fa7d010-79b2-4d7e-97b7-e3caea295fb6"
"instagram","4663 - IG Likes [Italy] [30 Days Refill] [500/D] [0-3/H]","12.726","9.09","25","10000","wizsmm","7143278d-f7f8-40d8-b672-8ecb2b669b91"
"instagram","Instagram Italy Likes","12.726","9.09","50","10000","wizsmm","ab1ffabb-318e-4b73-8f0e-64c1640de926"
"instagram","Instagram Italy Female Likes","12.726","9.09","50","10000","wizsmm","bd9e17b2-c7f7-4d81-abec-74644b449237"
"instagram","Instagram Italy Followers","8.4","6","10","2000","wizsmm","625d7c9d-fcd9-4d46-8f7a-596e62a14b92"
"instagram","3570 - IG Likes [Italy] [Fast]","12.726","9.09","20","2000","wizsmm","59c058f3-3a98-45d1-9096-accb7456f5e4"
"instagram","Instagram Likes [Italy] [Fast]","13.44","9.6","25","1000","wizsmm","2cb48659-d183-496d-8d14-f7e5ae54ef59"
"instagram","Instagram Italy Likes + Impressions + Reach [Cancel Enabled] [100-300/D] [0-4]","17.122","12.23","10","5000","wizsmm","ce3f0fc8-c03f-4a12-ab64-1fca1fd51f70"
"instagram","3595 - IG Followers [Italy Males] [50-150/D] [0-12/H]","28.588","20.42","20","2500","wizsmm","7b7d7e61-0610-43bd-8391-0ee65aa7d473"
"instagram","Instagram Italia Likes [365 Days Refill] [Real Accounts] [Premium Quality] [1K/D] [0-1/H]","19.138","13.67","10","3500","wizsmm","32baeed4-f61d-453e-aba0-fa131f6a7494"
"instagram","Instagram Italy Likes [Premium Quality] [500-1K/D] [0-1/H]","20.16","14.4","25","10000","wizsmm","8ade2a13-90b7-4c2e-b6d5-67d1087f3d8f"
"instagram","2378 - IG Auto Likes + Impressions + Reach [Italy] [100-300/D] [0-4]","24.024","17.16","10","5000","wizsmm","e44a7da6-f02a-4f07-9a6c-fd6281d0737f"
"instagram","3567 - IG Followers [Italy] [200/D] [0-12/H]","51.184","36.56","20","1000","wizsmm","e6140b04-1e23-4ff4-a987-b98a63d25e28"
"instagram","3594 - IG Followers [Italy Females] [50-150/D] [0-12/H]","51.324","36.66","25","250","wizsmm","741ddb04-cea7-4137-9243-2dc4f68b3e7d"
"instagram","Instagram Followers [Italy Females] [Cancel Enabled] [50-150/D] [0-12/H]","50.4","36","10","2500","wizsmm","b688f314-6c47-4569-97e9-911026991e7e"
"instagram","3568 - IG Followers [Italy]","40.222","28.73","10","2000","wizsmm","09d5dc3b-a3f9-4d80-8f7b-349f53c33af5"
"instagram","4662 - IG Followers [Italy] [Cancel Enabled] [50-150/D] [0-12/H]","59.36","42.4","100","10000","wizsmm","28781cc1-553a-44a6-98f7-545cd5aebf06"
"instagram","Instagram Followers [Italy] [50-150/D] [Instant]","53.76","38.4","10","5000","wizsmm","49e224e1-f61b-43f6-b85a-f0ada9b5451f"
"instagram","3571 - IG Followers [Italy Females] [50-150/D] [0-12/H]","58.968","42.12","10","2500","wizsmm","8dbaac0d-34a8-42d9-b944-4e524e95a37d"
"instagram","IG Followers [Italy] [50-200/D] [0-24/H]","40.936","29.24","100","10000","wizsmm","0b590e20-edec-4852-82ae-9c2db6b05b27"
"instagram","Instagram Italy Followers [30 Days Refill] [1K/D] [0-3/H]","43.68","31.2","10","14000","wizsmm","35963fa1-0e8a-4591-ae0a-f13593cccc7f"
"instagram","Instagram Italy Followers [Premium Quality] [500-1K/D] [0-1/H]","46.2","33","100","1000","wizsmm","23ffa902-30be-4640-9d7f-ad9cdfbe9d6c"
"instagram","Instagram Costum Comments [Italy] [No Drop] [Lifetime] [100-300/D] [0-4]","77.742","55.53","1","2000","wizsmm","8acc267c-8447-4334-886d-7c0619caca44"
"instagram","2099 - IG Random Comments [Italy] [No Drop] [Lifetime] [100-300/D] [0-4]","79.002","56.43","10","3000","wizsmm","42cded58-a1b2-4168-b7e2-77a5b45c31b6"
"instagram","Instagram Engagement + Shares + Reach + Impressions + Profile Visits [Max: 100K] [Start Time: INSTANT] [Speed: 100k/Hr]","1.2495","0.8925","100","100000","wizsmm","8a1a1871-ddec-42b8-8c4e-6aa67fa9c306"
"instagram","Instagram Italy Male Random Comments","87.948","62.82","10","500","wizsmm","8e017a82-a383-4c88-a023-2edf93bcb981"
"instagram","Instagram Italy Male Costum Comments","87.948","62.82","10","500","wizsmm","1cf05b22-8b1f-4da5-8ab2-3b55ad00560f"
"instagram","Instagram Italy Female Random Comments","87.948","62.82","10","500","wizsmm","39bcda68-856d-448a-b834-c77826386f75"
"instagram","Instagram Italy Female Random Comments","87.948","62.82","10","500","wizsmm","965f3805-553d-4295-8a6a-ddc0389da01c"
"instagram","2380 - IG Auto Random Comments [Italy] [No Drop] [Lifetime] [100-300/D] [0-4]","112.364","80.26","10","3000","wizsmm","a491d102-93f3-4ddb-b87f-fb17a4c8623a"
"instagram","Instagram Italia Comments [365 Days Refill] [Real Accounts] [Premium Quality] [1K/D] [0-1/H]","144.9","103.5","1","1000","wizsmm","4db544d6-5cdf-4f3f-a15e-fd3ff736dcf9"
"instagram","Instagram Comment Likes [Italy]","22.68","16.2","10","3000","wizsmm","e63ae3e6-0291-4bf9-8afa-1c631b2cf0bf"
"instagram","🇮🇩 Instagram Indonesian Followers | 30 Days Refill ♻️ | %100 Indonesian Users 🇮🇩 | Instant","10.668","7.62","20","20000","wizsmm","8de606cb-05e9-432f-93ba-5acc714cc87a"
"instagram","🇮🇩 Instagram Indonesian Male Followers | 30 Days Refill ♻️ | %100 Indonesian Users 🇮🇩 | Instant","10.668","7.62","20","20000","wizsmm","0e4e753e-8b9a-4674-aa96-0aafc90e5038"
"instagram","🇮🇩 Instagram Indonesian Female Followers | 30 Days Refill ♻️ | %100 Indonesian Users 🇮🇩 | Instant","10.668","7.62","20","20000","wizsmm","5bc39de0-ed38-467c-a94e-be00e446dbaa"
"instagram","Instagram Indonesian Female Likes [30 Days Refill] [20K/D] [Instant]","0.574","0.41","10","100000","wizsmm","c77de826-1ce1-4842-a40a-4ad79ccec060"
"instagram","Instagram Indonesian Male Likes [30 Days Refill] [20K/D] [Instant]","0.574","0.41","10","100000","wizsmm","2e839df1-6afe-4e16-881e-b390f3bee4af"
"instagram","1963 - IG Likes [Indonesia] [2K/D] [0-1/H]","1.008","0.72","100","100000","wizsmm","f167f1a1-b61e-4544-9b3e-4448b967f1f4"
"instagram","Instagram Indonesian Likes [10K/D] [0-1/H]","1.82","1.3","100","10000","wizsmm","4c7b9cbc-56bb-487e-8097-019497521b70"
"instagram","1962 - IG Likes [Indonesia] [Real] [10K/D] [0-1/H]","2.184","1.56","20","30000","wizsmm","5fdb59b7-ef63-4b52-87ed-a4c3ce6a63bb"
"instagram","2138 - Instagram Likes [Indonesian Mix] [High Quality]","1.68","1.2","10","10000","wizsmm","f8bf4262-f418-46cd-a47b-f2457d85393b"
"instagram","Instagram Likes [Indonesian Females] [10K/D] [0-1/H]","2.016","1.44","100","10000","wizsmm","fc587e70-8277-4381-9504-0e148fce0a45"
"instagram","Instagram Likes [Indonesian Males] [10K/D] [0-1/H]","2.016","1.44","100","1000","wizsmm","5bab4967-ab7f-46b2-b129-22788a796dba"
"instagram","Instagram Likes [Real Active Indonesian]","2.184","1.56","100","100000","wizsmm","672d5ebe-7074-49e8-b33a-de72f8064f2f"
"instagram","2137 - IG Followers [Real Active Indonesian]","4.606","3.29","10","5000","wizsmm","62250166-bc5a-4029-9c0f-40461d4c33f4"
"instagram","2144 -  Instagram Followers [Indonesian] [30 Days Refill] [5-10K/D] [0-1/H]","6.636","4.74","100","100000","wizsmm","1e6fd3f4-8361-4aa9-8575-912735e96f67"
"instagram","2143 -  IG Followers [Indonesian] [30 Days Refill] [10-20K/D] [0-1/H]","8.12","5.8","100","50000","wizsmm","d6b31eaf-de0d-4161-9244-3a521c4bab6a"
"instagram","1961 - IG Followers [Indonesia] [1K/D] [0-12/H]","8.12","5.8","100","500000","wizsmm","0b803aae-2c7f-4674-8566-80061cdd2e76"
"instagram","2105 - Instagram Followers [Indonesia Jakarta] [30 Days Refill] [1K/D] [0-1/H]","8.988","6.42","100","1000","wizsmm","8ee725dd-99b8-4bbd-9dd8-e8d48d755f64"
"instagram","2106 - Instagram Followers [Indonesia Bekasi] [30 Days Refill] [1K/D] [0-1/H]","8.988","6.42","100","1000","wizsmm","992d6500-8818-45da-866e-8658ebea0913"
"instagram","1915 - IG Followers [Indonesia] [Real] [30 Days Auto Refill] [2K/D] [0-12/H]","9.408","6.72","100","5000","wizsmm","0f3c0e9e-7b6f-43fa-ba9a-1ca8af4f3368"
"instagram","Instagram Costum Comments [Indonesian] [50-100/D] [0-24/H]","88.55","63.25","5","10000","wizsmm","e2c92f2b-03e7-42ce-9ce3-58759c4c3edd"
"instagram","Instagram Indian Like [No Refill] [50K/D] [Instant]","0.336","0.24","100","100000","wizsmm","f5d3d88b-4709-45dd-9862-8dcc206a1247"
"instagram","🇸🇦 Instagram Power Comments [10K+ Followers] [Random ARABIC 40 Comments] [EXPLORE PAGE] [Max: 40] [Start Time: 0-1 Hour] [Speed: 1 Hour Delivery]","8.4","6","1000","1000","wizsmm","8b5cb5ca-aa57-4a7e-ae69-f47038671cd7"
"instagram","Instagram Auto Comments [NON DROP] [Max: 500] [Start Time: 0-1 Hour] [Speed: 24 Hours Delivery]","352.8","252","5","2500","wizsmm","8c0edbcd-1630-4f75-a8c2-82782dd75f30"
"instagram","Instagram Auto Views [Max: 10M] [Start Time: 0-1 Hour] [Speed: INSTANT]⛔️","0.2923","0.2088","100","100000000","wizsmm","8c257564-8636-4ae6-8557-4a20df2acc6c"
"instagram","Instagram Auto Views [Max: 1M] [Start Time: 15 Minutes] [Speed: 5M/Day] ⚡💧","1.8312","1.308","100","2147483647","wizsmm","8c33ccec-fd16-475a-a54b-f77b503e7e5a"
"instagram","Instagram Mix Indian Likes [High Quality] [Female Majority] [10-100K/D] [Instant]","0.126","0.09","20","30000","wizsmm","d677c775-6a9a-462c-9113-018e715b2726"
"instagram","Instagram Likes [Real Indian Majority] [With Stories] [High Quality] [No Drop] [3-5K/H] [Instant]","0.364","0.26","20","7000","wizsmm","2966b0cb-c3c7-490a-a267-06519d192507"
"instagram","2847 - Instagram Indian Mix Likes [Nice Quality] [5K/D] [Instant]","0.196","0.14","50","50000","wizsmm","14d40757-dc3b-437d-8219-416b34b93e79"
"instagram","1069 - IG Likes [Indian Mix] [High Quality] [No Drop] [5-10K/H] [0-10/M]","0.406","0.29","50","50000","wizsmm","99d99697-c6ff-48f0-8eab-636cb8b8bc1a"
"instagram","2794 - IG Likes [Real Indian Majority] [Nice Quality] [No Drop] [100K/H] [Instant]","0.49","0.35","50","200000","wizsmm","4c283890-0bf5-4dc0-9bd0-8ebb17a4c341"
"instagram","1463 - IG Likes [80-90% Indian] [No Drop] [5-10K/D] [Instant]","0.574","0.41","50","50000","wizsmm","15a0ed68-4cdf-4f30-8dbe-3c3756f74ef7"
"instagram","Instagram Indian Likes [Mix] [100K/D] [0-1/H]","0.784","0.56","50","500000","wizsmm","7f935dcc-128f-40d8-8f31-a2475ddaa46f"
"instagram","964 - IG Likes [Real Indian] [High Quality] [No Drop] [1-3K/D] [Instant]","1.12","0.8","10","30000","wizsmm","70552503-6d08-41c2-a256-15faa25d7e3b"
"instagram","Instagram Indian Likes [Real] [50K/D] [Instant]","1.764","1.26","10","50000","wizsmm","5e88332c-7874-476c-9789-27d23a3bc87b"
"instagram","972 - Instagram Indian Likes [Real with Stories] [High Quality] [No Drop] [30K/D] [Instant]","2.058","1.47","10","30000","wizsmm","af3f3a80-267d-4b9a-b679-93e7038569a4"
"instagram","Instagram Indian Power Likes","0.168","0.12","50","50000","wizsmm","425026a8-e4b7-4150-abce-1490583dba69"
"instagram","Instagram Power Indian Female Likes [1K/H] [Instant]","1.008","0.72","10","3000","wizsmm","505a23a9-b822-48d5-a91b-0b8fdc1862d2"
"instagram","2907 - IG Likes [Real Indian with Stories] [High Quality] [No Drop] [Cancel Enabled] [20K/D] [0-10/M]","2.604","1.86","20","20000","wizsmm","3538ef0e-97fe-45b6-b7c9-33e5bbe7e467"
"instagram","141 - IG Likes [Real Indian] [High Quality] [No Drop] [Cancel Enabled] [5-10K/D] [0-30/M]","2.604","1.86","20","10000","wizsmm","725c99ea-89e6-4210-bb40-74d75bb4891f"
"instagram","3453 - IG Likes [100% Indian] [Real] [High Quality] [No Drop] [Cancel Enabled] [10K/D] [0-30/M]","3.094","2.21","10","50000","wizsmm","d0a1a03f-a981-4b1f-bb7a-4acca1b3e40f"
"instagram","3681 - IG Power Likes [Real Active 100% Indian] [High Quality] [No Drop] [Cancel Enabled] [20-40K/D] [0-10/M]","3.864","2.76","10","50000","wizsmm","3ce403d0-9f6d-4426-88a3-9889d51a3907"
"instagram","3607 - Indian Super Power Likes + Reach + Impressions","5.04","3.6","10","50000","wizsmm","0677ef6f-aad0-491a-884e-379612d9bfdb"
"instagram","Indian Premium Likes [Majority Power Accounts] [Instant]","11.76","8.4","10","10000","wizsmm","67326454-cfee-4e17-9c0f-1c7a36fa18be"
"instagram","Instagram Indian Likes","0.49","0.35","10","10000","wizsmm","6327ccf1-7e02-4de3-8d6e-c2133184542d"
"instagram","Instagram Indian Followers","3.024","2.16","100","100000","wizsmm","ec52860a-e2cf-41d2-864d-78cb1b61d1da"
"instagram","Instagram Indian Followers","2.394","1.71","50","5000000","wizsmm","127cd2a1-a704-4d5f-9520-b55080c8d71b"
"instagram","Instagram Indian Followers [Real with Stories] [Extreme Speed] [Cancel Enabled] [10-20K/H] [Instant]","1.722","1.23","10","500000","wizsmm","277c1317-91f7-4360-ab7d-7326160db7fd"
"instagram","Instagram Indian Followers [No Refill] [Cancel Enabled] [10-15K/D] [Start 24-48 Hours]","2.94","2.1","100","200000","wizsmm","88b64d18-9272-4cf2-8035-dbe8e296bae7"
"instagram","Instagram Views [Max: 1M] [Start Time: 0-1 Hr] [Speed: 1M/D] 💧","0.175","0.125","100","100000000","wizsmm","8d45499b-41c9-432c-b641-7dae6edecfcc"
"instagram","Instagram Followers[Refill: 365D] [Max: 5M] [Start Time: 0 - 2Hrs] [Speed: Up to 500K/D] ♻️💧⛔","1.4","1","10","10000000","wizsmm","8d479ba1-f7ea-4c30-9169-e8506e937c5b"
"instagram","Instagram Likes [BR 🇧🇷] [Refill: No] [Max: 5K] [Start Time: 0 - 1 Hr] [Speed: 5K/D] 💧⛔️","0.735","0.525","50","5000","wizsmm","8dd7e5f3-32ea-4fd3-9489-d75b245adc38"
"instagram","Instagram Story Views [Max: 35K] [Start Time: 1 Hour] [Speed: INSTANT] ⛔️💧","0.1925","0.1375","100","12000","wizsmm","8dfd1148-50b8-40f4-b7a0-c733633c06be"
"instagram","🇫🇷 Instagram Followers [FRANCE] [Refill: No Drop] [Max: 1K] [Start Time: 0 - 3 Hrs] [Speed: Up to 200/D] 💧","31.304","22.36","25","1000","wizsmm","8e03ba56-f83e-4ad6-b9eb-cbd030e72605"
"instagram","Instagram Mix Indian Followers [20-50K/D] [Instant]","1.26","0.9","100","100000","wizsmm","3e166c83-078a-4d17-b055-382f9153ffac"
"instagram","Instagram Followers [Indian Mix] [Low Drop] [High Quality] [25-50K/D] [Instant]","2.408","1.72","10","10000000","wizsmm","c33515aa-86b2-47e2-a651-ad624f9aac10"
"instagram","Instagram Indian Followers [All Types] [Cancel Enabled] [20-50K/D] [Instant]","1.288","0.92","100","500000","wizsmm","385ac0c5-35cc-4306-8697-43dded5f2d40"
"instagram","Instagram Indian Followers [High Quality] [Cancel Enabled] [20-50K/D] [0-2/H]","2.016","1.44","100","10000000","wizsmm","37061171-8d5c-486d-855f-800afc6c7de6"
"instagram","1011 - IG Followers [Indian Mix] [High Quality] [30 Days Auto Refill] [Cancel Enabled] [20-50K/D] [Instant]","2.604","1.86","10","50000","wizsmm","226efd47-0e85-4226-bcbe-94ea02c4286e"
"instagram","1450 - Instagram Followers [Real Indian with Stories] [Premium Quality] [30 Days Refill] [20-50K/D] [Instant]","2.688","1.92","10","100000","wizsmm","7dd1b614-c81b-4cd7-a36c-59e0e7598770"
"instagram","191 - IG Followers [70% Indian Active] [30 Days Refill] [High Quality] [100-200K/D] [0-5/M]","1.484","1.06","100","200000","wizsmm","bc6f335e-8019-4266-b223-78e81f3f798b"
"instagram","2261 - IG Followers [Indian Mix] [High Quality] [90 Days Auto Refill] [Cancel Enabled] [40-50K+/D] [Instant]","3.192","2.28","50","200000","wizsmm","b2d038f2-31e8-4b06-9889-b77dc94de6b8"
"instagram","Instagram Indian Followers [30 Days Refill] [10K/D] [Instant]","1.694","1.21","100","10000","wizsmm","abbba6c7-9cfc-46be-8d75-cfb0e4f6d3f2"
"instagram","2877 - IG Followers [Indian Mix] [99 Days Refill] [High Quality] [10-20K/D] [0-1/H]","3.36","2.4","100","1000000","wizsmm","2e0df89a-20c7-42fa-b1d2-edcd97fedb02"
"instagram","3216 - Instagram Followers [Indian] [High Quality] [365 Days Refill] [50-100K/D] [0-1/H]","3.36","2.4","10","500000","wizsmm","de445988-059e-411e-af2b-19930ec7fd27"
"instagram","Instagram Indian Followers [Low Drop] [High Quality] [10-20K/D] [Instant]","1.652","1.18","10","500000","wizsmm","e17de2b9-d991-4af5-8196-7a1135ccbbe1"
"instagram","Instagram Followers [Indian Mix] [High Quality with Stories] [Cancel Enabled] [10-50K/D] [Instant]","2.898","2.07","10","100000","wizsmm","f93f9e1e-3084-4e92-868e-75f47ca38807"
"instagram","2836 - Instagram Indian Power Followers [Premium Quality] [3K/D] [Instant]","6.552","4.68","30","3000","wizsmm","a7be1a5a-c5e7-41c9-b732-63b19f448fce"
"instagram","7525 - Instagram Indian Real Followers [Premium Quality] [3-5K/D] [Instant]","4.76","3.4","50","5000","wizsmm","2dc96c24-523c-43bc-90bc-978d9fb0daa4"
"instagram","App Real  Pakistan [Mix] İnstagram Followers 20.000","3.444","2.46","50","20000","wizsmm","3c3939ba-3efd-4295-a6aa-5b8604e2b221"
"instagram","3214 - Instagram Followers [Indian Mix] [Super High Quality] [30 Days Refill] [1K/D] [0-1/H]","7.14","5.1","100","5000","wizsmm","66e4224d-2476-4398-8e83-4d1276fd4942"
"instagram","Instagram Indian Power Followers [Premium Quality] [3K/D] [Instant]","15.96","11.4","10","3000","wizsmm","22e41394-d0be-427f-b61e-819a7a8c9ab5"
"instagram","Instagram Indian Costum Comments [Super Cheap]","0.868","0.62","20","10000","wizsmm","6d703325-44c8-4594-b989-e9fd3e7acf79"
"instagram","Instagram Indian Random Comments [Super Cheap]","0.644","0.46","20","10000","wizsmm","f2d7add0-40dd-4501-a2ff-874f10952598"
"instagram","Instagram Real Indian Story Views + Likes [Super Real] [Natural Increase]","2.688","1.92","10","5000","wizsmm","4d6e429f-a97a-453d-ad64-3886f68b42b7"
"instagram","Instagram Views [All Links] [Max: 5M] [Start Time: 0 - 1 Hour] [Speed: 100K/Day]","1.8665","1.3332","100","100000000","wizsmm","8e5505fe-97dc-4b3a-b976-c119293c898e"
"instagram","Instagram Indian Emoji Comments [High Quality] [50K/D] [Instant]","7.56","5.4","10","50000","wizsmm","278b71c9-178b-4f68-8639-b42872f16af0"
"instagram","6788 - Instagram Indian Auto Emoji Comments","8.694","6.21","10","200","wizsmm","ad3555bc-d034-4702-9bed-eb11544d3157"
"instagram","5286 - Instagram Indian Emoji Comments","8.694","6.21","10","10000","wizsmm","fed52c57-0f4f-4a50-81bb-47c4251e64ba"
"instagram","Instagram Costum Comments [Indian] [High Quality] [1K/D] [0-12/H]","9.24","6.6","10","15000","wizsmm","41af5fd4-b50a-4e2e-9349-385fbd3656b8"
"instagram","Instagram Comments [Real Indian] [Random] [500/D [0-48/H]","11.928","8.52","10","1000","wizsmm","20c8a319-b199-4adc-af2a-4115ec7aca81"
"instagram","Instagram Indian Costum Comments [High Quality] [50K/D] [Instant]","12.18","8.7","10","50000","wizsmm","4736b548-bf9b-4d66-b866-cb00d1bc1967"
"instagram","Instagram Indian Comments [Costum] [500/D] [0-48/H]","12.992","9.28","10","10000","wizsmm","656a22f7-dbf6-4ebf-bf93-d882ec6f1a11"
"instagram","4162 - Instagram Random Comments [Indian] [High Quality] [1K/D] [0-12/H]","13.44","9.6","10","100","wizsmm","9b847d04-0089-4c32-a928-aab34369ed90"
"instagram","Instagram Indian Female Emoji Comments","16.142","11.53","10","10000","wizsmm","09003146-2ad5-4730-9a31-31fe538667aa"
"instagram","5554 - Instagram Real Indian Emoji Comments [Super Real] [Natural Increase]","43.47","31.05","5","1500","wizsmm","573fff4f-dbde-4ba8-8109-dd5fe92bc59a"
"instagram","Instagram Real Indian Followers [Super Real] [Natural Increase]","28.98","20.7","10","1000","wizsmm","9fcd97ce-7f27-40e8-bd05-012f633019df"
"instagram","5555 - Instagram Real Indian Costum Comments [Super Real] [Natural Increase]","54.39","38.85","5","500","wizsmm","e80fa81f-31e2-4302-927d-65c2ee5fcb4a"
"instagram","5556 - Instagram Random English Comments from Indians [Super Real] [Natural Increase]","42","30","5","500","wizsmm","9dc8ff1b-422f-4b7a-8c81-38a8f862dad4"
"instagram","5288 - IG Indian Random Comments [Real]","57.96","41.4","1","200","wizsmm","6a42f0a4-904e-4050-8ae2-f0d11bcb693f"
"instagram","Auto 12322","0.644","0.46","20","10000","wizsmm","43990328-1c6a-4589-b09c-9eda7505ffb9"
"instagram","Instagram Arab Mix Followers [Real] [High Quality] [30 Days Refill] [Instant]","3.696","2.64","100","10000","wizsmm","74f749fe-c3e0-41f1-a3a0-7045999232ce"
"instagram","IG Followers [Arabic Mix] [30 Days Refill]","4.2","3","100","3000000","wizsmm","d55c4080-f4be-4de9-9c9b-41b2e21df664"
"instagram","5732 - Instagram Followers [Arab Countires] [30 Days Auto Refill] [1-5K/D] [0-1/H]","7.392","5.28","10","5000","wizsmm","c07115dc-4a1e-442e-afb0-f0862a6bbcce"
"instagram","1753 - IG Followers [Real Interactive Arabs] [From Advertisements]","10.668","7.62","1000","5000","wizsmm","af0aabca-5fe0-40ff-ac7d-3faf0300d0c8"
"instagram","1231 - IG Followers [Real Active Khaleeji] [200-1K/D] [0-72/H]","8.4","6","2000","100000","wizsmm","54dbc3df-5feb-4bb8-b399-b01c910a82ae"
"instagram","Instagram Arabic Followers [Real From Ads] [100-500/D] [0-24/H]","7.728","5.52","2000","100000","wizsmm","ccadd3f8-911d-4603-aa14-51cf5ecff5bc"
"instagram","Instagram Arabic Followers [Real From Ads] [500-1000/D] [0-24/H]","7.728","5.52","1000","100000","wizsmm","ef26d1a1-76a4-4789-83fa-1c4a66bed9b3"
"instagram","Instagram Arabic Followers [Real From Ads] [600-1200/D] [0-24/H]","9.66","6.9","1000","25000","wizsmm","d90092ef-4382-49d8-917b-2a8dcf8ef1ae"
"instagram","Instagram Arabic Followers [Real From Ads] [300-500/D] [0-24/H]","6.762","4.83","1000","2000","wizsmm","2e0e33a5-7bde-4063-9ea5-064263b618e7"
"instagram","Instagram Arabic Followers [Real From Ads] [300-500/D] [0-24/H]","8.316","5.94","1000","5000","wizsmm","5194f0c7-52e6-41a9-a60b-1bf15fb5833b"
"instagram","Instagram Arabic Followers [Real From Ads] [300-500/D] [0-24/H]","9.282","6.63","1500","10000","wizsmm","b1a7f79c-0f3c-4dc5-a828-fb05ff4e7018"
"instagram","Instagram Arabic Followers [Real From Ads] [300-500/D] [0-24/H]","10.626","7.59","1500","20000","wizsmm","e2d09818-23d4-4819-81b5-f52c04754622"
"instagram","2210 - IG Followers [90% From Egypt] [Real] [High Quality] [30 Days Refill Button] [500-1K/D]{0-6/H]","10.5","7.5","100","500","wizsmm","2c27fcca-9e2e-4a57-b43b-4c378cbcdf57"
"instagram","1233 - IG Followers [Real Interactive Arabs] [From Advertisements]","11.508","8.22","1000","25000","wizsmm","a3f669b3-47a1-4747-ad16-538ee224f7c3"
"instagram","Instagram Arabic Likes [High Quality] [Cancel Enabled] [1K/H] [Instant]","0.462","0.33","50","1000","wizsmm","263d28a3-950a-4432-ad35-00ed320d1b2c"
"instagram","Instagram Arabic Likes [High Quality] [Cancel Enabled] [1-5K/H] [Instant]","0.588","0.42","50","100000","wizsmm","53276dda-e475-4876-8d45-3efc84c88420"
"instagram","Instagram Reposts [10K] [Start Time : 0-1 Hour] [NO REFILL]","0.7","0.5","1","10000","wizsmm","8f8b5c4c-05d0-4d6b-94c0-045aaf462d42"
"instagram","🇧🇷Instagram Followers [FEMALE - BRAZIL] [Refill: 30 Days] [Max: 10K] [Start Time: 2 Hours] [Speed: 1K/Day] ♻️","10.92","7.8","50","1000000","wizsmm","8fa0734c-18f6-4631-bc5d-9d0ff03d9ca7"
"instagram","Instagram Arabic Likes [High Quality] [Cancel Enabled] [1-5K/H] [Instant]","0.826","0.59","50","100000","wizsmm","c25ebfe3-285e-42d1-9079-fb337d63053b"
"instagram","Instagram Arabic Likes [Refill: 365 Days] [High Quality] [Cancel Enabled] [1-5K/H] [Instant]","1.176","0.84","20","1000000","wizsmm","7e049208-c402-4596-89ba-7be69e347ef4"
"instagram","Instagram Arabic Mix Likes","2.688","1.92","50","5000","wizsmm","16c1143c-4056-42fd-be5d-c646e3f13e17"
"instagram","Instagram Arab Likes [30 Days Refill] [10-20K/D] [Instant]","0.546","0.39","20","50000","wizsmm","234bc9b6-13c9-4fa1-b9b8-14e9a33f91bd"
"instagram","Instagram Arab Male Likes [30 Days Refill] [10-20K/D] [Instant]","0.56","0.4","20","50000","wizsmm","5f89fe8b-cf0e-446e-acf3-97a56d77f204"
"instagram","Instagram Arab Female Likes [30 Days Refill] [10-20K/D] [Instant]","2.506","1.79","20","500000","wizsmm","73878194-1b08-4afd-8233-9b31ae71c640"
"instagram","Instagram Arab Male Likes [30 Days Refill] [10-20K/D] [Instant]","2.24","1.6","20","500000","wizsmm","7cf5c949-c869-4ccd-9d6b-a32c75900c8f"
"instagram","1220 - Instagram Likes [Arabic] [High Quality] [100-1K/D] [Instant]","3.024","2.16","10","5000","wizsmm","539a5d32-efda-4019-a97f-d48cc441468e"
"instagram","1235 - Instagram Egyptian Likes [Lifetime] [200-1K/D] [0-72/H]","5.026","3.59","200","10000","wizsmm","c853f279-a979-4752-adcb-f8e1835d2e82"
"instagram","6804 - Instagram Arabic Likes","13.44","9.6","20","10000","wizsmm","384f249a-9a92-4f0a-8b15-445e21e7698c"
"instagram","Instagram Gulf Arabic 5 Random Comments [Active Female Accounts]","0.952","0.68","1","1","wizsmm","f903793a-8504-4084-87f1-dd39ed98c525"
"instagram","4160 - Instagram Random Comments [Arabic] [Power Accounts] [20 Comments]","9.282","6.63","1000","1000","wizsmm","f9e01371-ce64-4e44-8c77-963a8661b9f1"
"instagram","Instagram Arabic Random Comments [Instant]","11.592","8.28","25","5000","wizsmm","c3d2d444-3a48-44e1-a232-30828397bdf7"
"instagram","Instagram Arabic Random Comments [High Quality] [1-3K/D] [0-3/H]","12.096","8.64","25","10000","wizsmm","47884a43-8cd4-46ee-abbb-2bee7f011903"
"instagram","3691 - IG Arabic Females Costum Comments [20/D] [0-24/H]","51.268","36.62","5","50","wizsmm","e5c37594-c48e-4df7-8a31-61902e8e06d6"
"instagram","1241 - IG Arabic Emoji Comments","58.856","42.04","5","150","wizsmm","50c0c005-f2ce-4a3e-a420-ec3b8bb7b3e4"
"instagram","1239 - IG Arabic Costum Comments","58.856","42.04","5","150","wizsmm","2a513a8d-90f0-4c0c-b1de-9c2686132fdd"
"instagram","1240 - IG Arabic Random Comments","58.856","42.04","5","150","wizsmm","6d193446-a17f-4926-8a07-7ca68ea5e9d3"
"instagram","Instagram Turkish Followers [Real Looking] [2K/D] [0-1/H]","7.63","5.45","20","100000","wizsmm","894f44e1-2ecd-456c-929b-d57c2507d9ac"
"instagram","1002 - IG Followers [Turkish] [High Quality] [2-4K/D] [0-1/H]","9.03","6.45","20","10000","wizsmm","797911bc-aaff-44df-99a9-7f3a1e528ff6"
"instagram","1129 - Instagram Followers [Turkish] [Real] [30 Days Auto Refill] [100-1K/D] [0-1/H]","6.72","4.8","10","5000","wizsmm","274a5f39-e758-4ce0-995f-9a6d7b3c7222"
"instagram","Instagram Turkish Followers [30 Days Refill] [10-20K/D] [0-1/H]","7.924","5.66","10","150000","wizsmm","317caee8-1540-4803-a4a4-fbf22405ddf0"
"instagram","Turkish Followers R30","20.16","14.4","5","50000","wizsmm","eb43fe49-55c9-4b10-83ac-7caf78ce02e3"
"instagram","2364 - Instagram Followers [Turkish] [High Quality] [30 Days Refill] [3-5K/D] [Instant]","12.558","8.97","10","10000","wizsmm","1a953bff-c543-43b6-a92c-db72c5506406"
"instagram","3054 - IG Followers [Turkish Mix] [30 Days Refill] [20K/D] [Instant]","12.992","9.28","50","20000","wizsmm","1b339395-034e-4420-b8de-3b6eddffcbeb"
"instagram","Instagram Turkish Followers [Real Looking] [10K/D] [0-1/H]","7.938","5.67","10","10000","wizsmm","59f4b3c5-8f98-4d99-9bc3-f83fa7b44ed5"
"instagram","Instagram Turkish Mix Followers [Nice Quality] [Cancel Enabled] [5-10K/D] [Instant]","9.184","6.56","10","100000","wizsmm","bedb99b7-1bb2-4dfb-8b45-52431a9437f0"
"instagram","Real Turkish Followers From Ads - Slow Delivery","19.194","13.71","500","2500","wizsmm","cbe763b8-dc77-40d2-994b-935685c7b72b"
"instagram","Instagram EMERGENCY Reel Views [Max: 5M] [Start Time: 0-1 Hour] [Speed: 5M/Day] 💧","0.098","0.07","100","100000000","wizsmm","909d54dc-d2eb-455b-b720-0ab48a6cc1b0"
"instagram","🇪🇬Instagram VERIFIED Comments [EGYPTIAN] [2 Comments] 🔵","2.9061","2.0758","1","1","wizsmm","90aea3e4-6b15-424d-8d66-61661750f99d"
"instagram","Instagram Saves [Max: 3K] [Start Time: 0 - 1 Hour] [Speed: 3K/Day] 💧","2.1","1.5","10","1000000","wizsmm","90c455a0-0cd7-406a-8d92-c18b1ab1326d"
"instagram","🇹🇷 Instagram Artist VERIFIED Followers [1 Follower] [Refill: 30 Days] [Start Time: 0-1 Hour] [Speed: 0-6 Hours]","4.235","3.025","1","1","wizsmm","90da2c0f-592d-49be-9472-ecf01abcd535"
"instagram","Turkish Followers R30","11.732","8.38","10","100000","wizsmm","6bf1636b-c0a2-49c3-9f30-7e208de24cd0"
"instagram","Instagram Turkish Followers [Real] [500-1K/D] [0-1/H]","19.936","14.24","30","50000","wizsmm","32eeaf74-5c7c-4700-ae2d-cb5605252d56"
"instagram","Instagram Real Turkish Followers [Premium Quality] [50-100/D] [0-8/H]","63.84","45.6","5","1000","wizsmm","1758ebe1-efa9-40da-9aeb-b03e8b09b8a3"
"instagram","1943 - IG Followers [Turkish] [Super Real] [100-500/D] [0-12/H]","67.2","48","20","1000","wizsmm","6efb2b44-2186-4aca-aa8a-46289a59fd8a"
"instagram","5792 - Instagram Turkish Followers [Real] [500-1K/D] [0-1/H]","25.2","18","20","4000","wizsmm","2d9670f9-e11d-4872-989e-ba0850eda2d1"
"instagram","Instagram Turkish Likes [High Quality] [Cancel Enabled] [1K/H] [Instant]","1.092","0.78","20","1000","wizsmm","5b7aec89-cd47-44a1-a8ae-4a7293ef9ceb"
"instagram","Instagram Turkish Likes [High Quality] [Cancel Enabled] [1-5K/H] [Instant]","1.302","0.93","20","5000","wizsmm","8f654821-7d10-46f1-b6ff-81e8912bba36"
"instagram","Instagram Turkish Likes [High Quality] [Cancel Enabled] [1-5K/H] [Instant]","1.904","1.36","20","20000","wizsmm","5029955a-c54c-468c-81a7-a18f07834c77"
"instagram","Instagram Turkish Likes [Refill: 365 Days] [High Quality] [Cancel Enabled] [1-5K/H] [Instant]","2.59","1.85","20","100000","wizsmm","72a8af75-dbaa-4ba0-a541-9d646cf431dd"
"instagram","Instagram Turkish Likes [High Quality] [60 Days Refill] [50K/D] [Instant]","1.834","1.31","10","20000","wizsmm","a52bed94-57d2-4950-a572-ef0744f48d7f"
"instagram","5793 - Instagram Turkish Likes [Real] [30 Days Auto Refill] [100-1K/D] [0-1/H]","1.764","1.26","10","5000","wizsmm","a4f32bbe-3f27-46a8-b8c7-f9300d68bf5b"
"instagram","4248 - Instagram Turkish Likes [Mix Quality] [1-3K/H] [Instant]","3.332","2.38","10","10000","wizsmm","ef4cf4bb-f50d-4b17-9834-b990a0546881"
"instagram","4249 - Instagram Turkish Likes [Real] [10K/D] [Instant]","3.416","2.44","10","50000","wizsmm","9a904d58-e509-4dd2-9553-de8550f6295f"
"instagram","Instagram Turkish Costum Comments","11.424","8.16","10","10000","wizsmm","1191fc0a-ff88-48e2-8a55-fa8ec30338e6"
"instagram","Instagram Turkish Female Costum Comments [Real] [Premium Quality] [1K/D] [0-1/H]","67.2","48","5","10000","wizsmm","a54a65c2-252a-4d5e-a477-c2bccfd896e3"
"instagram","Instagram Turkish Random Comments [Real] [Premium Quality] [1K/D] [0-1/H]","67.2","48","5","10000","wizsmm","be5d6643-29fb-41b9-929e-dccdb8c88513"
"instagram","Instagram Turkish Auto Random Comments [Real] [Premium Quality] [1K/D] [0-1/H]","67.2","48","5","10000","wizsmm","ffffe26f-6783-4a08-b154-094595354dd8"
"instagram","🇧🇷 Instagram Brazil Followers | 30 Days Refill ♻️ | %100 Brazil Users | Instant","21.84","15.6","20","150000","wizsmm","d26b816b-9243-4d02-9fd5-8ab365016df8"
"instagram","🇧🇷 Instagram Brazil Female Followers | 30 Days Refill ♻️ | %100 Brazil Users | Instant","10.514","7.51","20","100000","wizsmm","b518d02b-25b1-458e-a987-1606dfd2afe7"
"instagram","🇧🇷 Instagram Brazil Male Followers | 30 Days Refill ♻️ | %100 Brazil Users | Instant","21.84","15.6","20","50000","wizsmm","4367db26-9709-436c-8370-aeb81c09da5b"
"instagram","🇧🇷 Instagram Brazil Likes | 30 Days Refill ♻️ | %100 Brazil Users | Instant","2.184","1.56","20","75000","wizsmm","65002bfc-377d-4804-ac35-004128204534"
"instagram","🇧🇷 Instagram Brazil Male Likes | 30 Days Refill ♻️ | %100 Brazil Users | Instant","2.184","1.56","20","30000","wizsmm","93059922-71e5-4953-b9a9-6f68bd52b7ad"
"instagram","Instagram Brazil Male Auto Likes [30 Days Refill] [Cancel Enabled] [5-20K/D] [0-1/H]","2.184","1.56","20","30000","wizsmm","288d6932-1cfb-4164-af5c-76b89840046c"
"instagram","🇧🇷 Instagram Brazil Female Likes | 30 Days Refill ♻️ | %100 Brazil Users | Instant","2.184","1.56","20","50000","wizsmm","b1c1a4ff-13ff-4bc7-8227-99af80aaa222"
"instagram","Instagram Brazil Female Auto Likes [30 Days Refill] [Cancel Enabled] [5-20K/D] [0-1/H]","2.184","1.56","20","50000","wizsmm","f3c78b00-8a04-4a32-8a10-e699e539992d"
"instagram","Instagram Brazil Auto Likes [30 Days Refill] [Cancel Enabled] [5-20K/D] [0-1/H]","2.184","1.56","20","75000","wizsmm","b53b06d2-4936-48b0-bc09-b4495a66f147"
"instagram","Instagram Brazil Auto Likes [30 Days Refill] [Cancel Enabled] [5-20K/D] [0-1/H]","1.512","1.08","10","200000","wizsmm","ebad7b9a-18b0-4f79-952a-ecd76c5a5e3c"
"instagram","Instagram Brazil Likes FAST [30 Days Refill] [Cancel Enabled] [5-20K/D] [0-1/H]","1.582","1.13","10","200000","wizsmm","0e4a5a25-8eec-4774-a412-7da2173fc6aa"
"instagram","Instagram Brazil Auto Likes FAST [30 Days Refill] [Cancel Enabled] [5-20K/D] [0-1/H]","1.582","1.13","10","200000","wizsmm","3cb1b06a-e162-4050-929c-d7e99c51ef75"
"instagram","Instagram Brazil Female Likes FAST [30 Days Refill] [Cancel Enabled] [5-20K/D] [0-1/H]","1.582","1.13","10","200000","wizsmm","2cd1ff51-bb52-474a-ad86-a0247bcb6a2a"
"instagram","Instagram Followers [With PP &amp; Posts] [Refill: No] [Max: 30k] [Start Time: 1 Hour] [Speed: 500/Hour]","5.5125","3.9375","50","30000","wizsmm","919bcb9a-55e1-4894-b028-78683b25262d"
"instagram","Instagram Saves [Max: 50K] [Start Time: 0-1 Hour] [Speed: 50K/Day]","0.1138","0.0813","10","1000000","wizsmm","91eff192-d3a4-4633-8152-e4649189d372"
"instagram","Instagram PRANK Followers [READ DESCRIPTION] [Refill: No] [Max: 1K] [Start Time: Instant] [Speed: 1K/Day]","0.9625","0.6875","10","10000000","wizsmm","9261292d-f55d-4df3-a6cd-cba139ced14d"
"instagram","Instagram Views [Max: 9M] [Start Time: 0-1 Hour] [Speed: 100K/Day]","0.0039","0.0028","10","217545811","wizsmm","926b69b0-94e0-48a9-9c0e-15373edd143e"
"instagram","Instagram Brazil Male Likes FAST [30 Days Refill] [Cancel Enabled] [5-20K/D] [0-1/H]","1.582","1.13","10","200000","wizsmm","44595749-65ba-419c-b393-6c2637ce94e3"
"instagram","Instagram Brazil Female Auto Likes FAST [30 Days Refill] [Cancel Enabled] [5-20K/D] [0-1/H]","1.582","1.13","10","200000","wizsmm","a4209315-394a-4a7c-8e6e-1b5bc987e834"
"instagram","Instagram Brazil Male Auto Likes FAST [30 Days Refill] [Cancel Enabled] [5-20K/D] [0-1/H]","1.582","1.13","10","200000","wizsmm","732d8a8d-519d-46ac-8d4a-90fa3ec7a821"
"instagram","Instagram Brazil Followers [30 Days Refill] [Cancel Enabled] [5-20K/D] [0-1/H]","11.97","8.55","10","100000","wizsmm","086a2061-b3a0-4c3f-8f98-c01b295987ec"
"instagram","Instagram Brazil Followers [All Types] [500/D] [0-1/H]","7.364","5.26","10","100000","wizsmm","9a7187a1-cf51-4789-8b9d-867293a3328a"
"instagram","Instagram Brazil Female Followers [30 Days Refill] [Cancel Enabled] [5-20K/D] [0-1/H]","8.26","5.9","20","100000","wizsmm","93d00aae-e018-4132-a18d-5632e40a58a8"
"instagram","Instagram Brazil Followers [All Types] [500-1K/D] [0-24/H]","2.52","1.8","10","100000","wizsmm","a239a5a4-cdd2-4a3c-b584-a30371dbabe6"
"instagram","Instagram Brazil Followers [All Types] [5-10K/D] [0-1/H]","9.66","6.9","10","100000","wizsmm","f5796398-bc7f-4f76-8768-af772085096f"
"instagram","Instagram Brazil Followers [Flag On Auto Cancel] [15K/D] [0-1/H]","2.128","1.52","10","250000","wizsmm","f7cc76a9-65df-4667-a302-f93c4fee0877"
"instagram","Instagram Brazil Followers [Flag On/Off Working] [2-5K/D] [0-1/H]","5.18","3.7","10","50000","wizsmm","16a7b36f-6e59-45a3-bacd-10225d25a4fd"
"instagram","Instagram Brazil Followers [Real Active] [500/D] [0-1/H]","17.724","12.66","50","1000","wizsmm","6e98983d-636e-4311-92d0-8bfe9c1ff787"
"instagram","Instagram Followers [Brazil %100] [30 Days Refill] [Nice Quality] [10-20K/D] [Instant]","9.408","6.72","50","200000","wizsmm","afd3eca8-9d36-45c8-9bf9-c43543430ffd"
"instagram","Instagram Followers [Brazil %100] [Nice Quality] [10-20K/D] [Instant]","9.912","7.08","10","50000","wizsmm","19e0f307-a89a-4625-ad0a-c4713807d220"
"instagram","Instagram Followers [Brazil] [30 Days Refill]","11.018","7.87","10","50000","wizsmm","0118c602-69bd-49a8-852f-cbfc9a1980f4"
"instagram","Instagram Brazil Followers [30 Days Refill] [5-20K/D] [0-6/H]","11.34","8.1","50","500000","wizsmm","c8dfce2e-0433-4540-9ee6-d99822cea741"
"instagram","Instagram Brazil Female Followers [5-20K/D] [0-24/H]","15.12","10.8","50","500000","wizsmm","0f343699-b88e-432b-9284-8c2da01453ce"
"instagram","Instagram Followers [Brazil]","3.234","2.31","50","100000","wizsmm","e0d93ed3-c6e2-4f5c-b84e-2ee1147f89a0"
"instagram","Instagram Brazil Male Followers [5-20K/D] [0-24/H]","15.12","10.8","50","500000","wizsmm","e5ddd7d6-6a46-438f-9b11-810e8b18d9e1"
"instagram","Instagram Brazil Followers [R30] [Faster]","2.94","2.1","50","100000","wizsmm","3bc7643e-b867-422e-b202-ff506e071918"
"instagram","Instagram Brazil Followers [30 Days Refill] [5-20K/D] [0-6/H]","16.702","11.93","50","500000","wizsmm","e72db02f-834a-4b00-8f33-61bfc41195e6"
"instagram","Instagram Brazil Followers [10+ Posts] [10K/D] [0-1/H]","3.206","2.29","10","100000","wizsmm","8ee9af27-db06-42f5-9807-44ece2d3816b"
"instagram","Instagram Auto Reach + Impressions [1M] [Start Time: 0 - 1 Hour] [Speed: 250K/Day] ⛔💧","0.07","0.05","10","1000000","wizsmm","93130b84-4429-45f1-8649-43b54885fb56"
"instagram","🇮🇳 Instagram Followers [Refill: 180 Days] [Max: 500K] [Start Time: 0 - 1 Hours] [Speed: 15K/Day]","6.65","4.75","10","300000","wizsmm","935a8364-aa86-49c2-9688-72896636cf6a"
"instagram","Instagram EMERGENCY Views [All Videos] [Max: 100M] [Start Time: 0 - 1 Hour] [Speed: 400K/Day] 💧","0.3578","0.2556","100","100000000","wizsmm","93633692-a4c2-486a-b9a5-60d944a64490"
"instagram","Instagram Auto FEMALE Comments [10K+ Followers] [Random 20 Comments] [Max: 20] [Start Time: 0-1 Hour] [Speed: 1 Hour Delivery]","3.15","2.25","1000","1000","wizsmm","939f5053-9bb8-4ff2-9f81-b0860b99f213"
"instagram","Instagram RAF™ Followers [FEMALE] [Refill: No Drop] [Max: 7K] [Start Time: 0-8 Hours] [Speed: 1K/Day] ⚡💧","39.1125","27.9375","50","5000","wizsmm","93beea81-cc75-4bb1-9b42-42e2b8eab750"
"instagram","Instagram Story Impressions [Max: 1M] [Start Time: 0-1 Hour] [Speed: 1M/Day]","0.168","0.12","200","1000000","wizsmm","940998d9-a98c-4c7f-9210-27d25b3695a2"
"instagram","🇧🇷 Instagram Likes [BRAZIL] [Refill: No] [Max: 40K] [Start Time: 0-1 Hour] [Speed: Up to 5K/Day] 💧","0.8974","0.641","10","50000","wizsmm","945e57f4-a03b-45ab-a85f-112756c392df"
"instagram","Instagram Story Likes [5K] [Start Time: 0 - 1 Hour] [Speed: 5K/Day]","1.12","0.8","100","5000","wizsmm","949a2850-4d86-41d4-9b1d-59574d1a4b54"
"instagram","Instagram Brazil Followers [Real] [5-20K/D] [0-24/H]","22.68","16.2","100","500000","wizsmm","531f6125-a90e-47e6-aa1d-d8a89e88cfd8"
"instagram","7496 - Instagram Followers [Brazil Males]","4.032","2.88","10","30000","wizsmm","9ccf9985-e39b-4023-a161-8835b66862e9"
"instagram","7498 - Instagram Followers [Brazil Females]","4.032","2.88","10","30000","wizsmm","11166f8c-d766-44e6-9511-c263fbffa176"
"instagram","Instagram Brazil Followers [No Refill] [Instant]","8.652","6.18","10","5000000","wizsmm","e536ff86-e1fb-4fa1-ac84-7091fa9b152f"
"instagram","3078 - Instagram Followers [Brazil] [Private Profiles] [30 Days Refill] [1-3K/D] [0-1/H]","6.86","4.9","20","10000","wizsmm","d87531dd-e9a9-4a68-81e3-db73655c9a84"
"instagram","Instagram Auto Reel Views [Max: 5M] [Start Time: 0-1 Hour] [Speed: 500K/Day]","1.575","1.125","100","100000000","wizsmm","95198ad7-14d1-451b-93ed-5e9577981c2d"
"instagram","Instagram Shares [Max: 50K] [Start Time: 0 -1 Hr] [Speed: 20K/D]💧⛔","0.2485","0.1775","10","1000000","wizsmm","95391321-ece2-4aff-b3c9-f26844686c81"
"instagram","Instagram Brazil Followers [10+ Posts] [30 Days Refill] [10K/D] [0-1/H]","3.08","2.2","10","100000","wizsmm","d39448bf-e2b2-474e-80f4-d93c7e87646b"
"instagram","Instagram Brazil Followers [10+ Posts] [30 Days Refill] [50K/D] [0-1/H] [Faster]","3.346","2.39","10","100000","wizsmm","f13e10f6-bd49-4c40-9390-5b578e79eb1e"
"instagram","7467 - Instagram Followers [Brazil]","10.36","7.4","10","100000","wizsmm","e14dbd47-75fe-4166-8fae-9e9efd7be179"
"instagram","Instagram Followers [Brazil] [30 Days Refill]","10.36","7.4","10","100000","wizsmm","7141e596-f4f4-4ab8-986e-a480ce2ae102"
"instagram","3672 - Instagram Followers [Brazil]","9.24","6.6","50","100000","wizsmm","8d2a489d-3ab6-4f44-8d75-592ba3d72f7f"
"instagram","Instagram Followers [Brazil Mix] [Nice Quality] [20K/D] [0-1/H]","2.842","2.03","50","50000","wizsmm","0605f3e9-3a2c-41df-89b5-e256667c335c"
"instagram","2959 - IG Followers [Brazil] [High Quality] [1-5K/D] [Instant]","6.104","4.36","10","20000","wizsmm","4077d26d-4447-4a3d-aba4-46ad33eae538"
"instagram","3664 - IG Followers [Brazil] [High Quality] [15 Days Refill] [1-5K/D] [Instant]","6.846","4.89","10","50000","wizsmm","d080be24-b823-47ca-9776-f889a205d2ae"
"instagram","Instagram Brazil Followers [High Quality] [30 Days Refill] [Cancel Enabled] [5-10K+/D] [0-1/H]","12.04","8.6","10","500000","wizsmm","4fd961dd-f57f-4749-b8f5-617d49b9274a"
"instagram","5956 - IG Followers [Brazil] [High Quality] [30 Days Refill] [1-5K/D] [Instant]","7.21","5.15","10","50000","wizsmm","c31034b9-dc26-46e5-9077-43160177b829"
"instagram","Instagram Followers [Brazil Mix] [High Quality] [30 Days Refill] [Cancel Enabled] [40-50K/D] [Instant]","2.002","1.43","10","30000","wizsmm","232f83e7-1b24-42cd-bdad-36b6c8c3c813"
"instagram","5957 - IG Followers [Brazil] [High Quality] [60 Days Refill] [1-5K/D] [Instant]","7.588","5.42","10","50000","wizsmm","640c8f3b-2c6a-4f26-a911-8302b5150ecd"
"instagram","3665 - IG Followers [Brazil] [Best Quality] [20 Days Refill Button] [500-1K/D] [0-1/H]","9.492","6.78","10","10000","wizsmm","d12d882b-8ac9-471a-ad0c-baeb7d5c7306"
"instagram","Instagram Followers [SPAM ON] [Refill: 365D] [Max: 10M] [Start Time: 0-2 Hrs] [Speed: Up to 500K/D] 💧⛔♻️","2.2533","1.6095","10","10000000","wizsmm","9596b448-37b1-433a-b8b9-b2f09059d164"
"instagram","1580 - IG Followers [Real Brazil Females] [Cancel Enabled] [10K+/D] [0-1/H]","10.08","7.2","20","10000","wizsmm","9a0643d6-afd8-4754-a437-b83aca4430dd"
"instagram","Instagram Followers [Real Brazil Females] [30 Days Refill] [Cancel Enabled] [10K+/D] [0-1/H]","10.752","7.68","50","10000","wizsmm","4c5bac77-795c-4153-9e7e-cd8ec810dae7"
"instagram","1579 - IG Followers [Real Brazil Males] [30 Days Auto Refill] [Cancel Enabled] [10K+/D] [0-1/H]","10.752","7.68","20","10000","wizsmm","b504f75c-49d5-4beb-842a-b1417cf2ac4c"
"instagram","Instagram Followers [Real Brazil Males] [30 Days Refill] [2-5K/D] [0-1/H]","7.896","5.64","10","10000","wizsmm","6c3c7da7-b914-4f7e-952f-a337dfd469b8"
"instagram","Instagram Auto Female Likes [Premium] [NON DROP] [Max: 2K] [Start Time: 0-1 Hour] [Speed: 24 Hours Delivery]","15.96","11.4","50","9050","wizsmm","95a65cd5-060d-44be-9736-b2b50bad87c2"
"instagram","Instagram Followers [Brazil] [Low Drop] [15K/D] [0-1/H] [Fast]","10.892","7.78","50","50000","wizsmm","914309bb-43a4-4e73-ba61-16413f10b9fc"
"instagram","Instagram Auto Likes + Reach + Impressions [Auto-Refill: 30 Days] [300K] [MQ] [Start Time: Instant] [Speed: 20K/Day] ♻️⛔️","0.4603","0.3288","10","300000","wizsmm","95c2828f-13be-4780-8374-0d1301772a7e"
"instagram","1577 - IG Followers [Real Active Brazil] [High Quality] [Cancel Enabled] [2K+/D] [0-1/H]","11.704","8.36","10","100000","wizsmm","219d2bfb-91aa-4dda-9da4-819f2c56349b"
"instagram","5983 - IG Followers [Real Brazil Females] [Old Accounts] [100-1K/D] [0-24/H]","14.28","10.2","50","10000","wizsmm","a65329f2-0014-403b-ac41-12e5312e162a"
"instagram","3386 - IG Followers  [Brazil] [Super Real] [100-250/D] [0-6/H]","18.48","13.2","100","5000","wizsmm","65726daf-e4f3-4c18-8042-7d3dde07c0d8"
"instagram","3191 - IG Followers [Brazil] [High Quality] [30 Days Refill Button] [20K+/D] [0-1/H]","19.152","13.68","20","100000","wizsmm","753ee4e3-381a-47b9-b1d9-d5917deb81d0"
"instagram","4872 - Instagram Followers [Brazil] [30 Days Auto Refill] [10-50K/D] [0-1/H]","7.938","5.67","10","1000","wizsmm","e95e6fe5-e9a7-4c4e-867b-fa48aed75434"
"instagram","4873 - Instagram Real Followers [Brazil] [Premium Quality] [30 Days Refill] [1-5K+/D] [0-10/H]","21.84","15.6","100","50000","wizsmm","dbd41646-c325-4e83-8787-ed578c9f5c8a"
"instagram","Instagram Likes [MQ] [Refill: 30 Days] [Max: 500K] [Start Time: 0-1 Hour] [Speed: 5K/Day] 💧⛔","0.0916","0.0654","1","1000000","wizsmm","962aa90e-60d5-4f39-a22f-5266145bb3f6"
"instagram","⚠️🔥🎇🇺🇸🇪🇺 Instagram Auto Likes USA / EUROPE [EXCLUSIVE - NON DROP]","19.6","14","50","15000","wizsmm","967b3a58-6951-4332-8d6b-fd1485b2ab7c"
"instagram","Instagram Followers [Max 500K] [SPAM ON] [Start Time: 0 - 1Hr] [Refill: 365D] [Speed: Up to 500K/D] ♻️💧⛔","6.4838","4.6313","20","10000000","wizsmm","96f0e132-979a-4f59-8155-3d8f7c596f67"
"instagram","Instagram Auto Photo Reach [Max: 30K] [Start Time: 0-1 Hour] [Speed: 30K/Day]","0.84","0.6","100","30000","wizsmm","96fa63d7-a5ce-4b34-856a-0e20278915c3"
"instagram","Instagram Followers [Refill: 30D] [Max: 1M] [Start Time: 0 - 3 Hrs] [Speed: Up to 100K/D] 💧⛔ ♻️","0.945","0.675","20","1000000","wizsmm","976f7022-cc2d-4df3-abb8-ee463fdd5914"
"instagram","7532 - Instagram Followers [Real Brazil Females] [30 Days Refill] [2-5K/D] [0-1/H]","22.582","16.13","10","10000","wizsmm","89723d0a-7e30-43b4-bfb3-711f62b97fbc"
"instagram","Instagram Brazil Likes [High Quality] [Cancel Enabled] [1K/H] [Instant]","0.728","0.52","50","1000","wizsmm","3db46ebb-6477-4c77-a217-4c793e140ae9"
"instagram","10662 Auto Likes","0.728","0.52","50","1000","wizsmm","eed44bf3-d9a4-460b-aadc-2bf195911e19"
"instagram","Instagram Brazil Likes [High Quality] [Cancel Enabled] [1-5K/H] [Instant]","1.12","0.8","20","5000","wizsmm","f2df30fb-19c1-4550-986a-59187170ea67"
"instagram","Instagram Brazil Likes [High Quality] [Cancel Enabled] [1-5K/H] [Instant]","1.022","0.73","20","200000","wizsmm","93166430-b010-4e1c-ac28-59c39e8aa4a2"
"instagram","Instagram Brazil Likes [Refill: 365 Days] [High Quality] [Cancel Enabled] [1-5K/H] [Instant]","1.582","1.13","20","1000000","wizsmm","89c2209c-b3cd-45b2-988b-0f20df138d0b"
"instagram","Instagram Brazil Likes [5-20K/D] [0-6/H]","5.67","4.05","20","500000","wizsmm","cefcbecd-239f-4915-a2ed-3355150aefb7"
"instagram","3666 - Instagram Likes [Brazil %100] [Nice Quality] [10-20K/D] [Instant]","1.54","1.1","10","20000","wizsmm","70787dea-e8ba-426a-8927-3109131d20de"
"instagram","5309 - IG Likes [Real Active Brazil] [High Quality] [10K/D] [Instant]","0.896","0.64","20","100000","wizsmm","ecc86cc4-d820-45e9-b129-43f3b26d08a3"
"instagram","4897 - IG Likes [Auto] [Real Brazil] [High Quality] [30 Days Refill Button] [Cancel Enabled] [15K+/D] [0-1/H]","0.98","0.7","10","50000","wizsmm","dfd4b0f1-519d-4ec7-a49e-0b1b4741a640"
"instagram","1581 - IG Likes [Real Brazil] [High Quality] [30 Days Refill Button] [Cancel Enabled] [15K+/D] [0-1/H]","0.98","0.7","10","50000","wizsmm","102115e8-de28-4f8e-bbf2-00818de61f07"
"instagram","Instagram Likes [Brazil %100] [30 Days Refill] [Nice Quality] [10-20K/D] [Instant]","0.91","0.65","10","50000","wizsmm","90755c2e-dab9-4704-b640-e560a911afb3"
"instagram","5290 - IG Likes [Brazil] [High Quality] [10K/D] [Instant]","0.602","0.43","20","50000","wizsmm","0a590bc7-3180-4f5c-a998-df54b409755e"
"instagram","Instagram Brazil Real Likes [No Drop] [Instant]","1.512","1.08","10","10000","wizsmm","aaeabc22-6136-4365-a5e7-6200e621bc0b"
"instagram","4671 - IG Likes [Auto] [Real Brazil Males] [High Quality] [Cancel Enabled] [10K+/D] [0-1/H]","1.61","1.15","10","200","wizsmm","237b56a9-54d1-4b61-850d-4f1b2d11a426"
"instagram","4672 - IG Likes [Auto] [Real Brazil Females] [High Quality] [Cancel Enabled] [10K+/D] [0-1/H]","1.61","1.15","10","200","wizsmm","d39de331-fd2d-4255-814b-3dd2b1b11e7a"
"instagram","Instagram Likes Real Active Brazil [500/D] [0-1/H]","0.616","0.44","10","100000","wizsmm","d378d4c6-c2cc-46f8-870b-0ac751f67901"
"instagram","4894 - IG Likes [Auto] [Brazil] [High Quality] [Cancel Enabled] [10K/D] [Instant]","0.63","0.45","10","150000","wizsmm","525e2a73-5a99-4a98-b37e-11f34b06800d"
"instagram","3872 - IG Likes [Brazil] [High Quality] [Cancel Enabled] [10K/D] [Instant]","0.63","0.45","10","150000","wizsmm","7080a2b4-29e2-4f18-8bab-ab35fb3c55e9"
"instagram","Instagram Likes [Brazil] [High Quality with Stories] [1-5K/H] [Very Instant]","2.142","1.53","10","50000","wizsmm","94bf261f-f14b-48c6-83a8-f284a81a5ec5"
"instagram","4895 - IG Likes [Auto] [Brazil] [High Quality with Stories] [1-5K/H] [Very Instant]","2.142","1.53","10","50000","wizsmm","94f0cb4f-d2ff-4d05-8f10-17b25d483047"
"instagram","Instagram Impression [Explore] [Max: 10K] [Start Time: 0-1 Hour] [Speed: 10K/Day]","0.1007","0.0719","10","1000000","wizsmm","97fcf041-7a98-4eab-8f47-c9b5dd0b31c7"
"instagram","Instagram Followers [10-20% Drop] [Refill: No] [Max: 15K] [Start Time: 0-1 Hour] [Speed: 10-15K/Day]","0.9625","0.6875","10","10000000","wizsmm","97ff1d21-9649-4283-8357-c195a2d4ead6"
"instagram","Instagram Likes [Refill: No] [Max: 200K] [Start Time: 0-1 Hour] [Speed: 10K/Day] 💧⛔","0.3255","0.2325","10","50000","wizsmm","983392f8-59df-443e-8f1c-5c9765c1ead2"
"instagram","🇧🇷 Instagram Auto Likes [BRAZIL] [Refill: R30] [Max: 95K] [Start Time: 1 Hour] [Speed: 5K/Day] ⛔️","0.91","0.65","10","50000","wizsmm","985689b5-73df-47a9-bc27-e4108a2f13c7"
"instagram","Instagram Story Views [MALE] [Max: 30K] [Start Time: 0-1 Hour] [Speed: 30K/Day]","0.35","0.25","20","30000","wizsmm","98642428-ca62-4092-bfb1-a245e4b1117d"
"instagram","Instagram Followers [SPAM ON] [Refill: 60D] [Max: 2M] [Start Time: 0-1 Hr] [Speed: Up to 100K/D] 💧⛔♻️","2.821","2.015","10","2000000","wizsmm","987a786d-af9d-4bb5-8bda-aaf4ee99b0ff"
"instagram","🇺🇸 🇬🇧 Instagram Likes [USA/UK] [Refill: No Drop] [Max: 15K] [Start Time: 0 - 3 Hrs] [Speed: Up to 3K/D] 💧","9.464","6.76","50","15000","wizsmm","98a03b52-4ccd-4065-a971-f2e352b9c78a"
"instagram","Instagram Followers [Refill: No] [Max: 20K] [Start Time: 0 - 1Hr] [Speed: 10K/D] 💧⛔️","1.4875","1.0625","10","50000","wizsmm","98aca405-7b75-4fbf-a3d4-43d597ad4f9e"
"instagram","Instagram Followers [Max 3K] [WORKING] [Start Time: 0 - 1Hr] [Refill: No] [Speed: 1K/D] 💧⛔","5.425","3.875","20","3000","wizsmm","98e9545e-6a27-4f01-b077-e29cc50ae6e3"
"instagram","Instagram Likes [Max: 5K] [Start Time: 0-1 Hour] [Speed: 1K/Hour]","2.8","2","50","100000","wizsmm","98f0c954-7561-4aa8-ade7-afbbcac8d00f"
"instagram","3667 - Instagram Likes [Real Active Brazil] [30 Days Refill] [5K/D] [Instant]","1.848","1.32","10","5000","wizsmm","3de9ec45-a3bf-44a6-a8b7-3cbea5b6f7f4"
"instagram","Instagram Likes [Refill: No] [Max: 200K] [Start Time: 0-1 Hour] [Speed: 100K/Day] ⚡","0.2253","0.1609","10","100000","wizsmm","9909b66e-751c-482b-a454-cf3a35cb851c"
"instagram","2409 - IG Likes [Brazil Mix] [Super Real] [Power Accounts + Stories] [1-5K/D] [Instant]","1.694","1.21","50","5000","wizsmm","b6b85175-1acf-4cfc-a611-6bba5a89b2a3"
"instagram","Auto Version id 3667","1.694","1.21","10","5000","wizsmm","819fdf96-e23e-496a-99b9-0dd879555c93"
"instagram","2960 - IG Likes [Brazil] [High Quality] [1-5K/D] [Instant]","1.932","1.38","10","20000","wizsmm","90d2bc94-0bb5-4239-b354-26da4337177b"
"instagram","4893 - IG Likes [Brazil] [High Quality] [500-1K/D] [0-1/H]","2.856","2.04","10","10000","wizsmm","9cec74d2-8b39-4bd6-bfbd-2ca427693931"
"instagram","3079 - IG Power Likes [Brazil] [Super Real] [500-1K/D] [0-1/H]","4.2","3","10","1000","wizsmm","72255510-5040-4c09-926c-89464e7bca64"
"instagram","Instagram Likes [Real Brazil Females] [Old Accounts] [100-1K/D] [0-24/H]","5.544","3.96","20","10000","wizsmm","c5e60086-ac0e-449d-8e75-558766ea17ef"
"instagram","5988 - IG Likes [Real Male Females] [Old Accounts] [100-1K/D] [0-24/H]","5.544","3.96","20","10000","wizsmm","c4c153b4-34f3-45ae-aa18-bbe4ac3b5542"
"instagram","6805 - Instagram Brazil Likes","27.048","19.32","10","10000","wizsmm","81ee9a34-4d09-40aa-85c7-5c2f238645bd"
"instagram","4750 - 1 IG Blue Tick Verified Like From Brazilian [1/D] [0-48/H]","1.442","1.03","1","1","wizsmm","7d4dd9ef-5b64-48f2-a727-cd5dfb92b7eb"
"instagram","4751 - 2 IG Blue Tick Verified Likes From Brazilian [2/D] [0-48/H]","2.87","2.05","1","1","wizsmm","c477bb83-ecbb-4d29-8a58-7438e86b29a6"
"instagram","3035 - 1 IG Random Comment from Brazilian Blue Tick Verified Singer/Artist [1/D] [0-6/H]","3.584","2.56","1","1","wizsmm","762ef281-cf3b-4e6f-82e0-d084a6ec3ae0"
"instagram","4752 - 3 IG Blue Tick Verified Likes From Brazilian [3/D] [0-48/H]","4.298","3.07","1","1","wizsmm","1352d51e-d2cd-4490-9df4-8ea4260227e1"
"instagram","3520 - 1 IG Costum Comments from Brazilian Blue Tick Verified Singers/Artists [1/D] [0-6/H]","5.544","3.96","1","1","wizsmm","724714e6-06fa-49ef-b7d1-a1610d82428d"
"instagram","3036 - 2 IG Comments from Brazilian Blue Tick Verified Singers/Artists [2/D] [0-6/H]","7.168","5.12","1","1","wizsmm","1cead244-c768-493f-b3f1-d8e06e8c325d"
"instagram","5684 - 1 Instagram Blue Tick Verified Followers From Brazilian [1/D] [0-48/H]","9.352","6.68","1","1","wizsmm","24c1d678-c882-47d4-9876-97f5a0b9d68c"
"instagram","3519 - 3 IG Comments from Brazilian Blue Tick Verified Singers/Artists [3/D] [0-6/H]","10.752","7.68","1","1","wizsmm","6a68883a-93ea-43c9-b725-6fee8fb9cc87"
"instagram","2 Instagram Blue Tick Verified Followers From Brazilian [1/D] [0-48/H]","19.474","13.91","1","1","wizsmm","d541733d-cd64-4498-95cb-ce208d080d92"
"instagram","Instagram Brazil Verified Comments [40-140 Comments] ","193.2","138","5","100","wizsmm","434d7109-e329-47cf-91a3-abf8a6df4012"
"instagram","Instagram Brazil Costum Comments","191.52","136.8","1","10000","wizsmm","9eabd129-5685-43c7-8794-7cdd9a4c8892"
"instagram","2534 - Instagram Brazil Costum Comments","193.2","138","1","200","wizsmm","c8694e7e-00b7-4d3c-add5-87049b06d19c"
"instagram","🇸🇦Instagram Auto Power Comments [10K+ Followers] [Random ARABIC 5 Comments] [EXPLORE PAGE] [Max: 5] [Speed: 1 Hour Delivery]","2.52","1.8","1000","1000","wizsmm","9943aa13-80ce-4bf1-91e0-987b12805575"
"instagram","Instagram Brazil Premium Random Positive Comments [1-30k Followers]","470.4","336","5","200","wizsmm","cf112a74-c4db-45d1-977c-41012bb2e070"
"instagram","Instagram Brazil Premium Costum Comments [1-30k Followers]","470.4","336","1","200","wizsmm","23419002-8b4a-4b6b-95c2-4e143282fe72"
"instagram","Instagram Brazil Auto Random Positive Comments [1-30k Followers]","483","345","5","200","wizsmm","d3e1605a-1a6a-45ae-a4ec-df9b38177492"
"instagram","Instagram Brazil Auto Random Positive Comments","76.006","54.29","5","200","wizsmm","40b54f30-8082-46f1-bcd7-7cf9a2b4a320"
"instagram","Instagram Latin Followers | Max 100K | 90 Days Refill ♻️ | %100 Real Latin Users | 1K Per Hour","21.84","15.6","20","100000","wizsmm","4b11d148-ba4d-451f-980d-ea9b483e30d0"
"instagram","Instagram Latin Female Followers | Max 100K | 90 Days Refill ♻️ | %100 Real Latin Users | 1K Per Hour","21.84","15.6","20","100000","wizsmm","ac88ddac-5c73-4843-aed5-e7cddc0a899f"
"instagram","Instagram Latin Male Followers | Max 100K | 90 Days Refill ♻️ | %100 Real Latin Users | 1K Per Hour","21.84","15.6","20","100000","wizsmm","542075ec-cb18-482b-bc62-3fa38877d6cf"
"instagram","Instagram Likes [Max: 1K] [TAIWAN 🇹🇼 ] [Refill: No] [Speed: 1K/Day] [Start Time: 0 - 1 Hours]","4.9","3.5","20","1000","wizsmm","99a74636-73f3-4d1e-a088-dbc6b4d56cad"
"instagram","Instagram Latin Followers | Max 100K | 180 Days Refill ♻️ | %100 Real Latin Users | 1K Per Hour","41.286","29.49","20","100000","wizsmm","99db54db-0b29-4b98-96b4-200ba17ee7ff"
"instagram","Instagram Latin Female Followers | Max 100K | 180 Days Refill ♻️ | %100 Real Latin Users | 1K Per Hour","41.286","29.49","20","100000","wizsmm","5531db63-38fd-4350-800a-3431772396a8"
"instagram","Instagram Latin Likes | Max 100K | 180 Days Refill ♻️ | %100 Real Latin Users | 1K Per Hour","2.016","1.44","20","200000","wizsmm","b7b9466f-f9f3-4509-befd-c0e2c1b6782d"
"instagram","🇪🇺🇺🇸 Instagram EU-USA Followers | 90 Days Refill♻️ | %100 EU-USA Users 🇪🇺🇺🇸 | 5K Per Hour","15.12","10.8","20","100000","wizsmm","083513a4-34a5-4ca1-9441-2c6ef5d67c81"
"instagram","Instagram Followers [Real] [USA, Canada and Europe] [Non Drop] [5K/D] [0-6/H]","32.438","23.17","50","10000","wizsmm","30bb8371-e9d4-4397-84b7-3e1a709483f7"
"instagram","🇪🇺🇺🇸 Instagram EU-USA Female Followers | 90 Days Refill♻️ | %100 EU-USA Users 🇪🇺🇺🇸 | 5K Per Hour","21.84","15.6","20","100000","wizsmm","cb47f0a3-01e2-4389-9150-08d8ba2f6414"
"instagram","🇪🇺🇺🇸 Instagram EU-USA Male Followers | 90 Days Refill♻️ | %100 EU-USA Users 🇪🇺🇺🇸 | 5K Per Hour","21.84","15.6","20","100000","wizsmm","53008fb6-cece-42cd-af3d-7c03ca7ad587"
"instagram","🇪🇺🇺🇸 Instagram EU-USA Like | 90 Days Refill♻️ | %100 EU-USA Users 🇪🇺🇺🇸 | 5K Per Hour","2.184","1.56","20","100000","wizsmm","a1260051-e5d8-48bf-afb1-cf34e429cfca"
"instagram","🇪🇺🇺🇸 Instagram EU-USA Female Like | 90 Days Refill♻️ | %100 EU-USA Users 🇪🇺🇺🇸 | 5K Per Hour","2.184","1.56","20","100000","wizsmm","2f71323a-4fd2-4ca6-a00b-3f6e9477cf30"
"instagram","🇪🇺🇺🇸 Instagram EU-USA Male Like | 90 Days Refill♻️ | %100 EU-USA Users 🇪🇺🇺🇸 | 5K Per Hour","2.184","1.56","20","100000","wizsmm","70c52d45-1741-4ad5-9c62-1b17ff4ef399"
"instagram","6800 - Instagram USA Likes","2.016","1.44","20","3000","wizsmm","0d96a2f7-c65d-424d-9a13-bb44f469cc6e"
"instagram","5797 - IG Likes [USA Canada Majority] [Real] [30 Days Auto Refill] [Cancel Enabled] [5K/D] [0-1/H]","2.016","1.44","10","5000","wizsmm","45e2190d-2f42-4d9e-97f1-2748130b30a9"
"instagram","Instagram Mentions [CUSTOM LIST] [Max: 500K] [Refill: No] [Start Time: 0 - 24 Hours] [Speed: 10K/Day]","2.975","2.125","100","1000000","wizsmm","99ba65f5-ed75-4ef5-b311-6879e9090e6f"
"instagram","5917 - Instagram Real Likes [USA] [90 Days Refill] [200/H] [Instant]","2.422","1.73","20","15000","wizsmm","efc1d09e-83da-4e2e-aaf8-4314462f4e85"
"instagram","5918 - Instagram Real Likes [USA] [90 Days Refill] [2000/H] [Instant]","2.422","1.73","20","15000","wizsmm","985cf821-c3e7-4861-acd0-38ebe2457876"
"instagram","Instagram Reel Views [Max: 1M] [Start Time: 0 - 1 Hr] [Speed: 50K/Hour] ⚡💧","0.175","0.125","100","100000000","wizsmm","99c07aa6-d054-468d-942e-1a7874d5a0df"
"instagram","🇹🇷 Instagram Likes + Reach + Impressions [REAL - TURKEY] [No Refill] [Max: 40K] [Start Time: 1 Hour] [Speed: 40K/Day]","0.1243","0.0888","47","10000","wizsmm","99c4be68-dbae-47fc-8db9-7945c545c398"
"instagram","Instagram Followers [Refill: 15 Days] [Max: 20K] [Start Time: 6 Hours] [Speed: 5K/Day] 💧♻️","1.1851","0.8465","10","1000000","wizsmm","9a004f71-dac8-43c0-ac49-bfed4c3c7686"
"instagram","Instagram Comments [CUSTOM] [Refill: No Refill] [Max: 10K] [Start Time: 0 - 3 Hours] [Speed: 2K/Day]","1.183","0.845","10","500000","wizsmm","9a5a8bae-9012-4672-9a67-abf39bd1ebbc"
"instagram","🇧🇷 Instagram Followers [55% Brazil] [Refill: No] [Max: 50K] [Start Time: 0 - 1 Hour] [Speed: 20K/Day] ⛔️💧","1.855","1.325","10","1000000","wizsmm","9aae2943-93d2-40d9-962f-3b28f283481a"
"instagram","Instagram FEMALE Comments [10K+ Followers] [Random 100 Comments] [Max: 100] [Start Time: 0-1 Hour] [Speed: 1 Hour Delivery]","12.6","9","1000","1000","wizsmm","9ae6690b-63f9-4381-a81a-848482a05e26"
"instagram","Instagram Saves [Max: 50K] [Start Time: 1 Hour] [Speed: 50K/Day] ⛔️💧","0.1225","0.0875","10","1000000","wizsmm","9af27939-4d71-4578-96d2-02e1f6efe999"
"instagram","Instagram Likes [English Names] [2-3K/H] [Instant]","3.612","2.58","5","30000","wizsmm","d3837a6e-e3e2-4011-89a9-7299ea28cf34"
"instagram","Instagram USA Followers [30 Days Refill] [5-10K/D] [0-1/H]","1.834","1.31","100","20000","wizsmm","3825b21d-920f-42ad-aba0-0ee2f2d62e42"
"instagram","Instagram USA Followers","1.834","1.31","10","10000","wizsmm","90dce96e-7c58-4bec-b284-f63f769cf687"
"instagram","Instagram USA Likes + Reach + Impressions [High Quality] [No Drop] [10K] [0-1/H]","4.368","3.12","20","10000","wizsmm","573e7d14-0e42-4cd9-a49f-22c839d8018d"
"instagram","Instagram Real RAU [USA]","5.558","3.97","20","20000","wizsmm","ae6c6da5-646b-4294-bc6e-ef78266730b1"
"instagram","2834 - Instagram USA Likes [30 Days Auto Refill] [1-3K/D] [Instant]","6.188","4.42","10","15000","wizsmm","e2d32eeb-05d0-4d1c-96e6-74dfc66b98ac"
"instagram","3816 - 🇺🇸 IG Real Subscription for 2 Days [100] [Follow + Like + Comment + Story View + Save]","6.958","4.97","1","1","wizsmm","0dbd59a9-1530-492d-8f17-5d034b5730c6"
"instagram","2789 - IG Followers [USA] [Real] [45 Days Refill] [1-5K/D] [0-1/H]","7.56","5.4","10","10000","wizsmm","b240acf7-8dae-433c-ac97-24cfdf4382e5"
"instagram","6672 - Instagram USA Likes [Real] [High Quality] [190/D] [0-1/H]","10.08","7.2","20","190","wizsmm","3e55985f-2a61-4ac5-bb7a-dbbf046cf494"
"instagram","2835 - Instagram USA Followers [30 Days Auto Refill] [1-3K/D] [Instant]","10.248","7.32","10","15000","wizsmm","c56d7dce-e1a2-4c93-b369-adbc30600b5d"
"instagram","Instagram USA Likes [365 Days Refill] [Real Accounts] [Premium Quality] [1K/D] [0-1/H]","12.096","8.64","5","1000","wizsmm","aa33a0a0-8873-4cde-82c4-39b00e4130d8"
"instagram","6801 - Instagram USA Followers","14.756","10.54","20","3000","wizsmm","4be790df-b7f7-44b9-8856-8eecf6ca2db1"
"instagram","Instagram USA Emoji Comments [500-1K/D] [0-1/H]","15.96","11.4","1","100000","wizsmm","53c6971e-4273-440a-bb0f-d70135effc17"
"instagram","3817 - 🇺🇸 IG Real Subscription for 5 Days [100] [Follow + Like + Comment + Story View + Save]","17.388","12.42","1","1","wizsmm","59dceec9-fc51-438c-8223-18311d2ad1f9"
"instagram","3547 - Instagram Random Comments + Likes [USA] [Power Accounts] [100 Comments]","19.236","13.74","1000","1000","wizsmm","7a618da0-0982-41e6-982a-e0bd5371dfaa"
"instagram","6673 - Instagram USA Followers [Real] [High Quality] [180/D] [0-1/H]","25.2","18","10","180","wizsmm","28127182-6fad-4053-961e-ed4532bdfc9e"
"instagram","Instagram USA Followers [365 Days Refill] [Real Accounts] [Premium Quality] [1K/D] [0-1/H]","27.048","19.32","10","10000","wizsmm","7c780ccc-098b-4a41-a0cc-c7f1c5fbdc82"
"instagram","3818 - 🇺🇸 IG Real Subscription for 10 Days [100] [Follow + Like + Comment + Story View + Save]","34.776","24.84","1","1","wizsmm","f9092d16-8d1e-46a2-80ac-6faa80a8b000"
"instagram","5487 - 🇺🇸 Instagram USA Comments [Random] [100-500/D] [0-1/H]","50.4","36","5","500","wizsmm","470a893b-f709-4ed3-8426-f6cdc431e328"
"instagram","3819 - 🇺🇸 IG Real Subscription for 15 Days [100] [Follow + Like + Comment + Story View + Save]","52.164","37.26","1","1","wizsmm","c0e5c8d5-c07f-4cc4-92c1-96e3bd623f4c"
"instagram","3821 - 🇺🇸 Instagram USA Comments [Random] [150/D] [0-4/H]","52.164","37.26","5","150","wizsmm","d5431d73-6fcc-4681-85fa-97865796a69e"
"instagram","3822 - 🇺🇸 Instagram USA Comments [Costum] [150/D] [0-4/H]","60.858","43.47","5","150","wizsmm","097667ca-f7e4-4518-a56c-ab369ea0d1ff"
"instagram","🇺🇸 / 🇬🇧 USA - UK Instagram Power Comments [10K+ Followers] [Random 20 Comments] [EXPLORE PAGE] [Max: 20] [Start Time: 0-1 Hour] [Speed: 1 Hour Delivery]","7.728","5.52","1000","1000","wizsmm","9b889732-af11-410e-9aa4-6cce9cf72a1f"
"instagram","Instagram Followers [Refill: 30 Days] [Max: 6K] [Start Time: 1 Hour] [Speed: 6K/Day] ♻️","1.9096","1.364","100","6000","wizsmm","9b88f2e2-2d1e-4c03-bcbf-ab8fb336793d"
"instagram","Instagram Likes [USA 🇺🇸] [Max: 12K] [Refill: 120D] [Start Time: 0 - 1 Hr] [Speed: 10K/D] 💧⛔♻️","3.15","2.25","10","12000","wizsmm","9b9d313a-b128-4726-a8ab-6fecad2b5a0b"
"instagram","Instagram USA Comments [365 Days Refill] [Real Accounts] [Premium Quality] [1K/D] [0-1/H]","85.008","60.72","1","1000","wizsmm","7e807e0e-644f-456b-beaa-d1a47a3c944b"
"instagram","Instagram USA Followers [Real From Ads] [10-20/D] [0-2/H]","100.8","72","5","300","wizsmm","e335d2d2-ba41-40f5-ac09-84934fb45470"
"instagram","3820 - 🇺🇸 IG Real Subscription for 30 Days [100] [Follow + Like + Comment + Story View + Save]","104.328","74.52","1","1","wizsmm","c0ba9f98-6e8c-4863-84f7-7a297cc67394"
"instagram","🇬🇧 UK Likes [30 Days Auto Refill] [100-2K/D] [Instant]","3.15","2.25","20","2000","wizsmm","8a8b63b2-d6ec-447e-a2a3-1412b66c4f67"
"instagram","Instagram Likes [Real] [USA, Canada and Europe] [Non Drop] [5K/D] [0-6/H]","11.9","8.5","50","10000","wizsmm","892983d7-cc5f-4528-8c5a-354a59579eca"
"instagram","Instagram Likes [Refill: No] [Max: 5K] [Start Time: 0-1 Hour] [Speed: 2K/Day]","1.89","1.35","20","10000","wizsmm","9bb12f56-729c-4137-a5cc-4ead766be419"
"instagram","Instagram Likes [Italy] [Non Drop] [100-1K/D] [0-6/H]","13.44","9.6","50","2500","wizsmm","e193d832-7567-4a5c-ba7a-d3f229d94855"
"instagram","Instagram Europe Likes [365 Days Refill] [Real Accounts] [Premium Quality] [1K/D] [0-1/H]","15.12","10.8","10","1000","wizsmm","5a19d437-fec6-4f97-9e45-6fe7a3cdb782"
"instagram","Instagram Followers [Real] [USA, Canada and Europe] [Non Drop] [30/H] [0-1/H]","49.812","35.58","20","30","wizsmm","03f7b970-6b0e-4492-9837-bb0756b99302"
"instagram","Instagram Followers [Germany] [Non Drop] [100-1K/D] [0-6/H]","38.556","27.54","25","2500","wizsmm","84ebad42-f52b-4fd1-bcfe-0f73754433c2"
"instagram","Instagram Followers [France] [Non Drop] [100-1K/D] [0-6/H]","36.302","25.93","25","1000","wizsmm","f65d95d8-e133-4ea0-974a-036a3b13ca2e"
"instagram","Instagram Europe Followers [365 Days Refill] [Real Accounts] [Premium Quality] [1K/D] [0-1/H]","45.22","32.3","10","3500","wizsmm","00593913-7e2f-4af6-9313-4394f3d5980c"
"instagram","🇺🇸 Instagram Auto Likes [USA] [Refill: 30D] [10K] [Start Time: 0 - 1 Hr] [Speed: 10K/D]💧","0.6125","0.4375","10","10000","wizsmm","9bdc592b-adeb-43ff-b938-33078028c5bd"
"instagram","Instagram Live Video Likes [Refill: No] [Max: 10K] [Start Time: INSTANT] [Speed: INSTANT]","0.28","0.2","200","10000","wizsmm","9cb0c247-a4f4-4191-939d-21020f4de2ab"
"instagram","Instagram Auto Reel Views [Max: 1M] [Start Time: 15 Minutes] [Speed: 5M/Day] ⚡💧","1.8922","1.3516","100","2147483647","wizsmm","9cb61aa6-4822-4cb5-9ab2-43765d659eef"
"instagram","Instagram Likes [EMERGENCY] [Max: 10K] [Start Time: 0-1 Hour] [Speed: FAST] 🔥🔥🔥","1.0773","0.7695","10","100000","wizsmm","9ce17a60-6938-44a1-95f4-aeb84d08789d"
"instagram","🇰🇷 Instagram Likes [KOREA] [Refill: No] [Max: 200K] [Start Time: 0-3 Hrs] [Speed: 2K/Day]","2.2838","1.6313","20","200000","wizsmm","9cf2ff38-f2d1-44fd-b721-86b12e2a03f8"
"instagram","Instagram Followers [Refill: 7 Days] [Max: 50K] [Start Time: 1 Hour] [Speed: 500/Hour] ♻️","5.95","4.25","10","40000","wizsmm","9cf5ad46-969b-4d8f-9bcd-782c21c1ba38"
"instagram","Instagram Followers [WORKING] [Refill: No] [Max: 300K] [Start Time: 0 - 1Hr] [Speed: 30K/D] 💧⛔️","2.7125","1.9375","10","10000000","wizsmm","9cfed93f-cdfe-4fba-8d2b-dc302013d076"
"instagram","Instagram Likes [1 Like Per Minute] [Max: 10K] [Start Time: 0-1 Hour]","1.89","1.35","20","10000","wizsmm","9d216675-7631-4e57-aeda-b11313f221ef"
"instagram","Instagram Likes [100% Europe] - 🇪🇺","28.742","20.53","25","3000","wizsmm","75f0e2a9-d309-46eb-9209-6b4aa2d829df"
"instagram","🇧🇷 Instagram Likes [BRAZIL] [Refill: 30D] [Max: 50K] [Start Time: 0 - 1 Hr] [Speed: 10K/D]","0.5653","0.4038","10","20000","wizsmm","9d3ee681-1f27-4747-8d67-db151fed6781"
"instagram","Instagram Followers [100% Europe] - 🇪🇺","99.442","71.03","25","2500","wizsmm","a6662fce-df9e-435e-a21b-ef9443d20bef"
"instagram","Instagram Story Views [100% France] - 🇫🇷","35.63","25.45","50","2500","wizsmm","507faaa1-ea73-4568-84ce-72c034a9ffb5"
"instagram","5446 - France Real Likes [Auto] [30 Days Auto Refill] [100-1K/D] [Instant]","5.376","3.84","20","2000","wizsmm","acaa0f37-a971-48e7-906f-f48c276cd7f0"
"instagram","Instagram France Likes","10.08","7.2","20","5000","wizsmm","7daf08e0-eae2-4648-8241-8c2100c63405"
"instagram","Instagram Views [All Posts] [Max: 10M] [Start Time: 0-5 Minutes] [Speed:100K/Hour] 💧","1.8806","1.3433","100","100000000","wizsmm","9e236f91-2244-4f54-867c-2a7f2ac0974e"
"instagram","Instagram Followers [TOP QUALITY] [SPAM ON] [Refill: 30D] [500K] [Start Time: 0 - 1 Hr] [Speed: 50K/D] ♻️🔥","5.46","3.9","10","500000","wizsmm","9ebd0d12-4515-417e-907e-7827c3124a90"
"instagram","Instagram Followers [SPAM ON] [Max: 250K] [Refill: 60 Days] [Start Time: 0-1 Hour] [Speed 15K/Day] ♻️","0.8225","0.5875","10","1000000","wizsmm","9ef86388-ee60-4c4a-968f-6bbc3c32a3e3"
"instagram","Instagram Followers [SPAM ON] [Refill: 365D] [Max: 1M] [Start Time: 0 - 2 Hrs] [Speed: Up to 25K/D] ♻️💧⛔","2.5578","1.827","10","10000000","wizsmm","9f0b64bf-9141-4f15-9c06-ac525e618ba3"
"instagram","Instagram Story Views + Likes [Max: 800] [Start Time: 0 - 1 Hr] [Speed: INSTANT] ⛔️💧","1.8375","1.3125","100","800","wizsmm","9f6b296f-34c0-4d3b-b615-5e96d9e43dd3"
"instagram","Instagram Followers [SPAM ON] [Refill: 30D] [Max: 5M] [Start Time: 0-1 Hr] [Speed: Up to 100K/D] 💧⛔♻️","4.9875","3.5625","10","5000000","wizsmm","9fa91158-698d-4510-9c5d-06468a9c26c5"
"instagram","Instagram Followers  [SPAM ON : WAITING / SPAM OFF SUCCESS] [AI] [Refill: 15D] [Max: 500K] [Start Time: 0-1 Hr] [Speed: 50K/D] 💧⛔♻️🔥","6.0375","4.3125","20","500000","wizsmm","9fbaa5a2-9c9f-4cae-8830-3dbe68c347c6"
"instagram","Instagram Reel Views [Max: 10M] [Start Time:0 - 1 Hours] [Speed: Up to 2M / Day] ⚡💧","0.014","0.01","100","2147483647","wizsmm","9fbfe12c-13ae-4acf-a9a5-bdf45d6925da"
"instagram","Instagram France Followers","11.76","8.4","20","5000","wizsmm","cc8fbef6-b8ff-4adc-afb4-f39a9c722ada"
"instagram","2788 - IG Likes [France] [100/D] [0-1/H]","11.914","8.51","25","1000","wizsmm","a47c827d-5dc1-4411-9df7-69d17aedfae9"
"instagram","4685 Auto","12.124","8.66","25","1000","wizsmm","b87ecdd4-373e-46ef-8538-ef5afe5bd950"
"instagram","Instagram France Followers","24.36","17.4","20","5000","wizsmm","9c1046fa-128f-492a-86cf-26675b31cdb6"
"instagram","6595 - Instagram Likes [France] [Premium Quality] [150/D] [0-1/D]","26.544","18.96","25","1000","wizsmm","b26f9b42-77d9-49d8-9a0d-5f976f961e4a"
"instagram","Instagram Story Views [100% France] - 🇫🇷","27.216","19.44","50","2500","wizsmm","05668593-3bef-4e70-9c4d-18f069832c51"
"instagram","Instagram Story Likes [100% France] - 🇫🇷","38.556","27.54","50","2500","wizsmm","9ecb523a-cfd6-4986-bdd1-359d420efc4a"
"instagram","Instagram Comments Likes [100% France] - 🇫🇷","38.556","27.54","50","2500","wizsmm","e76c4537-064c-4f3a-bcaa-f2b118dcb960"
"instagram","1835 - IG Followers [France] [100/D] [0-1/H]","35","25","25","1000","wizsmm","b32987ad-ff1d-4c99-9592-af2ab3f889c8"
"instagram","Instagram Likes [100% France] - 🇫🇷","36.302","25.93","50","3500","wizsmm","959f0411-2120-418f-b0cc-9d82f3a41ad5"
"instagram","Instagram Auto-Likes [100% France] - 🇫🇷","35.182","25.13","50","2500","wizsmm","63d87c8e-6671-4016-9ed8-92da0d53ff90"
"instagram","Instagram Likes [100% France][Female] - 🇫🇷👩","40.838","29.17","50","1500","wizsmm","9ac4670d-7df5-4a9e-817a-72145a3ef59f"
"instagram","Instagram Likes [100% France][Male] - 🇫🇷👨","40.838","29.17","50","900","wizsmm","686bab92-0c05-45a7-babf-b86aff1e4a5a"
"instagram","Instagram Auto-Likes [100% France][Female] - 🇫🇷","40.698","29.07","50","1500","wizsmm","beb6c7c1-f817-4a50-9f73-287f55e6a44c"
"instagram","Instagram Auto-Likes [100% France][Male] - 🇫🇷","40.698","29.07","50","900","wizsmm","4048e0d6-3fe9-44e7-b8fc-b7ae34c4873c"
"instagram","5901 - Instagram Followers [France] [Premium Quality] [150/D] [0-1/D]","50.4","36","25","1000","wizsmm","37751d20-1211-4cd4-9d1e-a039d74d53d7"
"instagram","Instagram France Random Comments [50-100/D] [0-6/H]","79.296","56.64","10","1000","wizsmm","849e5425-b940-4e9e-a8d8-b8b7b38c0660"
"instagram","Instagram France Costum Comments [50-100/D] [0-6/H]","99.12","70.8","10","1000","wizsmm","0b167578-c9f3-41b1-a1bd-54f54cfd710f"
"instagram","Auto 3202","108.514","77.51","10","100","wizsmm","6b9b8e6b-260f-4351-bc0a-e809b3869ceb"
"instagram","3201 - Instagram Costum Comments [France] [50-100/D] [0-6/H]","189","135","10","500","wizsmm","2910198a-78c4-4fb5-8dcf-25f84f0f4d6d"
"instagram","Instagram Followers [100% France] - 🇫🇷","122.556","87.54","50","3500","wizsmm","9159d984-913b-4d05-8ab7-fb07400dee9b"
"instagram","Instagram Followers [100% France][Female] - 🇫🇷👩","132.622","94.73","25","650","wizsmm","fb523e24-5d6a-4966-a161-c3da3d58e20f"
"instagram","🇸🇦Instagram Power Comments [10K+ Followers] [Random ARABIC 10 Comments] [EXPLORE PAGE] [Max: 10] [Speed: 1 Hour Delivery]","4.62","3.3","1000","1000","wizsmm","9fe91ea0-add3-4a5c-8ac5-53fd0b43a0b1"
"instagram","Instagram Likes [LQ] [Refill: 30D] [Max: 500K] [Start Time: 0 - 3 Hours] [Speed: 10K/Day] 💧⛔️","0.1575","0.1125","10","500000","wizsmm","a058b3c8-b464-462e-b973-0421924bbbc4"
"instagram","🇮🇳 Instagram Likes [INDIA] [Refill: 30 Days] [Max: 100K] [Start Time: Instant] [Speed: 10K/Day]","2.45","1.75","10","100000","wizsmm","a08bcc4d-3744-4c7e-977e-179314e4ea51"
"instagram","Instagram Followers [Mix] [Max:60K] [Start Time: 0 - 1Hr] [Speed: 50K/Day] ⛔💧","5.46","3.9","10","60000","wizsmm","a0aa501f-cfc5-4dcc-8643-7813a6bd6cd7"
"instagram","Instagram Likes [With PP &amp; Posts] [Refill: No] [Max: 100K] [Start Time: 1 Hour] [Speed: 500/Hour]","0.1925","0.1375","50","500000","wizsmm","a0b68aa1-213f-494b-a3a2-5dc198fa9b9b"
"instagram","Instagram Followers [Max 100K] [Start Time: 0 - 1Hr] [Refill: No] [Speed: Up to 50K/D] 💧⛔","0.91","0.65","100","100000","wizsmm","a0e0be2e-9bb1-42e1-87ea-ef68ac1291b0"
"instagram","Instagram Views [ALL] [Max: 1M] [Start Time: 0 - 1 Hour] [Speed: 100K/Day] 💧","0.3413","0.2438","100","100000000","wizsmm","a1093d09-ee41-441f-a5f1-4afcf34316c0"
"instagram","Instagram Followers [SPAM ON] [Refill: 90D] [Max: 500K] [Start Time: 0-1 Hr] [Speed: Up to 50K/D] 💧⛔","6.405","4.575","10","650000","wizsmm","a11306aa-1bae-48fc-bfc5-2e3880d29a33"
"instagram","Instagram Followers [100% France][Male] - 🇫🇷👨","136.024","97.16","50","900","wizsmm","c9aee766-2708-4671-a45c-f91b87cd6403"
"instagram","Instagram France Costum Comments","232.344","165.96","5","500","wizsmm","73186200-01e5-43ab-94d3-8442645cde27"
"instagram","Instagram France Female Costum Comments","232.344","165.96","5","500","wizsmm","a769b086-0176-493b-ba0d-681053d72608"
"instagram","Instagram France Male Costum Comments","232.344","165.96","5","500","wizsmm","4aeeafc8-4de9-45be-99c9-f719f5ecea5f"
"instagram","Instagram Comments [100% France] - 🇫🇷","452.984","323.56","4","2500","wizsmm","bc62ac4c-9005-4533-a981-4aeac9f168ab"
"instagram","Instagram Comments [100% France][Female] - 🇫🇷👩","680.582","486.13","4","1500","wizsmm","5b1338b9-3fa7-4f9d-9f24-15dc17d47aa9"
"instagram","Instagram Comments [100% France][Male] - 🇫🇷👨","680.582","486.13","4","900","wizsmm","e4413749-8db6-422f-a4af-0866e05061ac"
"instagram","5511 - 🇩🇪 Germany Likes [Auto] [30 Days Auto Refill] [100-1K/D] [Instant]","12.348","8.82","20","5000","wizsmm","f56dbe2c-c71a-4e64-88f6-471837130619"
"instagram","Instagram Germany Likes [30 Days Refill] [500/D] [0-1/H]","13.524","9.66","10","10000","wizsmm","20fa10c3-26c3-46b4-8101-c15b1e608f78"
"instagram","5275 - Instagram Likes [Germany] [Premium Quality] [150-250/D] [0-1/D]","11.886","8.49","25","3000","wizsmm","6dfc0975-393a-4c36-b7b3-f20317083d9c"
"instagram","Instagram Germany Female Likes [Premium Quality] [150-250/D] [0-1/D]","24.962","17.83","25","700","wizsmm","55bdee77-c040-4777-9641-f3abb4090f55"
"instagram","Instagram Germany Male Likes [Premium Quality] [150-250/D] [0-1/D]","24.962","17.83","25","350","wizsmm","497ef96a-8821-4f22-93ca-06d59a261020"
"instagram","3232  - Instagram Germany Likes [Real] [Lifetime] [100-200/D] [0-12/H]","12.502","8.93","50","1000","wizsmm","af948960-62f7-4f8d-8f8d-5b8c0eb6e6ad"
"instagram","Instagram Germany Likes [30 Days Refill] [500/D] [0-3/H]","19.32","13.8","10","1000","wizsmm","950aaa7a-a254-45cf-a834-9eff1de65982"
"instagram","Instagram Germany Followers","20.16","14.4","20","5000","wizsmm","8d197149-d371-4244-81cc-7d5f74442945"
"instagram","Instagram Germany Likes [30 Days Refill] [100-200/D] [0-12/H]","28.56","20.4","25","1000","wizsmm","325d0b13-05a0-4721-9198-66feb9c19e19"
"instagram","Instagram Germany Female Followers [Premium Quality] [150-250/D] [0-1/D]","51.086","36.49","25","4000","wizsmm","7c52a1ab-26c6-473e-8cd7-742b5a786528"
"instagram","Instagram Germany Male Followers [Premium Quality] [150-250/D] [0-1/D]","51.086","36.49","25","1500","wizsmm","ec76be9c-6771-4481-bfd9-d57db61b3f65"
"instagram","2383 - IG Germany Followers [30 Days Refill] [30-50/D] [0-12/H]","51.38","36.7","10","1000","wizsmm","63c2c4ec-eb19-4ed9-8576-c277bc17255c"
"instagram","Instagram Germany Followers [30 Days Refill] [1K/D] [0-3/H]","47.18","33.7","10","2000","wizsmm","2b03922b-6df1-4025-866f-8e09734e33d1"
"instagram","Instagram Germany Likes [Real] [Insights: Germany] [100-200/D] [0-12/H]","67.2","48","10","1000","wizsmm","0a022e69-015e-4d4f-a1ae-a81f736afa8c"
"instagram","Instagram Germany Followers [Real] [Insights: Germany] [100-200/D] [0-12/H]","75.6","54","10","1000","wizsmm","1694b029-a64f-4e3d-a5cf-0860ecad2046"
"instagram","Instagram Followers [Refill: No] [Max: 1M] [Start Time: 0 - 1Hr] [Speed: 100K/D] 💧⛔️","3.4825","2.4875","10","1000000","wizsmm","a1ba4945-9dda-481b-b589-7640cb665eb8"
"instagram","🔥🔥🔥 [EXCLUSIVE] Instagram Followers [Spam On] [Refill: 365 Days] [Max: 100K/username - 4.4K/order] [Start Time: 0-1 Hours] [Speed: 4.4K/Day] ♻️🔥🔥🔥","1.0584","0.756","2900","2900","wizsmm","a1dc6297-fd38-41a1-9e37-63b008b265f3"
"instagram","🇰🇷 Instagram Auto Likes [KOREA] [Refill: No] [Max: 200K] [Start Time: 0-3 Hrs] [Speed: 2K/Day]","2.2838","1.6313","20","200000","wizsmm","a22bd843-9c29-4f13-a42f-05e262c535c1"
"instagram","🇧🇷 Instagram Followers [BRAZIL] [Auto-Refill: 30 Days] [Max: 50K] [Start Time: 0 - 1 Hours] [Speed: 10K/Day] 💧","1.1375","0.8125","50","50000","wizsmm","a259b6bd-44e2-46fc-b5ce-6a28d4971093"
"instagram","🇩🇪 Instagram Germany Random Comments [100-500/D] [0-1/H]","79.296","56.64","10","1000","wizsmm","ce7cba14-a6f1-4298-ad28-dd635bac2697"
"instagram","5948 - Instagram Germany Followers [Real] [Lifetime] [100-200/D] [0-12/H]","84.672","60.48","25","1000","wizsmm","1554a599-0039-45a2-846a-4c0cde7ce5df"
"instagram","Instagram Saves [HQ] [Max: 50K] [Start Time: 0 - 1 Hr] [Speed: 50K/D] 💧⛔","0.0928","0.0663","10","1000000","wizsmm","a2bae837-1961-4880-8253-5a799d6808e6"
"instagram","🇩🇪 Instagram Germany Costum Comments [100-500/D] [0-1/H]","88.872","63.48","1","5000","wizsmm","99156450-eb90-4ee5-8564-0a09eacfb48f"
"instagram","Instagram Followers [Refill: 30 Days] [Max: 15K] [Start Time: 1 Hour] [Speed: 5K/Day] ♻️","2.002","1.43","100","15000","wizsmm","a2df14f4-77be-423c-a8ab-0b341109a2a9"
"instagram","🇰🇷 Instagram Power Comments [10K+ Followers] [SOUTH KOREA] [Random 5 Comments] [EXPLORE PAGE] [Max: 20] [Start Time: 0-1 Hour] [Speed: 1 Hour Delivery]","2.52","1.8","1000","1000","wizsmm","a2f9f6de-e31c-4185-92fa-23b7d9a40625"
"instagram","1758 - IG Germany Likes [Real] [No Drop] [100-300/D] [0-1/H]","97.44","69.6","10","600","wizsmm","eba4c2a8-d08b-4e57-9561-7eb711178351"
"instagram","Instagram Germany Followers [Real From Ads] [10-20/D] [0-2/H]","109.2","78","10","1000","wizsmm","4f36de0c-3c5f-4f85-91b9-98eeab4d4bf6"
"instagram","1761 - IG Germany Followers [Real] [No Drop] [Lifetime] [50-200/D] [0-1/H]","112.56","80.4","10","800","wizsmm","5c040f99-6737-454b-a06d-6e453ba9e687"
"instagram","Instagram Germany Costum Comments [Real] [Insights: Germany] [100-200/D] [0-12/H]","116.2","83","1","1000","wizsmm","beb1c1dd-5c9a-4956-9b3f-50067a22aeb6"
"instagram","2417 - IG Germany Followers [Super Real with Stories] [No Drop] [Lifetime] [40-50/D] [Up to 1 Week Start]","140.448","100.32","10","1000","wizsmm","845ed1e1-276e-4e6c-9d0a-eb5333d53c87"
"instagram","1762 - IG Germany Female Followers [Real] [No Drop] [Lifetime] [50-150/D] [0-1/H]","147.84","105.6","10","300","wizsmm","2c3f66c4-422a-4f7a-bfc0-f0af631ab7f9"
"instagram","1763 - IG Germany Male Followers [Real] [No Drop] [Lifetime] [50-150/D] [0-1/H]","148.036","105.74","10","300","wizsmm","43f57fb6-76bc-4b06-8292-78e94ab454bf"
"instagram","5949 - Instagram Germany Likes [Premium Quality] [100/D] [Instant]","169.792","121.28","5","1500","wizsmm","9addf4b1-715a-44d8-8372-b3fa8eee7e30"
"instagram","2418 - IG Germany Likes [Super Real with Stories] [No Drop] [Lifetime] [100/D] [0-1/H]","232.848","166.32","5","700","wizsmm","6b67c9ab-cbf5-4f10-8908-fd344927a4bf"
"instagram","5904 - Instagram Comments Germany Premium 🇩🇪","1062.6","759","5","100","wizsmm","76017b82-4ee7-4c96-bcbd-767245941735"
"instagram","2419 - IG Germany Random Comments [Super Real with Stories] [No Drop] [Lifetime] [20/D] [0-1/H]","1155","825","4","800","wizsmm","9afdc50e-3cc7-4eeb-a07c-f179e43faa32"
"instagram","5905 - Instagram Comments Germany Female  Premium 🇩🇪","1217.16","869.4","5","100","wizsmm","7a26740f-16d6-4822-a3d7-75328bf01c37"
"instagram","5906 - Instagram Comments Germany Male Premium 🇩🇪","1217.16","869.4","5","100","wizsmm","76c3f4d3-bc0b-46c2-8c47-f4ed2408ade2"
"instagram","🇪🇸 Instagram Spanish Followers | 365 Days Refill♻️ | %100 Spanish Users 🇪🇸 | Business 💼️ | 20K Per Hour","63.994","45.71","20","100000","wizsmm","cbd02e17-b37e-4044-a9e4-1a3def95489d"
"instagram","🇪🇸 Instagram Spanish Female Followers | 365 Days Refill♻️ | %100 Spanish Users 🇪🇸 | Business 💼️ | 10K Per Hour","63.994","45.71","20","100000","wizsmm","f9ac2f51-92a1-4f02-b439-30cf7db2ac2b"
"instagram","🇪🇸 Instagram Spanish Male Followers | 360 Days Refill♻️ | %100 Spanish Users 🇪🇸 | Business 💼️ | 10K Per Hour","63.994","45.71","20","100000","wizsmm","dd75a35d-2bde-477f-a3fe-be334e3dca68"
"instagram","🇧🇷 Instagram Followers [Brazil] [Refill: No] [Max: 10K] [Start Time: 0 - 1 Hour] [Speed: 10K/Day] ⛔","1.8375","1.3125","10","200000","wizsmm","a3421638-211d-492d-bded-5e9444642045"
"instagram","Instagram Followers [Refill: 60D] [SPAM ON] [Max: 1M] [Start Time: 0-1 Hr] [Speed: Up to 100K/D] 💧⛔♻️","4.725","3.375","10","1000000","wizsmm","a358a992-fa8a-4c34-9ace-8915a5d8b7ed"
"instagram","Instagram Followers [MALE] [Afro-Americans]  [250/Day] [NO DROP]","40.3375","28.8125","30","2500","wizsmm","a3d7eca6-dfa2-4c9c-b5c5-52453ff62504"
"instagram","Instagram Auto Likes [5 Likes Per Minute] [Max: 10K] [Start Time: 0-1 Hour]","1.89","1.35","20","10000","wizsmm","a48b67df-a36b-48dc-b6c7-27697f9ea05b"
"instagram","🇪🇸 Instagram Spanish Followers | 90 Days Refill♻️ | %100 Spanish Users 🇪🇸 | 8K Per Day","21.84","15.6","20","250000","wizsmm","21c35f41-c366-46a3-a657-058ead730d61"
"instagram","🇪🇸 Instagram Spanish Female Followers | 90 Days Refill♻️ | %100 Spanish Users 🇪🇸 | Business 💼️ | 10K Per Day","21.84","15.6","20","150000","wizsmm","8b8ed39e-b207-43f7-9d9d-a1b922ed3050"
"instagram","🇪🇸 Instagram Spanish Male Followers | 90 Days Refill♻️ | %100 Spanish Users 🇪🇸 | Business 💼️ | 10K Per Hour","21.84","15.6","20","100000","wizsmm","f38eba20-ef2c-4aaf-aa9a-03c56f4ee332"
"instagram","🇪🇸 Instagram Spanish Likes | 30 Days Refill♻️ | %100 Spanish Users 🇪🇸 | Business 💼️ | 8K Per Hour","2.184","1.56","20","250000","wizsmm","af973eee-720f-4f7f-98ed-c802db01347b"
"instagram","🇪🇸 Instagram Spanish Male Likes | 30 Days Refill♻️ | %100 Spanish Users 🇪🇸 | Business 💼️ | 8K Per Hour","2.184","1.56","20","100000","wizsmm","e5cb703b-ca1f-4c07-a2ce-8b1a422f92be"
"instagram","🇪🇸 Instagram Spanish Female Likes | 30 Days Refill♻️ | %100 Spanish Users 🇪🇸 | Business 💼️ | 8K Per Hour","2.184","1.56","20","150000","wizsmm","5a222062-9202-4f39-aa16-b79d0660fbef"
"instagram","Instagram Spain Auto Likes","2.17","1.55","20","200000","wizsmm","b568b7c9-f3ca-4839-a839-7af1e10c674a"
"instagram","Instagram Spanish Likes FAST [30 Days Refill] [5-10K/D] [Instant]","2.17","1.55","20","200000","wizsmm","84999de4-bc11-44e4-98fb-615500acdb02"
"instagram","Instagram Spain Costum Comments [50-150/D] [0-12/H]","99.12","70.8","10","1000","wizsmm","db18f257-33c1-4cf8-9bba-e934c2249447"
"instagram","2539 - IG Followers [Real Spain] [Lifetime] [50-100/D] [0-6/H]","604.8","432","5","100","wizsmm","9a3f22e5-69a7-4bdb-afa9-88da563b3843"
"instagram","1760 - IG Western Likes [Real] [No Drop] [250-1K/D] [0-1/H]","7.392","5.28","100","1000","wizsmm","5aac5407-9ee3-46a2-9109-19cd5c9e82c0"
"instagram","5801","14.014","10.01","50","6000","wizsmm","1feab137-ab4a-4188-bfee-be2cc441111c"
"instagram","Instagram Likes EU/USA Female","14.014","10.01","50","6000","wizsmm","86a43733-c997-4cfb-9c02-ad9fbe46c888"
"instagram","1765 - IG Western Followers [Real] [No Drop] [Lifetime] [250-1K/D] [0-1/H]","13.314","9.51","10","1500","wizsmm","14add518-479a-4568-8703-87421d1709a6"
"instagram","Instagram Likes EU/USA (MIX)","13.44","9.6","50","15000","wizsmm","e1cdb5ca-b85a-47b7-95b7-ef64cd4861ee"
"instagram","5800","14.014","10.01","50","6000","wizsmm","e005c7a4-e8b0-4ce2-8d04-33fc6732f108"
"instagram","Instagram Likes EU/USA Male","14.014","10.01","50","6000","wizsmm","5af39140-2e4e-4189-8382-6421e617833e"
"instagram","Instagram Reel Likes EU/USA Mix","13.622","9.73","50","15000","wizsmm","73e35b03-6c71-48e1-8a3d-d2498c250d2f"
"instagram","Instagram Story Views [EU/USA]","19.6","14","100","10000","wizsmm","657634a6-791c-45a9-922d-9dedf427ec05"
"instagram","5810 - Instagram Auto Likes Europe","15.078","10.77","50","15000","wizsmm","fd0c8b21-4cf3-483f-8cd4-d523c5a36ea2"
"instagram","Instagram Followers EU/USA Female","44.772","31.98","50","9000","wizsmm","0c231c8f-d870-4f5e-844b-5cadd1a54dfb"
"instagram","Instagram Reel Views [Max: 10M] [Start Time: 0-1 Hour] [Speed: 5M/Day] 💧","0.0088","0.0063","100","100000000","wizsmm","a49939e5-76b4-4226-bad0-b22292288fae"
"instagram","🇮🇷Instagram Likes [IRAN] [Refill: No] [Max: 10K] [Start Time: 0-1 Hour] [Speed: 5K/Day]","1.232","0.88","100","100000","wizsmm","a4bcbce4-7ae1-4284-80ab-a61263348f1e"
"instagram","Instagram Engagement + Shares [Max: 100K] [Start Time: INSTANT] [Speed: 100k/Hr]","0.595","0.425","100","100000","wizsmm","a53667b1-90ed-4162-802c-803b73975175"
"instagram","Instagram Likes [Max: 10K] [Start Time: 0-1 Hour] [Speed: INSTANT] 💧⚡⚡⚡🔥","0.3255","0.2325","20","30000","wizsmm","a53ccde1-3be6-441a-a2df-a299d66994f8"
"instagram","Instagram Auto Likes [LQ] [EXCLUSIVE] [Refill: No] [Max: 100K] [Start Time: 1 Hour] [Speed: 5K/Day]🔥🔥🔥","0.0916","0.0654","10","20000","wizsmm","a54ace58-8d12-47fe-a6b2-be63ae099085"
"instagram","Instagram Followers EU/USA Male","44.772","31.98","50","6000","wizsmm","f9fcef16-9f69-4304-918d-89f2a00817a6"
"instagram","Instagram Followers EU/USA Female","43.19","30.85","50","10000","wizsmm","c306cdb3-a4d4-4956-9ae0-36e0230afb3c"
"instagram","Instagram Followers EU/USA Male","43.19","30.85","50","10000","wizsmm","d46f2522-6628-4822-b761-4a915a2cc8fc"
"instagram","Instagram Followers EU/USA Mix","35.84","25.6","50","10000","wizsmm","abdffc56-e6d5-4ca6-9d41-36fc639a8241"
"instagram","Instagram Followers EU/USA [Max 30]","56.182","40.13","15","200","wizsmm","87f5a5ad-eac8-4b73-a658-ef7ea98e22f1"
"instagram","1759 - IG European Likes [Real] [No Drop] [200-500/D] [0-1/H]","98.28","70.2","10","600","wizsmm","fa36fddc-573d-4430-b6b4-3b7a2272d926"
"instagram","1764 - IG European Followers [Real] [No Drop] [Lifetime] [200-500/D] [0-1/H]","113.4","81","10","1000","wizsmm","2b210a03-3bb5-4c7c-b114-ff41fe9abfe8"
"instagram","Instagram Custom Comments EU/USA","222.67","159.05","5","1000","wizsmm","982821ff-f9a2-4dc4-9389-c541e2cb0185"
"instagram","5806 - Instagram Custom Comments EU/USA Male","222.67","159.05","5","1000","wizsmm","f0c3d78f-cc3e-4191-824c-9c59117ddbdb"
"instagram","Instagram Custom Comments EU/USA Female","222.67","159.05","5","1000","wizsmm","21846974-64c9-40ce-b1be-56e655246462"
"instagram","Instagram Random Comments EU/USA","270.48","193.2","5","1000","wizsmm","6965e547-b6ca-450a-8ee2-468256215bd9"
"instagram","Instagram Likes [100% Canada] - 🇨🇦","38.542","27.53","50","500","wizsmm","e3bb7210-ca1a-438e-94b4-1089ccf9dde2"
"instagram","Instagram Followers [100% Canada] - 🇨🇦","136.122","97.23","50","500","wizsmm","cd539dd1-5a48-45d4-a332-45e0fa7b1c3e"
"instagram","Instagram Followers [100% Belgium] - 🇧🇪","113.442","81.03","50","300","wizsmm","13b1ae54-434f-4067-8b82-c05f39cb9b40"
"instagram","Instagram Followers [100% Belgium][Male] - 🇧🇪👨","135.646","96.89","50","200","wizsmm","1e9e43de-ade4-42a4-a710-aa1c6c2951f6"
"instagram","Instagram Followers [100% Belgium][Female] - 🇧🇪👩","135.646","96.89","50","300","wizsmm","3eb7fd9c-ce38-4d1f-a4e8-06338de7cad9"
"instagram","Instagram Morocco Real Story Views [Cancel Enabled] [100-1K/D] [0-1/H]","1.932","1.38","10","1000","wizsmm","18cf1511-ecf2-4c30-9dac-048e96dc079e"
"instagram","Instagram Morocco Real Male Story Views [Cancel Enabled] [100-1K/D] [0-1/H]","2.898","2.07","10","1000","wizsmm","a2846fa2-122c-4807-adb8-b3055ba08612"
"instagram","Instagram Morocco Real Likes [Cancel Enabled] [100-1K/D] [0-1/H]","3.864","2.76","10","10000","wizsmm","b28e33dd-ae10-4919-9bce-77b76162e242"
"instagram","Instagram Morocco Real Male Likes [Cancel Enabled] [100-1K/D] [0-1/H]","5.796","4.14","10","5000","wizsmm","4ca885b3-8694-407d-a7cf-c72fd70da087"
"instagram","Instagram Morocco Real Followers [Cancel Enabled] [100-1K/D] [0-1/H]","11.592","8.28","10","10000","wizsmm","6ced1cdd-1d11-4a8d-9786-3ee17b80bcff"
"instagram","Instagram Morocco Real Random Comments [Cancel Enabled] [100-1K/D] [0-1/H]","11.592","8.28","10","200","wizsmm","807761f9-ebfa-439d-9055-f77bf78c8f41"
"instagram","Instagram Morocco Real Random Male Comments [Cancel Enabled] [100-1K/D] [0-1/H]","13.524","9.66","10","200","wizsmm","eeda71a5-65c2-41aa-b4a7-19e2a77b2058"
"instagram","Real LIkes from USA African American profiles [VIP]-FEMALE","25.116","17.94","25","3000","wizsmm","351b1013-31d9-45b9-bd61-8bff6a348345"
"instagram","Real Likes from USA African American profiles [VIP]-MALE","27.048","19.32","25","3000","wizsmm","c569730f-8ac3-4a99-b7a4-45c122fc98b6"
"instagram","Real LIkes from USA African American profiles [VIP]","27.048","19.32","50","3000","wizsmm","a7006d12-9d97-40dd-b7ba-cfc14818e569"
"instagram","Instagram Likes + Impressions [60 Likes Per Minute] [Max: 10K] [Start Time: 0-1 Hour]","2.1","1.5","20","10000","wizsmm","a69cf5cd-74a5-49d8-ac9a-db0cb912dc40"
"instagram","Instagram Likes [Refill: 30D] [Max: 300K] [Start Time: 0 - 2 Hrs] [Speed: 20K/Day] ⛔♻️","0.3276","0.234","10","300000","wizsmm","a6d60171-1471-43a2-83bd-891ae010a216"
"instagram","Instagram Profile Visits + Reach [Max: 12K] [Start Time: 0 to 1 Hour] [Speed: 12K/Day] ⛔️💧","0.1323","0.0945","100","1000000","wizsmm","a723ef5f-62dc-4ed1-b5f1-1998307bbdf3"
"instagram","Instagram Views [Max: 10M] [Start Time: 0-1 Hour] [Speed: 5M/Day] 💧","0.0038","0.0027","10","217545811","wizsmm","a7447f22-45eb-4d65-9c69-5f48c70bee5d"
"instagram","🇮🇳 Instagram Followers [Refill: 45 Days] [Max: 200K] [Start Time: 0 - 1 Hours] [Speed: 10K/Day]","6.3","4.5","10","200000","wizsmm","a74f8bba-39c7-4182-a98d-39452050d69b"
"instagram","Instagram Followers [SPAM ON] [Refill: 30D] [Max: 500K] [Start Time: 0 - 1 Hr] [Speed: 50K/D] 💧♻️","13.3112","9.508","10","500000","wizsmm","a76d0b31-d211-4c84-b7c6-3df46ed5bb7f"
"instagram","Instagram Auto Saves [Max: 20K] [Start Time: 0-1 Hour] [Speed: 20K/Day]","0.105","0.075","10","75000","wizsmm","a78cd279-8853-4055-ade5-a3b90cddd4ef"
"instagram","Instagram Likes [30K] [REAL ] [1H - 1k/Day] 💧⚡","2.8","2","5","50000","wizsmm","a790b71b-b05e-4c79-927e-40651e10963e"
"instagram","Instagram Followers [Refill: No] [Max: 250K] [Start Time: 0 - 1 Hrs] [Speed: 100K/Day] ♻️💧⛔","0.2975","0.2125","10","250000","wizsmm","a7c1edf2-7d92-4492-85d6-24c98c8c797d"
"instagram","Instagram Likes [NON DROP] [Refill: 1 Year] [Max: 3K] [Start Time: 1 Hour] [Speed: 3K/Day] ♻️","0.1936","0.1383","10","1000000","wizsmm","a7e55838-295f-4dc4-b4f9-85e78fb2c24c"
"instagram","USA Real Followers from Black People [VIP]-FEMALE","100.464","71.76","50","3000","wizsmm","6b10ee0d-1704-4ee4-848e-d251ed626c6f"
"instagram","USA Real Followers from Black People [VIP]-MALE","100.464","71.76","50","3000","wizsmm","5d093328-da3b-4263-a53f-84ccad52d484"
"instagram","Real Followers from USA African American profiles [VIP]","100.464","71.76","50","3000","wizsmm","edc1f2b5-35a3-4e5c-8092-de60ae0d90d3"
"instagram","Real Organic Comments from Black People [VIP]-FEMALE","396.06","282.9","5","200","wizsmm","9b2e7e94-1e54-4859-a823-398eeb505ef9"
"instagram","6578 - Instagram African Followers [Real] [Cancel Enabled] [500-1K/D] [0-1/H]","6.048","4.32","20","10000","wizsmm","555de300-b754-4649-b0f9-416a7b4328bb"
"instagram","Instagram African Followers [Real] [30 Days Auto Refill] [1-5K/D] [0-1/H]","8.148","5.82","5","10000","wizsmm","2a10f03d-a39c-4791-9fa6-d3fc0d422be9"
"instagram","Instagram Followers [African Mix Countries]","11.76","8.4","20","50000","wizsmm","4249b29e-c809-44ee-80b2-fd8ec3919f0b"
"instagram","4302 - IG Followers [TUNISIA]","27.048","19.32","100","50000","wizsmm","b1aea4ae-ca69-4af6-b7db-f8ce2b381e12"
"instagram","4303 - IG Followers [EGYPT]","38.64","27.6","100","20000","wizsmm","82f88f10-6e98-4c48-8d1a-753609f686c7"
"instagram","4304 - IG Followers [EAST AFRICA]","86.94","62.1","1000","100000","wizsmm","19546e71-ab67-4c0f-9497-a8c424b20b81"
"instagram","4305 - IG Followers [WEST AFRICA]","75.6","54","50","5000","wizsmm","6ac2bebf-c643-4821-9cf1-51415073ecca"
"instagram","4306 - IG Followers [GHANA]","86.94","62.1","50","5000","wizsmm","eb2af69b-cf9d-4b92-8faf-dbc810883740"
"instagram","4309 - IG Followers [KENYA]","86.94","62.1","50","1000","wizsmm","5f914b25-39a5-423d-bb14-d89467d80b82"
"instagram","4220 - IG African Likes [Real] [30 Days Auto Refill] [1-5K/D] [0-1/H]","3.15","2.25","10","5000","wizsmm","a3e08050-67c0-48a2-a934-ea2c994a4943"
"instagram","4320 - IG Likes [EGYPT]","4.368","3.12","10","50000","wizsmm","337f3ca8-4a6b-47b4-a7a7-46c330dd1a2b"
"instagram","4315 - IG Likes [LIBYA]","6.3","4.5","100","200000","wizsmm","7e5bf687-889a-4f53-bd82-2258947492c7"
"instagram","4314 - IG Likes [ALGERIA]","5.796","4.14","100","5000","wizsmm","98390f0d-a403-475f-b09a-cb2a0efd3c42"
"instagram","4316 - IG Likes [TUNISIA]","7.546","5.39","50","10000","wizsmm","193ff1c8-1deb-4e8f-be88-3421ea84e914"
"instagram","Instagram Likes [MOROCCO]","6.552","4.68","50","20000","wizsmm","f3538e60-fffa-406d-b826-22ba7f46d740"
"instagram","4317 - IG Likes [MULTI]","8.316","5.94","100","10000","wizsmm","272a09b3-229a-4185-bb1c-2b079af6a71d"
"instagram","Instagram Likes [Mixed African Countries]","10.08","7.2","10","3000","wizsmm","c143bb7a-839e-4d69-bfa5-86c57d74d28b"
"instagram","4322 - IG Likes [GHANA]","38.64","27.6","50","5000","wizsmm","6756bef2-352e-436f-9813-184972fc70e9"
"instagram","4323 - IG Likes [KENYA]","38.64","27.6","50","5000","wizsmm","a194b2f8-f443-4f81-8350-2ad59922b71d"
"instagram","4324 - IG Likes [SOUTH AFRICA]","38.64","27.6","50","5000","wizsmm","9b31cfdc-ff0b-46db-b9b4-ebcb31642137"
"instagram","Instagram Views [Watch Time 1 Minute] [Real Users] [1K/D] [0-6/H] ","62.678","44.77","5","1000","wizsmm","3266b66f-8bee-4eaa-8d10-31eb82752956"
"instagram","Instagram Views + Likes [Watch Time 1 Minute] [Real Users] [1K/D] [0-6/H] ","55.076","39.34","5","1000","wizsmm","68c7e198-6746-4dc8-85a2-6cf77fce5d87"
"instagram","Instagram Views + Comments [Watch Time 1 Minute] [Real Users] [1K/D] [0-6/H] ","62.678","44.77","5","1000","wizsmm","2a251aff-9d5d-420c-9e6c-5f62c5257bcc"
"instagram","Instagram Views + Costum Comments [Watch Time 1 Minute] [Real Users] [1K/D] [0-6/H] ","62.678","44.77","5","1000","wizsmm","15a46075-56ab-4e5c-b2b8-3bd627d5882c"
"instagram","Instagram Followers [Refill: 30] [Max: 1M] [Start Time: 0-1 Hour] [Speed: 10K/Day] ♻️🔥","5.8625","4.1875","10","10000000","wizsmm","a8aa42f6-0d91-47ed-8625-23583f267fe6"
"instagram","🇧🇷 Instagram Likes [BRAZIL] [Refill: No] [Max: 95K] [Start Time: 0-1 Hour] [Speed: 10K/Day] 💧⛔️","0.5775","0.4125","10","150000","wizsmm","a8c9f8fc-a60d-42e0-bbb5-b65e4854a261"
"instagram","Instagram Followers[Refill: 60D] [Max: 5M] [Start Time: 0 - 2Hrs] [Speed: Up to 500K/D] ♻️💧⛔","1.225","0.875","10","10000000","wizsmm","a911dff4-9d0f-45d8-8ece-aa95e9e02906"
"instagram","Instagram Likes [BOTS] [Refill: No] [Max: 30K] [Start time: Instant] [Speed: 30K/Day]","0.1257","0.0898","10","500000","wizsmm","a977a7f1-1888-4129-980c-5de94e040f43"
"instagram","Instagram Followers [Refill: 30 Days] [Max: 75K] [Start Time: 1 Hour] [Speed: 1K/Day] ♻️🔥","0.84","0.6","100","50000","wizsmm","a984446d-a3c6-4e8f-8983-957b0777dab2"
"instagram","Instagram Followers [Refill: No] [Max: 5M] [Start Time: 0 - 2Hrs] [Speed: Up to 500K/D] 💧⛔️","0.9625","0.6875","10","10000000","wizsmm","a998fc48-348f-41e3-8eed-02513fc0e088"
"instagram","Instagram Views + Saves [Watch Time 1 Minute] [Real Users] [1K/D] [0-6/H] ","62.678","44.77","5","1000","wizsmm","26161b4d-21dc-4c9f-93c4-d66a99e592b5"
"instagram","Instagram Views + Shares [Watch Time 1 Minute] [Real Users] [1K/D] [0-6/H] ","62.678","44.77","5","1000","wizsmm","c4a41e71-fb0b-4c46-8c9d-268ccb4ece0f"
"instagram","Instagram Views + Comments + Likes + Saves [Watch Time 1 Minute] [Real Users] [1K/D] [0-6/H] ","62.678","44.77","5","1000","wizsmm","15225dec-f8d4-41a1-829a-eb84ba0f02da"
"instagram","Instagram Post Views [Up to 9 Posts] + Likes [Watch Time 1 Minute] [Real Users] [1K/D] [0-6/H] ","55.076","39.34","5","1000","wizsmm","49b9a404-a83c-41b7-92ee-d85486c01f20"
"instagram","Instagram Carosel Views [Up to 5 Slides] + Likes [Watch Time 1 Minute] [Real Users] [1K/D] [0-6/H] ","56.98","40.7","5","1000","wizsmm","0e89796c-5694-4a24-a059-cd27240d4cc2"
"instagram","Instagram Female Reposts [Real Users] [1K/D] [0-6/H] ","55.076","39.34","5","1000","wizsmm","b92ae49c-2ff4-40c2-8f46-96e4e6056c7d"
"instagram","Instagram Male Reposts [Real Users] [1K/D] [0-6/H] ","55.076","39.34","5","1000","wizsmm","785559ec-b780-4d71-9306-d54f17279e6a"
"instagram","4311 - Instagram Views [MOROCCO]","2.324","1.66","100","10000000","wizsmm","0a1032d7-bf3b-410a-a3f2-0659091bb81f"
"instagram","4327 - Instagram Views [Mixed African Countries]","3.024","2.16","100","2500000","wizsmm","2a5c9159-aaba-4461-a370-0ebc576c8ea4"
"instagram","4312 - Instagram Views [LIBYA]","3.178","2.27","100","1000000","wizsmm","4d2b544a-2b06-48c9-abbc-48b105727d2c"
"instagram","4313 - Instagram Views [Egypt]","3.36","2.4","100","1000000","wizsmm","0e941dbf-9b65-47d2-a5b5-ae4a2c0c4311"
"instagram","4310 - Instagram Live Video Views [Mixed African Countries] [Instant]","38.64","27.6","100","15000","wizsmm","5e272c3e-c444-4cb8-939c-275a018538a3"
"instagram","4297 - Instagram Comments [Mixed African Countries] [250/D] [1-6/H]","115.92","82.8","50","10000","wizsmm","44fbb4e2-0be4-4434-bcfe-174929c45b22"
"instagram","Instagram Views [Max: 10M] [Start Time: 0 - 1 Hour] [Speed: 100K/Day] 💧","0.14","0.1","10","10000000","wizsmm","aaa30711-2fb9-4f2c-b162-670c0fe5ceb2"
"instagram","Instagram Likes [HQ] [Refill: 30D] [Max: 30K] [Start time: 0 - 1 Hr] [Speed: 10K/Day]","0.4725","0.3375","10","30000","wizsmm","ab0447bf-9c5d-4919-8e77-8fd7e9708fd3"
"instagram","Instagram Likes [Refill: 365D] [Max: 250k] [Start Time: 0 - 3 Hrs] [Speed: 25K/D] 💧♻️⛔️","0.099","0.0707","1","1000000","wizsmm","ab80da9d-5c5b-45ec-9053-4bf6824f17d0"
"instagram","Instagram Story Views [Max: 30K] [Start Time: 0-1 Hour] [Speed: 30K/Day]","0.42","0.3","100","30000","wizsmm","ab8d2ff6-22b4-4882-ad24-817a02712a52"
"instagram","Instagram Followers [Max: 1M] [Refill: 30D] [Start Time: 0 - 1 Hr] [Speed: 25K/D] ♻️💧⛔","1.225","0.875","10","5000000","wizsmm","ac8392e0-1d35-4e97-ae8f-9a3fb3b99f40"
"instagram","Instagram Auto Likes [FAST] [Refill: No] [Max: 5K] [Start Time: 0-1 Hour] [Speed: 500/Hour] 🔥🔥","1.54","1.1","50","5000","wizsmm","acf76238-bc1a-42ba-b711-4cc62385176d"
"instagram","EGYPT [Mix] İnstagram Followers 5000","4.242","3.03","50","5000","wizsmm","02467aa5-b092-4d4c-bc4d-5d6be04977e1"
"instagram","Egypt  [Mix] İnstagram Followers 20.000","4.424","3.16","50","20000","wizsmm","cd5c40ea-75b9-4384-b1a9-03889f990de2"
"instagram","Egypt  [Mix] İnstagram Followers 50.000 (Women Mix)","5.894","4.21","50","300000","wizsmm","fa6e6e9a-bf9c-4839-929e-88cd021f91b9"
"instagram","Egypt  [Mix]İnstagram Followers 100.000 ♻️30 Days Refill","6.58","4.7","20","10000","wizsmm","254f46af-955e-4d25-8afa-d76e082cdd72"
"instagram","App Real  Pakistan [Mix] İnstagram Followers 1000","3.472","2.48","50","5000","wizsmm","00fe73c0-51da-498a-9312-22cdd621b451"
"instagram","App Real Pakistan [Mix] İnstagram Followers ♻️30 Days Refill","5.544","3.96","20","100000","wizsmm","350910f4-936d-4d64-b7cb-37a316b599ef"
"instagram","App Real  Pakistan [Mix] İnstagram Followers  [Women]","5.544","3.96","50","10000","wizsmm","4771693f-b7e2-4154-9399-e0b0ddee64ff"
"instagram","App Real Pakistan [Mix] İnstagram Followers [Women] ♻️90 Days Refill","6.93","4.95","20","100000","wizsmm","4696a4cc-b982-4fce-a50e-2a4d37da1761"
"instagram","[App Real SaudiArabia ][Mix] İnstagram Followers 1000","3.472","2.48","50","5000","wizsmm","cb1ea8f1-55b7-488b-bdc1-ef4786eb2b57"
"instagram","[App Real SaudiArabia] [Mix] İnstagram Followers  20.000","4.858","3.47","50","20000","wizsmm","27d0193b-d395-46bc-9394-e0434d9d9a64"
"instagram","[App Real SaudiArabia][Mix] İnstagram Followers 50.000","5.544","3.96","50","50000","wizsmm","74710971-2e1c-49df-bdf4-b7d08338d06a"
"instagram","[App Real SaudiArabia] Mix İnstagram Followers 100.000 ♻️30 Days Refill","7.798","5.57","20","100000","wizsmm","1db9fb73-489c-47a9-ae34-ba9bceb3a16b"
"instagram","[App Real ]Saudi Arabia Mix Instagram Followers 100.000 ♻️90 Days Refill","8.638","6.17","20","100000","wizsmm","55391717-2856-4e49-98e5-a07cd7679a81"
"instagram","App Real IRaQ 🇮🇶 [Mix] İnstagram Followers 1000","5.544","3.96","50","1000","wizsmm","f72dcddd-6a0b-4719-9c50-93215e076222"
"instagram","App Real  IRaQ 🇮🇶 [Mix] İnstagram Followers 5000","5.894","4.21","50","5000","wizsmm","d4bfbe28-cc72-4a16-acf0-e610dc438b42"
"instagram","App Real IRaQ 🇮🇶 [Mix] İnstagram Followers 100.000","6.58","4.7","50","100000","wizsmm","f73dc803-0137-4b24-adb8-d477e462c39f"
"instagram","App Real IRaQ [Mix] [Mix] İnstagram Followers ♻️30 Days Refill","7.28","5.2","20","100000","wizsmm","7c559fd4-fec5-450f-91ff-3bcf7828a5ef"
"instagram","App Real IRaQ [Mix]İnstagram Followers [Women] ♻️90 Days Refill","7.798","5.57","20","100000","wizsmm","aefdd5bd-c201-4f4b-aeea-43c8c78ff8c8"
"instagram","💙Pakistan Mix Instagram Like HQ 1K (Mobil App)","0.686","0.49","50","1000","wizsmm","1ce8e2f7-c9d6-48c6-918c-4e2bf4d44286"
"instagram","💙Pakistan Mix Instagram Like HQ 5K (Mobil App)","0.728","0.52","20","5000","wizsmm","056b4e1c-6918-4b20-89f1-710a8f574466"
"instagram","💙Pakistan Instagram Like HQ 100K (Mobil App)","0.868","0.62","20","100000","wizsmm","4eacb8f5-042f-4acf-813b-92118a608aeb"
"instagram","Instagram Likes [Refill: 90D] [Max: 150K] [Start Time: 0-1 Hr] [Speed: 150K/Day] ♻️ ⛔ 💧","0.0916","0.0654","1","1000000","wizsmm","ad4e6f6f-1f6f-4170-8406-5e71632dbfc0"
"instagram","Instagram Reel Impressions + Profile Visits + Reach [Max: 100M] [Start Time: 0-1 Hour] [Speed: INSTANT]","0.308","0.22","100","100000000","wizsmm","ae143efb-a6bc-4348-92a7-452d2f0ce38b"
"instagram","Instagram Likes [With PP &amp; Posts] [Refill: No] [Max: 30K] [Start Time: 1 Hour] [Speed: 500/Hour]","0.2275","0.1625","50","300000","wizsmm","ae1c02c6-f22b-4605-ad40-56c38a8baad3"
"instagram","IGTV Views [Max: 1M] [Start Time: 1 Hour] [Speed: 1M/Day]  ⚡💧","0.3578","0.2556","100","100000000","wizsmm","ae455a15-3043-405a-bfff-51f7abf5ee0d"
"instagram","💙Pakistan Instagram Like HQ 100k (Mobil App) (Mobil App)♻️( HQ -365 Days Refill)","1.526","1.09","20","1000000","wizsmm","5bfc5e16-bf31-47bc-9344-ca7169115009"
"instagram","Instagram Likes [ARAB] [Refill: 30D] [Max: 20K] [Start Time: 1 Hour] [Speed: Up to 5K/Day]","4.725","3.375","250","15000","wizsmm","ae4d80bb-403d-497e-86cf-19d959a58271"
"instagram","Pakistan İnstagram View + [UserAgent {IP]","0.322","0.23","100","500000","wizsmm","12c8dcb8-3486-4694-9427-d612b5117515"
"instagram","Instagram Likes [Max: 10K] [Refill: No] [Start Time: 0 - 1 Hour] [Speed: 10K/Hour] 💧","0.1155","0.0825","10","300000","wizsmm","aeb6d1bd-b658-40bb-88d1-f65e7a278ba9"
"instagram","💙🇮🇶 IRAQ Mix Instagram Like HQ 1K (Mobil App)","1.218","0.87","50","1000","wizsmm","77a12855-1e75-4590-8e32-8d86009a6eed"
"instagram","💙🇮🇶 IRAQ Mix Instagram Like HQ 5K (Mobil App)","1.386","0.99","20","5000","wizsmm","d0cd92e4-9c0f-4a0e-b4d1-3f6d8bce880d"
"instagram","💙🇮🇶 IRAQ Mix Instagram Like HQ 100K (Mobil App)","1.568","1.12","20","100000","wizsmm","acc0c0b0-f456-48f6-a0e4-4e008a86dbfd"
"instagram","💙🇮🇶 IRAQ Mix Instagram Like HQ 100k (Mobil App) (Mobil App)♻️( HQ -365 Days Refill)","1.736","1.24","20","1000000","wizsmm","ae96adad-72c7-4bc2-8c96-5bc257e19ac6"
"instagram","Instagram Egyptian Likes [10K/D] [Instant]","1.568","1.12","50","100000","wizsmm","814bec85-2836-45c4-8b80-339409e972f2"
"instagram","Instagram Egyptian Likes [R365] [10K/D] [Instant]","1.736","1.24","50","1000000","wizsmm","98128cb3-2f88-4d27-8078-87c7bb1dba09"
"instagram","Instagram Arabic Likes [10K/D] [Instant]","1.652","1.18","50","100000","wizsmm","197570ab-6bef-4e6b-9057-a2fa6abeece7"
"instagram","Instagram Arabic Likes [R365] [10K/D] [Instant]","2.688","1.92","20","1000000","wizsmm","2fb50a30-fb4e-49e5-bf45-c861c27f78b4"
"instagram","Instagram Auto Likes [Refill: No] [Max: 100K] [Start Time: 0-1 Hour] [Speed: 300K/Day] ⚡⛔💧","0.21","0.15","50","100000","wizsmm","af5ee64e-6b82-4c73-9b69-310d1132f1c5"
"instagram","Instagram Likes [Refill: No] [Max: 500K] [Start Time: 0 - 1 Hr] [Speed: Up to 100K/D] 💧⛔","0.1925","0.1375","10","500000","wizsmm","afbdd6ac-bb3e-4a4b-b6dc-2aabe496e959"
"instagram","🇧🇷 Instagram Power Comments [10K+ Followers] [BR] [Random 40 Comments] [EXPLORE PAGE] [Max: 40] [Start Time: 0-1 Hour] [Speed: 1 Hour Delivery]","9.24","6.6","1000","1000","wizsmm","afc384c6-b268-457c-a2c8-37698aa6e3a2"
"instagram","Instagram Indian Power Likes [Premium Quality with Profile Pictures] [No Drop] [10K/D] [Instant]","0.644","0.46","10","10000","wizsmm","18f09393-ddd7-478b-8d68-7fd23bc163b9"
"instagram","Instagram Indian Female Likes [Premium Quality] [No Drop] [3K/D] [Instant]","0.644","0.46","10","3000","wizsmm","de789c8d-32fa-4642-a5a1-49a8f6706e7d"
"instagram","Instagram Story Poll Votes [1st Option]","4.788","3.42","20","100000","wizsmm","68c1f639-518d-4606-9804-c703aebb9099"
"instagram","Instagram Story Poll Votes [2nd Option]","4.788","3.42","20","100000","wizsmm","c524a942-d366-427e-a797-08f8e4ffe166"
"instagram","Instagram Followers [SPAM ON] [Max: 1M] [Refill: 365D] [Start Time: 0 - 1 Hour] [Speed: 25K/Day] ♻️💧⛔","4.4625","3.1875","10","10000000","wizsmm","b006e422-e5e9-428a-ae78-0023f524da9f"
"instagram","🇱🇧 Instagram Power Comments [10K+ Followers] [Random 10 Comments] [EXPLORE PAGE] [Max: 10] [Start Time: 0-1 Hour] [Speed: 1 Hour Delivery]","4.62","3.3","1000","1000","wizsmm","b03d1c1b-2924-4709-a536-d88f44f825be"
"instagram","🇧🇷 Instagram Auto Likes [BRAZIL - MQ] [Refill: No] [Max: 2K] [Start Time: 1 Hour] [Speed: 2K/Day] ⛔️","0.8925","0.6375","20","120000","wizsmm","b04cd6e3-44e3-40d1-a7c9-784b21bf04d7"
"instagram","Instagram Story Poll Votes [3rd Option]","4.788","3.42","20","100000","wizsmm","f1446692-3b13-4088-b660-874802a9d17a"
"instagram","Instagram Mentions [for REELS] [USER FOLLOWERS] [Max: 5K] [Refill: No] [Start Time: 0 - 24 Hours] [Speed: 1K/Day]","2.975","2.125","100","500000","wizsmm","b09f2d37-1ae2-4fbc-a3de-ace3ce3f0ffa"
"instagram","Instagram Story Poll Votes [4th Option]","4.788","3.42","20","100000","wizsmm","8b140005-84f4-44dd-9fbe-453e991bf056"
"instagram","Instagram Post Poll Votes [First Option]","66.892","47.78","10","600","wizsmm","46fa5c60-d6a6-417a-baa0-632eeb2624d9"
"instagram","Instagram Post Poll Votes [Second Option]","66.892","47.78","10","600","wizsmm","5111b96f-e5ce-4bbb-8dfc-97887fcc6057"
"instagram","Instagram Post Poll Votes [Third Option]","66.892","47.78","10","600","wizsmm","12ea4552-0b1a-42a9-ae7a-eb214eef8948"
"instagram","Instagram Post Poll Votes [Fourth Option]","66.892","47.78","10","600","wizsmm","803ab2ae-e3c0-4780-a17f-ce2404a427d5"
"instagram","Instagram Likes [Mix Quality] [Low Drop] [100K+/D] [Instant]","0.126","0.09","100","1000000","wizsmm","7b8d02ef-39a1-49fb-953c-a6c9e61a33c0"
"instagram","Instagram Followers [All Flag Types] [Indian APP Data] [200-500K/D] [Instant]","0.938","0.67","10","1000000","wizsmm","fd4729cb-cd58-4a4f-a07a-37e45d25c746"
"instagram","Instagram Likes [MALE] [Afro-Americans] [USA] [250/Day] [NO DROP]","18.48","13.2","30","2500","wizsmm","b14be604-36e0-43bd-a8ab-a65f69315394"
"instagram","Instagram Likes [EMERGENCY] [Max: 50K] [Start Time: 0-1 Hour] [Speed: INSTANT]","0.161","0.115","1","10000000","wizsmm","b1d8a9e1-5431-4a41-9661-071fcda7148b"
"instagram","🇧🇷Instagram BRAZIL Comments [CUSTOM - MALE] [Max: 10K] [Start Time: 1 Hour] [Speed: 500/Day]","62.72","44.8","1","10000","wizsmm","b233bf0d-2a73-4373-a50b-75a45feff248"
"instagram","Instagram Likes [10 Likes Per Minute] [Max: 10K] [Start Time: 0-1 Hour]","1.89","1.35","20","10000","wizsmm","b24dede8-fb05-406a-99a3-dbcba9eb87c4"
"instagram","Instagram Followers [Refill: 30D] [Max: 5M] [Start Time: 0 - 2 Hrs] [Speed: Up to 200K/D] 💧♻️⛔️","1.1725","0.8375","10","10000000","wizsmm","b280aed1-46a2-4bd7-a69f-92338ed8250a"
"instagram","Instagram Followers [Refill: No] [Max: 10K] [Start Time: 1 Hour] [Speed: 10K/Day]","1.2936","0.924","50","10000000","wizsmm","b2adccde-23f7-4513-9c97-9cf7dacc564e"
"instagram","Instagram Live Video Comments [RANDOM] [Refill: No] [Max: 2K] [Start Time: INSTANT] [Speed: INSTANT]","8.4","6","50","2000","wizsmm","b2b12943-e3bc-4df3-ae41-34fd29240473"
"instagram","Instagram Followers [Refill: 30 Days] [Max: 10K] [Start Time: 1 Hour] [Speed: 5K/Day] ♻️","1.9712","1.408","100","10000","wizsmm","b2b92bf3-5ad0-4a57-b3fb-1ec656923811"
"instagram","Instagram Shares [Refill: No] [Max: 10M] [Start Time: 0 - 1 Hr] [Speed: 200K/D] 💧⛔️","0.014","0.01","100","100000000","wizsmm","b2c5d8da-14eb-4e09-af46-cdb05f47833b"
"instagram","Instagram Followers [USA+Brazil+Arabic] [Very Low Drop] [R30] [5-10K/D] [0-1/H]","2.604","1.86","10","100000","wizsmm","02bdb1aa-a60a-4455-ba09-61db84464c96"
"instagram","Instagram Likes [USA+Brazil+Arabic] [No Drop] [R30] [5-10K/D] [0-1/H]","0.406","0.29","10","100000","wizsmm","c3fdccfa-19d4-45d1-a423-c1a7f1633fdc"
"instagram","🇫🇷 Instagram Likes [FRANCE] [Max: 1K] [Refill: Non Drop] [Start Time: 0 - 8 Hrs] [Speed: Up to 100/D]","11.76","8.4","25","1000","wizsmm","b439ff70-a518-4a06-995a-c73c1548e5e8"
"instagram","Instagram Auto Reposts [10K] [Start Time : 0-1 Hour] [NO REFILL]","0.63","0.45","1","10000","wizsmm","b49656d9-adcf-408c-9171-aef617e54454"
"instagram","Instagram Likes [Max: 2K] [SPAIN 🇪🇸 ] [Refill: No] [Speed: 2K/Day] [Start Time: 0 - 1 Hours]","5.775","4.125","20","2000","wizsmm","b49b70fa-8c95-4ca5-aecc-d5b2cc1c31b9"
"instagram","Instagram FEMALE Comments [Random 5 Comments] [Max: 40] [Start Time: 0-1 Hour] [Speed: 1 Hour Delivery]","2.52","1.8","1000","1000","wizsmm","b4c2a215-4a09-4831-9681-cb4ac2df8c41"
"instagram","Instagram Followers [SPAM ON] [Max: 1M] [Refill: 30D] [Start Time: 0 - 1 Hour] [Speed: 25K/Day] ♻️💧⛔","1.925","1.375","10","10000000","wizsmm","b4eda6a7-5195-4486-a6a8-f3c031702b53"
"instagram","Instagram Views + Impression [Max: 100M] [Start Time: 0-1 Hour] [Speed: 50M/Day] 💧","0.336","0.24","100","2147483647","wizsmm","b51692f2-3527-4f84-91ec-cbca2b6f1552"
"instagram","Instagram Reel Views [Max: 1M] [Start Time: 15 Minutes] [Speed: 5M/Day]  ⚡💧","1.8922","1.3516","100","2147483647","wizsmm","b534a6a5-e8ce-4c35-a8eb-fa54bfd8ee16"
"instagram","Instagram Auto Impressions [Max: 100K] [Start Time: 1 Hour] [Speed: 100K/Day]","0.0504","0.036","100","1000000","wizsmm","b56dc68a-5b67-438c-a309-7a98482a9762"
"instagram","Instagram Saves [Max: 20K] [Start Time: 0-1 Hr] [Speed: 10K/D] 💧","0.105","0.075","10","1000000","wizsmm","b5809a50-c67a-4c52-ab10-57b6596da7ea"
"instagram","🇿🇦Instagram Likes [SOUTH AFRICA] [Refill: No] [Max: 1K] [Start Time: 1 Hour] [Speed: 1K/Day]","33.6","24","50","5000","wizsmm","b597e5b6-5ba0-4793-8762-63be07b4d7a2"
"instagram","Instagram Followers [Max: 2K] [UK 🇬🇧 ] [Refill: No] [Speed: 2K/Day] [Start Time: 0 - 1 Hours]","10.85","7.75","20","2000","wizsmm","b5fa9b1f-80f6-4431-80b9-78c53be21bf7"
"instagram","🇩🇪 Instagram Likes [GERMANY] [Max: 1K] [Refill: Non Drop] [Start Time: 0 - 8 Hrs] [Speed: Up to 100/D]","11.76","8.4","25","3000","wizsmm","b61014be-f936-490e-965a-d3fc85402cb3"
"instagram","Instagram FEMALE Comments [Random 200 Comments] [Max: 200] [Start Time: 0-1 Hour] [Speed: 1 Hour Delivery]","16.8","12","1000","1000","wizsmm","b63dab8e-bfed-433f-9520-cba8b8d9516d"
"instagram","Instagram Likes [Refill: Auto-Refill 30 Days] [50K] [HQ] [Start Time: Instant] [Speed: 30K/Day] 💧⛔️♻️","0.4603","0.3288","10","50000","wizsmm","b6423cf4-a706-40f1-8b98-65a0e925bc9c"
"instagram","Instagram Followers [Refill: 30 Days] [Max: 10K] [Start Time: 1 Hour] [Speed: 500/Hour] ♻️","6.475","4.625","10","50000","wizsmm","b6435c02-25dd-472d-bb0a-fa48024372c9"
"instagram","Instagram Auto Impressions [Max: 100K] [Start Time: 1 Hour] [Speed: 20K/Day]","0.14","0.1","10","300000","wizsmm","b7977e28-323e-4ba2-8999-2f06645bb504"
"instagram","Instagram Followers [IRAQ 🇮🇶] [Refill: No] [Max: 20K] [Start Time: 0 - 2 Hrs] [Speed: Up to 20K/D] 💧⛔️","5.6","4","50","5000","wizsmm","b7ea98a8-0b63-428d-b4ac-a93e844a89f3"
"instagram","Instagram Reel Views + Impressions [Max: 1M] [Start Time: 0-1 Hour] [Speed: 1M/Day] 💧","2.996","2.14","100","100000000","wizsmm","b802c352-c5cd-4f3c-8eb3-eceac421f28c"
"instagram","🇧🇷 Instagram Likes [BRAZIL][Max: 10K] [Start Time: 0 - 1 Hr] [Speed: 5K/Day]","1.1375","0.8125","10","10000","wizsmm","b8e2e721-a1f3-4b9b-a2ce-0a76375f60ac"
"instagram","Instagram Likes [Refill: NO REFILL ] [Max: 100K] [Start Time: 0-1 Hour] [Speed: 300K/Day] ⚡⛔💧","0.0175","0.0125","10","100000","wizsmm","b97aa6f4-e64a-4fa0-a7a8-e0c6bc0356bd"
"instagram","Instagram Followers [LOW DROP] [Refill: No] [Max: 50K] [Start Time: 1 Hour] [Speed: 5K/Day]","3.1685","2.2632","50","50000","wizsmm","b994479c-8131-47f5-af2f-6c05166f34d2"
"instagram","🇧🇷 Instagram Followers [BRAZIL] [Refill: No] [Max: 50K] [Start Time: 1 Hour] [Speed: 10K/Day] ⛔️💧","1.9075","1.3625","10","150000","wizsmm","b9a322b0-e6e2-474a-9f98-d31e4a1476dd"
"instagram","Instagram Reach + Impressions [Max: 300K] [Start Time: 0-1 Hour] [Speed: 100K/Day] 💧⛔️","0.07","0.05","10","1000000","wizsmm","b9a7fe38-9798-4ea8-ac79-f4baa9de5a80"
"instagram","Instagram Auto Likes + Impressions + PV [Refill: No] [Max: 50K] [Start Time: 2 Hours] [Speed: 20K/Day] 🔥⛔","2.8896","2.064","50","50000","wizsmm","b9adb00a-e481-47ac-a7ef-01030e17c22f"
"instagram","Instagram Followers [SPAM ON] [Max: 1M] [Refill: 365D] [Start Time: 0 - 1 Hour] [Speed: 50K/Day] ♻️💧⛔","3.675","2.625","10","1000000","wizsmm","b9cbb402-5b30-4063-9b34-08f964eb5c44"
"instagram","Instagram Views [ALL LINKs] [Max: 100K] [Start Time: 0 - 1 Hour] [Speed: 50K/Hour] ⚡💧","1.4","1","100","500000","wizsmm","b9fdd258-8113-4390-a536-c8fa6ef93570"
"instagram","Instagram Followers [Refill: 7 Days] [Max: 5K] [Start Time: 1 Hour] [Speed: 500/Hour] ♻️","5.95","4.25","10","10000","wizsmm","b9ff0a4f-2e9b-4f14-ba78-ce2c6dfea0d7"
"instagram","Instagram BOT Followers [Refill: No] [Max: 1K] [Start Time: 0-1 Hr] [Speed: 1K/D] 💧","0.665","0.475","50","5000","wizsmm","ba0bb14e-8347-4b1a-bd8d-76ec5efc0d96"
"instagram","🇺🇸 Instagram Followers [USA] [Refill: 30D] [Max: 10K] [Start Time: 0 - 1 Hr] [Speed: 10K/D] ⛔️💧","5.1975","3.7125","10","10000","wizsmm","ba4dd8b2-e304-4929-a7eb-e911bbe33a3d"
"instagram","Instagram Followers [All Flag Types] [High Quality + Real] [Low Drop] [20-50K/D] [0-1/H]","0.378","0.27","100","100000","wizsmm","50d986aa-2846-452d-aee2-fa8e3e2c4d41"
"instagram","Instagram Followers [All Flag Types] [High Quality + Real] [30 Days Refill] [20-50K/D] [0-1/H]","0.588","0.42","100","100000","wizsmm","3ae91dd8-c23c-4559-b852-05d5ec1e1cd3"
"instagram","Instagram Followers [All Flag Types] [High Quality + Real] [60 Days Refill] [20-50K/D] [0-1/H]","0.672","0.48","100","100000","wizsmm","b6f38187-e57e-4c41-9aa6-7f6c5cbdaaed"
"instagram","Instagram Followers [All Flag Types] [High Quality + Real] [90 Days Refill] [20-50K/D] [0-1/H]","0.756","0.54","100","100000","wizsmm","ce96580b-827f-4f19-85fa-0ed26a0c9c85"
"instagram","Instagram Followers [All Flag Types] [High Quality + Real] [120 Days Refill] [20-50K/D] [0-1/H]","0.84","0.6","100","100000","wizsmm","9065f856-0b9a-4ece-8586-cb6ad9fe31cf"
"instagram","Instagram Followers [All Flag Types] [High Quality + Real] [365 Days Refill] [20-50K/D] [0-1/H]","1.008","0.72","100","100000","wizsmm","18af013c-a41a-42fd-99a1-67ea0045cf28"
"instagram","Instagram Followers [All Flag Types] [High Quality + Real] [Lifetime Refill] [20-50K/D] [0-1/H]","1.176","0.84","100","100000","wizsmm","1086c877-58c9-4a3d-b849-ef29c9b6fb5f"
"instagram","Instagram OLD ACCOUNTS Like [ Turkey 🇹🇷 ] | Max 3K | Instant","1.68","1.2","10","30000","wizsmm","ab3b542c-d8a6-4d23-b8fb-cdb721ad8cb2"
"instagram","🇺🇸 / 🇬🇧 USA - UK Instagram Power Comments [10K+ Followers] [Random 10 Comments] [EXPLORE PAGE] [Max: 10] [Start Time: 0-1 Hour] [Speed: 1 Hour Delivery]","5.04","3.6","1000","1000","wizsmm","bb25e5a5-0e95-4e6e-a107-59b112132248"
"instagram","Instagram Followers [SPAM OFF] [Refill: 30D] [Max: 1M] [Start Time: 0-1 Hr] [Speed: Up to 100K/D] 💧⛔♻️","3.15","2.25","10","1000000","wizsmm","bb7c5914-5db5-451f-a31e-2a7e7e2bf8e3"
"instagram","Instagram Likes [Refill: 90D] [Max: 1M] [Start time: 0 - 1 Hr] [Speed: 200K/D] 💧⛔️♻️","0.175","0.125","10","1000000","wizsmm","bbdd2e51-0a02-4a1b-aeb7-52354d93a729"
"instagram","Instagram OLD ACCOUNTS Like [ Turkey 🇹🇷 ] | Max 5K | Instant","2.058","1.47","10","5000","wizsmm","8b583adf-ce23-457d-9162-002068692bbb"
"instagram","Instagram Auto FEMALE Comments [Random 80 Comments] [Max: 80] [Start Time: 0-1 Hour] [Speed: 1 Hour Delivery]","10.08","7.2","1000","1000","wizsmm","bc5c68d3-c72a-4286-90e3-e47309389acf"
"instagram","Instagram OLD ACCOUNTS Like [ Turkey 🇹🇷 ] | Max 10K | Instant","2.072","1.48","10","10000","wizsmm","8612a444-4050-46f4-a77c-ad37bf9899c6"
"instagram","Instagram OLD ACCOUNTS Like [ Turkey 🇹🇷 ] | Max 15K  | Instant","2.1","1.5","10","15000","wizsmm","a72dd74d-e5e4-4ac4-bd3a-c7c6dca7e0df"
"instagram","Instagram Followers [Refill: No] [Max: 1M] [Start Time: Instant] [Speed: 100k/D]💧⛔️","1.1165","0.7975","10","10000000","wizsmm","bc9de1d3-0541-4e3f-859c-a2633b717ad3"
"instagram","Instagram Likes [25 Likes Per Minute] [Max: 10K] [Start Time: 0-1 Hour]","1.89","1.35","20","10000","wizsmm","bcaaca71-1e2a-4154-9cb1-2d11ccc6db1d"
"instagram","⚠️🔥🎇🇺🇸🇪🇺 Instagram Followers [SMALL QUANTITY] [30] USA / EUROPE [EXCLUSIVE - NON DROP]","43.1375","30.8125","15","30","wizsmm","bcb33cd0-9810-4577-aa74-fa9b3c608b33"
"instagram","Instagram OLD ACCOUNTS Followers [ Turkey 🇹🇷 ] | Max 50K | No Refill | Instant","7.056","5.04","20","100000","wizsmm","03391a0f-0676-43b2-bfe7-dcad55dc2ef2"
"instagram","Instagram OLD ACCOUNTS Followers [ Turkey 🇹🇷 ] | Max 50K | 30 Days Refill ♻️  | Instant","6.72","4.8","20","100000","wizsmm","f59c564f-4be6-4baa-9c9a-1e01afa498e0"
"instagram","Instagram Real Looking Followers [ Turkey 🇹🇷 ] | Max 3K | No Refill | Instant","7.56","5.4","50","50000","wizsmm","e1014087-2d8a-46dd-9f67-9e227e4af11d"
"instagram","Instagram Live Stream Viewers [Stay Time: 15 Mins]","8.316","5.94","50","50000","wizsmm","a7b3165a-59b6-43a2-82ea-d50cf166e876"
"instagram","Instagram Likes [Refill: No] [Max: 100K] [Start Time: 0 - 2 Hrs] [Speed: 100K/D]💧⛔️","0.28","0.2","10","100000","wizsmm","bce793c1-1ed8-42bc-9ed9-11f383106fa2"
"instagram","🌎 WW Instagram Power Comments [10K+ Followers] [Random 5 Comments] [EXPLORE PAGE] [Max: 5] [Start Time: 0-1 Hour] [Speed: 1 Hour Delivery]","2.52","1.8","1000","1000","wizsmm","bd0ca846-cbfc-421a-ac3d-16d06586adb0"
"instagram","Instagram Live Stream Viewers  [Stay Time: 30 Mins]","16.044","11.46","50","50000","wizsmm","29d98c90-b636-4e66-9d33-f1e296a8995d"
"instagram","Instagram Live Stream Viewers  [Stay Time: 60 Mins]","23.772","16.98","50","50000","wizsmm","33e1d3c4-3bc8-41bd-8961-4e47bea6dd6d"
"instagram","Instagram Live Stream Viewers  [Stay Time: 90 Mins]","33.432","23.88","50","50000","wizsmm","44879db8-744e-4011-ae4a-617cabde5aef"
"instagram","Instagram Live Stream Viewers  [Stay Time: 120 Mins]","39.228","28.02","50","50000","wizsmm","a701b88c-1b9f-45cd-af2f-f2b272200439"
"instagram","Instagram Live Stream Viewers  [Stay Time: 180 Mins]","46.032","32.88","50","50000","wizsmm","7f03c4c3-d0d2-42b4-9b49-76fdc548f66b"
"instagram","Instagram Live Stream Viewers  [Stay Time: 240 Mins]","63.336","45.24","50","50000","wizsmm","02c50591-29f1-4e19-8023-947e4794f057"
"instagram","Instagram Live Stream Viewers  [Stay Time: 360 Mins]","80.64","57.6","50","50000","wizsmm","f4055bb8-95fe-452d-98dc-5242012be0e5"
"instagram","Instagram Live Stream Viewers  [Stay Time: 720 Mins]","96.18","68.7","50","50000","wizsmm","0172c56a-2743-4fb1-aef3-aba271eea3a7"
"instagram","Instagram Live Stream Viewers  [Stay Time: 1440 Mins]","196.56","140.4","50","50000","wizsmm","53311301-22fc-4423-a97e-3b6d690a1b51"
"instagram","Instagram Brazil Followers [All Flags] [Very Low Drop] [No Refill] [5-10K/D] [0-1/H]","1.512","1.08","10","50000","wizsmm","362e45d6-96e5-428b-b892-df65d83cfe29"
"instagram","Instagram Brazil Likes [No Drop] [No Refill] [5-10K/D] [0-1/H]","0.336","0.24","10","50000","wizsmm","048af565-371f-4850-b350-379640f45cf9"
"instagram","Instagram USA Followers [All Flags] [Very Low Drop] [No Refill] [5-10K/D] [0-1/H]","1.512","1.08","10","50000","wizsmm","1cbb2e5a-48e7-4e9e-b621-262fbf997d54"
"instagram","Instagram USA Likes [No Drop] [No Refill] [5-10K/D] [0-1/H]","0.336","0.24","10","50000","wizsmm","cd872621-3195-442a-ab19-bde3bb80a719"
"instagram","Instagram Followers [Refill: 365D] [Max: 5M] [Start Time: 0 - 2 Hrs] [Speed: Up to 200K/D] 💧♻️⛔️","1.5008","1.072","1","10000000","wizsmm","bd2f9625-0ca7-4434-a54d-d030becfcc91"
"instagram","🇫🇷 Instagram Likes [1K] [France] [R90] [Start Time: Instant] [Speed: 500/Day]","33.6","24","100","1000","wizsmm","bd35483e-c232-4ade-ab7a-b4310f99b13d"
"instagram","Instagram Indian Costum Comments","54.432","38.88","5","500","wizsmm","d398b7c1-1545-452b-9d24-23a2b32152e9"
"instagram","Instagram Indian Random Comments","45.36","32.4","5","500","wizsmm","86361470-6a90-49ff-bb70-d4192e899103"
"instagram","Instagram Auto Views + Reach + Impressions [Max: 10M] [Start Time: 0-1 Hr] [Speed: 500K/D] 💧","0.3325","0.2375","100","10000000","wizsmm","bd58da02-e9bc-49f5-ba1f-a198e746dc2f"
"instagram","Instagram Followers[Refill: 30D] [Max: 5M] [Start Time: 0 - 2Hrs] [Speed: Up to 20K/D] ♻️💧⛔","0.7875","0.5625","50","5000000","wizsmm","bd5d813f-8a3d-44e2-884c-7eff4a153a80"
"instagram","🇺🇸Instagram Comments [CUSTOM - USA] [150] [Start Time: 0 - 1 Hour] [Speed: 150/Day]","60.515","43.225","5","150","wizsmm","bdc74d1b-0345-43b4-9de2-e7ef17daafcc"
"instagram","Instagram Likes [Refill: No] [Max: 5M] [Start Time: 0 - 1 Hr] [Speed: 100K/D] ⛔💧","0.14","0.1","1","10000000","wizsmm","bdea85ab-910e-4b6e-8fb6-77ecf0b51d8e"
"instagram","Instagram Shares [Max: 5M] [Start Time: 0 -1 Hr] [Speed: 5M/D]💧⛔","0.35","0.25","10","1000000","wizsmm","be802850-0d75-448a-b6c3-f34d828b5cc0"
"instagram","Instagram Indian Emoji Comments","45.36","32.4","5","500","wizsmm","967c5d5a-f125-4c55-9a29-042debc02707"
"instagram","Instagram Indian Shares","10.892","7.78","100","10000","wizsmm","2b2612c3-5908-4068-8503-7678dab105ec"
"instagram","Instagram Indian Saves","10.892","7.78","100","10000","wizsmm","76540303-c76d-412b-b609-799cc9accdcc"
"instagram","Instagram Brazil Costum Comments","54.432","38.88","5","500","wizsmm","0b0cd7de-3a76-4d8b-8d08-7894a2f94a05"
"instagram","Instagram Brazil Random Comments","45.36","32.4","5","500","wizsmm","804b81e9-d9fc-4cf5-862f-ff25d598319f"
"instagram","Instagram Brazil Emoji Comments","45.36","32.4","5","500","wizsmm","f734c9f2-9fea-49a8-b8dc-4af3cc38db63"
"instagram","Instagram Brazil Shares","10.892","7.78","100","10000","wizsmm","ec67bdf4-01d5-46c2-84c9-e1ca4d0d1ca1"
"instagram","Instagram Brazil Saves","10.892","7.78","100","10000","wizsmm","41dd9846-50f8-484a-9928-66a47337deb5"
"instagram","Instagram World Wide Costum Comments","54.432","38.88","5","500","wizsmm","f382293f-8ce3-4438-8313-873be827199c"
"instagram","Instagram World Wide Random Comments","45.36","32.4","5","500","wizsmm","c6ad9b99-a9dd-4319-914c-34e3ed05867a"
"instagram","Instagram World Wide Emoji Comments","45.36","32.4","5","500","wizsmm","6d65af6b-52e2-4228-8f95-c096edb6d957"
"instagram","Instagram World Wide Shares","10.892","7.78","100","30000","wizsmm","c67b0a0a-8a54-43d2-a893-8cc562105239"
"instagram","Instagram World Wide Saves","10.892","7.78","100","30000","wizsmm","18070a68-9884-4bc6-af17-0449e481a4a0"
"instagram","🌎 Instagram Power Comments [10K+ Followers] [WW] [Random 80 Comments] [EXPLORE PAGE] [Max: 80] [Start Time: 0-1 Hour] [Speed: 1 Hour Delivery]","10.08","7.2","1000","1000","wizsmm","bf15b920-f4ee-4d94-9104-99bba86d3911"
"instagram","Instagram World Wide Followers","14.518","10.37","100","5000","wizsmm","0dac7849-e8db-40d9-af44-59ed78018393"
"instagram","Instagram Followers [Refill: 30 Days] [Max: 30K] [Start Time: 1 Hour] [Speed: 15K/Day] ♻️🔥🔥🔥","1.0718","0.7656","10","1000000","wizsmm","bf63ef9f-f30d-427f-89ec-266e91d0062d"
"instagram","Instagram Followers [10-20% Drop] [Refill: No] [Max: 5K] [Start Time: 0-1 Hour] [Speed: 10-15K/Day]","1.632","1.1657","10","50000","wizsmm","c0421b10-e193-42bc-abc2-a35b2eccbca8"
"instagram","Instagram Reel Views [Max: 10M] [Start Time: 0-1 Hour] [Speed: 500K/Day] 💧","0.336","0.24","100","100000000","wizsmm","bfbb8ecf-4159-4475-be1d-45f514025aac"
"instagram","Instagram FEMALE Comments [Random 80 Comments] [Max: 80] [Start Time: 0-1 Hour] [Speed: 1 Hour Delivery]","10.08","7.2","1000","1000","wizsmm","c0c128ad-bfa2-4e0b-a8f6-fbf063334e1e"
"instagram","🇺🇸Instagram Comments [RANDOM - USA] [300] [Start Time: 0 - 1 Hour] [Speed: 150/Day]","51.87","37.05","5","300","wizsmm","c0c23d14-9ed0-4303-8fab-dbabc1ed3110"
"instagram","🇺🇸 / 🇬🇧 USA - UK Instagram Power Comments [10K+ Followers] [Random 80 Comments] [EXPLORE PAGE] [Max: 80] [Start Time: 0-1 Hour] [Speed: 1 Hour Delivery]","12.6","9","1000","1000","wizsmm","c0f9b6e0-eb38-4dca-b298-dba97ec2e3aa"
"instagram","Instagram Followers [SPAM ON] [Max: 500K] [Refill: 30D] [Start Time: 0 - 1 Hr] [Speed: Up to 25K/D]💧♻️⛔️","3.234","2.31","10","1000000","wizsmm","c0fab712-e0b7-4cd2-9eb4-b343eb7fd5f3"
"instagram","Instagram Impressions [OTHER] [Max: 10M] [Start Time: 0-1 Hour] [Speed: 500K/Day]","0.14","0.1","10","1000000","wizsmm","c153122f-48cd-4874-8f51-ce082a9e6f0a"
"instagram","Instagram Story Views [Max: 50K] [Start Time: 0-1 Hr] [Speed: 50K/D]","0.0963","0.0688","50","40000","wizsmm","c15c599f-a9a3-4ef1-82fc-78534abaa619"
"instagram","Instagram Indonesian Likes","3.36","2.4","20","20000","wizsmm","9fb006eb-751c-4174-ad70-21f73efedbb8"
"instagram","Instagram Followers [ARAB] [Refill: 30D] [Max: 100K] [Start Time: 0 - 12 Hrs] [Speed: Up to 10K/D] 💧⛔","8.1375","5.8125","50","300","wizsmm","c1a9c7e8-ccd1-47df-a4c5-f75c94540975"
"instagram","Instagram Followers [EG 🇪🇬] [Refill: No] [Max: 20K] [Start Time: 0 - 2 Hrs] [Speed: Up to 20K/D] 💧⛔️","4.6375","3.3125","50","20000","wizsmm","c1ec93a6-7a99-46f5-b3fd-411209db2a5d"
"instagram","Instagram Auto FEMALE Comments [Random 20 Comments] [Max: 20] [Start Time: 0-1 Hour] [Speed: 20/Hour]","6.72","4.8","1000","1000","wizsmm","c1f8b070-2763-4d05-a74f-5025d81f8d58"
"instagram","IGTV Views [WORKING] [Max: 100M] [Start Time: 0-1 Hr] [Speed: 10M/D] 💧","0.14","0.1","10","10000000","wizsmm","c26d88cf-a207-46fd-89ea-102b19cf6592"
"instagram","Instagram Followers [Max: 1M] [Refill: 365 Days] [Start Time: 0 - 1 Hour] [Speed: 5K/Day] 🔥♻️🛑","1.3601","0.9715","10","5000000","wizsmm","c27e41c4-b5e5-44b7-a15d-b9ede8c92888"
"instagram","Instagram Likes [🇦🇪 🇸🇦 ARAB - GULF] [SUPER REAL] [Refill: No] [Max: 3K] [Start Time: 0-1 Hour] [Speed: 3K/Day]","3.85","2.75","20","10000","wizsmm","c2975340-4cce-403e-b2c9-587b8125da87"
"instagram","🇸🇦 Instagram Power Comments [10K+ Followers] [Random ARABIC 20 Comments] [EXPLORE PAGE] [Max: 20] [Start Time: 0-1 Hour] [Speed: 1 Hour Delivery]","6.72","4.8","1000","1000","wizsmm","c2c0223e-1f88-42c9-90cd-23ed4c709601"
"instagram","Instagram Auto Likes [Max: 30K] [Refill: 30D] [Start Time: 0 - 1 Hour] [Speed: 3K/Day] ⛔","0.1568","0.112","1","10000000","wizsmm","c2db27f4-272b-4c2c-add5-c1b5730a2047"
"instagram","Instagram Auto Views [Max: 1M] [Start Time: 15 Minutes] [Speed: 5M/Day]","0.28","0.2","100","100000000","wizsmm","c2f23b25-757c-47a1-98cc-db673f454b6b"
"instagram","Instagram Followers [90% INDIAN] [Max 1M] [SPAM OFF] [Start Time: 0 - 1Hr] [Refill: No] [Speed: Up to 10K/D] 💧⛔","3.7576","2.684","10","1000000","wizsmm","c30ab807-1f7d-4461-9195-0c25a208b16d"
"instagram","🔥🔥🔥 [EXCLUSIVE] Instagram POWER Likes [TOP IN MARKET] [Max: 10K] [Start Time: 1 Hour] [Speed: 5K/Day] 🔥🔥🔥","1.1025","0.7875","10","250000","wizsmm","c30fd938-70f3-4173-9f6e-2cd6c49a3107"
"instagram","Instagram Likes [Refill: 60D] [Max: 250k] [Start Time: 0 - 3 Hrs] [Speed: 25K/D] 💧♻️⛔️","0.0952","0.068","1","1000000","wizsmm","c374e976-c168-41ca-beb8-389d74d13ae9"
"instagram","Instagram Followers [Refill: 30 Days] [Max: 1M] [Start Time: 0-1 Hour] [Speed: 500K/Day] ♻️","1.4539","1.0385","10","10000000","wizsmm","c3c865f6-1fe1-4269-af60-969f492a1759"
"instagram","🌎 Instagram Growth Package [WW] [200] [30 Days]","201.6","144","1","1","wizsmm","c3f88e64-dd77-4cb6-980b-a522c974f6ba"
"instagram","IGTV Views [Max: 10M] [Start Time: 0-1 Hour] [Speed: 500K/Day]","0.35","0.25","100","100000000","wizsmm","c43df7bc-6a4b-49a6-99f6-b9feaff4421f"
"instagram","Instagram Likes [NON DROP] [Max: 10K] [Start Time: 0-1 Hour] [Speed: 10K/Day]","0.252","0.18","100","12000","wizsmm","c4735d83-eaaf-45f6-a095-57d4534372fc"
"instagram","Instagram Followers [SPAM ON] [Refill: 30D] [Max: 500K] [Start Time: 0-1 Hr] [Speed: Up to 50K/D] 💧⛔","4.83","3.45","10","650000","wizsmm","c4c064fa-878a-43ad-9d6c-8de33f253d39"
"instagram","Instagram Story Sticker Link Press [250K] [Start Time: 0 - 1 Hour] [Speed: 250K/Day]","4.2","3","100","250000","wizsmm","c4dce59e-075f-434a-85ae-60ab941ad47b"
"instagram","Instagram Likes [MQ] [Refill: 180 Days] [Max: 30K] [Start Time: 0-1 Hour] [Speed: INSTANT] 💧♻️⚡⚡⚡","3.78","2.7","1","1000000","wizsmm","c5c7c22a-1ce2-4320-970f-e72332a2a88b"
"instagram","Instagram Likes + Impressions [1 Like Per Minute] [Max: 10K] [Start Time: 0-1 Hour]","2.1","1.5","20","10000","wizsmm","c5f3ea69-a796-42c5-a079-b798307ddf34"
"instagram","🇸🇦🇮🇷Instagram Followers [ARAB - IRAN MIX] [Refill: No] [Max: 3K] [Start Time: 1 Hour] [Speed: 3K/Day]","4.48","3.2","100","5000","wizsmm","c6ebe80b-1e5c-4b86-82c5-ca202d230682"
"instagram","Instagram Views [EMERGENCY / WORKING] [ALL LINKS] [Max: 1M] [Start Time: 0 - 3 Hrs] [Speed: 500K/D] 💧","0.28","0.2","100","100000000","wizsmm","c70dee51-c037-4ee8-8d6a-943d8b68a0c3"
"instagram","Instagram Views [Max: 2M] [Start Time: Instant] [Speed: 5M/Day]  ⚡💧","1.82","1.3","100","100000000","wizsmm","c77025aa-8c3c-4988-a3b5-85f406891aa1"
"instagram","Instagram Followers [Refill: 30 Days] [Max: 5K] [Start Time: 0-1 Hour] [Speed: 10-15K/Day] ♻️","1.9096","1.364","20","5000","wizsmm","c90ec62f-950a-45dd-a3fd-d80ccbbb57c4"
"instagram","Instagram USA Views [Instant]","0.434","0.31","100","10000000","wizsmm","ac30e55f-a2ee-4a33-8894-4a1f88ab7d3c"
"instagram","Instagram Likes [Refill: 30 Days] [Max: 40K] [Start Time: 0-1 Hour] [Speed: Up to 15K/Day] 💧♻️","1.0084","0.7203","10","75000","wizsmm","c952d995-b21d-48fd-92d6-31394d61f64b"
"instagram","Instagram Story &quot;NO&quot; Poll Votes [Max: 100K] [Start Time: 0-1 Hour] [Speed: 50K/Day]","0.2275","0.1625","100","100000","wizsmm","c955af7f-f9da-4817-9871-d32bfa398835"
"instagram","Instagram Save [Max: 150K] [Start Time: 1 Hour] [Speed: 150K/Day]","0.2745","0.1961","10","1000000","wizsmm","c97a40fd-9b44-46fc-aa6f-f24661e1c291"
"instagram","🇧🇷 Instagram Followers [BRAZIL] [Refill: 30D] [Max: 50K] [Start Time: 0 - 3 Hours] [Speed: 10K/D] 💧","3.724","2.66","10","20000","wizsmm","c9bb7a8c-c300-4841-a461-ef59701c7c74"
"instagram","Instagram Comments [RANDOM] [NEVER DROP] [Max: 5K] [Start Time: 0-1 Hour] [Speed: INSTANT]","23.52","16.8","5","5000","wizsmm","c9c070bf-7579-4439-91c9-a6da33866d3b"
"instagram","🇧🇷Instagram Likes [BRAZIL - FEMALE] [Refill: No] [Max: 1K] [Start Time: 1 Hour] [Speed: 1K/Day] ⛔️💧","1.4875","1.0625","10","200","wizsmm","c9f1d3ae-f404-4027-bcc3-8f2764adaa68"
"instagram","🇩🇪 Instagram Likes [GERMANY] [Refill: No Drop] [Max: 1K] [Start Time: 0 - 3 Hrs] [Speed: Up to 200/D] 💧","10.92","7.8","25","3000","wizsmm","c9f84ae5-ed53-4b23-a27d-72893f0b9f9a"
"instagram","Instagram Likes [HQ][Refill: 30D] [Max: 30K] [Start Time: 0-1 Hr] [Speed: 10K/D]","0.4725","0.3375","10","30000","wizsmm","ca6a85b2-a230-488e-96a7-b79e07bbcafa"
"instagram","Instagram Brazil Followers [No Refill] [Low Drop] [10-50K/D] [Instant]","0.896","0.64","10","500000","wizsmm","e995f81c-0206-48b1-9e0c-0317d946b788"
"instagram","Instagram Comments HQ [🇩🇪 Germany] | Private [Max: 100]","840","600","5","100","wizsmm","21992a45-95aa-4a7e-9302-7e396650ee14"
"instagram","Instagram Comments HQ [🇺🇸 USA, 🇬🇧 UK] | Private [Max: 500]","504","360","5","500","wizsmm","2742d3e0-b5c3-438c-b048-5dc434e0c025"
"instagram","Instagram Comment Likes [🇪🇺 Europe] [Super Quality] [Max: 2000] [🏷️]","67.2","48","10","800","wizsmm","1dcc5d88-26d8-491f-8dac-f09a265e3532"
"instagram","Instagram Likes [🇩🇪 Germany] [Super Quality] [Max: 700]","84","60","5","500","wizsmm","18823c75-be63-4213-aee7-7bf4e8fd3c54"
"instagram","Instagram Followers [🇩🇪 Germany] [Super Quality] [Max: 700]","504","360","5","500","wizsmm","54f6fd51-4e56-4848-89bb-75ad29684339"
"instagram","Instagram Random Comments [🇩🇪 Germany] [Super Quality] [Max: 700]","840","600","4","700","wizsmm","fb38b4df-04ee-455f-9c50-0ffb724ca673"
"instagram","Instagram Comment Likes [🇩🇪 Germany] [Super Quality] [Max: 800]","84","60","10","500","wizsmm","21282d9d-0c98-42d0-bff5-d4335c538fb3"
"instagram","Instagram Comment Likes [🇫🇷 France] [Super Quality] [Max: 300]","84","60","10","200","wizsmm","8d9f2463-ba69-4d27-9afe-4a0f4d115f82"
"instagram","Instagram Comment Likes [🇸🇪 Sweden] [Super Quality] [Max: 250]","84","60","10","200","wizsmm","2bf481fc-2d2e-460d-bf09-02a82af35c53"
"instagram","Instagram Likes [🇳🇴 Norway] [Super Quality] [Max: 75]","1678.32","1198.8","5","50","wizsmm","b3292367-d552-44c3-a0d6-44c11b0c5e41"
"instagram","Instagram Likes [🇩🇰 Denmark] [Super Quality] [Max: 75]","1678.32","1198.8","5","50","wizsmm","c2c0c402-a1c5-418c-b217-047831454915"
"instagram","Instagram Followers [🇳🇴 Norway] [Super Quality] [Max: 75]","1678.32","1198.8","5","50","wizsmm","a27cd2fc-6f4f-4dfb-bffd-688b6bf2a01c"
"instagram","Instagram Mentions [CUSTOM LIST] [Max: 100K] [Refill: No] [Start Time: 0 - 24 Hours] [Speed: 10K/Day]","2.975","2.125","100","100000000","wizsmm","cad9d180-2d91-433e-aa7f-b45463faa95d"
"instagram","Instagram Likes [Refill: 90D] [Max: 150K] [Start Time: 0-1 Hr] [Speed: 150K/Day] ♻️ ⛔ 💧","0.0916","0.0654","1","1000000","wizsmm","caf53c50-a175-4791-92db-f28de8058f68"
"instagram","Instagram Likes [Premium] [NON DROP] [Max: 2.5K] [Start Time: 0-1 Hour] [Speed: 24 Hours Delivery]","5.6","4","20","20000","wizsmm","caf6aa8e-22ab-427b-aace-6790f0187914"
"instagram","🇪🇺🇺🇸 Instagram Likes [EU/US] [Start Time: 0 - 1 Hour] [Speed: 2K/Day]","7.056","5.04","20","15000","wizsmm","caf72c00-85d3-4b53-b030-a056e21b1bd9"
"instagram","Instagram Profile Visits / Views [Max: 100K] [Start Time: 0-1 Hour] [Speed: 100K/Day] ⚡️💧🔥","1.225","0.875","10","1000000","wizsmm","cb594735-d5a5-4e5a-9126-bfd2eafd9715"
"instagram","Instagram Followers [🇩🇰 Denmark] [Super Quality] [Max: 75]","1678.32","1198.8","5","50","wizsmm","33789113-c9ab-4dba-b338-3fd54b9d6d69"
"instagram","Instagram Engagement Package [🇩🇪 Germany] [Super Quality] [Basic]","16.8","12","1000","1000","wizsmm","a122c492-4715-4de5-b88a-4f90cbc25398"
"instagram","Instagram REPOST [Max: 100K] [Start Time: 0 -1 Hr] [Speed: Up to 50K/D]💧⛔","13.825","9.875","10","100000","wizsmm","cba22941-2530-4499-ad21-8e5287c3f448"
"instagram","Instagram Engagement Package [🇩🇪 Germany] [Super Quality] [Standard]","84","60","1000","1000","wizsmm","45c2c15b-2f35-4459-8b66-c540c5a9d6de"
"instagram","Instagram Story Views [Max: 4K] [Start Time: 1 Hour] [Speed: 4K/Day]","0.0151","0.0108","10","1000000","wizsmm","cbc901cf-1831-4139-9d2c-873b40bf1867"
"instagram","Instagram Engagement Package [🇩🇪 Germany] [Super Quality] [Pro]","168","120","1000","1000","wizsmm","e3040abc-792e-4826-9a4f-c99a61b082b7"
"instagram","Instagram AutoLikes [🇩🇪 Germany] [Super Quality] [Max: 800]","84","60","5","800","wizsmm","0ad483c3-a824-42e2-9fc5-4e9a1ee8acfc"
"instagram","Instagram AutoLikes [🇸🇪 Sweden] [Super Quality] [Max: 250]","84","60","5","200","wizsmm","88f2aa11-63cf-4dc3-a65d-ee05ea0ca30f"
"instagram","Instagram Likes [🇩🇪 Germany] [Super Quality] [♂ 𝐌𝐀𝐋𝐄] [Max: 250]","126","90","5","200","wizsmm","0d3bd3db-a47e-403b-b322-efc8f00a416f"
"instagram","Instagram Likes [🇩🇪 Germany] [Super Quality] [♀ 𝐅𝐄𝐌𝐀𝐋𝐄] [Max: 450]","126","90","5","300","wizsmm","cf3a0ceb-c816-4aab-8c3b-ac95be008514"
"instagram","Instagram Followers [🇩🇪 Germany] [Super Quality] [♀ 𝐅𝐄𝐌𝐀𝐋𝐄] [Max: 450]","840","600","5","300","wizsmm","21f1836a-d5b1-48e3-8009-b97b57649c3d"
"instagram","Instagram Comments [🇩🇪 Germany] | Private [♂ 𝐌𝐀𝐋𝐄] [Max: 100]","840","600","5","100","wizsmm","81c74c73-0656-48d5-9e3c-61d9e494478d"
"instagram","Instagram Comments [🇩🇪 Germany] | Private [♀ 𝐅𝐄𝐌𝐀𝐋𝐄] [Max: 100]","840","600","5","100","wizsmm","ea4055ff-d8ce-4898-8c8b-41df57b97b07"
"instagram","🌎 Instagram Power Comments [10K+ Followers] [WW] [Random 20 Comments] [EXPLORE PAGE] [Max: 20] [Start Time: 0-1 Hour] [Speed: 1 Hour Delivery]","6.72","4.8","1000","1000","wizsmm","cc02339e-7c0e-4529-95ef-365abb98d69d"
"instagram","Instagram Power Comments [10K+ Followers] [Random 10 Comments] [EXPLORE PAGE] [Max: 10] [Start Time: 0-1 Hour] [Speed: 10/Hour]","4.2","3","1000","1000","wizsmm","cc0c4935-edbf-4c5b-8dd1-2e93e5c8d84f"
"instagram","Instagram IGTV Views + Impressions [Max: 1M] [Start Time: 0-1 Hour] [Speed: 1M/Day] 💧","0.8509","0.6078","100","100000000","wizsmm","cc0ca6ef-237a-4753-b509-e7b144936c31"
"instagram","Instagram Likes [EXCLUSIVE - Up to 15% Drop Max] [Refill: 30 Days] [Max: 5K] [Start Time: 0-1 Hour] [Speed: 2K/Hour] 💧","0.2117","0.1512","10","8000","wizsmm","cc241f32-0dbe-4502-9233-66bfc5895b69"
"instagram","Instagram Likes [With PP &amp; Posts] [Refill: No] [Max: 10K] [Start Time 1 Hour] [Speed: 500/Hour]","0.1925","0.1375","50","200000","wizsmm","cc263414-a0c3-4cac-9735-6b8f510cc329"
"instagram","Instagram Followers [Refill: 30 Days] [Max: 10K] [Start Time: 1 Hour] [Speed: 2K/Day] ♻️","7.406","5.29","10","1000000","wizsmm","cc46cc7f-8cb2-4bab-a222-5fc2bb92c649"
"instagram","Instagram Followers [Refill: No] [Max: 10K] [Start Time: 1 Hour] [Speed: 10K/Day]","6.355","4.5393","10","50000","wizsmm","cc7854da-fb07-4e6a-a565-d81eae882731"
"instagram","Instagram Impressions [Max: 1M] [Start Time: 1 Hour] [Speed: 20K/Day] 💧♻🛑","0.1397","0.0998","10","1000000","wizsmm","cc8da6fc-153c-4915-8488-cdbdfbd69565"
"instagram","Instagram Followers [Refill: 30 Days] [Max: 1M] [Start Time: 0-3 Hours] [Speed: 30K/Day] 💧♻️","1.1725","0.8375","10","10000000","wizsmm","cc95cebb-7db6-4769-9bae-6a56a51fc80d"
"instagram","🇺🇸 Instagram Auto Likes [USA] [Algorithm Tricking] [Refill: Auto - 30D] [Max: 5K] [Start Time: 0 - 1 Hr] [Speed: 5K/D]","5.6","4","20","20000","wizsmm","ccab80d2-8b3b-4e8e-89ae-9056fdac07a4"
"instagram","Instagram Story Poll Votes [1st Option] [Max: 1K] [Start Time: 0-1 Hr] [Speed: 1K/D]💧","3.85","2.75","100","1000","wizsmm","ccebf1d8-6e20-4340-bbaa-2b8662589435"
"instagram","Instagram Followers [WORKING - SPAM ON] [Refill: No] [Max: 10K] [Start Time: 0 - 1Hr] [Speed: 3K/D] 💧⛔️","1.4875","1.0625","10","10000","wizsmm","cd0b165a-8eec-4a03-97f2-3dbcc11575af"
"instagram","Instagram Likes [Refill: No] [Max: 5M] [Start Time: 0-3 Hrs] [Speed: Up to 20K/D] 💧⛔","0.14","0.1","10","5000000","wizsmm","cd30cc48-2545-45f8-8ec2-a3abdb657480"
"instagram","🇮🇷 Instagram English Comments [IRAN ACCOUNTS] [Start Time: 0 - 1 Hour] [Speed: 500/Day]","70.56","50.4","5","20","wizsmm","cd3d3221-4a5d-4afd-8230-bf23903a3d87"
"instagram","Instagram Followers [With PP &amp; Posts] [Refill: No] [Max: 50K] [Start Time: 1 Hour] [Speed: 500/Hour]","5.5125","3.9375","50","50000","wizsmm","cd608660-0a46-4bf4-8871-fe1c4968b0d8"
"instagram","Instagram Views [IGTV] [Max: 100K] [Start Time: 0 - 1 Hour] [Speed: 50K/Hour] ⚡💧","0.042","0.03","100","100000000","wizsmm","cdcd72e3-e51c-4914-95c7-bcb62d5bd594"
"instagram","Instagram Impressions [Max: 5M] [Start Time: 0-1 Hour] [Speed: INSTANT] 💧","0.0592","0.0423","10","1000000","wizsmm","cdcdd6ca-00e8-4c18-adad-ae3f67460eef"
"instagram","Instagram Auto Likes [EXCLUSIVE] [Refill: No] [Max: 5K] [Start Time: 0-1 Hour] [Speed: 500-1K/Hour]","0.2905","0.2075","50","5000","wizsmm","cdf36c2b-4f75-488a-8db8-f39b980e7050"
"instagram","Instagram Auto Views [Max: 1.5M] [Start Time: 0-1 Hour] [Speed: 1.5M/Day]","1.855","1.325","100","100000000","wizsmm","ce1ed555-42e4-42c2-b96a-8927bff52f87"
"instagram","Instagram Auto Likes [Max: 100K] [Start Time: 0-1 Hours] [Speed: 20K/Day]","0.182","0.13","10","10000000","wizsmm","ce92f04b-2b0c-4142-94cd-83d8cecc49b6"
"instagram","Instagram Likes [Refill: 30D] [Max: 250K] [Start Time: 0-1 Hr] [Speed: 50K/Day]","0.315","0.225","10","300000","wizsmm","cea92889-4b4d-403b-867d-e0700fd8be88"
"instagram","Instagram Auto Views [Max: 1M] [Start Time: Insatnt] [Speed: 1M/Day] 💧","0.0088","0.0063","100","100000000","wizsmm","cf793397-c60c-4a0c-8cbe-61ba21f2a288"
"instagram","Instagram Auto Views [Max: 10M] [Start Time: 0 - 1 Hours] [Speed: 2M/Day]","0.014","0.01","100","2147483647","wizsmm","cff3b1db-8119-4db5-b7c7-76ebd49d90cd"
"instagram","Instagram Likes [KSA 🇸🇦] [Refill: No] [Max: 100K] [Start Time: 0 - 1 Hr] [Speed: 50K/D] 💧⛔️","2.7563","1.9688","50","100000","wizsmm","cff4e23c-f1d4-4c16-91fa-bd6fdb9dcecf"
"instagram","Instagram Likes [Refill: No] [Low Drops] [Max: 200K] [Start Time: 0-1 Hour] [Speed: 100K/D] ⚡⛔","0.21","0.15","50","200000","wizsmm","d01c1576-7cd5-40e1-a03e-0cf30dde33ec"
"instagram","🇰🇷 Instagram Followers [KOREA] [Start Time: 0 - 1 Hour] [Speed: 2K/Day]","20.16","14.4","20","3000","wizsmm","d05906c4-a3b8-4a6a-bc99-b87f67f1bcbf"
"instagram","Instagram Followers [SPAM OFF] [Refill: 7 Days] [Max: 10K] [Start Time: 1 Hour] [Speed: 2.5K/Day] ♻️","6.1488","4.392","50","100000","wizsmm","d0801aae-e572-49f5-bd4f-a18cd6c1d483"
"instagram","🇧🇷 Instagram Likes [BRAZIL - MALE] [Refill: No] [Max: 20K] [Start Time: 0 - 1 Hours] [Speed: 10K/Day] 💧","1.19","0.85","10","50000","wizsmm","d0aab74b-f036-4a72-adae-54504073ea85"
"instagram","Instagram Followers [Refill: 30 Days] [Max: 500K] [Start Time: 0-2 Hrs] [Speed: Up to 50K/D] 💧♻️","0.637","0.455","10","1000000","wizsmm","d0f0d930-7653-4b48-b426-22342c38f129"
"instagram","🇪🇬Instagram VERIFIED Followers [EGYPTIAN] [2 Followers] [1 ORDER PER ACCOUNT] 🔵","2.1718","1.5513","1","1","wizsmm","d10de5e1-f02f-416e-9e1d-d9d6632327a4"
"instagram","Instagram Followers [Refill: 60 Days] [Max: 50K] [Start Time: 0 - 1 Hours] [Speed: 10K/Day] 💧♻️⛔️","6.3","4.5","1","10000000","wizsmm","d10f5e87-7fea-4807-a438-12f24ad7c2ab"
"instagram","Instagram Likes [Refill: No] [Max: 1M] [Start Time: 0 - 1 Hr] [Speed: 200K/D] 💧","0.105","0.075","100","1000000","wizsmm","d1b01578-3677-44bc-88e0-8f47b7a67fd2"
"instagram","🇮🇳 Instagram Likes [INDIA] [Refill: 30D] [Max: 20K] [Start Time: Instant] [Speed: 3K/D]","0.385","0.275","10","20000","wizsmm","d1b381da-f946-4478-93f8-d86b7c33d0e9"
"instagram","Instagram Likes [EG 🇪🇬] [Refill: No] [Max: 100K] [Start Time: 0 - 1 Hr] [Speed: 50K/D] 💧⛔️","1.4875","1.0625","50","100000","wizsmm","d1c954eb-9364-467b-86d5-99ede3856ade"
"instagram","Instagram EMERGENCY Reel Views [Max: 500K] [Start Time: 0 - 1 Hr] [Speed: 500K/D] 💧","0.175","0.125","100","100000000","wizsmm","d1f5e288-4202-4a24-8313-09569df29609"
"instagram","Instagram Latin Likes","3.36","2.4","20","250000","wizsmm","70b21a95-ffe9-4f7a-a206-cf2dadfc7031"
"instagram","Instagram Nigerian Likes","3.36","2.4","20","100000","wizsmm","cbd1df89-56bc-419f-8b64-60a162974c21"
"instagram","Instagram Spanish Likes","3.36","2.4","20","250000","wizsmm","755ff823-5f97-4ea4-a148-3268ab132cfd"
"instagram","Instagram Switzerland Likes","3.36","2.4","10","10000","wizsmm","e2488cf9-fc95-4ed8-915b-65c202ddac54"
"instagram","Instagram Brazilian Likes","3.36","2.4","20","75000","wizsmm","9f240ddf-b600-46a9-8fe2-fcfc1a4716cf"
"instagram","Instagram French Likes","3.36","2.4","20","30000","wizsmm","b7a52489-d3d1-462d-8d0c-8154fcd9d084"
"instagram","Instagram Arabic Story Views","1.008","0.72","20","50000","wizsmm","3e93116a-3dd1-47d4-b721-e28b979912dc"
"instagram","Instagram Brazilian Story Views","1.008","0.72","20","50000","wizsmm","09c1f844-7b2c-4fcf-993c-e0bff52a4087"
"instagram","Instagram Indonesian Story Views","1.008","0.72","20","5000","wizsmm","71cfe8e2-011a-4da5-98ea-461f694134b1"
"instagram","Instagram Italian Story Views","1.008","0.72","20","5000","wizsmm","9399a4c1-0e58-4ad2-9fca-53ef28af6363"
"instagram","Instagram Nigerian Story Views","1.008","0.72","20","5000","wizsmm","1703784d-6b31-41f3-827d-a4378973beaa"
"instagram","Instagram Spanish Story Views","1.008","0.72","10","50000","wizsmm","c3353b8c-25ad-4b00-b85d-cb0cb40dc1ce"
"instagram","Instagram French  Story Views","1.008","0.72","20","5000","wizsmm","5c01b948-189b-41d3-b08a-21981b5590f4"
"instagram","Instagram Latin Story Views","1.008","0.72","20","50000","wizsmm","a332ea54-309c-4692-a726-8fde8c7242d2"
"instagram","Instagram Arabic Story Poll Voting","4.872","3.48","20","100000","wizsmm","c8e51913-b3d1-49af-91f7-535cf4e7b25c"
"instagram","Instagram Brazil Story Poll Voting","4.872","3.48","20","100000","wizsmm","48b1904e-fa45-41df-a572-ab1964c532eb"
"instagram","Instagram French Story Poll Voting","4.872","3.48","20","10000","wizsmm","1ef449a1-2b14-42f8-95f6-1e14f25fb691"
"instagram","Instagram Global Story Poll Voting","4.872","3.48","20","100000","wizsmm","0564db54-ac54-4704-8f13-77667f7a842c"
"instagram","Instagram Indonesian Story Poll Voting","4.872","3.48","20","50000","wizsmm","5dae3064-d325-4387-b2c8-c65f5707956b"
"instagram","Instagram Italian Story Poll Voting","4.872","3.48","20","10000","wizsmm","f85104ef-4819-46aa-863b-a13d666a4a54"
"instagram","Instagram Latin Story Poll Voting","4.872","3.48","20","100000","wizsmm","9c7a43c8-71ad-4d43-8c62-9c47cee876b6"
"instagram","Instagram Nigeria Story Poll Voting","4.872","3.48","20","10000","wizsmm","cb9e3455-ec47-4cd5-8aa9-7b011d582430"
"instagram","Instagram Spanish Story Poll Voting","4.872","3.48","20","100000","wizsmm","47503001-ffcd-4728-9be5-937921f4f093"
"instagram","🇧🇷 Instagram Followers [BRAZIL] [Refill: NO] [Max: 10K] [Start Time: 0 - 1 Hr] [Speed: 10K/D] ⛔️💧","2.1518","1.537","10","1000000","wizsmm","d2068030-56a7-4ff2-b994-92cff3a35dc6"
"instagram","Instagram Likes [Refill: 365 Days] [Max: 10K] [Start Time: 0-1 Hours] [Speed: 10K/Day] 💧⛔","0.2503","0.1788","10","10000000","wizsmm","d231ed96-15e7-4cec-9c30-af5399630520"
"instagram","Instagram Auto Likes + Impressions + Reach [Max: 45K] [Start Time: 0-1 Hour] [Speed: 1K/Day]","0.315","0.225","10","45000","wizsmm","d270137a-9f8c-447e-8c7b-6ec0f98111b7"
"instagram","Instagram Followers [SPAM ON] [Refill: 30D] [Max: 1M] [Start Time: 0-1 Hr] [Speed: 30K/Day] ♻️ 💧 ⛔","1.225","0.875","10","1000000","wizsmm","d292a184-ee56-4777-a208-d457349d8160"
"instagram","Instagram Followers [SPAM ON] [Max: 1M] [Refill: 30D] [Start Time: 0 - 1 Hr] [Speed: 20K/D] ♻️💧⛔","4.725","3.375","10","1000000","wizsmm","d2bb370d-f8b9-4530-9322-5e90c505db66"
"instagram","Instagram Auto Likes [Refill: No] [Max: 500K] [Start Time: 0 - 1 Hr] [Speed: Up to 100K/D] 💧⛔","0.1925","0.1375","10","500000","wizsmm","d2bba36c-72bf-4945-b94b-171c5717389b"
"instagram","Instagram Turkish Story Poll Voting","4.872","3.48","20","100000","wizsmm","a7587b66-c96c-4078-9a80-68ac5e55a460"
"instagram","Instagram Premium Followers | 100% USA Users 🇺🇸 | No Refill | 20K/Day","1.596","1.14","50","50000","wizsmm","e293d17b-a706-4f87-a54c-f7c5643d16d9"
"instagram","Instagram Premium Likes | 100% USA Users 🇺🇸 | No Refill | 20K/Day","0.336","0.24","50","50000","wizsmm","74aa76a6-8053-4adb-a8d2-05c7d21ae972"
"instagram","Instagram Premium Custom Comments | 100% USA Users 🇺🇸 | No Refill | 20K/Day","7.56","5.4","10","5000","wizsmm","855d8736-c81b-4cc4-b1fe-4e78fb020b3f"
"instagram","Instagram VIP Followers | EU - USA 🇺🇸 🇪🇺 | No Drop | 50K/Day | 30 Days Refill ♻️","7.924","5.66","20","500000","wizsmm","44f2c619-97d7-4e73-beaf-e9494546f884"
"instagram","Instagram VIP Followers | Global 🌍 | No Drop | 50K/Day | 30 Days Refill ♻️","7.924","5.66","20","1000000","wizsmm","a29fc42f-64f1-4c48-93f0-3d32933edb69"
"instagram","Instagram VIP Followers | Spanish 🇪🇸 | No Drop | 50K/Day | 30 Days Refill ♻️","7.924","5.66","20","250000","wizsmm","d70a1bd6-64f0-49c6-9f98-6c59e7f368d1"
"instagram","Instagram VIP Followers | Arabic 🇦🇪 | No Drop | 50K/Day | 30 Days Refill ♻️","7.924","5.66","20","100000","wizsmm","f07fdf1a-5e58-4cef-88b6-2e67206ad495"
"instagram","Instagram VIP Followers | Brazilian 🇧🇷 | No Drop | 50K/Day | 30 Days Refill ♻️","7.924","5.66","20","150000","wizsmm","01266cbd-10ff-4103-899c-737e0e832a61"
"instagram","Instagram VIP Followers | Turkish 🇹🇷 | No Drop | 50K/Day | 30 Days Refill ♻️","7.924","5.66","20","400000","wizsmm","d8f05ffb-2d18-4a33-937c-80ca4ec367cd"
"instagram","Instagram VIP Likes | %100 Global 🌎 | 50K/Day | 30 Days Refill ♻️","2.646","1.89","20","2000000","wizsmm","140cf463-6120-4f2b-ac48-15e4ae99b587"
"instagram","Instagram VIP Male Likes | %100 Global 🌎 | 50K/Day | 30 Days Refill ♻️","2.646","1.89","20","2000000","wizsmm","4ca1e748-3817-423a-80c3-227bd5bac98f"
"instagram","Instagram Likes [Refill: 30] [Max: 30K]  [Start Time: 0 - 1 Hr] [Speed: 30K/Day]","0.1978","0.1413","10","10000000","wizsmm","d3ef5178-055b-487c-b800-db678272a029"
"instagram","Instagram Likes [Refill: 30D] [Max: 250K] [Start Time: 0 - 1 Hour] [Speed: 100K/Day] 💧⛔️","0.525","0.375","100","150000","wizsmm","d3f3e7cd-9744-44fd-8e38-a72186d7e7c1"
"instagram","🇫🇷 Instagram Likes [500] [France] [Start Time: Instant] [Speed: 500/Day]","14.56","10.4","20","5000","wizsmm","d429635b-e4ac-4ad4-90ab-09a95f24b9b8"
"instagram","Instagram Auto Likes [NON DROP] [Max: 8K] [Start Time: 0-1 Hour] [Speed: 8K/Day] 💧🔥🔥","0.0916","0.0654","1","1000000","wizsmm","d429e5a7-57a8-4eee-8658-5e3a8e3881bc"
"instagram","Instagram Auto RAL™ Likes [Refill: No Drop] [Max: 10K] [Start Time: 0-8 Hrs] [Speed: Up to 5K/D] ⚡💧","10.2375","7.3125","50","10000","wizsmm","d455a48f-b1a2-4aa8-80f2-c90f95b42156"
"instagram","Instagram Followers [Max 1M] [Start Time: 0 - 1Hr] [Refill: No] [Speed: Up to 20K/D] 💧⛔","0.805","0.575","50","1000000","wizsmm","d4c19c69-d3a1-4f6b-acfc-61f8175328a3"
"instagram","Instagram VIP Female Likes | %100 Global 🌎 | 50K/Day | 30 Days Refill ♻️","2.646","1.89","20","2000000","wizsmm","042e7007-d353-4d4a-ac50-246023959a80"
"instagram","Instagram VIP Followers | %100 Switzerland 🇨🇭 | 20K/Day | 90 Days Refill ♻️","26.418","18.87","20","10000","wizsmm","90aeaa22-f29f-4ed3-9916-bc7090d49020"
"instagram","Instagram VIP Female Followers | %100 Switzerland 🇨🇭 | 20K/Day | 90 Days Refill ♻️","26.418","18.87","20","10000","wizsmm","35817cdd-cd1e-4aff-9647-7c25d6251a69"
"instagram","Instagram VIP Male Followers | %100 Switzerland 🇨🇭 | 20K/Day | 90 Days Refill ♻️","26.418","18.87","20","10000","wizsmm","f579eb29-5c8e-4c3d-8696-da6eff6a5e43"
"instagram","Instagram VIP Followers | %100 Switzerland 🇨🇭 | 20K/Day | 180 Days Refill ♻️","52.822","37.73","20","10000","wizsmm","34c8f8d6-e8a1-4521-8dcf-269b3de2904d"
"instagram","Instagram VIP Male Followers | %100 Switzerland 🇨🇭 | 20K/Day | 180 Days Refill ♻️","52.822","37.73","20","10000","wizsmm","ff17b197-ea9d-4b4a-8e52-38fcbbe35a95"
"instagram","Instagram VIP Female Followers | %100 Switzerland 🇨🇭 | 20K/Day | 180 Days Refill ♻️","52.822","37.73","20","10000","wizsmm","7ba5f801-d9b1-4671-baac-728b04503e6d"
"instagram","Instagram VIP Likes | %100 Switzerland 🇨🇭 | 20K/Day | 30 Days Refill ♻️","2.646","1.89","10","10000","wizsmm","7edf5f72-d667-43a0-841e-a5f82a47fbed"
"instagram","Instagram VIP Female Likes | %100 Switzerland 🇨🇭 | 20K/Day | 30 Days Refill ♻️","2.646","1.89","10","10000","wizsmm","6b433f92-92e6-47ce-ad14-2268a9bce2d9"
"instagram","Instagram VIP Male Likes | %100 Switzerland 🇨🇭 | 20K/Day | 30 Days Refill ♻️","2.646","1.89","10","10000","wizsmm","8700b4b1-8f9c-4c37-b3d2-0a73a788f742"
"instagram","Instagram VIP Followers | %100 Belgium 🇧🇪 | 20K/Day | 90 Days Refill ♻️","26.418","18.87","20","10000","wizsmm","4729128c-09ab-4477-81d5-bf190dc2d9db"
"instagram","Instagram VIP Female Followers | %100 Belgium 🇧🇪 | 20K/Day | 90 Days Refill ♻️","26.418","18.87","20","10000","wizsmm","248d36fb-d4cc-40cf-a953-8f451360e5c5"
"instagram","Instagram VIP Male Followers | %100 Belgium 🇧🇪 | 20K/Day | 90 Days Refill ♻️","26.418","18.87","20","10000","wizsmm","463eb4e7-099b-468d-b106-dc948d488b3f"
"instagram","Instagram VIP Followers | %100 Belgium 🇧🇪 | 20K/Day | 180 Days Refill ♻️","52.822","37.73","20","10000","wizsmm","8d3461fc-609d-4315-87b5-c326a9fb0cec"
"instagram","Instagram VIP Male Followers | %100 Belgium 🇧🇪 | 20K/Day | 180 Days Refill ♻️","52.822","37.73","20","10000","wizsmm","13673b54-c5b8-4b57-a14e-ba47c004ca18"
"instagram","Instagram VIP Female Followers | %100 Belgium 🇧🇪 | 20K/Day | 180 Days Refill ♻️","52.822","37.73","20","10000","wizsmm","dc1cacb2-3202-4a5b-9998-f5362f784e64"
"instagram","Instagram VIP Likes | %100 Belgium 🇧🇪 | 20K/Day | 30 Days Refill ♻️","2.646","1.89","10","10000","wizsmm","26879b9f-8295-4efa-b206-33ea44a8f713"
"instagram","Instagram VIP Female Likes | %100 Belgium 🇧🇪 | 20K/Day | 30 Days Refill ♻️","2.646","1.89","10","10000","wizsmm","08054b6e-bec4-4d33-80df-2d5c0c6262e8"
"instagram","Instagram VIP Male Likes | %100 Belgium 🇧🇪 | 20K/Day | 30 Days Refill ♻️","2.646","1.89","10","10000","wizsmm","52e872dd-4868-4b05-afae-00dceff1c2fe"
"instagram","Instagram Male Followers | %100 Spain 🇪🇸 | Max 100K | 100% Real HQ | R30 ♻️ | 10K/Day","13.216","9.44","20","100000","wizsmm","e9bd351f-5f6d-431b-b691-c45b4983cda6"
"instagram","Instagram Female Followers | %100 Spain 🇪🇸 | Max 100K | 100% Real HQ | R30 ♻️ | 10K/Day","13.216","9.44","20","150000","wizsmm","a1c1d1f2-b7c8-4508-8693-f530a9fdfa75"
"instagram","Instagram VIP Likes | %100 Spain 🇪🇸 | 50K/Day | 30 Days Refill ♻️","2.646","1.89","20","250000","wizsmm","ea73a18d-d36d-40cf-91e1-67de985fd1ff"
"instagram","Instagram VIP Male Likes | %100 Spain 🇪🇸 | 50K/Day | 30 Days Refill ♻️","2.646","1.89","20","100000","wizsmm","ad24502a-205b-4a97-b50c-6f794bf51f40"
"instagram","Instagram Likes [SUPER] [Refill: No] [Max:10K] [Start Time: 0-1 Hour] [Speed: 3K/Hour]","0.0921","0.0658","100","10000000","wizsmm","d64ae000-2ce2-414d-8b41-9e476e7923d1"
"instagram","Instagram FEMALE Comments [10K+ Followers] [Random 10 Comments] [Max: 10] [Start Time: 0-1 Hour] [Speed: 1 Hour Delivery]","4.2","3","1000","1000","wizsmm","d659d641-c6a1-4168-b2b1-c4fb930f10f7"
"instagram","Instagram POWER Likes [Max: 50K] [Start Time: 0-6 Hours] [Speed: INSTANT] 💧","3.01","2.15","50","50000","wizsmm","d666b029-3430-4953-94a4-00a284f6b892"
"instagram","🇧🇷 Instagram Followers [HQ] [BRAZIL] [Refill: Auto 30D] [Max: 100K] [Start Time: 1 Hour] [Speed: 10K/Day]  ⛔️💧","2.7125","1.9375","10","50000","wizsmm","d6a2edca-dd41-4b8f-9a25-f375f64f258b"
"instagram","Instagram VIP Female Likes | %100 Spain 🇪🇸 | 50K/Day | 30 Days Refill ♻️","2.646","1.89","20","150000","wizsmm","e9d8da33-2cf5-4fe2-afac-bba23890e7a2"
"instagram","Instagram VIP Followers | %100 USA Users 🇺🇸 | 30 Days Refill | 20K/D","11.886","8.49","20","400000","wizsmm","7063bb57-cfbe-4143-8e8c-d355ed9fe4fb"
"instagram","Instagram VIP Followers | %100 USA Female Users 🇺🇸 | 30 Days Refill | 20K/D","13.216","9.44","20","200000","wizsmm","b5976838-5aa2-455f-815c-50c2cc12ee11"
"instagram","Instagram VIP Followers | %100 USA Male Users 🇺🇸 | 30 Days Refill | 20K/D","13.216","9.44","20","200000","wizsmm","7d48ecb3-2a93-4aaf-916d-a6d36bee0ed1"
"instagram","Instagram VIP Likes | %100 USA Users 🇺🇸 | 30 Days Refill | 50K/D","2.646","1.89","20","100000","wizsmm","308e86f7-c322-4fc0-bfd9-5c55691c870d"
"instagram","Instagram VIP Likes | %100 USA Female Users 🇺🇸 | 30 Days Refill | 50K/D","2.646","1.89","20","100000","wizsmm","85f1d0f7-15a8-4dd2-accf-5d5e6f4c8c3d"
"instagram","Instagram VIP Likes | %100 USA Male Users 🇺🇸 | 30 Days Refill | 50K/D","2.646","1.89","20","100000","wizsmm","f23ad1a0-6388-4dff-8a15-a260b770d24a"
"instagram","Instagram VIP Followers | %100 Latin 🇦🇷 | 20K/Day | 30 Days Refill ♻️","13.216","9.44","20","100000","wizsmm","d7231e98-ca47-4085-a73c-30a2cffac959"
"instagram","Instagram VIP Female Followers | %100 Latin 🇦🇷 | 20K/Day | 30 Days Refill ♻️","13.216","9.44","20","100000","wizsmm","acdb35d8-14bc-4a3e-ad9b-c7cd19ecf7e4"
"instagram","Instagram VIP Male Followers | %100 Latin 🇦🇷 | 20K/Day | 30 Days Refill ♻️","13.216","9.44","20","100000","wizsmm","e62a5eb3-4c66-40e1-b6b4-28338b5bc155"
"instagram","Instagram VIP Likes | %100 Latin 🇦🇷 | 50K/Day | 30 Days Refill ♻️","2.646","1.89","20","200000","wizsmm","487ee6dd-4644-4bfe-9df2-fac79324bf39"
"instagram","Instagram VIP Male Likes | %100 Latin 🇦🇷 | 50K/Day | 30 Days Refill ♻️","2.646","1.89","20","100000","wizsmm","71ec6070-c72e-4287-82ef-38a56cac2f7f"
"instagram","Instagram VIP Female Likes | %100 Latin 🇦🇷 | 20K/Day | 30 Days Refill ♻️","2.646","1.89","20","150000","wizsmm","17ea082e-c76c-456d-b9d0-aa480ca99418"
"instagram","Instagram VIP Followers | %100 Nigeria 🇳🇬 | 20K/Day | 30 Days Refill ♻️","13.216","9.44","20","20000","wizsmm","a9a03606-5d53-4413-b2f0-78c91f32cfed"
"instagram","Instagram VIP Female Followers | %100 Nigeria 🇳🇬 | 20K/Day | 30 Days Refill ♻️","13.216","9.44","20","20000","wizsmm","30d1aefb-d515-44a4-8e1e-d18892706a89"
"instagram","Instagram VIP Male Followers | %100 Nigeria 🇳🇬 | 20K/Day | 30 Days Refill ♻️","13.216","9.44","20","20000","wizsmm","1a6d9ddf-105c-498e-b99f-c91cf769becb"
"instagram","Instagram Premium Likes | %100 Nigeria 🇳🇬 | Max 100K | 30 Days Refill ♻️ | 3K/Hour","2.646","1.89","20","100000","wizsmm","5531f0de-f4b7-4f3a-8967-69ed99b0a8b3"
"instagram","Instagram VIP Female Likes | %100 Nigeria 🇳🇬 | 30K/Day | 30 Days Refill ♻️","2.646","1.89","10","100000","wizsmm","57323bbb-3e29-45bf-b552-5cd6ea0b1390"
"instagram","Instagram VIP Male Likes | %100 Nigeria 🇳🇬 | 30K/Day | 30 Days Refill ♻️","2.646","1.89","20","100000","wizsmm","e67a2036-e52c-4c01-b927-98b03dc08208"
"instagram","Instagram Premium Story Views | Indonesia 🇮🇩 | Max 100K | 100% Real HQ | 10K/Hour","0.532","0.38","10","100000","wizsmm","ea9aa023-06c1-401c-a401-4eb98f12e040"
"instagram","Instagram Premium Likes | Indonesia 🇮🇩 | Max 100K | 100% Real HQ | 30 Days Refill ♻️ | 1K/Hour","2.646","1.89","20","100000","wizsmm","40e8e01e-e5b5-4bb4-b007-cfa22b575b1c"
"instagram","Instagram Premium Male Likes | Indonesia 🇮🇩 | Max 100K | 100% Real HQ | 30 Days Refill ♻️ | 1K/Hour","2.646","1.89","10","20000","wizsmm","b7c7a16d-0ec0-4240-9e62-4a0bbc227342"
"instagram","Instagram Premium Female Likes | Indonesia 🇮🇩 | Max 100K | 100% Real HQ | 30 Days Refill ♻️ | 1K/Hour","2.646","1.89","10","100000","wizsmm","b1586332-fb2f-415e-a664-6b01b961b2a1"
"instagram","Instagram VIP Followers | Indonesia 🇮🇩 | 100% Real Users | 30 Days Refill ♻️ | 20K/Day","13.216","9.44","20","20000","wizsmm","79e6fe97-05ee-41f9-bc9d-7f29b9bd55d0"
"instagram","Instagram VIP Female Followers | Indonesia 🇮🇩 | 100% Real Female Users | 30 Days Refill ♻️ | 10K/Day","13.216","9.44","20","20000","wizsmm","6b4d472e-2b67-4e96-a581-b88dfaee6db8"
"instagram","Instagram VIP Male Followers | Indonesia 🇮🇩 | 100% Real Male Users | 30 Days Refill ♻️ | 10K/Day","12.698","9.07","20","20000","wizsmm","3da39bea-067e-4b1b-982e-376b873d2609"
"instagram","Instagram Premium Custom Comments | Indonesia 🇮🇩 | Max 10K | 100% Real HQ | Instant Start","31.696","22.64","5","10000","wizsmm","80ca0e80-27b8-4183-bef1-b103a6d52e08"
"instagram","Instagram VIP Followers | Italy 🇮🇹 | 100% Real Users | 90 Days Refill ♻️ | 10K/Day","26.418","18.87","20","25000","wizsmm","994d4708-7438-4862-9864-4192ba3d1656"
"instagram","🇧🇷Instagram BRAZIL Comments [CUSTOM - FEMALE] [Max: 10K] [Start Time: 1 Hour] [Speed: 500/Day]","62.72","44.8","1","10000","wizsmm","d80cadae-3410-4392-9aec-9f790cd84e83"
"instagram","🇫🇷 Instagram Followers [500] [France] [Start Time: Instant] [Speed: 500/Day]","40.04","28.6","20","5000","wizsmm","d80fc388-cb01-4647-b54e-6add158277bf"
"instagram","Instagram Auto Likes [Refill: 30 Days] [10K] [Start Time: Instant] [Speed: 10K/Day] ⛔♻️","0.21","0.15","50","50000","wizsmm","d8645eda-d05f-4053-9038-b521590092f0"
"instagram","Instagram Followers [Refill: No] [Max: 600K] [Start Time: 0 - 3 Hours] [Speed: 20K/Day]","2.821","2.015","10","600000","wizsmm","d8f54abb-95fe-424d-8680-827f311e0cd3"
"instagram","Instagram Female Likes [Premium] [NON DROP] [Max: 2K] [Start Time: 0-1 Hour] [Speed: 24 Hours Delivery]","13.965","9.975","50","9050","wizsmm","d9201dcb-10eb-485c-b241-21141ccbfd16"
"instagram","Instagram Auto Likes [SUPER HQ] [Max: 150K] [Start Time: 0-1 Hour] [Speed: 2-5K/Day] 🔥🔥🔥🔥","0.5775","0.4125","10","500000","wizsmm","d975571f-d5b1-446c-bc09-319cfa8ad15b"
"instagram","Instagram VIP Female Followers | Italy 🇮🇹 | 100% Real Female Users | 90 Days Refill ♻️ | 10K/Day","26.418","18.87","20","25000","wizsmm","63dbf8a2-0c13-4027-b4ef-3dee1984b27f"
"instagram","Instagram VIP Male Followers | Italy 🇮🇹 | 100% Real Male Users | 90 Days Refill ♻️ | 10K/Day","26.418","18.87","20","25000","wizsmm","013008a4-5093-4f42-8c32-53f27a7abcff"
"instagram","Instagram Premium Likes | Italy 🇮🇹 | Max 100K | 100% Real HQ | 30 Days Refill ♻️ | 1K/Hour","2.646","1.89","20","10000","wizsmm","40a96bc9-8708-4c08-8b49-dac6abed456e"
"instagram","Instagram Premium Female Likes | Italy 🇮🇹 | Max 100K | 100% Real HQ | 30 Days Refill ♻️ | 1K/Hour","2.646","1.89","20","10000","wizsmm","19067865-edb1-42e1-9f9d-258105434e4c"
"instagram","🇮🇹  Instagram Likes [ITALY] [Start Time: 0 - 1 Hour] [Speed: 1K/Day]","5.544","3.96","20","2000","wizsmm","da1eb517-a1b0-4391-9d83-36b5d39c1f6c"
"instagram","Instagram Followers [ 🇦🇪 🇸🇦 ARAB - GULF] [Refill: No] [Max: 3K] [Start Time: 0-1 Hour] [Speed: 3K/Day]","8.4","6","20","5000","wizsmm","da2b27f4-d75a-424a-aa9b-ff19301a5d27"
"instagram","Instagram Premium Male Likes | Italy 🇮🇹 | Max 100K | 100% Real HQ | 30 Days Refill ♻️ | 1K/Hour","2.646","1.89","20","10000","wizsmm","71c2ce0a-9751-41d4-8167-6b4f7144174a"
"instagram","Instagram VIP Followers | %100 France 🇫🇷 | 10K/Day | 90 Days Refill ♻️","26.418","18.87","20","20000","wizsmm","20011c68-a3ca-42a7-a62f-6b87e36c45c2"
"instagram","Instagram VIP Male Followers | %100 France 🇫🇷 | 10K/Day | 90 Days Refill ♻️","26.418","18.87","20","20000","wizsmm","ff5d5cd9-502b-4483-9ff0-88530e2a18cc"
"instagram","Instagram VIP Female Followers | %100 France 🇫🇷 | 10K/Day | 90 Days Refill ♻️","26.418","18.87","20","20000","wizsmm","4522091b-646f-4a75-84ca-c80a59e471ad"
"instagram","Instagram VIP Likes | %100 France 🇫🇷 | 20K/Day | 30 Days Refill ♻️","2.646","1.89","20","30000","wizsmm","19c28472-43d9-40e5-9042-043ab7aa78a9"
"instagram","Instagram VIP Male Likes | %100 France 🇫🇷 | 20K/Day | 30 Days Refill ♻️","2.646","1.89","20","20000","wizsmm","fb239ae1-9beb-4086-843d-1867ea83e753"
"instagram","Instagram VIP Female Likes | %100 France 🇫🇷 | 20K/Day | 30 Days Refill ♻️","2.646","1.89","20","20000","wizsmm","1ea9e556-a7d3-4388-8aad-ca4740565750"
"instagram","Instagram VIP Followers | %100 Brazil 🇧🇷 | 30 Days Refill ♻️","11.886","8.49","20","150000","wizsmm","1b646f60-a375-483c-bb4f-7890e438a682"
"instagram","Instagram VIP Female Followers | %100 Brazil 🇧🇷 | 30 Days Refill ♻️","11.886","8.49","20","100000","wizsmm","cda1792b-db2e-4d8b-8f28-fef3b1f6b9e1"
"instagram","Instagram VIP Male Followers | %100 Brazil 🇧🇷 | 30 Days Refill ♻️","11.886","8.49","20","50000","wizsmm","47941442-ac81-4e1a-bfa8-6d35e3c5d4c5"
"instagram","Instagram Premium Likes | %100 Brazil 🇧🇷 | Max 100K | 100% Real HQ | 30 Days Refill ♻️ | 5K/Day","2.646","1.89","20","30000","wizsmm","a0ca3bfc-537a-4f52-8021-7f57e35d28d8"
"instagram","Instagram Premium Male Likes | %100 Brazil 🇧🇷 | Max 100K | 100% Real HQ | 30 Days Refill ♻️ | 5K/Day","2.646","1.89","20","30000","wizsmm","39607829-98d6-47bd-9696-7340e6dd81e4"
"instagram","Instagram Premium Female Likes | %100 Brazil 🇧🇷 | Max 100K | 100% Real HQ | 30 Days Refill ♻️ | 5K/Day","2.646","1.89","20","50000","wizsmm","1f36b31d-676e-4427-9b12-b79372c4c4dd"
"instagram","Instagram VIP Followers | %100 Azerbaijan 🇦🇿 | Max 20K | 100% Real HQ | R30 ♻️ | 20K/Day","13.216","9.44","20","20000","wizsmm","3d677dd5-dda7-4384-8869-f5c2b592c93a"
"instagram","Instagram Likes [BOTS] [Refill: 30 Days] [Max: 20K] [Start Time: 0-1 Hour] [Speed: 10k/Day] ♻️","0.1575","0.1125","10","500000","wizsmm","da90bc4a-cf2d-46b1-9c71-28ecb7d42c44"
"instagram","🇧🇷 Instagram Likes [Brazil] [Refill: No] [Max: 5K] [Start Time: 0 - 1 Hr] [Speed: 500/D] 💧⛔️♻️","0.525","0.375","20","6000","wizsmm","da99f520-ca8d-4469-92db-0049cb6fd467"
"instagram","🇹🇷 Instagram Custom Comments [REAL - TURKEY] [Max: 10K] [Start Time: 1 Hour] [Speed: 5K/Day]","7.4256","5.304","10","1000000","wizsmm","dadbf026-369c-4bbc-90d8-50f5cc6c00e4"
"instagram","Instagram Story Views [LAST STORY ONLY] [Max: 30K] [Start Time: 0-1 Hour] [Speed: 30K/Day]","0.14","0.1","20","30000","wizsmm","dae22ae5-e364-4d4a-96d4-15eda9bcd206"
"instagram","Instagram Saves [Max: 100K] [Start Time: 0-1 Hour] [Speed: 100K/Day] 💧","0.0034","0.0024","10","100000","wizsmm","db05aad7-99ee-4310-91eb-cfa304de3b68"
"instagram","Instagram Followers [Max 500K] [SPAM ON] [Start Time: 0 - 1Hr] [Refill: 30D] [Speed: Up to 5K/D] ♻️💧⛔","4.9","3.5","10","500000","wizsmm","db09760c-fa58-41cb-953e-55e9c164f6b1"
"instagram","Instagram Auto Views [Max: 1M] [Start Time: 0-1 Hour] [Speed: 1M/Day]","0.042","0.03","100","100000000","wizsmm","db24e01b-30c9-4635-ae17-16cdbca3b4a6"
"instagram","Instagram Likes [Refill: No] [Max: 20K] [Start Time: 0-1 Hour] [Speed: 10K/Hour] 🔥⚡⛔","0.0916","0.0654","1","20000","wizsmm","db49d4c1-b4a7-4e9a-b21f-5f9f23e40e68"
"instagram","Instagram Views [REEL + IGTV + NORMAL] [Max: 500K] [Start Time: 0-1 Hour] [Speed: 100K/Day]","0.098","0.07","100","100000000","wizsmm","db500234-6eb2-4da0-b316-70c4dcc58e62"
"instagram","Instagram Followers [Max 50K] [Start Time: 0 - 1Hr] [Refill: 30D] [Speed: Up to 50K/D] 💧⛔♻️","0.9975","0.7125","100","100000","wizsmm","db5573b2-aef2-4140-9bed-fea921071f40"
"instagram","🇧🇷 Instagram Followers [BRAZIL] [Refill: No] [Max: 100K] [Start Time: 0 - 3 Hours] [Speed: 25K/Day] ⛔️💧","2.0034","1.431","10","1000000","wizsmm","db67c5bc-5b35-4734-92ab-2bdc47972fce"
"instagram","Instagram VIP Likes | %100 Azerbaijan 🇦🇿 | Max 20K | 100% Real HQ | R30 ♻️ | 20K/Day","2.646","1.89","20","20000","wizsmm","12d575f9-7afb-4f91-9d28-31839f6f40a0"
"instagram","Instagram Story Poll Voting | %100 Azerbaijan 🇦🇿 | Max 10K | 100% Real HQ | Instant Start 🚀","2.688","1.92","20","10000","wizsmm","35c993a4-e3bc-4e76-9264-119571c0f1df"
"instagram","Instagram Story Views | %100 Azerbaijan 🇦🇿 | Max 20K | 100% Real HQ | Less Drop | 15K/Day","0.532","0.38","10","20000","wizsmm","e0be4c4a-9468-4967-88b2-730fedf9e8b2"
"instagram","Instagram USA 🇺🇲 Followers | Fast Start 🚀 | Natural Delivery | 365 Days Refill ♻️","24.612","17.58","10","10000","wizsmm","17aae742-f298-4a7a-9b65-5068f3531d2c"
"instagram","Instagram USA 🇺🇲 Likes | Fast Start 🚀 | Natural Delivery | 365 Days Refill ♻️","11.508","8.22","5","1000","wizsmm","c8fc64fe-cee6-4d9a-9339-de1178e9c3a5"
"instagram","Instagram USA 🇺🇲 Comment | Fast Start 🚀 | Natural Delivery | 365 Days Refill ♻️","84","60","1","1000","wizsmm","d5bb922b-7666-47bd-a4ec-0481b380fba0"
"instagram","Instagram Followers [ EU+US 🇪🇺🇺🇸 ] | Real Quality | No Drop | No Refill","43.12","30.8","50","12000","wizsmm","26583411-5a2c-45f4-8d9c-478e70caea24"
"instagram","Instagram Followers [ EU+US 🇪🇺🇺🇸 ] | Female | Real Quality | No Drop | No Refill","52.43","37.45","50","9000","wizsmm","1935190e-8b27-4040-87a3-17e27209566c"
"instagram","Instagram Followers [ EU+US 🇪🇺🇺🇸 ] | Male | Real Quality | No Drop | No Refill","52.43","37.45","50","6000","wizsmm","54c94b48-bf3a-4b3b-b161-a247e4bc1125"
"instagram","Instagram Likes [ EU+US 🇪🇺🇺🇸 ] | Real Quality | No Drop | No Refill","15.568","11.12","50","15000","wizsmm","2d1adeb8-779b-4783-9bee-8e80ff29f50f"
"instagram","Instagram Likes [ EU+US 🇪🇺🇺🇸 ] | Female | Real Quality | No Drop | No Refill","15.568","11.12","50","9050","wizsmm","28a33c01-b6fd-4e0c-9443-25e117b5a0e0"
"instagram","Instagram Likes [ EU+US 🇪🇺🇺🇸 ] | Male | Real Quality | No Drop | No Refill","15.568","11.12","30","6050","wizsmm","e5bac980-751f-428b-93fe-bf3e1cc26556"
"instagram","Instagram Reel Likes [ EU+US 🇪🇺🇺🇸 ] | Female | Real Quality | No Drop | No Refill","15.932","11.38","50","15000","wizsmm","04ec9898-c02e-419c-8da9-8c7c49c71b58"
"instagram","Instagram Story Views [ EU+US 🇪🇺🇺🇸 ] | Real Quality | No Drop | No Refill","23.94","17.1","100","10000","wizsmm","638d98fa-6b49-44f8-beb4-9177c3219c48"
"instagram","🇩🇪 Instagram Followers [GERMANY] [Refill: No Drop] [Max: 1K] [Start Time: 0 - 3 Hrs] [Speed: Up to 200/D] 💧","31.304","22.36","25","5000","wizsmm","dc79fb3d-50d3-42f4-9e75-d38b51d7f130"
"instagram","🇪🇬Instagram VERIFIED Comments [EGYPTIAN] [15 Comments] 🔵","18.4051","13.1465","1","1","wizsmm","dc809ad3-f2a1-4a20-82a4-cf3feb6d7144"
"instagram","Instagram Likes [Refill: No / Low Drops] [Max: 150K] [Start Time: Instant] [Speed: 100K/Day] ⛔","0.2184","0.156","50","200000","wizsmm","dc8d1907-b5dc-4114-9122-d6ca189be510"
"instagram","Instagram Followers [Max 1M] [WORKING AFTER UPDATE] [Start Time: 0 - 1Hr] [Refill: No] [Speed: 100K/D] ⛔💧","1.0395","0.7425","10","10000000","wizsmm","dcd1fedc-bfb8-4628-aa86-d12c47165f19"
"instagram","Instagram Followers [Refill: No] [Max: 20K] [Start Time: 0 - 1Hr] [Speed: Up to 20K/D] 💧","0.3024","0.216","100","50000","wizsmm","dd0958c8-d5c0-4b33-9c5b-f128581e7aa7"
"instagram","🇺🇸 Instagram Auto Likes [USA] [Start Time: 0 - 1 Hour] [Speed: 5K/Day]","4.704","3.36","5","50000","wizsmm","dd116547-8129-4927-b83e-5238377b1226"
"instagram","Instagram Followers [SPAM ON] [Refill: Auto - 70D] [Max: 100K] [Start Time: 0 - 24 Hrs] [Speed: 10K/D] ♻️💧⛔","5.6","4","100","1000000000","wizsmm","dd664840-d1fb-4f13-97ac-6f6bb074f5c4"
"instagram","Instagram Auto Power Comments [10K+ Followers] [Random 10 Comments] [EXPLORE PAGE] [Max: 10] [Speed: 1 Hour Delivery]","4.2","3","1000","1000","wizsmm","dd9afda1-afe0-42f0-82d5-1840d9448e70"
"instagram","Instagram Followers [ Traditional Chinese 🇨🇳 ] | 300/Day | 30 Days Refill ♻️","12.852","9.18","10","30000","wizsmm","aeb43485-3a86-47b1-b186-30f72145f055"
"instagram","Instagram Likes [ Traditional Chinese 🇨🇳 ] | 300/Day | 30 Days Refill ♻️","11.76","8.4","10","30000","wizsmm","ee534510-01a0-4259-a631-d2975c488cd5"
"instagram","Instagram Followers [ China 🇨🇳 ] | 30 Days Refill ♻️","12.852","9.18","10","30000","wizsmm","30a13efb-bfc5-4277-a2b7-9d125e937c26"
"instagram","Instagram Likes [ China 🇨🇳 ] | 30 Days Refill ♻️","11.76","8.4","10","30000","wizsmm","f220bb65-59be-4602-a4ce-cedd31a9e357"
"instagram","Instagram Chinese 🇨🇳 Followers | Fast Start 🚀 | Natural Delivery | 30 Days Refill ♻️","11.816","8.44","10","50000","wizsmm","1f11c9c2-7090-43a8-8d62-af5c4418f1f5"
"instagram","Instagram Traditional Chinese 🇭🇰 Followers | Fast Start 🚀 | Gradual Delivery | 30 Days Auto Refill ♻️","15.246","10.89","10","220000","wizsmm","cf196a16-1f2c-4726-89ad-99dc7770db84"
"instagram","Instagram Traditional Chinese 🇭🇰 Followers | Fast Start 🚀 | Natural Delivery | 30 Days Auto Refill ♻️","15.904","11.36","50","20000","wizsmm","7560b5dc-65c6-463e-ac0d-ec2dd6e7d8ca"
"instagram","Instagram Traditional Chinese 🇭🇰 Followers | Fast Start 🚀 | Fast Delivery  | 30 Days Auto Refill ♻️","17.108","12.22","1","5000","wizsmm","6d4e51cc-de44-4c27-b3c5-ee4ae0685e25"
"instagram","Instagram Traditional Chinese 🇭🇰 Comments | Normal Quality 💬 | 7 Days Refill ♻️","100.8","72","1","1000","wizsmm","7d6df53f-65ce-44a7-98a3-bddf8c64339f"
"instagram","Instagram Traditional Chinese 🇭🇰 Likes | Fast | Stable | 7 Days Refill ♻️","11.466","8.19","10","50000","wizsmm","1cfad42c-b555-47ff-abe7-86dac3246527"
"instagram","Instagram Traditional Chinese 🇭🇰 Likes | Fast | Stable | 15 Days Refill ♻️","12.614","9.01","10","100000","wizsmm","c6318aa4-6423-429f-983e-25c3c38215df"
"instagram","Instagram Followers [ Japanese 🇯🇵 ] | Private Accounts  | 300/Day | 30 Days Refill ♻️","73.92","52.8","10","7000","wizsmm","7c8c629a-2610-4289-9277-b5eacb42bfa9"
"instagram","Instagram Followers [ Japanese 🇯🇵 ] | 300/Day | 30 Days Refill ♻️","73.92","52.8","10","27000","wizsmm","5bc956e3-6b2c-4720-a314-38f38e08e676"
"instagram","Instagram Followers [ Japan 🇯🇵 ] | 500/Day | 365 Days Refill ♻️","73.92","52.8","10","50000","wizsmm","9b4fc78e-a575-49a1-ac7c-13cfee75d29f"
"instagram","Instagram Followers [ Japan 🇯🇵 ] | 500/Day | 90 Days Refill ♻️","60.48","43.2","10","50000","wizsmm","90120fd5-d2c6-4f40-84cb-f13e9625a5d7"
"instagram","Instagram Auto Likes [Max: 2K] [UK 🇬🇧 ] [Refill: No] [Speed: 2K/Day] [Start Time: 0 - 1 Hours]","5.775","4.125","20","2000","wizsmm","de86ac2f-737f-4bfe-bd43-067ab1ba649a"
"instagram","Instagram Male Followers [ Japan 🇯🇵 ] | 500/Day | 365 Days Refill ♻️","80.64","57.6","5","13000","wizsmm","13376635-5255-4b1e-9c06-9bf016afbe6e"
"instagram","Instagram Male Followers [ Japanese 🇯🇵 ] | 300/Day | 30 Days Refill ♻️","80.64","57.6","5","16000","wizsmm","31486b4a-f8a4-4fc9-8fe8-dfe1c73e0fa5"
"instagram","Instagram Female Followers [ Japan 🇯🇵 ] | 500/Day | 365 Days Refill ♻️","67.2","48","5","25000","wizsmm","c03314e2-687f-4419-aba0-e743a62c3e31"
"instagram","Instagram Female Followers [ Japanese 🇯🇵 ] | 300/Day | 30 Days Refill ♻️","67.2","48","5","16000","wizsmm","d5ffc9a6-511e-44ba-a93e-921587320921"
"instagram","Instagram Likes [ Japan 🇯🇵 ] | 500/Day | 365 Days Refill ♻️","12.012","8.58","5","10000","wizsmm","84f14189-fd65-4572-b5e7-fd441fd4e4df"
"instagram","Instagram Female Likes [ Japan 🇯🇵 ] | 500/Day | 365 Days Refill ♻️","16.38","11.7","5","10000","wizsmm","1f73bf1c-1eac-49bf-a2d5-fbaead645ce7"
"instagram","Instagram Likes [ Japan 🇯🇵 ] | 90 Days Refill ♻️","14.28","10.2","10","10000","wizsmm","547ae24d-a4a7-45f1-a52f-942ab04f33ae"
"instagram","Instagram Custom Comments [ Japan 🇯🇵 ] | 500/Day | 365 Days Refill ♻️","143.64","102.6","1","1000","wizsmm","793ea4fc-a66c-402c-8585-ad4f85b9dd1e"
"instagram","Instagram Korean / Thailand Random Comments [100/D] [0-6/H]","79.296","56.64","10","250","wizsmm","c300dce9-3d3f-456c-91f6-a4f3fa198496"
"instagram","Instagram Korean / Thailand Costum Comments [100/D] [0-6/H]","99.12","70.8","10","250","wizsmm","6b6e70d7-d3fe-4c9e-b312-e8d458aa476a"
"instagram","Instagram Followers [Refill: 30D] [Max: 50K] [Start Time: 2 Hours] [Speed: 30K/Day]💧♻️","0.7","0.5","10","5000000","wizsmm","e03a568f-d179-44ec-ab8e-ba604872132d"
"instagram","Instagram Followers [Max:10M] [Refill: NO] [Speed: Up to 100K/D] [Start Time: Instant] ⛔💧","0.6552","0.468","10","10000000","wizsmm","e09017d6-494f-4c93-9940-33549775dfce"
"instagram","🇱🇧 Instagram Power Comments [10K+ Followers] [Random 20 Comments] [EXPLORE PAGE] [Max: 20] [Start Time: 0-1 Hour] [Speed: 1 Hour Delivery]","6.72","4.8","1000","1000","wizsmm","e0a756f8-fbe3-4c86-a514-ed74b7d3a0ae"
"instagram","Instagram Likes [Refill: No] [Max: 50K] [Start Time: 0-1 Hour] [Speed: INSTANT] 💧⚡⚡⚡🔥","3.01","2.15","50","50000","wizsmm","e126947d-c3d9-443c-a021-13cc8131a876"
"instagram","Instagram Followers [Refill: No] [Max: 1K] [Start Time: 1 Hour] [Speed: 1K/Day]","8.4266","6.019","100","1000","wizsmm","e1412b19-7650-43c5-8d1c-90cc4e79722b"
"instagram","Instagram 🇺🇸 AI Growth Package [MONTHLY PACKAGE] [STANDARD] [~1K Followers/Month]","69.3","49.5","1","1","wizsmm","5af7f5b0-8b5f-4ef2-9799-1037be3ecc98"
"instagram","Instagram 🇺🇸 AI Growth Package [MONTHLY PACKAGE] [PRO] [~3K Followers/Month]","149.1","106.5","1","1","wizsmm","28a3c2f5-6246-4a88-bc55-02b755027dbf"
"instagram","Instagram 🇺🇸 AI Growth Package [MONTHLY PACKAGE] [PREMIUM] [~5K Followers/Month]","231","165","1","1","wizsmm","cede5f59-143d-4bc8-b769-51cf3d10859b"
"instagram","Instagram RAL™ Likes [Refill: No Drop] [Max: 15K] [Start Time: 0-8 Hours] [Speed: 2K/Day] ⚡💧","13.65","9.75","50","15000","wizsmm","5bff4e71-27c1-4126-af93-031e62225bc3"
"instagram","Instagram RAF™ Followers [Refill: No Drop] [Max: 10K] [Start Time: 0-8 Hours] [Speed: 1K/Day] ⚡💧","37.282","26.63","50","10000","wizsmm","eff4267c-d1fe-4d43-b107-005bf6515c84"
"instagram","Instagram Likes RAU™ [USA 🇺🇸] [Max: 7K] [Refill: 60D] [Start Time: 0 - 1 Hr] [Speed: 1.5K/D] 💧","5.376","3.84","20","20000","wizsmm","4354bade-a462-46ba-80f8-48087c2addc0"
"instagram","🔥🔥🔥 [EXCLUSIVE] Instagram POWER Likes [TOP IN MARKET] [Max: 50K] [Start Time: 0-1 Hr] [Speed: 20K/Day] 🔥🔥🔥","0.462","0.33","10","100000","wizsmm","11f4cf3f-1e1b-489a-8aba-f8b1db67c1a5"
"instagram","Instagram USA Likes [Refill: No Drop] [Max: 2K] [Start Time: 0-1 Hour] [Speed: 2K/Hour] 💧","4.578","3.27","5","50000","wizsmm","0d60e6ad-4fbd-4c7f-bf94-3fd442fddd56"
"instagram","Instagram Female Likes [Engagement Booster]","20.16","14.4","100","10000","wizsmm","06fab4dc-f393-45a3-a41d-026deddd1759"
"instagram","Instagram Female Likes [Engagement Booster] [Start Time: 0 - 1 Hour] [Speed: 1K/Day]","1.68","1.2","100","1000","wizsmm","088c6a3f-0b04-44d5-9d12-96ca450cfada"
"instagram","🇸🇦Instagram Power Comments [10K+ Followers] [Random ARABIC 5 Comments] [EXPLORE PAGE] [Max: 5] [Start Time: 0-1 Hour] [Speed: 5/Hour]","2.52","1.8","1000","1000","wizsmm","e2b39014-60db-48da-b8b9-834cd50bf1cc"
"instagram","Instagram Likes [HQ] [Refill: No] [Max: 500K] [Start Time: 0-3 Hrs] [Speed: 100K/D] 💧⛔️","0.0578","0.0413","1","10000000","wizsmm","e2e59428-b797-4097-85c5-eca954768cab"
"instagram","Instagram Highlights Views [Max: 300K] [Start Time: 0-1 Hour] [Speed: 100K/Day]","1.4","1","20","300000","wizsmm","e3644acc-ad4c-46c7-bb4c-c3918908aea8"
"instagram","🇺🇸 Instagram Followers [USA] [Start Time: 0 - 1 Hour] [Speed: 4K/Day]","9.2232","6.588","20","10000","wizsmm","e38ead73-8a36-4ba0-a889-262dc1383c7e"
"instagram","Instagram Followers [Max 1M]  [Start Time: 0 - 1 Hrs] [Refill: No] [Speed: Up to 0K/D] 💧⛔","1.05","0.75","10","1000000","wizsmm","e39f1d2b-01ea-4c0a-b9e7-faaadda7c0a7"
"instagram","🇮🇳 Instagram Likes [INDIA] [Refill: 30D] [Max: 30K] [Start Time: Instant] [Speed: 10K/D]","0.4725","0.3375","10","30000","wizsmm","e3e3eb94-8751-4811-8dd2-5debac16bb8f"
"instagram","Instagram RAL™ Likes [FEMALE] [Refill: No Drop] [Max: 7K] [Start Time: 0-8 Hours] [Speed: 2K/Day] ⚡💧","13.65","9.75","50","5000","wizsmm","e7101e35-fdc0-4b4b-b426-410f4f7e8ed4"
"instagram","Instagram RAL™ Likes [MALE] [Refill: No Drop] [Max: 5K] [Start Time: 0-8 Hours] [Speed: 2K/Day] ⚡💧","13.65","9.75","30","5000","wizsmm","bf2042d0-4f7b-4e87-b17f-e31d3bc7661b"
"instagram","Instagram RAF™ Followers [FEMALE] [Refill: No Drop] [Max: 7K] [Start Time: 0-8 Hours] [Speed: 1K/Day] ⚡💧","46.942","33.53","50","5000","wizsmm","96b4de01-ffc8-48f8-b6a3-cff9ae23d714"
"instagram","Instagram RAF™ Followers [MALE] [Refill: No Drop] [Max: 5K] [Start Time: 0-8 Hours] [Speed: 1K/Day] ⚡💧","46.942","33.53","50","5000","wizsmm","f32bcff2-595b-4a8c-baec-602722c2becf"
"instagram","Instagram Likes [Refill: No] [Max: 10K] [Start Time: 0-1 Hour] [Speed: 2-5K/Day] 🔥🔥🔥🔥💧","1.26","0.9","50","10000","wizsmm","41e88dbe-2ac7-4c7e-a7c4-d7f76e46c0b0"
"instagram","🔥🔥🔥 [EXCLUSIVE] Instagram POWER Likes [TOP IN MARKET] [Max: 10K] [Start Time: 1 Hour] [Speed: 5K/Day] 🔥🔥🔥","1.33","0.95","10","250000","wizsmm","ac5c2f7b-5540-4d36-a0dd-9416c343f713"
"instagram","Instagram POWER Likes [PERFECT QUALITY] [Max: 10K] [Start Time: 0-6 Hours] [Speed: INSTANT] 🔥🔥🔥","2.73","1.95","10","500000","wizsmm","96225066-cc21-40b9-b58f-c75c2937cf9e"
"instagram","🔥🔥🔥 [EXCLUSIVE] Instagram POWER Likes [TOP IN MARKET] [Max: 50K] [Start Time: 0-1 Hour] [Speed: 2K/Day] 🔥🔥🔥","1.33","0.95","10","80000","wizsmm","16402779-821c-4bd2-8f91-ede60e9e4ede"
"instagram","Instagram POWER Likes [Max: 50K] [Start Time: 0-6 Hours] [Speed: INSTANT] 💧","3.612","2.58","50","50000","wizsmm","ea63a43f-e51c-4ed2-803d-53f102e68933"
"instagram","Instagram Followers [Refill: No] [Max: 20K] [Start Time: 1 Hour] [Speed: 5K/Day]","2.9641","2.1172","20","50000","wizsmm","e503a4b2-db67-4d05-afa7-a1de7b783bc0"
"instagram","IGTV Views [Max: 1M] [Start Time: 2 Hours] [Speed: 5M/Day]  ⚡💧","1.8992","1.3566","1000","100000000","wizsmm","e5124c86-38f5-4730-bcbe-9486992bfc1f"
"instagram","🔥🔥🔥 [EXCLUSIVE] Instagram POWER Likes [TOP IN MARKET] [Max: 50K] [Start Time: 0-1 Hour] [Speed: 2K/Day] 🔥🔥🔥","1.1025","0.7875","10","80000","wizsmm","e54f8d8d-ecd7-475f-a2b1-5b4b483dd01d"
"instagram","Instagram Likes [Refill: No] [Max: 100K] [Start Time: 0-1 Hr] [Speed: 100K/Day] ⛔ 💧","0.182","0.13","10","10000000","wizsmm","e5781fcd-f274-44a4-a3e2-0d6147d99bce"
"instagram","Instagram Story Views [Max: 100K] [Start Time: 0-1 Hour] [Speed: 100K/Day]","0.0045","0.0032","100","1000000","wizsmm","e58a34c6-7511-436c-a2fd-a676726b3fd4"
"instagram","🇬🇧 Instagram REPOST [Max: 100K] [Start Time: 0 -1 Hr] [Speed: Up to 50K/D]💧⛔","13.825","9.875","10","100000","wizsmm","e5a456e2-b5ee-4744-bc34-dc0bb237b5bb"
"instagram","Instagram Impressions [Max: 1M] [Start Time: 1 Hour] [Speed: 50K/Day] 💧♻🛑","0.105","0.075","10","1000000","wizsmm","e629b534-057a-4a74-9160-58e910e9bb4a"
"instagram","Instagram Followers [WORKING] [Refill: No] [Max: 100K] [Start Time: 0 - 1Hr] [Speed: 5K/D] 💧⛔️","2.5375","1.8125","10","100000","wizsmm","e63ae6f8-a32f-4fd8-892f-341d57e46017"
"instagram","Instagram | Comments | Extremely Fast | ITALY | Male | Random Positive | Emojis | Start: Instant | Speed: 20K/day","21.294","15.21","10","100","wizsmm","cfd1cfae-0a9a-4f72-a7b2-f2c5ba404882"
"instagram","Instagram Story Views + Reach + Profile Visits [All Stories] [5K/D] [0-1/H]","0.252","0.18","50","5000","wizsmm","cff937e8-f9fd-414a-ac0e-a31fc502bdcf"
"instagram","1064 - Instagram Comment Like With Linkl[20K]","3.276","2.34","10","20000","wizsmm","d0044c74-a27f-4bcf-9576-c1552ecbc6e2"
"instagram","Instagram Shares - [ FASTEST ] SUPER INSTANT","0.014","0.01","100","1000000","wizsmm","d14af168-3d02-4e48-8aaa-ff89ce599117"
"instagram","Instagram | Comments | Extremely Fast | WW | Female | Random Positive | Texts [HINDI] | Start: Instant | Speed: 20K/day","14.742","10.53","10","100","wizsmm","d19a9790-726a-4f79-af20-2baa76aad23d"
"instagram","Instagram Followers [Super Real] [500-1K/D] [0-12/H]","20.16","14.4","5","2000","wizsmm","d27ded64-bd04-4902-b36a-0b565e41200b"
"instagram","Instagram Followers [Refill: 15 Days] [Max: 5K] [Start Time: 1 Hour] [Speed: 500/Hour] ♻️","6.0375","4.3125","20","10000","wizsmm","e6b9480e-e75d-4c94-ae93-56052e025cab"
"instagram","Instagram Views [Max: 100M] [Start Time: 0-1 Hour] [Speed: INSTANT] 💧","1.435","1.025","100","100000000","wizsmm","e728e755-8d54-470a-8fc4-1cc156ef5b63"
"instagram","Instagram Auto Views [All Posts] [Max: 10M] [Start Time: 0-1 Hour] [Speed:1M/Day] 💧","0.3472","0.248","100","2147483647","wizsmm","e74006f3-1598-4da8-ba6f-4545df916bfa"
"instagram","Instagram Followers [Refill: 15 Days] [Max: 100K] [Start Time: 1 Hour] [Speed: 500/Hour] ♻️","6.0375","4.3125","20","25000","wizsmm","e7dde6a8-74a8-49da-b2c1-50f686766707"
"instagram","🇪🇬Instagram VERIFIED Followers [EGYPTIAN] [6 Followers] [1 ORDER PER ACCOUNT] 🔵","6.3277","4.5198","1","1","wizsmm","e7ddf064-c4a3-4147-898c-6ea8a29a09b8"
"instagram","🇦🇺 Instagram Likes [AUSTRALIA] Refill: 30 Days] [Start Time: 0 - 1 Hour] [Speed: 3K/Day]","5.544","3.96","20","3000","wizsmm","e80675dd-8c92-48e7-8402-d5d3487b2a7a"
"instagram","Instagram Followers [Refill: 30 Days] [Max: 30K] [HQ] [Start Time: 1 Hour] [Speed: 3K/Day] ♻️","0.7193","0.5138","10","1000000","wizsmm","e8107176-fc0c-4e70-9b97-23eadeda2eef"
"instagram","Instagram Followers [REAL &amp; ORGANIC] [Refill: 20D] [Max: 300K] [Start Time: 0-3 Hrs] [Speed: 10K/D] 💧⛔","1.2663","0.9045","10","10000000","wizsmm","e8209361-37e2-4812-a9b4-ec80b7c2d74c"
"instagram","Instagram | Comments | Extremely Fast | INDIA | Male | Random Positive | Texts [ENGLISH] | Start: Instant | Speed: 20K/day","26.208","18.72","10","100","wizsmm","d2e66c8e-dc70-433d-b594-12b909df885a"
"instagram","Instagram Saves [HQ] [Max: 50K] [Start Time: 0 - 1 Hr] [Speed: Up to 50K/D] 💧","2.0125","1.4375","100","50000","wizsmm","e9b52b02-174e-4335-8260-9d523f7b4789"
"instagram","Instagram Impressions [EXPLORE - HOME - LOCATION - PROFILE] [Max: 10M] [Start Time: 0-1 Hour] [Speed: 500K/Day]","0.098","0.07","10","1000000","wizsmm","e9b77731-063f-4bd7-a2ea-bdcef69f8943"
"instagram","Instagram Auto Views [Max: 5M] [Start Time: 0-3 Hours] [Speed: 500K/Day]","0.0017","0.0012","100","5000000","wizsmm","e9e67123-1510-4b79-bd12-571947229fe8"
"instagram","Instagram Likes [Bots with PP] [Refill: AR30] [Max: 300K] [Start Time: 0-1 Hour] [Speed: FAST] ⛔♻️","0.3255","0.2325","10","300000","wizsmm","ea244a70-4555-4a27-b455-3e1615fd29fe"
"instagram","Instagram | Comments | Extremely Fast | WW | Gender MIX | Random Positive | Texts [THAI] | Start: Instant | Speed: 20K/day","11.466","8.19","10","100","wizsmm","d3cae425-f9c1-44b4-a7f6-8f51bf3fe68a"
"instagram","Instagram Likes – [ Female ] [ Real ] [ Non-Drop ] NO REFILL","12.166","8.69","50","5000","wizsmm","d4122a29-14e9-47a4-9a9d-44cf9afe89df"
"instagram","🌎 Instagram Story Views – [ Real ] [ Worldwide ] [ 1k/day ] [ 0–1h Start ] NO REFILL","5.04","3.6","1","15000","wizsmm","d42a62a0-b5df-4c66-b2da-3505fc909501"
"instagram","Instagram ARAB Likes - [ AR30 - 100% Real ]","2.73","1.95","10","5000","wizsmm","d43c667d-9808-4e23-b800-7424975a4a9b"
"instagram","🇺🇸 Instagram Likes [USA] [Algorithm Tricking] [Refill: Auto - 30D] [Max: 5K] [Start Time: 0 - 1 Hr] [Speed: 5K/D]","5.824","4.16","20","20000","wizsmm","ed208c1d-ca89-47b5-bfe5-990b22069cb9"
"instagram","Instagram Likes [Refill: 30D] [Max: 5M] [Start Time: 0-3 Hrs] [Speed: Up to 20K/D] 💧⛔♻️","0.1418","0.1013","1","10000000","wizsmm","ed23dcca-1bd1-44d2-be59-92017db915b8"
"instagram","Instagram Story &quot;YES&quot; Poll Votes [Max: 100K] [Start Time: 0-1 Hour] [Speed: 50K/Day]","0.2275","0.1625","100","100000","wizsmm","ed51fee6-299b-4f21-b297-3ceb10a947b5"
"instagram","Instagram Auto Likes [Max: 300K] [Start Time: 0-1 Hr] [Speed: 5K/Day] 🔥","0.0916","0.0654","1","1000000","wizsmm","ed9ae812-1251-4b76-be4c-8a6645693b1e"
"instagram","🇲🇦Instagram Followers [MOROCCO] [Refill: No] [Max: 25K] [Start Time: 2 Hours] [Speed: 100/Day] ♻️","20.16","14.4","100","50000","wizsmm","edb1b523-53ba-4181-8ff2-1aaabd8663c9"
"instagram","🇮🇳 Instagram Followers [Refill: 99 Days] [Max: 300K] [Start Time: 0 - 1 Hours] [Speed: 15K/Day]","6.475","4.625","10","250000","wizsmm","ee3ebff4-c026-4d7a-85c4-a2707673ffd0"
"instagram","Instagram Views [ALL VIDEOS / EMERGENCY] [Max: 10M] [Start Time: 0-1 Hour] [Speed: 500K/Day]","2.1","1.5","100","10000000","wizsmm","ee6b9921-ed20-4e96-a950-0b9b49e59a7f"
"instagram","🇪🇬Instagram VERIFIED Followers [EGYPTIAN] [10 Followers] [1 ORDER PER ACCOUNT] 🔵","11.718","8.37","1","1","wizsmm","ee84d8e1-3893-447c-8836-773dd62f9284"
"instagram","Instagram Auto Shares [Max: 500K] [Start Time: 0 - 24 Hrs] [Speed: Up to 20K/D]💧⛔","0.0525","0.0375","100","500000","wizsmm","eebaae27-64a2-48e1-912c-96acf196412e"
"instagram","Instagram SPLIT Comments ➗ | Random 🎲 | Positive EMOJIS 😃❤️🥰👏 | Super-Fast ⚡️ | Last 400 posts [Enter Username]","10.5","7.5","4000","10000","wizsmm","d55dd46e-9ea5-47c3-b3ed-031325fc9643"
"instagram","Instagram Story Likes [Premium Quality] [Instant]","7.392","5.28","100","10000","wizsmm","d5b38e4a-7893-4d29-b44f-180cf65e036e"
"instagram","Instagram Russian + CIS Real Followers [500/D/D] [0-12/H]","76.272","54.48","20","2000","wizsmm","d5bddf5d-a818-4e6c-8863-d22eccb98e8d"
"instagram","Instagram Saves - [ Max - 50k ] [ Fast ] INSTANT","0.112","0.08","20","50000","wizsmm","d5cc7cb0-f478-42af-9ed6-fff3ff8f5b85"
"instagram","Instagram Comments | Korea - Male | MQ | Random | Emojis | Fast","9.828","7.02","1","200","wizsmm","d6e77b37-ccde-46b5-95e6-5ea42a63c54b"
"instagram","🇺🇸 Instagram USA Likes – [ Special ] [ Mixed ] [ Non-Drop ] [ Real Service ] NO REFILL","6.552","4.68","25","5000","wizsmm","d6f9a447-f0ae-4506-8f75-6274bce91a94"
"instagram","Instagram Followers [Max:3K] [Mix] [Speed: 3K/Day] [Start Time: 0 - 1Hr] ⛔💧","5.215","3.725","10","3000","wizsmm","ef294265-c8af-47f0-8764-aed1d189329f"
"instagram","Instagram Views + Reach + Impressions [Max: 10M] [Start Time: 0-1 Hr] [Speed: 500K/D] 💧","0.3325","0.2375","100","10000000","wizsmm","ef49feca-dfb7-4fee-9946-c5f4cbe224d7"
"instagram","🇧🇷 Instagram Power Comments [10K+ Followers] [BR] [Random 20 Comments] [EXPLORE PAGE] [Max: 20] [Start Time: 0-1 Hour] [Speed: 1 Hour Delivery]","7.14","5.1","1000","1000","wizsmm","ef74b563-79a3-4575-998e-2b71a8f9e2ea"
"instagram","Instagram Followers [SPAM ON] [Refill: 30D] [Max: 1M] [Start Time: 0-1 Hr] [Speed: Up to 100K/D] 💧♻️","4.1125","2.9375","50","10000000","wizsmm","efa11f49-834b-4afc-b5d1-cede91667a73"
"instagram","Instagram Comment Likes [ Enter Comment Link ] [ Daily 10K ] [ Instant Start ] [ Cancel Button ] [ ⚠️No Refill ]","1.68","1.2","50","10000","wizsmm","d842351c-ab58-47d5-a5fe-44b29b459dce"
"instagram","Instagram | Comments | Extremely Fast | WW | Male | Random Positive | Texts [GERMAN] | Start: Instant | Speed: 20K/day","14.742","10.53","10","100","wizsmm","d8612825-9aaf-4464-aa44-d8045d63134d"
"instagram","Instagram | Comments | Extremely Fast | ITALY | Gender MIX | Random Positive | Emojis | Start: Instant | Speed: 20K/day","18.018","12.87","10","100","wizsmm","d8d91500-9068-4260-8e71-21e284573e6a"
"instagram","Instagram Likes [HQ] [FEW DROPS] [Refill: 30D] [Max: 100K] [Speed: 10K/D]💧⛔","0.0556","0.0397","10","5000000","wizsmm","f177f8bb-5ef0-4b44-a2ee-49d53bb3bd9f"
"instagram","Instagram REPOST [Max: 50K] [Start Time: 0 -1 Hr] [Speed: Up to 10K/D]💧","15.7052","11.218","10","100000","wizsmm","f1ea1a7e-46ec-4c2b-9967-683e625ffe74"
"instagram","🇧🇷 Instagram Likes [BRAZIL - FEMALE] [Refill: No] [Max: 20K] [Start Time: 0 - 1 Hours] [Speed: 10K/Day] 💧","1.19","0.85","10","50000","wizsmm","f1f8a25c-4da2-4bc5-8d33-17ee1541d58f"
"instagram","IGTV Views [Max: 10M] [Start Time: 0-1 Hour] [Speed: INSTANT] ⛔💧","0.0088","0.0063","100","100000000","wizsmm","f1f99c03-1859-4f0b-a070-743bdd80035e"
"instagram","Instagram Followers[Refill: 30D] [Max: 10M] [Start Time: 0 - 4Hrs] [Speed: Up to 100K/D] ♻️💧⛔","0.63","0.45","100","10000000","wizsmm","f2150d7e-0d65-469b-b061-4dc363da6300"
"instagram","Instagram Impressions + Reach [Max: 500K] [Start Time: 0 - 1 Hr] [Speed: 50K/D]","0.0333","0.0238","10","500000","wizsmm","f2152757-ccc8-4988-8e9a-a72f76d5b99e"
"instagram","📊 Instagram - Story Views with Reach | | HQ | Cancel Enable | Instant Start","0.378","0.27","10","5000","wizsmm","d97f16df-acf4-47a0-99fe-e74f2f9928aa"
"instagram","Instagram Repost - Real - Working","17.472","12.48","50","100","wizsmm","da4c9a60-666c-4142-8c32-6de7d74abdf4"
"instagram","🇸🇦❤️ SR - Instagram Arab Likes | 30 Days Refill ♻️ | Max 200K | 100% Arab | Business 💼️ | 10K per Hour","1.904","1.36","20","100000","wizsmm","dac08b48-7c30-484f-8185-d8ff5d3af1dc"
"instagram","🇧🇷🙂 Instagram Brazilian Followers | Special Eid al-Adha Offer 🐏 | 30 Days Guaranteed ♻️ | 10K/Hour","6.104","4.36","20","150000","wizsmm","dad0ed21-f22a-4969-b3d3-a27dfd3dee05"
"instagram","🇩🇪 Instagram Comments - [ Random/Post Related ]","106.47","76.05","10","100","wizsmm","dc4cc206-80b7-4acd-b981-6d9c1acd92de"
"instagram","Instagram Likes [Refill: 30D Auto] [Max: 100K] [Start Time: 0-1 Hr] [Speed: Up to 50K/D]","0.3378","0.2413","50","100000","wizsmm","f316bba7-b4e8-4cfa-be83-448ec94136f4"
"instagram","🇪🇬Instagram VERIFIED Followers [EGYPTIAN] [5 Followers] [1 ORDER PER ACCOUNT] 🔵","7.5776","5.4126","1","1","wizsmm","f34c7352-9823-4c9a-be02-bc152eb21327"
"instagram","Instagram Followers [Auto Refill: 30 Days] [Max: 300K] [Start Time: 2 Hours] [Speed: 50K/Day] 💧♻️⛔️","2.275","1.625","50","300000","wizsmm","f36e3ebc-6113-4856-90c5-09d580e29529"
"instagram","🇹🇳Instagram Likes  [TUNISIA] [Refill: No] [Max: 10K] [Start Time: 1 Hour] [Speed: 5K/Day]","12.6","9","10","3000","wizsmm","f36e4921-9b52-4e20-86ee-dc55ec9662bd"
"instagram","Instagram Followers [BOTS HIGH % DROP] [MIX] [Refill: No] [Max: 250K] [Start Time: 0-1 Hour] [Speed: 5K/Day]","0.3094","0.221","10","25000","wizsmm","f4146547-6466-4b50-bf02-61cb0f525ff7"
"instagram","Instagram Likes [Refill: No] [Max: 500K] [Start Time: 0 - 1 Hr] [Speed: Up to 100K/D] 💧⛔","0.1925","0.1375","10","500000","wizsmm","f4350f32-8f35-4d0c-b92d-257845aa8f00"
"instagram","Instagram Reel Impressions + Reach + Profile Visits [Max: 25K]","0.0059","0.0042","100","30000000","wizsmm","f4f64c0e-bc57-45b7-a3bc-4b5a426a505b"
"instagram","Instagram FEMALE Comments [10K+ Followers] [Random 40 Comments] [Max: 40] [Start Time: 0-1 Hour] [Speed: 1 Hour Delivery]","8.4","6","1000","1000","wizsmm","f4f7f594-4071-44d2-8a2a-faeec0171828"
"instagram","Instagram Followers [Refill: 30 Days] [Max: 50K] [Start Time: 1 Hour] [Speed: 5K/Day] ♻️","1.568","1.12","50","50000","wizsmm","f503446e-ab44-4b84-8486-72fb5f576a05"
"instagram","💎🇯🇵 Instagram Likes [ Japan - HQ ] [30 Days Auto-Refill]","6.594","4.71","20","1000","wizsmm","dee164c4-6962-49e3-b864-562a1d3fa2f3"
"instagram","💎♀️🇯🇵 Instagram REAL Followers [ Japan - Female ] [60 Days Auto-Refill]","131.712","94.08","5","30000","wizsmm","df90115a-30f0-4a7a-b53e-137f8b383ac5"
"instagram","Instagram | Comments | Extremely Fast | INDIA | Male | Random Positive | Emojis | Start: Instant | Speed: 20K/day","21.294","15.21","10","100","wizsmm","df91f78d-81e6-4122-93d3-12a1dcfbda39"
"instagram","Instagram Followers [Auto-Refill: 20 Days] [Max: 250K] [HQ] [Start Time: 6 Hours] [Speed: 5K/Day] ♻️🔥","1.6733","1.1952","10","1000000","wizsmm","f5277727-d922-4050-8fab-0a90512144a8"
"instagram","Instagram Auto Views [EMERGENCY - ALL TYPE OF VIDEOS - AUTO ON / OFF]","1.944","1.3886","100","100000000","wizsmm","f56e5315-7f42-4656-aeee-f099b6996a90"
"instagram","Instagram Auto Likes [HQ] [NON DROP] [Max: 50K] [Start Time: 0-1 Hour] [Speed: 5K/Hour]","1.0325","0.7375","10","100000","wizsmm","f6145eed-5df2-48e1-bf2f-f926bb64a343"
"instagram","Instagram Followers [Refill: 15 Days] [Max: 30K] [Start Time: 1 Hour] [Speed: 500/Hour] ♻️","6.0375","4.3125","20","25000","wizsmm","f6ea5fdf-1f4a-4fd2-baa7-d85de4aabb95"
"instagram","Instagram Story Reach [All Stories]","1.68","1.2","20","5000","wizsmm","dfb2d47d-2838-412b-943b-d9ba5cefa30c"
"instagram","💎 Instagram Followers - [ Max - 1M ] [ Best Quality ] [ 100k/day ] [ 365 Days Refill BUTTON ] INSTANT","1.4","1","10","100000","wizsmm","e17c358c-1d03-4e21-bd26-02e964d830d1"
"instagram","Instagram SPLIT Saves ➗ | Super-Fast ⚡️ | Last 400 posts [Enter Username]","0.266","0.19","40000","200000","wizsmm","e19396ae-adf3-4dff-84b7-32a5c002ef40"
"instagram","Instagram Likes [Refill: 30D] [Max: 50K] [Start Time: 0-1 Hr] [Speed: 20K/Day] 💧♻️","0.385","0.275","10","100000","wizsmm","f77c866d-abe4-4e6d-80d0-672f2fe91538"
"instagram","Instagram Likes [Refill: 30 Days] [Max: 500K] [Start Time: 0 - 1 Hour] [Speed: 10K/Day] ⛔","0.1701","0.1215","10","50000","wizsmm","f7b57b9c-da75-4c08-8d42-74451c14c2cd"
"instagram","🇺🇸 Instagram REPOST [Max: 100K] [Start Time: 0 -1 Hr] [Speed: Up to 50K/D]💧⛔","13.825","9.875","10","100000","wizsmm","f81bc313-293f-49db-b31f-e07f2b1bbd85"
"instagram","Instagram Likes + Impressions + Reach [NON DROP] [English PUBLIC with Stories Accounts] [Max: 7K] [Start Time: 0-1 Hour] [Speed: FAST] 💧🔥🔥🔥","3.36","2.4","5","50000","wizsmm","f88403e8-fd5b-4bdb-8d2a-05fc232076d5"
"instagram","🇫🇷 Instagram French Male Likes | 30 Days Refill | %100 French Users | 10K Per Hour","2.142","1.53","20","20000","wizsmm","e260aa5f-f4ef-4d7a-8c53-14b0240a9890"
"instagram","Instagram Germany Story Views + Likes [ All Stories ] [ Real ]","13.888","9.92","30","200","wizsmm","e2708ee4-091d-47bb-9a2c-ba24f986b74d"
"instagram","Instagram Followers - [ Max - 1M ] [ Slow Service ] [ 5k/Day ] [ Real HQ ] [ 30 Days Refill ] INSTANT","0.672","0.48","50","100000","wizsmm","e38cf9cc-f5ae-4fa7-a584-fc1f2157e9b8"
"instagram","Instagram Followers [With PP &amp; Posts] [Refill: No] [Max: 10K] [Start Time: 1 Hour] [Speed: 500/Hour]","5.5125","3.9375","50","25000","wizsmm","f9f322d5-40ad-4bb6-b411-045ad5d73b4e"
"instagram","🇧🇷IGTV Likes [BRAZIL] [Refill: No] [Max: 45K] [Start Time: 1 Hour] [Speed: 4K/Day] ⛔️💧","0.9275","0.6625","10","200000","wizsmm","f9f3e664-2feb-4be5-9557-641857deeddc"
"instagram","Threads Shares [Real] [NO DROP] [Max: 20k] [Start Time: 0-3 Hours] [Speed: Up to 2k/Day]","5.6","4","10","20000","wizsmm","f9f77c12-ca86-4b4f-a666-3a3ab906a5a5"
"instagram","🇺🇸 Instagram Likes [USA] [Algorithm Tricking] [Refill: Auto - 30D] [Max: 1K] [Start Time: 0 - 1 Hr] [Speed: 5K/D]","2.912","2.08","5","50000","wizsmm","fa20f1ee-cd20-4021-b682-dc0410ef4c16"
"instagram","Instagram Mentions [for REELS] [CUSTOM LIST] [Max: 5K] [Refill: No] [Start Time: 24 - 48 Hours] [Speed: 1K/Day]","2.975","2.125","100","500000","wizsmm","fa6d0f0d-f669-4c4f-9354-aaf102861a11"
"instagram","Instagram Auto Reach + Impressions [Max: 300K] [Start Time: 0-1 Hour] [Speed: 100K/Day]","0.07","0.05","10","1000000","wizsmm","fac6f90c-e240-4109-a37e-443d82eaf604"
"instagram","Instagram Likes [NO REFILL] [Max: 150K] [Start Time: 5 Minute] [Speed: 1K/Hour]💧🔥","0.2268","0.162","50","150000","wizsmm","facff92b-58fb-4707-952c-d16c6d3f8dac"
"instagram","Instagram Reel Views [Refill: No] [Max: 20M] [Start Time: 0-1 Hour] [Speed: Fast]","0.364","0.26","100","2147483647","wizsmm","fb0fc7db-47cf-4f27-9cc5-4522bf92984c"
"instagram","Indonesia Traffic from Instagram","0.56","0.4","500","1000000","wizsmm","e3f6fd2e-b9c9-4831-930f-364f4cd1e1a4"
"instagram","Colombia Traffic from Instagram","0.56","0.4","500","1000000","wizsmm","e3f97d7d-903a-418a-a71b-294705a0e331"
"instagram","Instagram Germany Male Story Views + Profile Visits  [ Real ]","12.726","9.09","30","100","wizsmm","e4d1b9ac-d228-4750-ae4e-a56857f34a6f"
"instagram","4899 - Instagram Story Views [All Stories] [Instant]","0.014","0.01","10","100000","wizsmm","e4e21c9f-d8fe-4ea7-b937-fe71f8282b22"
"instagram","Instagram Followers [SPAM ON] [Refill: No] [Max: 1M] [Start Time: 0 - 3 Hrs] [Speed: Up to 100K/D] 💧⛔","1.001","0.715","10","10000000","wizsmm","fb878b56-f621-4651-ad9f-19b7d3e099b3"
"instagram","Instagram Likes [Max: 150K] [Start Time: 0-1 Hour] [Speed: 5K/Day] 💧♻️🔥🔥","0.3276","0.234","10","130000","wizsmm","fbaee021-f656-410d-bad1-728fbd3d3447"
"instagram","Instagram Followers [Refill: No] [Max: 10K] [Start Time: 1 Hour] [Speed: 5K/Day]","2.9044","2.0746","20","10000","wizsmm","fc2127ba-f4c9-4604-b474-923b63c58e59"
"instagram","Instagram Followers [Max 20k] [SPAM OFF] [Start Time: 0 - 1Hr] [Refill: No] [Speed: Up to 20K/D] 💧⛔","1.05","0.75","10","50000","wizsmm","fc2f0579-a5d7-4bcf-96b3-a97aa3acbdd5"
"instagram","🇰🇷🇰🇵Instagram Likes [Korea] + Impressions + Reach [Refill: No] [Max: 15K] [Start Time: 1 Hour] [Speed: 5K/Day]","14.56","10.4","20","20000","wizsmm","fcd75698-d042-4cb1-994e-b78a043448eb"
"instagram","Instagram Story Views [Max: 40K] [Start Time: 0-1 Hour] [Speed: 40K/Day]","0.28","0.2","100","40000","wizsmm","fcfd969d-f312-4cd9-bd29-126595a02b4d"
"instagram","Instagram Story Views [ARAB] [Refill: 30D] [Max: 20K] [Start Time: 0 - 12 Hrs] [Speed: Up to 10K/D] 💧","0.5291","0.3779","20","50000","wizsmm","fd6d5f3a-d145-44c5-80f9-97f9c7d1c79e"
"instagram","Instagram Real Followers [Premium Quality with Stories] [30 Days Refill] [20-30K/D] [Overloaded]","4.704","3.36","10","5000000","wizsmm","e51992c3-0174-4dff-b05b-c2abfeb789f3"
"instagram","💎🇯🇵♀️ Instagram Custom Comments [ Female - Japan ] [NON DROP]","294","210","3","1000","wizsmm","e53496a2-672c-416c-8615-81dd2f020f49"
"instagram","Instagram Profile Visits","0.042","0.03","100","1000000","wizsmm","e62cdc5a-a02e-4dc6-8f24-f0fb3af7a676"
"instagram","Sweden Traffic from Instagram","0.77","0.55","1000","1000000","wizsmm","e63cba96-83ca-4c06-9a2a-93610600c85e"
"instagram","Instagram Shares with Engagement","0.14","0.1","10","1000000","wizsmm","e7206102-d3a5-4c6c-b3ac-5367150491dd"
"instagram","Instagram Auto Likes [Refill: No] [Max: 10K] [Start Time: 0-1 Hours] [Speed: 20K/Day] 🔥⛔","0.182","0.13","10","10000000","wizsmm","fd6f6422-112c-47a3-b350-7defbf517e31"
"instagram","IGTV Views [Max: 10M] [Start Time: 0 - 1 Hour] [Speed: 5M/D] 💧","0.3238","0.2313","100","100000000","wizsmm","fdf57f5c-c737-4c20-8b41-8101b2fd91d9"
"instagram","Instagram Auto Likes [R30] [Max: 100K] [Start Time: 0-1 Hours] [Speed: 20K/Day]","0.1978","0.1413","10","10000000","wizsmm","fe730985-3705-431d-b646-a737f1242729"
"instagram","Instagram Followers [SPAM ON] [Max: 1M] [Refill: 30D] [Start Time: 0 - 1 Hr] [Speed: Up to 50K/D]💧♻️⛔️","3.003","2.145","10","1000000","wizsmm","fe88ab75-2126-4650-bcbf-31b916223264"
"instagram","Instagram Saves [Max: 5K] [Start Time: 0 - 1 Hour] [Speed: 5K/Day] 💧","0.007","0.005","10","100000","wizsmm","fef45f16-dc9f-4f8e-b0b4-af573847c0d2"
"instagram","Instagram Likes [Refill: No] [Max: 150K] [Start Time: 1 Hour] [Speed: 3K/Day]","0.5208","0.372","10","150000","wizsmm","feff20a4-8688-4ffb-b2af-8a8e3e07bf56"
"instagram","instagram Random Comments - [ ENGLISH ] 0-6 HRS","3.276","2.34","10","10000","wizsmm","e721723c-4077-4ecd-b28f-6da5553e11e0"
"instagram","🇹🇷 Instagram Turkish Female Followers | 30 Days Refill | %100 Turkish Users 🇹🇷 | 5K Per Hour","42.658","30.47","20","150000","wizsmm","e75c05c6-a448-4fc9-9259-a830ff6a1b22"
"instagram","Instagram Story Likes [Max: 5K] [Start Time: 0 - 1 Hr] [Speed: 5K/D]💧","0.35","0.25","50","5000","wizsmm","531cc054-f4c6-4859-b3c7-a0841e3aca65"
"instagram","Instagram Auto Views [Max: 10M] [Start Time: 0-1 Hour] [Speed: 500K/Day]","0.098","0.07","100","100000000","wizsmm","ce0edfb7-a71c-4c61-b995-79de72582808"
"instagram","Instagram Reel Views [Max: 5M] [Start Time: 0-3 Hours] [Speed: 500K/Day] 💧","0.3238","0.2313","100","100000000","wizsmm","f4fccc0f-9010-4ed2-8f75-4dbf50824655"
"instagram","Instagram Likes [Max: 100K] [Refill: 30] [Start Time: 0 - 1 Hour] [Speed: 30K/Hour]","0.5775","0.4125","10","20000","wizsmm","fd7b2d7f-2087-44c9-aebf-3eb6444e04fa"
"instagram","🔥🔥🔥 [EXCLUSIVE] Instagram Followers [Spam On] [Refill: 65 Days] [Max: 100K/username - 9.1K/order] [Start time: 0-1 Hour] [Speed: 9.1K/Day] ♻️🔥🔥🔥","1.0584","0.756","9100","9100","wizsmm","ff1b7ae5-dc71-4c67-a3e1-37f095185b38"
"instagram","Instagram Followers [Refill: 30 Days] [Max: 50K] [Start Time: 1 Hour] [Speed: 5K/Day] ♻️","2.002","1.43","100","50000","wizsmm","ff27d0f9-bd4d-4f25-8b53-c91fbbe36443"
"instagram","Instagram Auto Likes [ADS] [Refill: No] [Max: 50K] [Start Time: 1 Hour] [Speed: 5K/Day]","3.325","2.375","100","50000","wizsmm","ff29a21d-aea4-4fd6-87a7-3d11e74d4b54"
"instagram","Instagram Comments RU [Russia]","40.04","28.6","1","200","wizsmm","e88f6df4-5456-4d28-9821-c72d125299be"
"instagram","Instagram Impressions + Reach","0.056","0.04","100","1000000","wizsmm","e8b2b1d6-8349-4eee-b05a-bb4d9064653c"
"instagram","Singapore Traffic from Instagram","0.56","0.4","500","1000000","wizsmm","e8b59564-a4cd-4282-97a5-d3521fb3b165"
"instagram","💎🇨🇳 Instagram Post Likes [ Chinese - HQ ] [S2]","9.884","7.06","10","10000","wizsmm","e9fcd57d-7042-41fd-9548-0e5e3f73dce6"
"instagram","- Instagram Likes [Old Accounts][Non Drop]♻️30 Days Refill♻️🔥🔥 -","0.364","0.26","10","200000","wizsmm","cf1210d3-6569-45e9-8d95-0682e05984d8"
"instagram","Instagram Story Views [All Stories] [Mix] [Nice Quality] [50K/D] [Instant]","0.196","0.14","100","250000","wizsmm","cf4a81fc-f553-4b11-92c1-d027fb039ecc"
"instagram","4106 - Instagram Auto Impressions [Instant]","0.084","0.06","100","1000000","wizsmm","d0b271d0-8627-4e35-b007-1b99df0c91f0"
"instagram","1062 - Instagram Comments - Negative Emoji (RANDOM) 🤬😡😠😤😮‍💨🙄😒💩👿😈🤡🖕[20K]","8.19","5.85","10","20000","wizsmm","d0c238c1-7b2e-45ad-8d84-60b1a102e4b7"
"instagram","Instagram Reach + Impression","0.077","0.055","10","1000000","wizsmm","d0eb2318-5625-40c8-9270-edb5c2ca1233"
"instagram","Instagram Followers - [ Super Real ] [ 500/day ] INSTANT","13.02","9.3","50","2500","wizsmm","d1ded1c6-a5b2-4c49-84d1-e0fd396564b2"
"instagram","Instagram | Comments | Extremely Fast | JAPAN | Gender MIX | Random Positive | Texts [JAPANESE] | Start: Instant | Speed: 20K/day","21.294","15.21","10","100","wizsmm","d23c7955-1755-4593-8c01-c12b9293bc33"
"instagram","Instagram Shares [Super Cheap] [Instant]","0.028","0.02","100","10000000","wizsmm","d36bb38c-86fc-44d0-bc92-14cc9f0d5dfd"
"instagram","🇮🇹 Instagram Italy Likes – [ Special ] [ Mixed ] [ Non-Drop ] [ Real Service ] NO REFILL","15.54","11.1","50","1000","wizsmm","d70a8321-2f20-4baf-a67a-feb60380815e"
"instagram","🇸🇦🙂 Instagram Arabic Followers | Special Eid al-Adha Offer 🐏 | 30 Days Guaranteed ♻️ | 10K/Hour","6.104","4.36","20","100000","wizsmm","d726edb3-2a35-4f06-8ed7-25e86e7be049"
"instagram","Instagram Comments RU [Russia]","72.8","52","1","300","wizsmm","d7385d11-2369-43ae-9465-6c77048bcc37"
"instagram","Instagram Auto likes [ With Post ] [ Slow ]","0.28","0.2","10","100000","wizsmm","d76f7d4a-bf68-40e1-b00e-a4e7265437dc"
"instagram","Instagram Story Views Italy [Mixed] [Non-Drop] [Real Service]","8.82","6.3","50","1000","wizsmm","d8a41181-bb35-4986-9b49-693a441e37f0"
"instagram","Instagram Scrape Data - [ Media Commenters ] 24 Hours Delivery","1.722","1.23","500","1000000","wizsmm","d9e2a76b-858e-450d-83c2-8550ded20110"
"instagram","Instagram Custom Comments - [ Max - 200k ] [ REAL, 1k/day ] INSTANT","6.272","4.48","50","10000","wizsmm","db23b0a8-8f58-435f-a3b2-3acdde501b27"
"instagram","Instagram Auto Profile Visits [Instant]","0.168","0.12","100","5000000","wizsmm","dc0bf5dd-2491-45c7-bf4f-2af0ee3eef8c"
"instagram","Instagram Shares [Works For Reels] [Auto Refund for Non Deliveries] [3 Hours Delivery]","0.336","0.24","20","1000000","wizsmm","dcdf284c-a70d-47f8-b561-730e71066638"
"instagram","Instagram Impression [ Home ]","0.077","0.055","10","1000000","wizsmm","dce34411-ce1d-49b9-96b7-aa7a0a085e70"
"instagram","Instagram Comments EN [English]","91","65","1","50","wizsmm","dd05736b-246b-495c-8b6f-d146c119e63d"
"instagram","Instagram SPLIT Impressions + Reach ➗ | Super-Fast ⚡️ | Last 50 posts [Enter Username]","0.266","0.19","5000","100000","wizsmm","dde3d2e2-5b9b-44c9-8c6d-6430f1c1847d"
"instagram","Instagram Premium Followers [Europe - World] [Real] [5-10K/D] [Instant]","47.18","33.7","10","20000","wizsmm","dea649d7-b6a9-4f4c-92fb-9fd1fd734071"
"instagram","Instagram SPLIT Likes [FEMALE] | Last 500 posts [Enter Username]","1.05","0.75","10000","1000000","wizsmm","e09e47dd-18b1-4511-becf-60beeedeb391"
"instagram","Instagram | Comments | Extremely Fast | INDIA | Gender MIX | Random Positive | Texts [HINDI] | Start: Instant | Speed: 20K/day","21.294","15.21","10","100","wizsmm","e0cacc5a-dc6e-444f-b5cc-9e08ae145095"
"instagram","🌎 Instagram Reply to Story – [ Real ] [ Worldwide ] [ 1k/day ] [ 0–1h Start ] NO REFILL","12.096","8.64","1","15000","wizsmm","e0cafc31-2d35-468e-bbeb-2d536e82a6c0"
"instagram","Instagram Engagements + Shares + Reach + Impressions + Profile Visits","1.414","1.01","100","100000","wizsmm","e0e945eb-f938-46cc-8c3a-74150f876620"
"instagram","Instagram Followers S1 – [ Real ] [ High Quantity ] [ Non-Drop ] NO REFILL","30.716","21.94","50","10000","wizsmm","e249c26c-8ffa-4eab-aa6d-7cd5963ef4b7"
"instagram","Instagram Video + TV + Reels Views + Plays - [ Stable Service ] INSTANT","0.0028","0.002","100","100000000","wizsmm","e32f2724-2a66-4a6f-9cc9-832f229db57d"
"instagram","Netherlands Traffic from Instagram","0.56","0.4","500","1000000","wizsmm","e45cdfd3-9e08-4f9c-b6aa-46bd332dc0ce"
"instagram","🇺🇸 Instagram USA Followers [ Insights USA ] [ With Stories ] [ 5-10K/day ] INSTANT","10.92","7.8","10","50000","wizsmm","e569a252-649b-432b-97e2-ef7d7422dba5"
"instagram","🇳🇬 Instagram Nigerian Likes | 30 Days Refill | %100 Nigerian Users 🇳🇬 | 3K Per Hour","2.142","1.53","20","100000","wizsmm","e5ab8c76-391e-495e-8418-d20a8867b23e"
"instagram","Instagram | Comments | Extremely Fast | KOREA | Female | Random Positive | Texts [KOREAN] | Start: Instant | Speed: 20K/day","26.208","18.72","10","100","wizsmm","e5c289c0-5186-42c8-8872-741e20e217c7"
"instagram","France Traffic from Instagram","0.56","0.4","500","1000000","wizsmm","e5c8441c-e65d-4e03-ab64-2174d7f7e180"
"instagram","🇮🇹 Instagram Italy Likes | 30 Days Refill | %100 Italy Users 🇮🇹 | 3K Per Hour","2.142","1.53","20","300000","wizsmm","e7b4559f-21e3-4b20-8af7-b183dff4d77e"
"instagram","Instagram Custom Comments – [ Good Quality ] [ 0–6 Hours Start ] INSTANT","9.016","6.44","10","100000","wizsmm","e826bee0-4c32-4093-8d2a-444b7101e5d9"
"instagram","Instagram SPLIT Likes ➗ | Super-Fast ⚡️ | Last 30 posts [Enter Username]","0.448","0.32","3000","100000","wizsmm","e835d295-61a8-4603-b37a-3c471e794433"
"instagram","Instagram | Comments | Extremely Fast | WW | Gender MIX | Random Positive | Texts [GERMAN] | Start: Instant | Speed: 20K/day","11.466","8.19","10","100","wizsmm","e8fa59ae-a2d3-49b6-8cec-5cb681c0c5fc"
"instagram","Instagram SPLIT Comments ➗ | Random 🎲 | Positive EMOJIS 😃❤️🥰👏 | Super-Fast ⚡️ | Last 10 posts [Enter Username]","10.5","7.5","100","1000","wizsmm","e90ee1a7-8c16-46f6-aa57-205583ed6ec9"
"instagram","Instagram Followers [Italy]","29.4","21","10","3000","wizsmm","ea668a96-dd76-4a2c-bcab-996031931f3e"
"instagram","Instagram Custom Comments","0.504","0.36","10","10000","wizsmm","eb8c991e-ce7f-445d-b036-3f65f0ab982e"
"instagram","Instagram | Comments | Extremely Fast | ITALY | Male | Random Positive | Texts [ITALIAN] | Start: Instant | Speed: 20K/day","26.208","18.72","10","100","wizsmm","ec0bb34a-6efa-45b8-ae81-2b1a1fcd92b4"
"instagram","🇦🇪 Instagram Arab Followers | 30 Days Refill | %100 Arab Users 🇦🇪 | 5K Per Hour","6.44","4.6","20","100000","wizsmm","ec3d563c-dcc0-4c23-bd24-3d35c8d722af"
"instagram","🇫🇷 Instagram French Female Likes | 30 Days Refill | %100 French Users | 10K Per Hour","2.142","1.53","20","20000","wizsmm","ecb8de70-4a87-412c-b252-b00d4a019d69"
"instagram","Instagram Germany Male Likes + Impressions + Reach [ Real ]","27.874","19.91","10","100","wizsmm","ed154c13-0542-41b8-8d8b-63bf45ec966f"
"instagram","🇳🇬 Instagram Nigerian Followers | 30 Days Refill | %100 Nigerian Users 🇮🇹 | 3K Per Hour","10.668","7.62","20","100000","wizsmm","ef92918a-3e2c-4d40-a170-c0c7e2fd1307"
"instagram","Instagram Impressions + Reach [ Max - 50K ] [ FASTEST ] INSTANT","0.07","0.05","10","500000","wizsmm","efa51535-949b-4909-bd5c-d1272c909578"
"instagram","Instagram Followers [Mixed] [10K/D] [0-1/H]","0.406","0.29","100","100000","wizsmm","f003cd22-2f66-4cad-958e-cc17e394965e"
"instagram","Instagram | Comments | Extremely Fast | ITALY | Gender MIX | Random Positive | Texts [ITALIAN] | Start: Instant | Speed: 20K/day","21.294","15.21","10","100","wizsmm","f121c533-4a7e-40ff-9c93-673008650e7e"
"instagram","Instagram Costum Comments [%70 Verified + Influencers] [10-50/D] [0-7/H]","478.8","342","5","100","wizsmm","f1d5a82a-311d-4590-9196-390e1c820d98"
"instagram","Instagram Impressions [ Explore + Home ] [ Max Unlimited ] [ Daily 100K ] [ Instant Start ] [ Cancel Button ] [ ⚠️No Refill ]","0.084","0.06","10","2147483647","wizsmm","f29e7747-5f7d-46d5-bc9c-8b33e2497ef9"
"instagram","🇦🇪 Instagram Arab Likes – [ HQ ] INSTANT","2.044","1.46","20","10000","wizsmm","f32046a6-6f31-4129-b6c5-f40c3cf1b707"
"instagram","▷🌎 Instagram Monthly Automatic Global Story Views","23.366","16.69","250","2000","wizsmm","f327a705-b292-4971-b97d-34eaa288376d"
"instagram","Instagram | Comments | Extremely Fast | COLOMBIA | Female | Random Positive | Emojis | Start: Instant | Speed: 20K/day","21.294","15.21","10","100","wizsmm","f3e16307-2b78-4a45-914c-5fdd1f230a07"
"instagram","🇸🇦👩❤️ SR - Instagram Arab Women Likes | 30 Days Refill♻️ | Max 150K | 100% Arab Women | Business 💼️ | 10K per Hour","1.904","1.36","20","100000","wizsmm","f42c1f49-4459-4716-ae24-7c414a15744f"
"instagram","Instagram Likes | HQ Accounts | Instant Start | Cancel Button | 🚀Daily 50K | ⚠️No Refill","0.056","0.04","10","1000000","wizsmm","f448b087-1d27-4c11-9340-dc4eac5c518f"
"instagram","Italy Traffic from Instagram [LQ]","0.238","0.17","88","88888888","wizsmm","f5739ee9-3ed0-4f0d-86cc-356aadbe86e6"
"instagram","▷🇦🇷 Instagram Monthly Automatic Latin Story Views","22.344","15.96","250","2000","wizsmm","f6c73af2-7ed3-4bc7-be09-101282ac0dc5"
"instagram","Instagram Spanish Costum Comments [High Quality] [30 Days Refill] [200] [0-8/H]","27.72","19.8","5","100000","wizsmm","f700f25a-ae55-4884-895d-c91ac92627f7"
"instagram","France Traffic from Instagram [LQ]","0.238","0.17","88","88888888","wizsmm","f7f44d0d-75a8-4331-aae9-b74853e459b7"
"instagram","Instagram | Comments | Extremely Fast | INDIA | Female | Random Positive | Texts [ENGLISH] | Start: Instant | Speed: 20K/day","26.208","18.72","10","100","wizsmm","f839de1f-dd66-4eed-9680-65b25f9a0d27"
"instagram","Instagram Reach + Impression","0.126","0.09","10","1000000","wizsmm","f93db830-eb7f-46b6-879e-b373e0885b86"
"instagram","Instagram Likes – [ Male ] [ Real ] [ Non-Drop ] NO REFILL","12.166","8.69","30","5000","wizsmm","f9d72536-77bb-4785-a2bd-6f0fb9850b92"
"instagram","India Traffic from Instagram [LQ]","0.238","0.17","88","88888888","wizsmm","f9de2860-d794-4a9f-bc20-ce4796eb2a1b"
"instagram","Instagram | Comments | Spanish | Praise Comments for Women/Models Posts","14.742","10.53","10","200","wizsmm","fa514630-356c-4544-82e3-f2f9bea74c58"
"instagram","Instagram | Comments | Extremely Fast | COLOMBIA | Gender MIX | Random Positive | Emojis | Start: Instant | Speed: 20K/day","18.018","12.87","10","100","wizsmm","faa23db7-2779-4c3c-b180-50822535a919"
"instagram","Instagram Negative Comments – [ Good Quality ] [ 0–6 Hours Start ] INSTANT","9.016","6.44","5","100000","wizsmm","fab38a1f-d116-47af-b5de-9ade6e87efd4"
"instagram","Instagram USA Likes (USA, Canada, etc) [Less Drop]♻️30 Days Refill♻️🔥🔥","0.448","0.32","10","10000","wizsmm","fb716192-15db-4234-8a34-30b63cd9644f"
"instagram","Instagram Likes - [ Max - 1M ] [ Real ] [ SUPERFAST ] INSTANT","0.378","0.27","10","3000000","wizsmm","fba8c653-8541-4422-9cdc-796d5321e7e7"
"instagram","Instagram Likes - [ Real - High Quality ] [ 50k/day ] [ No Drop No Refill ] INSTANT","0.07","0.05","10","300000","wizsmm","fbb4aa76-9d71-419b-b2ac-54c0fdff04d1"
"instagram","Instagram Profile Visits","0.14","0.1","100","5000000","wizsmm","fd140f2f-bf73-4738-b6aa-6b75c04eb7ce"
"instagram","🇧🇷❤️ Brazil Instagram Like HQ 100K (Mobil App)♻️( HQ -365 Days Refill)","1.4","1","20","1000000","wizsmm","fd81378f-9462-4f6e-bc9e-3c24ade4bb6a"
"instagram","🇺🇸 Instagram USA Followers – [ Max – 5k ] [ Real HQ ] [ 30 Days Auto Refill ] INSTANT","5.418","3.87","10","5000","wizsmm","fd8f29d9-b0ab-4180-8e91-d3feeab950a2"
"instagram","Instagram | Comments | Extremely Fast | WW | Male | Random Positive | Texts [SPANISH] | Start: Instant | Speed: 20K/day","14.742","10.53","10","100","wizsmm","fda46f6e-c77d-4df4-8e04-67a75d0be37a"
"instagram","Instagram Reel + Normal Video Views [10M] [Fast]","0.014","0.01","100","100000000","wizsmm","ea96676b-d976-42b6-a4bf-c692c6425566"
"instagram","🌎 Instagram Share Post in Story – [ Real ] [ Worldwide ] [ 1k/day ] [ 0–1h Start ] NO REFILL","37.128","26.52","1","15000","wizsmm","ea9db2c1-dd3c-48f0-8793-5cad2ce61004"
"instagram","Instagram Europe Likes - [ AR30 - 100% Real ]","1.806","1.29","10","5000","wizsmm","eaa7584d-281b-4ee3-acf2-9f4c1c3d0146"
"instagram","Instagram SPLIT Impressions + Reach ➗ | Super-Fast ⚡️ | Last 300 posts [Enter Username]","0.266","0.19","30000","200000","wizsmm","eaaa9fd9-1502-4994-a6a2-e4630410fc92"
"instagram","🇩🇪 Instagram Germany Followers – [ Special ] [ Mixed ] [ Non-Drop ] [ Real Service ] NO REFILL","33.516","23.94","25","2500","wizsmm","eb07d877-e904-4acc-bd59-420721e8aa2e"
"instagram","Instagram Likes [High Quality + Real] [No Drop] [10-20K/D] [0-1/H]","0.196","0.14","10","100000","wizsmm","eb308a58-2d74-4f41-972f-edeae3a38d09"
"instagram","Instagram Africa Followers - [ AR30 - 100% Real ]","4.536","3.24","5","2000","wizsmm","fa3fca12-7c2a-4f99-a4db-36075aff7603"
"instagram","Instagram SPLIT Likes ➗ | Super-Fast ⚡️ | Last 500 posts [Enter Username]","0.448","0.32","50000","200000","wizsmm","f5d26642-2d0d-4981-a39c-44238c794bca"
"instagram","▷🇹🇷 Instagram Monthly Automatic Turkey Story Views","22.344","15.96","250","2000","wizsmm","f5ea58bf-55f8-4808-aa3b-22d9fa0cfbc7"
"instagram","Instagram Germany Female Story Views [ Real ]","8.47","6.05","30","100","wizsmm","f650bb13-57ee-426d-a81c-b5270827335e"
"instagram","Instagram Hong kong~Taiwan Female Followers","28.98","20.7","50","30000","wizsmm","f6516668-06f2-4889-b5a2-7e732b646d61"
"instagram","💎♂️🇰🇷 Instagram REAL Followers [ South Korea - Male ] [90 Days Auto-Refill] ⚡️","246.96","176.4","10","20000","wizsmm","f72471e5-c4c9-4dc5-89a3-a00df75e8dec"
"instagram","Korean Instagram Likes [Special] [Non-Drop] [Real Service]","7.56","5.4","25","1000","wizsmm","f767e358-7b81-410c-9a67-eb577c245b41"
"instagram","Instagram | Comments | English | Praise Comments for Women/Models Posts","14.742","10.53","10","200","wizsmm","f77303b7-cca5-412f-9158-04ccc435a2f3"
"instagram","Instagram Turkey Likes - [ AR30 - 100% Real ]","1.806","1.29","10","5000","wizsmm","f89613bb-9119-4b82-8d41-1f9e62d60e6a"
"instagram","🇮🇹 Instagram Italy Followers – [ Special ] [ Mixed ] [ Non-Drop ] [ Real Service ] NO REFILL","43.596","31.14","25","1000","wizsmm","fcaae77f-529d-4d21-b6d6-a3fa712491f2"
"instagram","Instagram Story Views [Italy]","6.048","4.32","10","3000","wizsmm","fcd4afb4-3440-45f3-beb9-d1e898c67367"
"instagram","Instagram | Comments | Korea | Praise Comments for Women/Models Posts","14.742","10.53","10","200","wizsmm","fdf2736d-38de-4875-a3f4-3fc4560542cd"
"instagram","Instagram | Comments | Extremely Fast | WW | Male | Random Positive | Emojis","11.466","8.19","10","100","wizsmm","fdf6d66b-a431-4121-a846-a5f06170973d"
"instagram","Instagram Custom Comments - [ Max - 20k ] [ REAL, 1k/day ] INSTANT","14.434","10.31","10","20000","wizsmm","ff8ac3db-e15f-4ccd-8556-cc3cee37869b"
"instagram","Instagram South Asia Followers (India, Pakistan, etc.) [ AR30 - 100% Real ]","4.536","3.24","5","2000","wizsmm","ff9a20bd-53d8-4e3a-be67-a8a096a3e6d8"
"instagram","Instagram Germany Female Likes + Impressions + Reach [ Real ]","27.874","19.91","10","100","wizsmm","fffe0960-466d-49f3-8f6e-aea6a2fe01f6"
