"platform","name","rate_per_1k","cost_per_1k","min_qty","max_qty","provider","id"
"tiktok","Tiktok Views [No Drop since 30 days] [30 Days Refill] [Instant]","0.112","0.08","100","100000000","smmwiz","07c79825-10c1-4416-b825-a164e4337072"
"tiktok","Tiktok Views [No Drop since 30 days] [No Refill] [Instant]","0.084","0.06","100","100000000","smmwiz","116f8b6a-6f73-47ee-9cb7-8b67d9ca2191"
"tiktok","TikTok Saves [Max: 20K] [Refill: 30 Days] [Start Time: 1 Hour] [Speed: 20K/Day] 💧♻️","0.014","0.01","50","10000000","smmwiz","19ae0b91-066a-4335-8a39-50a034c41836"
"tiktok","SEO TikTok Views and Likes from Search for all videos in the account ( put username )","14","10","50","20000","smmwiz","1e155436-0958-4962-a8aa-40e45f95893f"
"tiktok","Tiktok Followers [Super Real] [Refill: 30 Days] [50-100K/D] [0-1/H]","5.04","3.6","10","100000","smmwiz","1f11ad6b-b769-40ba-b5af-0fb1a004029a"
"tiktok","Tiktok Views [No Drop] [Lifetime Guaranteed] [1-5K/D] [0-24/H]","0.812","0.58","1000","10000000","smmwiz","28826e39-0442-47fc-8ab9-7f9a7f45da94"
"tiktok","1368 - Tiktok Comments [Real Russian] [Random Positive] [30 Days Refill] [500/D] [Instant]","17.388","12.42","10","160000","smmwiz","29c9b9c2-aaa3-464a-96d8-c908dc80bb38"
"tiktok","TIKTOK Real Humans Comments | Random | Active Accounts - Very Good Quality [No bots] | Gender: Both","17.5","12.5","1","200","smmwiz","2a140ae7-9b01-45c8-8a08-b9ffd9410960"
"tiktok","Tiktok Followers - [ Max - 1M ] [ 30k/day ] [.No Drop, 30 Days Refill ] INSTANT","5.446","3.89","10","1000000","smmwiz","2d8afac0-a23b-4836-8bf6-d03da78b9091"
"tiktok","TikTok Live Stream Pk Battle Points [ Daily 100K ] [ Instant Start ] [ Cancel Button ] [ Server 1 ]","0.252","0.18","100","2147483647","smmwiz","33acd225-5c58-4d91-b51b-0c4bae54de2b"
"tiktok","TikTok Views [Auto Refill Checker Every 1 Hour] [30 Days Refill Period]","0.21","0.15","100","100000000","smmwiz","39429063-efc6-41e7-992f-37cfe23da220"
"tiktok","3849 - Tiktok Comments [Emoji] [30 Days Refill] [2K/D] [Instant]","17.388","12.42","10","10000","smmwiz","3b903d81-2e89-41a8-83fa-3f3b0b36a650"
"tiktok","4871 - Tiktok Comment Likes","0.882","0.63","10","5000","smmwiz","423e392c-bf6d-4cc7-a58f-690c577a1141"
"tiktok","1365 - Tiktok Comments [Real] [Costum] [30 Days Refill] [500/D] [Instant]","17.388","12.42","10","160000","smmwiz","468e40f1-a29c-409a-8477-e66f05202c98"
"tiktok","Tiktok Likes [High Speed] [Cancel Enabled] [20-100K/D] [Instant]","0.21","0.15","10","100000","smmwiz","4e8bca0a-14e1-45f1-9ed0-f3b6b09354ca"
"tiktok","TikTok Likes | Real Accounts | Non Drop | Instant Start | Cancel Button | 🚀Daily 10K | ⚠️No Refill","0.336","0.24","10","100000","smmwiz","582a3bc4-2b16-4008-8f3d-e8d0528e0600"
"tiktok","Tiktok Likes [No Drop] [30 Days Refill] [50-100K/D] [Instant]","1.162","0.83","10","500000","smmwiz","61764e2a-a057-43c5-8b12-2a7118690731"
"tiktok","1369 - Tiktok Comments [Real Russian] [Random Neutral] [30 Days Refill] [500/D] [Instant]","17.388","12.42","10","160000","smmwiz","63b75759-1152-4c3d-82bd-223544db6699"
"tiktok","TikTok Likes - [ 1K/Day ] [ No Refill ] INSTANT","1.26","0.9","50","10000","smmwiz","6e3d01a8-072b-4efb-ab27-6931969c84e7"
"tiktok","5334 - Tiktok Comments [Costum] [Real] [World Wide] [200-500/D] [0-2/H]","14.49","10.35","10","20000","smmwiz","719da5b5-a93d-4b90-bc94-c4ec19c4fd0c"
"tiktok","Tiktok Likes [ Max - 500k ] [ 10k/day ] [ 15 Days Refill ] INSTANT","0.406","0.29","10","750000","smmwiz","80ba8a84-48ff-41e9-a68d-7a76be9043b9"
"tiktok","[GA4 Premium] 🚀 Organic Social | Influencer Flow | FB/IG/Tiktok Source","1.176","0.84","100","10000000","smmwiz","81b19b0e-fd73-4e5f-8ba8-a80d02225978"
"tiktok","TikTok Likes | Real Accounts | Non Drop | Instant Start | Cancel Button | 🚀Daily 10K | ♻️30 Days Refill","0.378","0.27","10","100000","smmwiz","7922ef68-e296-4d69-bde2-72f69472e8a6"
"tiktok","Tiktok Followers [Real People] [No Drop] [R30] [1-2K/D] [0-1/H]","48.72","34.8","10","5000","smmwiz","9432899c-8180-43db-89e0-c05bde6230af"
"tiktok","Tiktok Followers - [ Max - 500k ] [ 5k-10k/day ] [.High Quality - 30 Days Refill ] INSTANT","5.936","4.24","10","100000","smmwiz","9df794ee-d578-4e22-8556-6884891f8901"
"tiktok","TikTok Likes - [ 100K/Day ] [ Real, 30 Days Refill ] INSTANT","2.1","1.5","10","100000","smmwiz","a10c7500-693f-44fe-a3de-d7f7c8f52339"
"tiktok","NEW - Tiktok Likes [ Max - 500k ] [ 50-100k/day ] INSTANT","0.574","0.41","10","500000","smmwiz","a9eb50e6-329c-43a2-a6ef-233eb7468bf2"
"tiktok","TIKTOK Real Humans Comments | Random | Active Accounts - Very Good Quality [No bots] | Gender: Female","26.25","18.75","1","200","smmwiz","aa4c4329-5939-4d52-b819-aaa5c3cab757"
"tiktok","TikTok Shares [ Max Unlimited ] [ Daily 1M ] [ Instant Start ] [ Cancel Button ] [ ♻️30 Days ]","0.154","0.11","10","2147483647","smmwiz","b486652b-3db4-4a05-8a2e-3ba6364b7d3b"
"tiktok","TikTok Likes | 500K | Refill: 15 Days ♻️ | Instant | 0-10 Min | 50K/Day | HQ Real Profiles 🌍⚡","0.406","0.29","10","500000","smmwiz","b557b657-8b87-43e5-953a-945b9dfc29c3"
"tiktok","5333 - Tiktok Comments [Emoji] [Real] [World Wide] [200-500/D] [0-2/H]","7.728","5.52","10","20000","smmwiz","bcf2667d-759a-46c9-b661-791b44cd524e"
"tiktok","TikTok Saves - [ 100K/Day ] [ No Refill ] INSTANT","1.596","1.14","50","10000","smmwiz","bd446b07-0078-4be1-9d95-cb1b9df3f643"
"tiktok","TikTok Likes | 500K | Refill: 7 Days ♻️ | Instant | 0-10 Min | 50K/Day | HQ Real Profiles 🌍⚡","0.504","0.36","10","5000000","smmwiz","bf714d39-2bf9-4e0a-aeb2-cbc684007b36"
"tiktok","Tiktok Likes - ] [ 10k-20k ] 30 Days Refill ] INSTANT","0.56","0.4","10","100000","smmwiz","bfe20d88-30bf-4af8-8fd7-21dc22fad54f"
"tiktok","Tiktok Followers [Real] [Low Drop] [5-10K/D] [Instant]","6.104","4.36","10","100000","smmwiz","c718b747-3728-4d9f-9fe9-75f9890b87d0"
"tiktok","Tiktok Costum Comments [High Quality] [1K/D] [Instant]","67.2","48","5","10000","smmwiz","c87aa283-f4b6-414a-9ffb-14ec172a177a"
"tiktok","503 - Tiktok Comments [Random Positive] [High Quality] [500-1K/D] [Instant]","8.064","5.76","10","1000","smmwiz","cb6e995c-447a-47a5-bfe1-2d3e8bfc486b"
"tiktok","TikTok Views | Non Drop | Max Unlimited | Instant Start | Cancel Button | 🚀Daily 1M | ♻️30 Days Refill","0.084","0.06","100","2147482847","smmwiz","90f2961e-e34a-41a9-9d14-858d59c4e1a6"
"tiktok","Tiktok Costum Comments [30 Days Refill] [500-1K/D] [0-1/H]","16.128","11.52","10","10000","smmwiz","ce65c7ce-dbf5-4323-97d1-cd4efeb916c3"
"tiktok","TIKTOK Real Humans Comments | Random | Active Accounts - Very Good Quality [No bots] | Gender: Male","26.25","18.75","1","200","smmwiz","eec3bd57-5073-4cd8-8ed6-c8dfd35ae949"
"tiktok","TikTok Likes | 500K | Refill: 30 Days ♻️ | Instant | 0-10 Min | 50K/Day | HQ Real Profiles 🌍⚡","0.63","0.45","10","500000","smmwiz","ef3851c4-97e9-47c9-a335-90e200655546"
"tiktok","Tiktok Costum Comment [Real Active] [100/D] [0-1/H]","16.128","11.52","10","500","smmwiz","f21141ea-7e9f-466d-9d38-af925ae27f1f"
"tiktok","🇺🇸 USA Website Traffic [FB, IG, YT, X, Tiktok, Google, Reddit] [ [Max: 1M] [Start Time: 0-3 Hrs] [Speed: Up to 50K/D] 💧⛔","0.35","0.25","500","1000000","jap","01b1d32b-1997-4df9-838d-296842e60088"
"tiktok","🇮🇩 INDONESIA Website Traffic [FB, IG, YT, X, Tiktok, Google, Reddit] [ [Max: 1M] [Start Time: 0-3 Hrs] [Speed: Up to 50K/D] 💧⛔","0.35","0.25","500","1000000","jap","1bd3f82d-312b-4944-af28-8c1077de6023"
"tiktok","🇮🇳 INDIA Website Traffic [FB, IG, YT, X, Tiktok, Google, Reddit] [ [Max: 1M] [Start Time: 0-3 Hrs] [Speed: Up to 50K/D] 💧⛔","0.35","0.25","500","1000000","jap","442b3812-84c3-44b7-9104-d9f48ab1cc02"
"tiktok","🇬🇧 UK Website Traffic [FB, IG, YT, X, Tiktok, Google, Reddit] [ [Max: 1M] [Start Time: 0-3 Hrs] [Speed: Up to 50K/D] 💧⛔","0.35","0.25","500","1000000","jap","48405be1-7fad-4f21-b70c-117cae8d4c26"
"tiktok","🇧🇷 BRAZIL Website Traffic [FB, IG, YT, X, Tiktok, Google, Reddit] [ [Max: 1M] [Start Time: 0-3 Hrs] [Speed: Up to 50K/D] 💧⛔","0.35","0.25","500","1000000","jap","52c11f50-011b-4c98-9683-0a18f10477dd"
"tiktok","🌎 WW Website Traffic [FB, IG, YT, X, Tiktok, Google, Reddit] [ [Max: 1M] [Start Time: 0-3 Hrs] [Speed: Up to 50K/D] 💧⛔","0.35","0.25","500","1000000","jap","54d1e58b-2d4a-49e9-af12-8c7522c2a834"
"tiktok","🇹🇭 THAILAND Website Traffic [FB, IG, YT, X, Tiktok, Google, Reddit] [ [Max: 1M] [Start Time: 0-3 Hrs] [Speed: Up to 50K/D] 💧⛔","0.35","0.25","500","1000000","jap","66f87a06-3e2e-4b95-adbd-cab4e4b00b42"
"tiktok","🇻🇳 VIETNAM Website Traffic [FB, IG, YT, X, Tiktok, Google, Reddit] [ [Max: 1M] [Start Time: 0-3 Hrs] [Speed: Up to 50K/D] 💧⛔","0.35","0.25","500","1000000","jap","684cb6fe-13b9-4a14-94e0-736cfe18f9f1"
"tiktok","🇮🇳India Traffic from TikTok [Refill: No] [Max: 1M] [Start Time: 12 Hours] [Speed: 10K/Day]","0.245","0.175","88","88888888","jap","6f7922da-b215-4b66-bd97-ee006122690c"
"tiktok","🇩🇪 GERMANY Website Traffic [FB, IG, YT, X, Tiktok, Google, Reddit] [ [Max: 1M] [Start Time: 0-3 Hrs] [Speed: Up to 50K/D] 💧⛔","0.35","0.25","500","1000000","jap","8126c671-73ac-4d9e-a9b1-8a7ee9ebc683"
"tiktok","🇦🇺 AUSTRALIA Website Traffic [FB, IG, YT, X, Tiktok, Google, Reddit] [ [Max: 1M] [Start Time: 0-3 Hrs] [Speed: Up to 50K/D] 💧⛔","0.35","0.25","500","1000000","jap","86e3cc40-abdf-40d0-8f7c-811d44690273"
"tiktok","🇨🇦 CANADA Website Traffic [FB, IG, YT, X, Tiktok, Google, Reddit] [ [Max: 1M] [Start Time: 0-3 Hrs] [Speed: Up to 50K/D] 💧⛔","0.35","0.25","500","1000000","jap","893ccef4-5dbd-4c5b-909c-cef995c8c88b"
"tiktok","🇫🇷 FRANCE Website Traffic [FB, IG, YT, X, Tiktok, Google, Reddit] [ [Max: 1M] [Start Time: 0-3 Hrs] [Speed: Up to 50K/D] 💧⛔","0.35","0.25","500","1000000","jap","8fc8e3e2-d761-44f5-ba42-739afc8fe3a3"
"tiktok","🇰🇷 SOUTH KOREA Website Traffic [FB, IG, YT, X, Tiktok, Google, Reddit] [ [Max: 1M] [Start Time: 0-3 Hrs] [Speed: Up to 50K/D] 💧⛔","0.35","0.25","500","1000000","jap","a2a80414-8c4d-46e2-99b4-7fe2552706af"
"tiktok","TikTok Followers [Refill: Non Drop] [Max: 1K] [Start Time: 0 - 8 Hrs] [Speed: Up to 500/D] 💧","12.558","8.97","25","5000","jap","0172e14b-f5f2-4d65-8804-17a84958f3a1"
"tiktok","TikTok Views [Max: 30M] [Refill: No] [Start Time: 0-2 Hrs] [Speed: 5M/D] ⛔💧","0.049","0.035","50","2147483647","jap","05203e09-c7e2-4bb4-b46a-ad61474ba0db"
"tiktok","TikTok Views [Max: 30M] [Refill: 30D] [Start Time: 0-2 Hrs] [Speed: 5M/D] ⛔💧♻️","0.0801","0.0572","100","100000000","jap","053ced52-f04c-40f5-9993-9a33e23cd97c"
"tiktok","TikTok Followers [Refill: No] [Max: 15K] [Start Time: 0 - 2 Hrs] [Speed: Up to 15K/D] 💧⛔️","4.256","3.04","10","15000","jap","0550a8bb-31f8-431f-97ba-b9a63f88757e"
"tiktok","TikTok Followers [US/EU] [Mix Gender] [1K] [200/D] [0-1HR]","26.1625","18.6875","25","1000","jap","07bce2be-7fc1-40e9-a8fe-0f433eae1d60"
"tiktok","TikTok Followers [Low Drop] [Refill: No] [Max: 30K] [Start Time: 0 - 2 Hours] [Speed: 10K/Day] ⛔️💧","6.8141","4.8672","10","30000","jap","06cd3c8a-7f84-44d5-9eab-a372683a7a4f"
"tiktok","TikTok Views [10M] [Start Time: Instant] [Speed: 10M / Day] 🔥🔥","0.0875","0.0625","100","100000000","jap","07bbe9c5-e5e6-4593-9e45-8ea70a6d7003"
"tiktok","Tiktok View [10M] [Start Time: Instant] [Speed: 10M / Day] 🔥","0.084","0.06","100","100000000","jap","09053699-4c39-4fa9-a1a7-065a93e2a0dd"
"tiktok","TikTok LQ Followers [Refill: 30D] [Max: 10M] [Start Time: 0 - 3 Hrs] [Speed: Up to 100K/D] 💧⛔️♻️","4.116","2.94","10","500000","jap","09279186-00d1-49f0-bf99-2cefbc6bc568"
"tiktok","TikTok Livestream Views [Max: 200K] [Start Time: INSTANT] [Stay: 240 mins]","16.8","12","50","50000","jap","0c9d2b0c-604d-43c2-9349-f7ec0e4b1379"
"tiktok","TikTok Shares [Max: 10M] [Start Time: 0 - 1 Hr] [Refill: 365D] [Speed: Up to 80K/Day] 💧♻️","0.2352","0.168","10","217545811","jap","0db2780a-2325-4bd9-ab4a-682230a50aa2"
"tiktok","🇪🇬TikTok Views [Egypt] [Refill: No] [Max: 5M] [Start Time: 0-1 Hour] [Speed: 100K/Day]","0.2188","0.1563","100","500000000","jap","0e516a3f-bb00-4899-8313-93d205752d6c"
"tiktok","TikTok Followers [Max: 50K] [Refill: No] [Start Time: 0 - 1 Hour] [Speed: 3K/Day]","2.1","1.5","50","400000","jap","0ff28abc-205f-475e-b51a-2b91242e8350"
"tiktok","TikTok Followers [Low Drop] [Refill: No] [Max: 12K] [Start Time: 0 - 20 Hours] [Speed: 10K/Day] ⛔️💧","6.6248","4.732","10","12000","jap","12a2b6a4-bb6e-47f3-9ea2-af956411ae7c"
"tiktok","TikTok Likes [Refill: No] [Max: 50K] [Start Time: 0 - 1 Hr] [Speed: Up to 10K/D] 💧⛔️","0.1488","0.1063","10","500000","jap","14036d73-3367-4a9f-bf0d-ddd4cb3c12c4"
"tiktok","TikTok Story Views + Likes [Max: 100K] [Start Time: 0-1 Hr] [Speed: Up to 1K/D]💧⛔️","0.441","0.315","100","1000000","jap","156a28d1-75c5-47ae-984e-ab3ec55aea64"
"tiktok","TikTok HQ Likes [Refill: No] [Max: 500K] [Start Time: 0 - 1 Hr] [Speed: Up to 100K/D] 💧","0.42","0.3","10","500000","jap","15891143-b4c1-438a-8d8c-6266b033dda6"
"tiktok","TikTok Shares [Max: 1M] [Refill: No] [Start Time: 0 - 2 Hrs] [Speed: Up to 10K/D] 💧⛔","0.035","0.025","100","2147483628","jap","15aaf017-3745-48bb-8ffc-111b7c0ff7df"
"tiktok","🇧🇷 Tiktok Likes [BRAZIL] [Refill: No] [Max: 30K] [Start Time: 0-1 Hour] [Speed: 1K/Day] 💧⛔️","0.2433","0.1738","10","1000000","jap","18f4ae83-3e2c-4022-a60d-5adb25c9f6e0"
"tiktok","TikTok Followers [Refill: 7D] [Max: 500K] [Start Time: 0 - 2 Hours] [Speed: 50K/Day] 💧⛔️♻️","2.7902","1.993","10","200000","jap","18fc9874-2ed8-4997-af30-2b273ab0d2de"
"tiktok","TikTok Followers [Max: 1M] [Refill: 30D] [Start Time: 0 - 2 Hrs] [Speed: Up to 30K/D] 💧⛔♻️","2.975","2.125","10","10000000","jap","19a0c904-7fcb-4537-b270-752e3eba49ae"
"tiktok","TikTok Followers [Refill: No] [Max: 50K] [Start Time: 0 - 2 Hrs] [Speed: Up to 50K/D] 💧","2.24","1.6","50","250000","jap","1d9cd414-0b84-433f-973a-3e60d344ee38"
"tiktok","🇺🇾TikTok Views [Uruguay] [Refill: No] [Max: 5M] [Start Time: 0-1 Hour] [Speed: 100K/Day]","0.2188","0.1563","100","500000000","jap","1e7c424c-47cf-4621-ac87-e6ce02002ab7"
"tiktok","🇧🇷 Tiktok Followers [BRAZIL] [Refill: 30D] [Max: 50K] [Start Time: 1 Hour] [Speed: Up to 20K/Day] 💧⛔️","3.605","2.575","10","10000000","jap","1fa770cf-880f-4a06-bf15-f5090129c582"
"tiktok","Tiktok Followers [Refill: 30 Days] [Max: 30K] [Start Time: 6 Hours] [Speed: 5K/Day] ♻️","6.216","4.44","10","50000","jap","1fa9c58d-e864-4ee4-8819-5dfe9657166d"
"tiktok","TikTok Likes [Max: 10K] [Refill: 30 Days] [Start Time: 0 - 1 Hour] [Speed: 10K/Day]","0.693","0.495","10","100000","jap","20309db7-4b29-497b-9cd5-e6d3a1ee198d"
"tiktok","TikTok Followers [Refill: 30] [Max: 500K] [Start Time: 0 - 3 Hrs] [Speed: 5K/Day] 💧⛔️","7.2576","5.184","10","100000","jap","209e4303-9f9a-41a7-919b-4b878ac32d7d"
"tiktok","Tiktok Likes [Refill: 30 Days] [Max: 10K] [Start Time: 24 Hours] [Speed: 1K/Day] ♻️","0.504","0.36","10","100000","jap","20ac610d-f4c8-47e3-81c8-6f484220f2e3"
"tiktok","Tiktok Followers [Max: 75K] [Refill: 30Days] [Start Time: 0 - 6 Hours] [Speed:10K/Day]","5.04","3.6","10","50000","jap","2108b585-dd7a-481d-846d-ee11d228eb02"
"tiktok","TikTok HQ Followers [Max: 150K] [Refill: 365D] [Start Time: 0 - 1 Hr] [Speed: 15K/D] 💧⛔️","6.7725","4.8375","50","150000","jap","211982a0-4aef-49c9-9ab6-2da696b4c1fc"
"tiktok","TikTok Followers [Max: 5K] [Refill: No] [Start Time: 0 - 1 Hr] [Speed: Up to 5K/Day] ⛔💧","5.1975","3.7125","10","5000","jap","215b6cf2-e99f-4de6-928a-bf2a381817f8"
"tiktok","TikTok Followers [HQ] [Max: 1M] [Refill: No] [Start Time: 0 - 2 Hrs] [Speed: 50K/D] 💧","2.66","1.9","10","100000000","jap","2186167c-b4b0-4913-a730-3b7beb8a713f"
"tiktok","🇩🇪TikTok Views [Germany] [Refill: No] [Max: 5M] [Start Time: 0-1 Hour] [Speed: 100K/Day]","0.2188","0.1563","100","500000000","jap","22f3abab-738d-4fc2-adea-09f532ae79c2"
"tiktok","🇰🇪TikTok Views [Kenya] [Refill: No] [Max: 5M] [Start Time: 0-1 Hour] [Speed: 100K/Day]","0.2188","0.1563","100","500000000","jap","2334ba1e-5a86-4114-931f-9b9e84df9317"
"tiktok","🇴🇲TikTok Views [Oman] [Refill: No] [Max: 5M] [Start Time: 0-1 Hour] [Speed: 100K/Day]","0.2188","0.1563","100","500000000","jap","244df724-52ed-4441-aa01-1637e3b5f094"
"tiktok","TikTok Live Likes [Refill: No] [Max: 10M] [Start Time: 0 - 1 Hr] [Speed: Up to 100K/D] 💧","0.0263","0.0188","100","10000000","jap","24e1eae4-8c1b-4caf-a1d2-ff20d2534640"
"tiktok","🇮🇶TikTok Views [Iraq] [Refill: No] [Max: 5M] [Start Time: 0-1 Hour] [Speed: 100K/Day]","0.2188","0.1563","100","500000000","jap","24f05e54-8010-4ed1-9bb0-fa804d1c48bd"
"tiktok","TikTok Views [Max: 100M] [Refill: 30D] [Start Time: 0-2 Hrs] [Speed: 5M/D] ⛔💧","0.0801","0.0572","100","100000000","jap","254c0392-69b6-4c2f-a26f-df3cb7beae8a"
"tiktok","TikTok Followers [HQ] [Refill: 30D] [Max: 1M] [Start Time: 0 - 2 Hrs] [Speed: 50K/D] 💧⛔️♻️","3.85","2.75","10","1000000","jap","2561a325-e270-4010-b889-c9b8df57a846"
"tiktok","Tiktok Live Comments [RANDOM[Max: 5K] [Start Time: 0 - 1 Hr] [Speed: 5K/D]","1.225","0.875","10","5000","jap","25da1cee-a25c-4288-a76c-e58c48a89fb4"
"tiktok","TikTok Views [Max: 50M] [Refill: 365D] [Start Time: 0-2 Hours] [Speed: 5M/Day]💧","0.0963","0.0688","100","1000000000","jap","26033460-14d5-42d7-a549-888704c17fe3"
"tiktok","🇻🇪TikTok Views [Venezuela] [Refill: No] [Max: 5M] [Start Time: 0-1 Hour] [Speed: 100K/Day]","0.2188","0.1563","100","500000000","jap","267d3ef2-5f2e-44a6-9c96-e4fbd2fcbf4c"
"tiktok","TikTok Auto Shares [Max: 100K] [Refill: No] [Start Time: 0 - 2 Hrs] [Speed: 100K/D] 💧⛔","0.0525","0.0375","10","10000000","jap","26ae4262-5260-4d50-b379-7b1a4247d17d"
"tiktok","TikTok Views [Max: 100M] [Start Time: 0 - 6 Hours] [Speed: Super FAST]","0.0823","0.0588","100","2147483647","jap","28620e2e-8697-4119-9653-9c6bad0c0eef"
"tiktok","TikTok Livestream Views [Max: 20K] [Start Time: INSTANT] [Stay: 90 Mins]","20.79","14.85","10","300000","jap","286a4617-fee5-478f-897c-47fbfed141eb"
"tiktok","🇸🇦 TikTok Followers [Saudi Arabia] [Refill: No] [Start: 0 - 3 Hrs] [Speed: 100K/D] 💧⛔","3.3419","2.3871","10","100000000","jap","28968475-d07d-4405-8c70-5fdea617bbd7"
"tiktok","TikTok Likes + Views [Max: 100K] [Refill: 30 Days] [Start Time: 0 - 6 Hours] [Speed: 50K/Day]","0.6475","0.4625","100","100000","jap","28ab2011-d5f0-4671-9ae1-c9c7189421cc"
"tiktok","TikTok Emergency Views [Max: 10M] [Start Time: 1 Hour] [Speed: 500K/Day]","0.0735","0.0525","100","10000000","jap","2938fbe9-e91a-4a71-ad33-be53395d0071"
"tiktok","TikTok Auto Shares [Max: 10M] [Start Time: 0 - 2 Hrs] [Speed: 100K/D]","0.1575","0.1125","10","2147483647","jap","29936647-06c6-4126-82e7-897a6f2fc555"
"tiktok","TikTok Livestream Views [Max: 100K] [Start Time: INSTANT] [Stay: 90 mins]💧⛔","9.5725","6.8375","50","100000","jap","29c98879-af74-4e8d-b718-dc3fe64614ae"
"tiktok","TikTok Followers [Refill: 90D] [Max: 1M] [Start Time: 0 - 1 Hr] [Speed: 100K/D] 💧⛔️♻️","2.813","2.0093","10","1000000","jap","2aad4f4f-df61-4395-8c7b-6f2e804ae7f3"
"tiktok","TikTok Live Likes [Refill: No] [Max: 100M] [Start Time: 0 - 1 Hr] [Speed: Up to 500K/D] 💧","0.0315","0.0225","10","100000000","jap","2b7c44b1-cd54-4268-887f-06010293bf89"
"tiktok","TikTok Livestream Views [Max: 50K] [Start Time: INSTANT] [Stay: 60 mins]","6.3","4.5","100","100000","jap","2e68dc2f-0c11-4008-a96e-9c8a18f4a518"
"tiktok","Tiktok Likes [Refill: 1 Year] [Max: 10K] [Start Time: 4 Hours] [Speed: 150/Day]","0.9143","0.6531","10","2147483647","jap","320e09ba-ad98-469d-b91c-9c6d13cf2eb0"
"tiktok","TikTok Livestream Views [Max: 20K] [Start Time: INSTANT] [Stay: 240 mins]","25.2","18","10","5000","jap","325a4f50-c52d-42dd-934e-eb95d754d85e"
"tiktok","TikTok Followers [Refill: No] [Max: 1M] [Start Time: 0 - 2 Hrs] [Speed: Up to 10K/D] 💧⛔️","2.31","1.65","10","10000000","jap","38327e80-dd19-4296-828a-d6c49145af5e"
"tiktok","TikTok Live Likes [Refill: No] [Max: 1M] [Start Time: 0 - 1 Hr] [Speed: Up to 100K/D] 💧","0.0875","0.0625","100","2147483647","jap","38e0bb27-5b6b-4059-870e-12a850aaefcf"
"tiktok","TikTok Livestream Views [Max: 50K] [Start Time: INSTANT] [Stay: 15 mins]","1.575","1.125","100","100000","jap","38fbefe4-9f2f-47bf-9243-69d554947add"
"tiktok","TikTok Shares [Max: 2M] [Start Time: 0 - 1 Hr] [Speed: 500K/Day] 💧","0.105","0.075","10","10000000","jap","396030f3-f4eb-4762-956b-0ebee5be201d"
"tiktok","🇩🇴TikTok Views [Dominican Republic] [Refill: No] [Max: 5M] [Start Time: 0-1 Hour] [Speed: 100K/Day]","0.2188","0.1563","100","500000000","jap","3b179046-6c9e-4e2e-9046-3e871e314a92"
"tiktok","TikTok Followers [Refill: 30 Days] [Max: 200K] [Start Time: 0 - 1 Hour] [Speed: 20K/Day]💧","5.4425","3.8875","10","1000000","jap","3d0b1c53-b599-4d4c-8a92-815a2d75227c"
"tiktok","TikTok Likes [Refill: 30 Days] [Max: 40K] [Start Time: 1 Hour] [Speed: 5K/Day] 💧⛔️","0.5188","0.3706","10","2147483647","jap","3eeadfa3-f203-49fe-bb6b-aa2a60529751"
"tiktok","🇧🇷 TikTok Likes [BRAZIL] [Refill: 365D] [Max: 100K] [Start Time: 0 - 1 Hr] [Speed: 50K/D] 💧 ⛔️ ♻️","0.896","0.64","10","100000","jap","4312c2ba-5362-43ea-994e-bafa54620223"
"tiktok","TikTok Followers [Max: 50K] [Refill: No] [Start Time: 0 - 1 Hr] [Speed: 10K/D] 💧⛔️","2.9225","2.0875","10","10000000","jap","43478f07-e5bf-4172-a500-116cb9c23dd0"
"tiktok","🇬🇾TikTok Views [Guyana] [Refill: No] [Max: 5M] [Start Time: 0-1 Hour] [Speed: 100K/Day]","0.2188","0.1563","100","500000000","jap","4399c890-7d25-424f-97b0-d28fe6586cf4"
"tiktok","TikTok Views [Max: 10M] [Start Time: 0-1 Hour] [Speed: 10M/Day]💧","0.0805","0.0575","100","100000000","jap","44a827e5-3585-40c5-a803-f0d5984d67e4"
"tiktok","🇳🇵TikTok Views [Nepal] [Refill: No] [Max: 5M] [Start Time: 0-1 Hour] [Speed: 100K/Day]","0.2188","0.1563","100","500000000","jap","44cdead0-4d8a-40d5-91f5-27f43cf21f8d"
"tiktok","TikTok Auto Likes [HQ] [Refill: 30D] [Max: 1M] [Start Time: 0 - 1 Hr] [Speed: Up to 10K/D] 💧⛔️","0.3675","0.2625","10","100000","jap","46b00de5-baf7-46d7-8b54-543f6b5883b9"
"tiktok","🇧🇷 TikTok Likes [BRAZIL] [Refill: 30D] [Max: 100K] [Start Time: 0 - 1 Hr] [Speed: 50K/D] 💧 ⛔️ ♻️","0.7448","0.532","10","100000","jap","47e56f53-b770-415e-a83d-c5a5477a41e8"
"tiktok","TikTok Livestream Views [Max: 50K] [Start Time: INSTANT] [Stay: 240 mins]","25.2","18","100","100000","jap","48112c25-9e88-4bed-a357-f8c51c66dcd1"
"tiktok","TikTok Views [Max: 100M] [Start Time: 0-2 Hours] [Speed: 1M/Day]💧","0.0855","0.0611","100","2147483647","jap","4835808a-6f16-406c-8c84-dace11f2f9e9"
"tiktok","TikTok Auto Likes [HQ] [Refill: 30D] [Max: 1M] [Start Time: 0 - 1 Hr] [Speed: Up to 10K/D] 💧⛔️","0.3675","0.2625","10","100000","jap","486f27b1-1951-4963-a199-dd26aa6bdd27"
"tiktok","🇷🇺TikTok Views [Russian] [Refill: No] [Max: 5M] [Start Time: 0-1 Hour] [Speed: 100K/Day]","0.2188","0.1563","100","500000000","jap","4979da61-9d6a-4eb5-b6b5-609950338661"
"tiktok","Tiktok Video Shares [Refill: 30 Days] [Max: 100k] [Start Time: 0-1 Hour] [Speed: 100K/Day] 🔥🔥 ♻️","0.42","0.3","10","10000000","jap","49d191ff-e076-4ae9-84cf-426bb7e2f36a"
"tiktok","TikTok Likes [BR 🇧🇷] [Refill: No] [Max: 100K] [Start Time: 0 - 1 Hr] [Speed: Up to 10K/D] 💧⛔️","0.14","0.1","10","1000000","jap","4bed8dba-275e-4900-b2e8-4359f05bab47"
"tiktok","TikTok HQ Followers [Refill: 365D] [Max: 1M] [Start Time: 0 - 3 Hrs] [Speed: 50K/D] 💧⛔️♻️","8.05","5.75","10","1000000","jap","4c3c737a-19a6-4596-98b4-1dd3b32c8cb8"
"tiktok","🇧🇷 TikTok Likes [BRAZIL] [Refill: 30 D] [Max: 100K] [Start Time: 1 Hr] [Speed: 20K/D] ♻️💧⛔️","0.49","0.35","10","100000","jap","4d0531be-c2b7-4ae2-8ad3-d5a8043daa51"
"tiktok","🇭🇳TikTok Views [Honduras] [Refill: No] [Max: 5M] [Start Time: 0-1 Hour] [Speed: 100K/Day]","0.2188","0.1563","100","500000000","jap","572b1f28-d551-4b18-849b-fe2fd4fa8c7c"
"tiktok","🇹🇷 TikTok Likes [Turkey] [Max: 1K] [Refill: 30 Days] [Start Time: 0 - 1 Hour] [Speed: 1K/Day]","1.1025","0.7875","10","30000","jap","5c0f1b77-367a-4e34-a909-6633262330a2"
"tiktok","🇵🇬TikTok Views [Papua] [Refill: No] [Max: 5M] [Start Time: 0-1 Hour] [Speed: 100K/Day]","0.2188","0.1563","100","500000000","jap","5c94858b-2380-47b3-8585-4057425d44e5"
"tiktok","TikTok HQ Followers [Refill: No] [Max: 1M] [Start Time: 0 - 3 Hrs] [Speed: 50K/D] 💧⛔️","5.88","4.2","10","500000","jap","5cb0ca21-9bc3-47b2-ba7c-0125f0bc4444"
"tiktok","TikTok Followers [ARAB] [Refill: 30D] [Start: 0 - 2 Hrs] [Speed: 100K/D] 💧⛔♻️","2.59","1.85","5","100000","jap","5fac9532-6deb-487b-a898-13a2d69d12c7"
"tiktok","TikTok Followers [Max: 100K] [Refill: No Refill] [Start Time: 0 - 1 Hour] [Speed: 2K/Day] 💧⛔","3.6119","2.5799","100","100000","jap","618c6981-66c4-48a0-868c-9c09cc41e15e"
"tiktok","TikTok Followers [LQ] [Refill: No] [Max: 1M] [Start Time: 0 - 3 Hrs] [Speed: 100K/Day] 💧⛔️","10.29","7.35","10","500000","jap","62f786bb-13c5-463e-bf97-e589012686c3"
"tiktok","TikTok Likes [Refill: 30D] [Max: 500K] [Start Time: 0 - 1 Hr] [Speed: Up to 100K/D] 💧⛔️♻️","0.5775","0.4125","10","500000","jap","67d18068-b088-42d1-bc9f-b6e2cc726348"
"tiktok","Tiktok Likes [HQ] [Refill: 30D] [Max: 100K] [Start Time: 0-3 Hrs] [Speed: 15K/D] 💧⛔","1.05","0.75","10","1000000","jap","687f1baa-120b-4b03-b804-4b2ae88f2b17"
"tiktok","TikTok Views [Max: 30M] [Refill: 30D] [Start Time: 0-2 Hrs] [Speed: 10M/D] 💧♻️","0.0756","0.054","100","100000000","jap","6a9417f3-ecf7-4964-af9b-0c1d732ef98b"
"tiktok","TikTok Likes [Refill: No] [Max: 100K] [Start Time: 0 - 1 Hr] [Speed: Up to 50K/D] 💧⛔️","0.1575","0.1125","10","50000","jap","6a9a5e72-5d31-4f38-b803-0d07ad4fbcc6"
"tiktok","TikTok Likes [SUPER HQ] [Start Time: 0 - 1 Hour] [Refill: 365 Days] [Max: 100K] [Speed: 5K/Day] 🔥🧨","3.416","2.44","10","100000","jap","6bb4fe95-3de7-48f4-a601-247cbeb41118"
"tiktok","🇿🇲TikTok Views [Zambia] [Refill: No] [Max: 5M] [Start Time: 0-1 Hour] [Speed: 100K/Day]","0.2188","0.1563","100","500000000","jap","6bce2629-f788-4f21-a522-6f4d9fdd5e05"
"tiktok","TikTok Likes [Refill: 15D] [Max: 500K] [Start Time: 0 - 1 Hr] [Speed: Up to 50K/D] 💧⛔️♻️","0.42","0.3","10","500000","jap","6c34efd7-e88f-41d2-9ca3-dbd3fb3c0b06"
"tiktok","🇱🇹TikTok Views [Lithuania] [Refill: No] [Max: 5M] [Start Time: 0-1 Hour] [Speed: 100K/Day]","0.2188","0.1563","100","500000000","jap","6d36a38d-6199-4c51-8854-fcfc95d1080a"
"tiktok","TikTok Likes [Max: 10K] [Start Time: 0 - 1 Hour] [Speed: 5K/Day] [Refill: 30 Days]","0.4717","0.3369","10","2147483647","jap","75c7ed65-5828-42ef-89f8-49d9fe65670c"
"tiktok","TikTok Saves [Max: 100K] [Refill: 30D] [Start Time: 0 - 1 Hr] [Speed: 50K/Day] 💧","0.014","0.01","10","100000000","jap","7626766c-194b-4e80-8738-eb397e55c8a3"
"tiktok","🇮🇩TikTok Views [Indonesia] [Refill: 30Days] [Max: 5M] [Start Time: 0-1 Hour] [Speed: 100K/Day]","0.2625","0.1875","100","500000000","jap","762c15b4-0e22-4027-8e20-7d5db129a961"
"tiktok","TikTok Likes [Max: 50K] [Refill: 30D] [Start Time: 0 - 1 Hour] [Speed: 10K/Day]","0.525","0.375","10","1000000","jap","7808231a-e826-46b7-93c8-96f5d08c2b74"
"tiktok","🇮🇸TikTok Views [Iceland] [Refill: No] [Max: 5M] [Start Time: 0-1 Hour] [Speed: 100K/Day]","0.2188","0.1563","100","500000000","jap","78fc90df-24cc-4850-bf48-c5af72f53fd9"
"tiktok","TikTok Story Views + Likes [NO DROP] [Max: 1k ] [Start Time: 0-1 Hour] [Speed: 1K/Day]","0.4375","0.3125","10","10000000","jap","40dd2d15-34ac-429f-98ee-41a53e9a25af"
"tiktok","TikTok Saves [Max: 10M] [Refill: 30D] [Start Time: 0 - 2 Hrs] [Speed: 100K/D] 💧⛔","0.105","0.075","10","10000000","jap","7c3b8ac6-aa7e-4c7a-a570-a1cfa8f12e0e"
"tiktok","🇬🇷TikTok Views [Greece] [Refill: No] [Max: 5M] [Start Time: 0-1 Hour] [Speed: 100K/Day]","0.2188","0.1563","100","500000000","jap","7cacf47c-dc1c-4c8e-a2d5-d10ae3b89681"
"tiktok","Tiktok Comments [EMOJI] [Max: 100M] [Refill: 30D] [Start Time: 0-2 Hrs] [Speed: Up to 35k/Day] 💧♻️","1.4","1","10","10000000","jap","7e9f26ac-d955-4446-bf28-786b3501b544"
"tiktok","TikTok Followers [Max: 30K] [Refill: 30 Days ] [Start Time: 0-1 Hour] [Speed: 3K/Day]","15.7696","11.264","10","50000","jap","7edd904e-bbcc-4846-9358-e85324fab892"
"tiktok","Tiktok Likes [1K] [NO DROP] [1H - 1K/Day]","10.0625","7.1875","25","1000","jap","d875817f-81f0-497d-b266-a8061b1eea70"
"tiktok","🇵🇹TikTok Views [Portugal] [Refill: No] [Max: 5M] [Start Time: 0-1 Hour] [Speed: 100K/Day]","0.2188","0.1563","100","500000000","jap","80140528-3e3f-42bf-a748-27a1c601d140"
"tiktok","TikTok Followers [Refill: 30 Days] [Max: 200K] [Start Time: 0-1 Hour] [Speed: 50K/Day]","3.2855","2.3468","100","100000","jap","80d28cdb-9c1a-48c9-b97f-595a9b71776e"
"tiktok","TikTok Likes [Refill: 30 Days] [Max: 4K] [Start Time: 1 Hour] [Speed: 5K/Day] ♻️","2.625","1.875","50","50000","jap","77ee0be0-f31e-407e-8a06-02750ccaa351"
"tiktok","TikTok Likes [Refill: No] [Max: 2K] [Start Time: 0 - 1 Hour] [Speed: 1K/Day] 🔥","2.625","1.875","50","50000","jap","ae9fdb14-1887-4266-b957-39c4f77990fc"
"tiktok","🇷🇺TikTok Likes [40K] [Russia] [Refill: 30 Days] [Start Time: 0 - 1 Hour] [Speed: 100/Day]","7","5","50","40000","jap","e522ec1a-f529-4cc9-9f44-671b5f1b7445"
"tiktok","🇺🇦TikTok Likes [10K] [Ukraine] [Refill: 30 Days] [Start Time: 0 - 1 Hour] [Speed: 100/Day]","7","5","50","10000","jap","f0d6ed38-f174-4266-95c5-88eb6bc7ada0"
"tiktok","Tiktok Likes [Refill: 30 Days] [Max: 10K] [Start Time: 1 Hour] [Speed: 200/Day] ♻️","8.75","6.25","50","160000","jap","1f4500f1-db23-4359-ac62-f176cbf57943"
"tiktok","TikTok Followers [Max: 100K] [Refill: NO REFILL] [Start Time: 0 - 1 Hr] [Speed: 25K/D] ♻️ ⛔ 💧","3.1325","2.2375","10","1000000","jap","825d8c09-0e20-4903-a8e5-74adf29fd9a9"
"tiktok","TikTok Followers [Refill: 30D] [Start Time: 0 - 1 Hr]  [Speed: 3k/D] 💧⛔️","1.75","1.25","10","100000000","jap","a44c242e-e415-4ad3-9038-7a7ecebf06b9"
"tiktok","TikTok Followers [Refill: No] [Start Time: 0 - 1 Hr]  [Speed: 20k/D] 💧","2.9039","2.0742","10","1000000","jap","83144740-de27-45a6-83c5-b494e9689298"
"tiktok","TikTok Followers [Refill: 30][Start Time: 0-2Hours] [Speed: 500-1000/Day]","1.75","1.25","5","30000","jap","3d1f4754-c8d8-4fa5-b622-396f1333d94f"
"tiktok","TikTok Auto Likes [Max: 100K] [Refill: No] [Start Time: 0 - 6 Hours] [Speed: 5K/Day]","0.2625","0.1875","50","100000","jap","83444f11-a22d-425b-81e9-90e14795476b"
"tiktok","TikTok Followers [HQ] [Refill: 30D] [Max: 10M] [Start Time: 0 - 2 Hrs] [Speed: Up to 5K/D] 💧⛔️♻️","2.625","1.875","10","10000000","jap","7405c8d5-8d60-40a0-a333-8b3115410f20"
"tiktok","🇧🇷 TikTok Likes [BRAZIL] [Refill: 90 Days] [Max: 50K] [Start Time: 0 - 1 Hour] [Speed: 10K/Day]","0.56","0.4","10","100000","jap","839649c0-4a83-4ada-94a3-4aacb6edaae9"
"tiktok","TikTok LQ Followers [Refill: 30D] [Max: 10M] [Start Time: 0 - 3 Hrs] [Speed: 50K/D] 💧⛔️♻️","5.25","3.75","10","5000","jap","be7b6496-6cb0-4d40-824b-8f8dee3a0204"
"tiktok","TikTok HQ Followers [Refill: 30D] [Max: 1M] [Start Time: 0 - 3 Hrs] [Speed: 50K/D] 💧⛔️♻️","7.875","5.625","10","10000000","jap","0753a955-840a-4269-873a-f1fc10e00899"
"tiktok","TikTok Views [Max: 10M] [Start Time: 1 Hour] [Speed: SUPER FAST]","0.105","0.075","100","100000000","jap","c52d54d1-42ba-46d5-82ac-6cf55a2d5231"
"tiktok","Tiktok Followers [Refill: 30] [Max: 10K] [Start Time: 1 Hour] [Speed: Up to 25K/Day] 💧⛔️","3.9375","2.8125","10","10000000","jap","8614f24a-0f50-4c6e-af0f-bac7ed04bcb0"
"tiktok","TikTok Followers [Refill: No] [Max: 1M] [Start Time: 0 - 1 Hr] [Speed: 100K/D] 💧⛔️","1.9256","1.3754","10","1000000","jap","88da7003-7efe-4ed4-8776-4eed66443109"
"tiktok","TikTok Followers [SUPER HQ] [Max: 20K] [Refill: 30D] [Start Time: 0 - 1 Hour] [Speed: 20K/Day]💧","8.75","6.25","5","100000","jap","8c9417a8-7c9f-4388-86c0-cc1a6b61fa41"
"tiktok","TikTok Comments [RANDOM EMOJI] [Refill: No] [Max: 50K] [Start Time: 0-1 Hr] [Speed: 50K/D]","1.575","1.125","10","50000","jap","88df78ab-38d6-4509-b079-f4110f984718"
"tiktok","TikTok Followers [Refill: 30 Days] [Max: 40K] [Start Time: 0 - 6 Hours] [Speed: 10K/Day] 💧","7.7875","5.5625","10","400000","jap","891f2386-e092-40d8-a158-3eed9622a7ad"
"tiktok","🇬🇶TikTok Views [Equatorial Guinea] [Refill: No] [Max: 5M] [Start Time: 0-1 Hour] [Speed: 100K/Day]","0.2188","0.1563","100","500000000","jap","89277a82-85b8-47a9-8419-65e1095bf036"
"tiktok","🇧🇷 Tiktok Followers [BRAZIL] [Refill: No] [Max: 50K] [Start Time: 1 Hour] [Speed: Up to 20K/Day] 💧⛔️","3.5","2.5","10","10000000","jap","68f87449-251d-4d60-a5bd-527c9ffa8db2"
"tiktok","🇻🇳 TikTok Followers [VIETNAM] [Refill: 15 Days] [Max: 4K] [Start Time: 0 - 6 Hours] [Speed: 4K/Day] 💧","2.625","1.875","100","20000","jap","bf09d2ed-dd24-4aac-a73e-22ad264a4e64"
"tiktok","🇷🇺TikTok Followers [40K] [Russia] [Refill: 30 Days] [Start Time: 0 - 1 Hour] [Speed: 100/Day]","12.25","8.75","50","40000","jap","6373c1fe-4680-43be-9bdc-128a29beac3b"
"tiktok","🇺🇦 TikTok Followers [10K] [Ukraine] [Refill: 30 Days] [Start Time: 0 - 1 Hour] [Speed: 100/Day]","12.25","8.75","50","10000","jap","1c61c6d1-6ad3-45e5-952d-c4b2b54d2ec4"
"tiktok","🇵🇰 TikTok Followers [Pakistan] [Refill: No] [Start: 0 - 3 Hrs] [Speed: 50K/D] 💧⛔","5.25","3.75","10","500000","jap","b828bb03-9d98-4820-9c69-a3c1a757abaf"
"tiktok","TikTok Views [ARAB] [Refill: 365D] [Max: 5M] [Start Time: 0-1 Hour] [Speed: 1M/D] 💧♻️","0.4375","0.3125","100","2147483628","jap","d8b74997-1933-4145-90c4-d46f08d32604"
"tiktok","TikTok Views [BRAZIL 🇧🇷] [Refill: 365D] [Max: 5M] [Start Time: 0-1 Hour] [Speed: 1M/D] 💧♻️","0.4375","0.3125","100","2147483628","jap","49a09ac2-d78b-4cbf-9546-46f0e0031c7f"
"tiktok","TikTok Views [CHINA 🇨🇳] [Refill: 365D] [Max: 5M] [Start Time: 0-1 Hour] [Speed: 1M/D] 💧♻️","0.4375","0.3125","100","2147483628","jap","3661fbcb-0cbb-42fb-a96f-12936890f073"
"tiktok","TikTok Views [GERMANY 🇩🇪] [Refill: 365D] [Max: 5M] [Start Time: 0-1 Hour] [Speed: 1M/D] 💧♻️","0.4375","0.3125","100","2147483628","jap","4c7bdad7-cdad-4078-8b66-d7884ec74bcf"
"tiktok","TikTok Views [UK 🇬🇧] [Refill: 365D] [Max: 5M] [Start Time: 0-1 Hour] [Speed: 1M/D] 💧♻️","0.4375","0.3125","100","2147483628","jap","93cb32ba-cbeb-4f81-8310-3e489216e21c"
"tiktok","TikTok Views [INDIA 🇮🇳] [Refill: 365D] [Max: 5M] [Start Time: 0-1 Hour] [Speed: 1M/D] 💧♻️","0.4375","0.3125","100","2147483628","jap","899a966e-25db-40e6-b730-be74c6fd7cf2"
"tiktok","TikTok Views [JAPAN 🇯🇵] [Refill: 365D] [Max: 5M] [Start Time: 0-1 Hour] [Speed: 1M/D] 💧♻️","0.4375","0.3125","100","2147483628","jap","15c1126b-5bde-4bcc-8ef8-b72eab9673e2"
"tiktok","TikTok Views [RUSSIA 🇷🇺] [Refill: 365D] [Max: 5M] [Start Time: 0-1 Hour] [Speed: 1M/D] 💧♻️","0.4375","0.3125","100","2147483628","jap","bccf56ce-c83e-4572-8337-c1c18c4a8435"
"tiktok","🇺🇸TikTok Views [United States] [Refill: No] [Max: 5M] [Start Time: 0-1 Hour] [Speed: 100K/Day]","0.875","0.625","100","500000000","jap","0159d540-85a9-46b9-bcb1-46aa758b494c"
"tiktok","🇦🇩TikTok Views [Andorra] [Refill: No] [Max: 5M] [Start Time: 0-1 Hour] [Speed: 100K/Day]","0.875","0.625","100","500000000","jap","a55a92c0-eb2b-4a53-9838-badbf39f0523"
"tiktok","🇦🇴TikTok Views [Angola] [Refill: No] [Max: 5M] [Start Time: 0-1 Hour] [Speed: 100K/Day]","0.875","0.625","100","500000000","jap","f1df7250-99ea-4f42-9bcf-7423d5289955"
"tiktok","🇦🇶TikTok Views [Antarctica] [Refill: No] [Max: 5M] [Start Time: 0-1 Hour] [Speed: 100K/Day]","0.875","0.625","100","500000000","jap","d66c6fa0-2a5c-4214-801b-6212261416b2"
"tiktok","Tiktok Views [No Drop Since 30 days] [30 Days Refill] [Instant]","0.098","0.07","100","100000000","smmwiz","038c6fb8-8766-45bf-907f-9531a0554e88"
"tiktok","🇦🇲TikTok Views [Armenia] [Refill: No] [Max: 5M] [Start Time: 0-1 Hour] [Speed: 100K/Day]","0.875","0.625","100","500000000","jap","a3e4ab46-9cb1-4155-8ddf-34f9ace1320e"
"tiktok","🇦🇼TikTok Views [Aruba] [Refill: No] [Max: 5M] [Start Time: 0-1 Hour] [Speed: 100K/Day]","0.875","0.625","100","500000000","jap","e61bf6ef-8c45-461c-b90e-9580e1e90d77"
"tiktok","🇦🇺TikTok Views [Australia] [Refill: No] [Max: 5M] [Start Time: 0-1 Hour] [Speed: 100K/Day]","0.875","0.625","100","500000000","jap","e2ffb492-cdb8-46bb-8973-db486f6dd9fd"
"tiktok","🇦🇿TikTok Views [Azerbaijan] [Refill: No] [Max: 5M] [Start Time: 0-1 Hour] [Speed: 100K/Day]","0.875","0.625","100","500000000","jap","566b3c50-c03f-48eb-8fe0-d6622f624343"
"tiktok","🇧🇸TikTok Views [Bahamas] [Refill: No] [Max: 5M] [Start Time: 0-1 Hour] [Speed: 100K/Day]","0.875","0.625","100","500000000","jap","57317590-8e97-4c17-9ed3-7f8db7266e9c"
"tiktok","🇧🇭TikTok Views [Bahrain] [Refill: No] [Max: 5M] [Start Time: 0-1 Hour] [Speed: 100K/Day]","0.875","0.625","100","500000000","jap","085a7427-f163-4299-b7c5-e3c3c8e00269"
"tiktok","🇧🇩TikTok Views [Bangladesh] [Refill: No] [Max: 5M] [Start Time: 0-1 Hour] [Speed: 100K/Day]","0.875","0.625","100","500000000","jap","bdfbf36d-9490-4ca8-aeca-b3ba52d02288"
"tiktok","🇧🇧TikTok Views [Barbados] [Refill: No] [Max: 5M] [Start Time: 0-1 Hour] [Speed: 100K/Day]","0.875","0.625","100","500000000","jap","7e0a9c81-5a16-426b-b709-a480f1db0ca1"
"tiktok","🇧🇾TikTok Views [Belarus] [Refill: No] [Max: 5M] [Start Time: 0-1 Hour] [Speed: 100K/Day]","0.875","0.625","100","500000000","jap","8c9e2f29-e13d-48dd-a8e9-9b4a1bd29148"
"tiktok","🇧🇪TikTok Views [Belgium] [Refill: No] [Max: 5M] [Start Time: 0-1 Hour] [Speed: 100K/Day]","0.875","0.625","100","500000000","jap","5d27a787-d849-487e-b356-6291a79d6283"
"tiktok","🇧🇿TikTok Views [Belize] [Refill: No] [Max: 5M] [Start Time: 0-1 Hour] [Speed: 100K/Day]","0.875","0.625","100","500000000","jap","34a69324-80d6-454c-8dab-d927aef055a5"
"tiktok","🇧🇯TikTok Views [Benin] [Refill: No] [Max: 5M] [Start Time: 0-1 Hour] [Speed: 100K/Day]","0.875","0.625","100","500000000","jap","a44093a1-e84d-4570-8bd2-dae38b0a4b7b"
"tiktok","🇧🇲TikTok Views [Bermuda] [Refill: No] [Max: 5M] [Start Time: 0-1 Hour] [Speed: 100K/Day]","0.875","0.625","100","500000000","jap","c99b0f73-9400-443f-9b73-680f0f696734"
"tiktok","🇧🇹TikTok Views [Bhutan] [Refill: No] [Max: 5M] [Start Time: 0-1 Hour] [Speed: 100K/Day]","0.875","0.625","100","500000000","jap","5fc03253-96b9-46fd-b533-4e1fc4940d33"
"tiktok","🇧🇴TikTok Views [Bolivya] [Refill: No] [Max: 5M] [Start Time: 0-1 Hour] [Speed: 100K/Day]","0.875","0.625","100","500000000","jap","0a43be0b-2afe-4e9d-9d5c-7e42d3a11532"
"tiktok","🇧🇦TikTok Views [Bosnia] [Refill: No] [Max: 5M] [Start Time: 0-1 Hour] [Speed: 100K/Day]","0.875","0.625","100","500000000","jap","83aa9869-6f25-4a7d-b471-2c834e00d230"
"tiktok","🇧🇼TikTok Views [Botswana] [Refill: No] [Max: 5M] [Start Time: 0-1 Hour] [Speed: 100K/Day]","0.875","0.625","100","500000000","jap","0bf54cb1-a2dc-47cb-b6aa-f05c57c434b8"
"tiktok","🇳🇴TikTok Views [Bouvé] [Refill: No] [Max: 5M] [Start Time: 0-1 Hour] [Speed: 100K/Day]","0.875","0.625","100","500000000","jap","d09e218e-04bf-45ba-b866-269429706644"
"tiktok","🇧🇷TikTok Views [Brazil] [Refill: No] [Max: 5M] [Start Time: 0-1 Hour] [Speed: 100K/Day]","0.875","0.625","100","500000000","jap","3b7e2803-eb32-4453-98eb-e1103857d4a0"
"tiktok","🇬🇧TikTok Views [UK] [Refill: No] [Max: 5M] [Start Time: 0-1 Hour] [Speed: 100K/Day]","0.875","0.625","100","500000000","jap","b5315a2a-2fce-46a3-9e33-812411508f5a"
"tiktok","🇬🇧TikTok Views [BRITISH] [Refill: No] [Max: 5M] [Start Time: 0-1 Hour] [Speed: 100K/Day]","0.875","0.625","100","500000000","jap","21167325-efbf-48b1-90f1-d8e8ec64876b"
"tiktok","🇧🇬TikTok Views [Bulgaria] [Refill: No] [Max: 5M] [Start Time: 0-1 Hour] [Speed: 100K/Day]","0.875","0.625","100","500000000","jap","a02ea622-2c73-4172-843a-c4bd18663b2e"
"tiktok","🇧🇫TikTok Views [Burkina Faso] [Refill: No] [Max: 5M] [Start Time: 0-1 Hour] [Speed: 100K/Day]","0.875","0.625","100","500000000","jap","8e2cfd5b-62cc-439a-8e0b-c1be07f9e50f"
"tiktok","🇰🇭TikTok Views [Cambodia] [Refill: No] [Max: 5M] [Start Time: 0-1 Hour] [Speed: 100K/Day]","0.875","0.625","100","500000000","jap","c5e622ce-205f-412b-9926-7673c77bac6e"
"tiktok","🇨🇲TikTok Views [Cameroon] [Refill: No] [Max: 5M] [Start Time: 0-1 Hour] [Speed: 100K/Day]","0.875","0.625","100","500000000","jap","59980250-7ec6-4f2c-b7ea-d72fe16f5d78"
"tiktok","🇨🇦TikTok Views [Canada] [Refill: No] [Max: 5M] [Start Time: 0-1 Hour] [Speed: 100K/Day]","0.875","0.625","100","500000000","jap","84bed987-776c-4de2-88a6-3037672a6fa9"
"tiktok","🇨🇻TikTok Views [Cape Verde] [Refill: No] [Max: 5M] [Start Time: 0-1 Hour] [Speed: 100K/Day]","0.875","0.625","100","500000000","jap","98115dca-0dbd-490a-b82e-a914be045c16"
"tiktok","🇰🇾TikTok Views [Cayman Islands] [Refill: No] [Max: 5M] [Start Time: 0-1 Hour] [Speed: 100K/Day]","0.875","0.625","100","500000000","jap","86174c0b-5244-455b-8e5c-05123aca92e2"
"tiktok","TikTok Views [Africa] [Refill: No] [Max: 5M] [Start Time: 0-1 Hour] [Speed: 100K/Day]","0.875","0.625","100","500000000","jap","3222e823-1e85-42df-a65d-711ef5065007"
"tiktok","🇹🇩TikTok Views [Chad] [Refill: No] [Max: 5M] [Start Time: 0-1 Hour] [Speed: 100K/Day]","0.875","0.625","100","500000000","jap","5cc2847e-db09-4856-ba5f-0dd8dd7e2279"
"tiktok","🇨🇱TikTok Views [Chile] [Refill: No] [Max: 5M] [Start Time: 0-1 Hour] [Speed: 100K/Day]","0.875","0.625","100","500000000","jap","051963df-087d-4212-9168-7e8a499ca28d"
"tiktok","🇨🇳TikTok Views [China] [Refill: No] [Max: 5M] [Start Time: 0-1 Hour] [Speed: 100K/Day]","0.875","0.625","100","500000000","jap","8126f8ad-21bd-4f90-b6e1-17a5dd69ad36"
"tiktok","🇮🇳TikTok Views [India] [Refill: No] [Max: 5M] [Start Time: 0-1 Hour] [Speed: 100K/Day]","0.875","0.625","100","500000000","jap","6e69434d-b5e5-411b-a46f-530e7aee1434"
"tiktok","🇨🇴TikTok Views [Colombia] [Refill: No] [Max: 5M] [Start Time: 0-1 Hour] [Speed: 100K/Day]","0.875","0.625","100","500000000","jap","8f92f0d7-ebbf-4177-84cb-609d6e6cd76b"
"tiktok","🇰🇲TikTok Views [Comoros] [Refill: No] [Max: 5M] [Start Time: 0-1 Hour] [Speed: 100K/Day]","0.875","0.625","100","500000000","jap","6287886e-5c6f-456c-9d71-3d746b410dfc"
"tiktok","TikTok Views [Max: 30M] [Refill: Auto 7D] [Start Time: 0-2 Hrs] [Speed: 5M/D] ⛔💧♻️","0.0735","0.0525","100","2147483647","jap","8a40e3bb-26e5-4bd4-92a4-296d8f8ce13e"
"tiktok","TikTok Shares [Max: 100M] [Start Time: 1 Hour] [Speed: 10M/Day] 💧","0.1225","0.0875","10","10000000","jap","8a8b382b-6271-4745-ae44-075d37322493"
"tiktok","TikTok Views [Max: 30M] [Refill: No] [Start Time: 0-2 Hrs] [Speed: 10M/D] 💧","0.0735","0.0525","100","2147483647","jap","8a8fced4-51a9-4a52-9012-cc4bc60ec81c"
"tiktok","TikTok Followers [Refill: 45D] [Max: 1M] [Start Time: 0 - 2 Hrs] [Speed: 50K/D] 💧⛔️♻️","5.075","3.625","10","100000","jap","8d1d1d00-b704-4eff-8f12-4fc715634b13"
"tiktok","TikTok Views [TURKEY 🇹🇷] [Refill: 365D] [Max: 50M] [Start Time: 0-1 Hour] [Speed: 100K/Day] 💧♻️","0.4375","0.3125","100","2147483628","jap","383f6e20-86d1-4486-a363-adfb4d96fb5c"
"tiktok","TikTok Views [USA 🇺🇸] [Refill: 365D] [Max: 50M] [Start Time: 0-1 Hour] [Speed: 100K/Day] 💧♻️","0.4375","0.3125","100","2147483628","jap","60ecb4b0-9696-4c30-90e8-fbf49100224e"
"tiktok","Tiktok Comments [CUSTOM] [Refill: No] [Max: 100K] [Start Time: 0-1 Hr] [Speed: Up to 10K/D] 💧⛔️","1.75","1.25","5","100000","jap","e60bcaaa-d690-46e3-b880-f8e2eed6a7a6"
"tiktok","Tiktok Comments [RANDOM] [Refill: No] [Max: 100K] [Start Time: 0-1 Hr] [Speed: Up to 10K/D] 💧⛔️","1.75","1.25","5","100000","jap","21e5b13d-4349-4520-9703-7161bccaeddc"
"tiktok","Tiktok Comments [EMOJI] [Refill: No] [Max: 100K] [Start Time: 0-1 Hr] [Speed: Up to 10K/D] 💧⛔️","1.75","1.25","5","100000","jap","30b687f2-a4b5-4aaa-8bb3-2f5759712105"
"tiktok","Tiktok Comments [MIX] [Max: 1K] [Start Time: 0-1 Hour] [Speed: 1K/D]","129.5","92.5","5","1000","jap","b088741c-c57e-4631-93fa-9459ffbcf2e8"
"tiktok","Tiktok Comments [CUSTOM] [Max: 100M] [Refill: 30D] [Start Time: 0-2 Hrs] [Speed: Up to 35k/Day] 💧♻️","2.625","1.875","10","10000000","jap","a66ae80e-b170-4650-b115-53570fbe72f1"
"tiktok","Tiktok Comments [RANDOM] [Max: 100M] [Refill: 30D] [Start Time: 0-2 Hrs] [Speed: Up to 35k/Day] 💧♻️","2.625","1.875","10","10000000","jap","ddfcfb93-fac2-4a2d-922e-4b082396aad9"
"tiktok","TikTok Comments [CUSTOM] [Refill: No] [Max: 50K] [Start Time: 0-1 Hr] [Speed: 50K/D]","4.8125","3.4375","10","50000","jap","58021d5a-f566-4782-9385-3b66be0ca5db"
"tiktok","TikTok Comments [CUSTOM] [Refill: 30 Days] [Max: 10K] [Start Time: 0-1 Hour] [Speed: 1K/Hour]🔥","8.75","6.25","10","100000","jap","96c59105-37cb-4512-95c3-3f67e0d0ab7c"
"tiktok","TikTok Comments [CUSTOM] [Refill: 30 Days] [Max: 5K] [Start Time: 0-1 Hour] [Speed: 5K/Hour]🔥","8.75","6.25","10","5000","jap","9d56ed98-df89-434b-b123-3a3cd5d405b0"
"tiktok","TikTok Comments [RANDOM] [Refill: 30 Days] [Max: 10K] [Start Time: 0-1 Hour] [Speed: 1K/Hour]🔥","7","5","10","100000","jap","f7647dfb-ec7c-41a9-8459-9ed9c39a6dee"
"tiktok","TikTok Comments [EMOJI] [Refill: 30 Days] [Max: 5K] [Start Time: 1 Hour] [Speed: 5K/Day]","12.25","8.75","10","100000","jap","f07cd488-b912-47e5-a581-7b47ef437a3a"
"tiktok","TikTok Comment [CUSTOM] [Refill: 30 Days] [Max: 60K] [Start Time: 1 Hour] [Speed: 500/Day] ♻️","15.75","11.25","10","160000","jap","b64ead4e-0e22-4e3d-87bf-042806323e1a"
"tiktok","TikTok Comment [RANDOM - RUSSIAN] [Refill: 30 Days] [Max: 60K] [Start Time: 1 Hour] [Speed: 500/Day] ♻️","15.75","11.25","10","160000","jap","677c3626-0798-4042-8801-4d933b0d3d9e"
"tiktok","🇷🇺TikTok Comment [POSITIVE RANDOM - RUSSIAN] [Refill: 30 Days] [Max: 60K] [Start Time: 1 Hour] [Speed: 500/Day] ♻️","15.75","11.25","10","160000","jap","03430c63-3704-48fb-9d23-e3f026742c48"
"tiktok","🇷🇺TikTok Comment [NEUTRAL RANDOM - RUSSIAN] [Refill: 30 Days] [Max: 60K] [Start Time: 1 Hour] [Speed: 500/Day] ♻️","15.75","11.25","10","160000","jap","76116694-927a-4a3e-aaa5-c2db3ff415c2"
"tiktok","🇺🇦TikTok Comment [CUSTOM RANDOM - UKRAINE] [Refill: 30 Days] [Max: 160K] [Start Time: 1 Hour] [Speed: 500/Day] ♻️","15.75","11.25","10","160000","jap","4764df55-7435-4e69-aa53-940ff514db52"
"tiktok","🇺🇦TikTok Comment [RANDOM - UKRAINE] [Refill: 30 Days] [Max: 160K] [Start Time: 1 Hour] [Speed: 500/Day] ♻️","15.75","11.25","10","160000","jap","38c58946-2670-43e3-a4e7-ccef702fa0b5"
"tiktok","🇺🇦TikTok Comment [POSITIVE RANDOM - UKRAINE] [Refill: 30 Days] [Max: 160K] [Start Time: 1 Hour] [Speed: 500/Day] ♻️","15.75","11.25","10","160000","jap","72ec4da1-76e7-40ab-9d85-2ddad8980529"
"tiktok","🇺🇦TikTok Comment [NEUTRAL RANDOM - UKRAINE] [Refill: 30 Days] [Max: 160K] [Start Time: 1 Hour] [Speed: 500/Day] ♻️","15.75","11.25","10","160000","jap","aa32b2a0-4a81-4a35-bba1-b06a31576e9c"
"tiktok","TikTok Views [Max: 30M] [Refill: Auto 15D] [Start Time: 0-2 Hrs] [Speed: 5M/D] ⛔💧♻️","0.0753","0.0538","100","2147483647","jap","8f34d3ec-a59b-4bed-86fa-930f7f05a6e6"
"tiktok","TikTok Livestream Views [Max: 50K] [Start Time: INSTANT] [Stay: 30 mins]","3.15","2.25","100","100000","jap","8f58d561-a7e7-48d4-8471-b3d8f1953215"
"tiktok","TikTok Livestream Views [Max: 10K] [Start Time: INSTANT] [Stay: 30 mins]","7","5","50","50000","jap","f8cc436b-55a4-4528-b9f6-19c5463228cd"
"tiktok","TikTok Livestream Views [Max: 10K] [Start Time: INSTANT] [Stay: 60 mins]","14","10","50","50000","jap","9baa798f-a654-48ed-8542-4d6351f0d8e6"
"tiktok","TikTok Livestream Views [Max: 10K] [Start Time: INSTANT] [Stay: 90 mins]","21","15","50","50000","jap","659bad64-3a9a-4bd4-a3a5-f5c68c9c5cdb"
"tiktok","TikTok Livestream Views [Max: 10K] [Start Time: INSTANT] [Stay: 120 mins]","28","20","50","50000","jap","f5253e4b-6d59-47a9-bf8c-ccb45b2ef7af"
"tiktok","TikTok Livestream Views [Max: 10K] [Start Time: INSTANT] [Stay: 180 mins]","42","30","50","50000","jap","8f4d3a3f-968f-4005-935e-00b068bf63e5"
"tiktok","TikTok Livestream Views [Max: 10K] [Start Time: INSTANT] [Stay: 240 mins]","56","40","50","50000","jap","1332ab2a-2aec-4f02-9e67-55ddb37207ee"
"tiktok","TikTok Livestream Views [Max: 20K] [Start Time: INSTANT] [Stay: 90 mins]","7.875","5.625","10","5000","jap","36d4c479-0e62-455f-9d0f-e4539548ab7d"
"tiktok","TikTok Followers [Refill: No] [Max: 100K] [Start Time: 0 - 2 Hours] [Speed: 100K/Day] ⛔️💧","1.8515","1.3225","10","1000000","jap","90eb9c19-1004-49c9-a822-a26e13b800e7"
"tiktok","TikTok Livestream Views [Max: 100K] [LQ] [Start Time: INSTANT] [Stay: 15 min]","9.625","6.875","50","100000","jap","b869b0be-3b2f-48fe-afc3-7a551817f77f"
"tiktok","TikTok Livestream Views [Max: 100K] [LQ] [Start Time: INSTANT] [Stay: 30 min]","19.25","13.75","50","100000","jap","bf577e80-ee86-496c-b287-4d347ec112d5"
"tiktok","TikTok Livestream Views [Max: 100K] [LQ] [Start Time: INSTANT] [Stay: 60 min]","38.5","27.5","50","100000","jap","91355e0a-aa6e-4f10-8dcf-59d7fa7291e1"
"tiktok","TikTok Livestream Views [Max: 100K] [LQ] [Start Time: INSTANT] [Stay: 90 min]","57.75","41.25","50","100000","jap","d3c85525-4dcd-47ac-93f3-67de6e3a0733"
"tiktok","TikTok Livestream Views [Max: 100K] [LQ] [Start Time: INSTANT] [Stay: 120 min]","77","55","50","100000","jap","d0995842-2911-4bd6-be13-c3fbe741d17a"
"tiktok","TikTok Livestream Views [Max: 100K] [LQ] [Start Time: INSTANT] [Stay: 180 min]","115.5","82.5","50","100000","jap","305fc742-0ffb-45b3-accc-845213238493"
"tiktok","TikTok Livestream Views [Max: 100K] [LQ] [Start Time: INSTANT] [Stay: 240 min]","154","110","50","100000","jap","393686ed-98a1-43fc-841c-ceda6aea798b"
"tiktok","TikTok Livestream Views [ARAB] [Max: 10K] [Start Time: INSTANT] [Stay: 15 mins]","3.5","2.5","100","100000","jap","3bedb8dc-4b09-4360-9e58-9f898828a62f"
"tiktok","TikTok Livestream Views [ARAB] [Max: 10K] [Start Time: INSTANT] [Stay: 30 mins]","7","5","100","100000","jap","35d91f43-8aba-4989-9a76-dc0ff6e60e01"
"tiktok","TikTok Livestream Views [ARAB] [Max: 10K] [Start Time: INSTANT] [Stay: 60 mins]","14","10","100","100000","jap","e8a9dfbc-7956-4b76-a9c5-ccb9ddf542b3"
"tiktok","TikTok Livestream Views [ARAB] [Max: 10K] [Start Time: INSTANT] [Stay: 90 mins]","21","15","100","100000","jap","6ab97bdd-5d97-428b-9884-8d6d85437fca"
"tiktok","TikTok Livestream Views [ARAB] [Max: 10K] [Start Time: INSTANT] [Stay: 120 mins]","28","20","100","100000","jap","05d46d50-280e-46ea-bb1c-6f337e506403"
"tiktok","TikTok Livestream Views [ARAB] [Max: 10K] [Start Time: INSTANT] [Stay: 180 mins]","42","30","100","100000","jap","aad95982-44cb-4c80-b839-0278bf212cce"
"tiktok","TikTok Livestream Views [ARAB] [Max: 10K] [Start Time: INSTANT] [Stay: 240 mins]","56","40","100","100000","jap","488a69bf-ba71-4f66-b47a-35f43b34545d"
"tiktok","TikTok Livestream Views [ARAB] [Max: 10K] [Start Time: INSTANT] [Stay: 300 mins]","70","50","100","100000","jap","a0919ef9-eda6-4d61-a189-fa7afc673f53"
"tiktok","TikTok Livestream Views [ARAB] [Max: 10K] [Start Time: INSTANT] [Stay: 360 mins]","84","60","100","100000","jap","6a8bb51e-0581-4b85-82f6-47dd2e4095fe"
"tiktok","Tiktok Live Comments [RANDOM EMOJI] [Max: 10K] [Start Time: 0 - 3 Hrs] [Speed: 5K/D]","1.75","1.25","10","5000","jap","64ac4cef-d772-46b0-a658-18ca0b8b92cf"
"tiktok","Tiktok Live Comments [CUSTOM] [Max: 10K] [Start Time: 0 - 3 Hrs] [Speed: 5K/D]","1.75","1.25","10","10000","jap","2c3b1af6-1683-45fe-bd9c-8d0765df3399"
"tiktok","TikTok Likes [Refill: No] [Max: 500K] [Start Time: 0 - 1 Hr] [Speed: 250K/D]💧⛔️","0.385","0.275","50","50000","jap","92be08d6-967e-4a8f-8ac0-d6fdf08db549"
"tiktok","TikTok Likes [Refill: No Drop] [Max: 5K] [Start Time: 0 - 1 Hr] [Speed: 3K/D] 💧","1.575","1.125","25","10000","jap","a67b6733-6860-4536-a46b-b2395e69e3b8"
"tiktok","TikTok Views [10M] [Start Time: 0 - 2 Hrs] [Refill: 30D] [WORKING AFTER UPDATE] ⛔💧","0.14","0.1","100","10000000","jap","a9cd6c57-75eb-4b19-a816-3557bf20453f"
"tiktok","🇪🇨TikTok Views [Ecuador] [Refill: No] [Max: 5M] [Start Time: 0-1 Hour] [Speed: 100K/Day]","0.2188","0.1563","100","500000000","jap","aa440be9-2db5-4bd2-a39a-80ce31e0222e"
"tiktok","TikTok Likes [Refill: No] [Max: 5K] [Start Time: 0 - 1 Hour] [Speed: 5K/Day] 🔥","0.315","0.225","10","100000","jap","aa4acc7f-02f6-4575-ba8d-0b1f11538840"
"tiktok","TikTok Followers [HQ] [Refill: 30D] [Max: 10M] [Start Time: 0 - 2 Hrs] [Speed: Up to 20K/D] 💧⛔️♻️","3.465","2.475","10","10000000","jap","b2e3af73-5932-4d57-b4a2-f800aa4e6ff6"
"tiktok","TikTok Views Real-No Drop [Max: 30M] [Start Time: 0-4 Hrs] [Speed:40k/Day]💧","0.7875","0.5625","1000","150000","jap","b68dd450-c390-4edb-a02b-0e893804ace4"
"tiktok","TikTok Views [MIX] [Refill: 30D] [Max: 5M] [Start Time: 0-1 Hour] [Speed: 100K/Day]","0.14","0.1","100","5000000","jap","b6ac8221-bd96-4d25-89bd-93682e5d2eec"
"tiktok","Tiktok Comments [USA] [MIX] [Max: 200] [Start Time: 0-1 Hour] [Speed: 200/D]","193.2","138","5","200","jap","b6d226c1-7fac-4008-b976-6e08188f34d0"
"tiktok","🇱🇺TikTok Views [Luxembourg] [Refill: No] [Max: 5M] [Start Time: 0-1 Hour] [Speed: 100K/Day]","0.2188","0.1563","100","500000000","jap","b6f28e63-4c56-4f47-b877-75dced7d60ce"
"tiktok","TikTok Auto Views [Max: 30M] [Refill: No] [Start Time: 0-2 Hrs] [Speed: 10M/D] 💧","0.0735","0.0525","100","2147483647","jap","c6c35ba8-f878-43b4-87f4-d04243427f97"
"tiktok","Tiktok Comments [12 HQ Random Comments] [Max: 12] [Start Time: 0-1 Hour] [Finishes in: 3 Hours]","4.06","2.9","1000","1000","jap","c814cfc0-b955-49ae-aca6-e90e0fb745fa"
"tiktok","TikTok Followers [HQ] [Refill: 30D] [Max: 10M] [Start Time: 0 - 2 Hrs] [Speed: Up to 15K/D] 💧⛔️♻️","3.0975","2.2125","10","1000000","jap","c8bde899-5ae2-4f6d-821f-c0bdea799886"
"tiktok","🇹🇷 TikTok Likes [Turkey] [Max: 20K] [Refill: No] [Start Time: 0 - 1 Hr] [Speed: 20K/D] 💧","1.225","0.875","10","20000","jap","c8c7476a-1cec-4ca1-adea-bb3efd281cde"
"tiktok","TikTok Followers [LQ] [Refill: No] [Max: 20K] [Start Time: 0 - 3 Hrs] [Speed: 20K/Day] 💧","2.8","2","50","200000","jap","caa3925d-fff5-453f-881c-404426fb461b"
"tiktok","TikTok Followers [HQ] [Refill: 30D] [Max: 10M] [Start Time: 0 - 2 Hrs] [Speed: Up to 10K/D] 💧⛔️♻️","2.275","1.625","10","1000000","jap","cab4134a-eff4-41ee-b413-fc65a35be049"
"tiktok","TikTok Followers [HQ] [Refill: 30D] [Max: 70K] [Start Time: 0 - 2 Hrs] [Speed: Up to 1K/D] 💧⛔","6.3","4.5","10","500000","jap","ce3ea5b7-048b-41af-99f0-83561e1f8174"
"tiktok","TikTok Likes [HQ] [Refill: 30D] [Max: 1M] [Start Time: 0 - 1 Hr] [Speed: Up to 10K/D] 💧⛔️","0.3675","0.2625","10","100000","jap","d377076e-3caf-42e5-9b97-01a9117f5cf2"
"tiktok","TikTok Shares Post [Refill: 30 Days] [Max: 60K] [Start Time: 1 Hour] [Speed: 1K/Day] 💧 ♻️","3.15","2.25","100","500000","jap","d543c1dd-aa68-44b6-9a2e-2670a0026657"
"tiktok","TikTok HQ Likes [Refill: No] [Max: 1M] [Start Time: 0 - 1 Hr] [Speed: 100K/D] 💧⛔","1.05","0.75","100","150000","jap","d6c454a6-9cb4-4946-a44f-d862058e1ae6"
"tiktok","🇹🇼TikTok Views [Taiwan] [Refill: No] [Max: 5M] [Start Time: 0-1 Hour] [Speed: 100K/Day]","0.2188","0.1563","100","500000000","jap","d6f998b0-4258-48c4-866a-bfb37f580f33"
"tiktok","🇺🇿TikTok Views [Uzbekistan] [Refill: No] [Max: 5M] [Start Time: 0-1 Hour] [Speed: 100K/Day]","0.2188","0.1563","100","500000000","jap","d761f6c9-22fe-40ed-b1a1-dabdf9445e2e"
"tiktok","TikTok Likes [Refill: No] [Max: 500K] [Start Time: 0 - 1 Hour] [Speed: 5K/Day] 💧⛔️","0.1978","0.1413","10","2147483647","jap","d7f663c7-afcb-459f-944d-317f4b2a1190"
"tiktok","🇪🇪TikTok Views [Estonia] [Refill: No] [Max: 5M] [Start Time: 0-1 Hour] [Speed: 100K/Day]","0.2188","0.1563","100","500000000","jap","db97dda9-f967-4970-b395-f8dd1f5ff303"
"tiktok","TikTok Followers [Refill: 15D] [Max: 1M] [Start Time: 0 - 2 Hrs] [Speed: 100K/D] 💧","5.39","3.85","10","1000000","jap","de0109cf-e9a6-4ba2-9c00-65d3cb78c8d5"
"tiktok","TikTok Followers [HQ] [Refill: 30D] [Max: 1M] [Start Time: 0 - 2 Hrs] [Speed: Up to 100K/D] 💧♻️","7.56","5.4","10","1000000","jap","df5d1857-f157-4ba2-acb3-a3bdc9688009"
"tiktok","TikTok Followers [Refill: No] [Max: 500K] [Start Time: 0 - 2 Hrs] [Speed: 30K/Day] 💧","1.8375","1.3125","50","100000","jap","e22aa102-793b-4374-a6f0-02bbf4d556db"
"tiktok","Tiktok Followers [Refill: 30D] [Max: 50K] [Start Time: 1 Hour] [Speed: Up to 20K/Day] 💧⛔️","3.605","2.575","10","10000000","jap","e4e0e382-09f1-42fa-bf64-e4a4431aeed1"
"tiktok","TikTok Views [Max: Unlimited] [Refill: No] [Speed: 100K/Day]","0.0875","0.0625","100","2147483647","jap","e6404013-d6c0-4180-9e72-0f6c649a27b9"
"tiktok","TikTok Livestream Views [Max: 20K] [Start Time: INSTANT] [Stay: 180 mins]","18.9","13.5","10","5000","jap","e68c5ca8-a900-42d0-9a37-f5c018b62df1"
"tiktok","TikTok Comments [Package: 6 comments within the content] [HQ] [Gulf Arabs] [Refill: 30 Days] [Start Time: 0-1 hour] [Speed: 3 Hours Delivery]","0.7245","0.5175","1","1","jap","ea65cf95-cdf5-4046-8d7d-4f5b4506065d"
"tiktok","TikTok Followers [HQ] [Refill: 30 Days] [Start Time: 0-1 Hours] [Speed: 10K/Day]","6.3237","4.5169","10","1000000","jap","ea6d60fd-f580-4e91-8332-48e746b01846"
"tiktok","TikTok HQ Likes [Refill: No] [Max: 10M] [Start Time: 0 - 1 Hr] [Speed: Up to 100K/D] 💧⛔️♻️","0.2415","0.1725","50","100000","jap","eadf61a2-e680-4b72-9030-33ad28dfba5a"
"tiktok","TikTok Followers [Max: 50K] [Refill:NO] [Start Time: 0 - 1 Hr] [Speed: 15K/D] ⛔ 💧","6.65","4.75","10","100000","jap","eebbcc85-5502-4fa4-b72d-48555a04d4dc"
"tiktok","🇫🇷TikTok Views [France] [Refill: No] [Max: 5M] [Start Time: 0-1 Hour] [Speed: 100K/Day]","0.2188","0.1563","100","500000000","jap","ef0a4559-a6a1-4e26-a68e-7cca1644f2ea"
"tiktok","TikTok Livestream Views [Max: 100K] [Start Time: INSTANT] [Stay: 30 mins]💧⛔","3.2025","2.2875","50","100000","jap","effef35d-d845-4248-b311-02b67e678127"
"tiktok","TikTok Likes [BR 🇧🇷] [Refill: 30D] [Max: 100K] [Start Time: 0 - 1 Hr] [Speed: Up to 10K/D] ♻️💧⛔️","0.175","0.125","10","1000000","jap","f007e4d7-f994-4dd5-9bf9-d8278a76c8b7"
"tiktok","Tiktok Live Likes [Max: 100K] [Start Time: 0 - 1 Hours] [Speed: 100K/Day] 💧","0.1575","0.1125","100","2147483647","jap","f0108695-2ab6-40f8-9f90-f7b0697fa57f"
"tiktok","TikTok Shares [Max: 500K] [Start Time: 0 - 1 Hours] [Speed: 100K/Day] 💧","0.139","0.0993","10","400000","jap","f0abb1e9-fd63-4667-8565-ca9e678fa538"
"tiktok","TikTok Views [Max: 50M] [Refill: 30D] [Start Time: 0-3 Hrs] [Speed: 10M/D] ⛔💧♻️","0.077","0.055","100","100000000","jap","f0e71918-a8a7-4558-84ab-65f12ee44af0"
"tiktok","TikTok Likes [Refill: 30 Days] [Max: 50K] [Start Time: 0 - 1 Hour] [Speed: 20K/Day] 💧⛔️","0.5775","0.4125","10","100000","jap","f12ba83c-db58-49ff-a3a4-9eda92f383a9"
"tiktok","🇰🇿TikTok Views [Kazakhstan] [Refill: No] [Max: 5M] [Start Time: 0-1 Hour] [Speed: 100K/Day]","0.2188","0.1563","100","500000000","jap","f14afe08-06a1-4776-ba22-d6b27bc89e2f"
"tiktok","Tiktok HQ Followers [Refill: 30D] [Max: 10M] [Start Time: 0 - 2 Hrs] [Speed: Up to 100K/D] 💧♻️","4.557","3.255","10","500000","jap","f2860ea6-0edd-42a4-aa31-427387cfbb9e"
"tiktok","TikTok Followers [Refill: No] [Max: 200K] [Start Time: 0 - 5 Hrs] [Speed: 2K/Day] 💧","2.1","1.5","50","500000","jap","f28617e1-9835-41b6-86f2-40f9e896c862"
"tiktok","Tiktok Live Comments [CUSTOM] [Max: 2M] [Start Time: Instant] [Speed: 2M/Day]","6.4512","4.608","5","10000","jap","f2ac40c6-f899-4744-8094-d281ff7341ea"
"tiktok","TikTok Followers [SUPER HQ] [Start Time: 0 - 1 Hour] [Refill: 60 Days] [Max: 100K] [Speed: 3K/Day] 🔥🧨","8.54","6.1","5","100000","jap","f74c8581-a673-46d7-b557-91477829b564"
"tiktok","TikTok Views [Max: 100M] [Start Time: 0-2 Hrs] [Speed: 50M/Day]💧","0.0934","0.0667","100","100000000","jap","f75832f2-017e-49a4-b6e3-ea681168eb44"
"tiktok","TikTok Followers [Max: 100K] [Refill: 30 Days] [Start Time: 0-1 Hour] [Speed: 5K/Day]","7.175","5.125","10","10000000","jap","f761571b-e963-48a5-8aa5-3c3d39b15bfe"
"tiktok","TikTok Livestream Views [Max: 20K] [Start Time: INSTANT] [Stay: 360 mins]","37.8","27","10","5000","jap","f8f15192-9cac-434c-887b-4abdb8d06c9f"
"tiktok","🇹🇷 TURKEY Website Traffic [FB, IG, YT, X, Tiktok, Google, Reddit] [ [Max: 1M] [Start Time: 0-3 Hrs] [Speed: Up to 50K/D] 💧⛔","0.35","0.25","500","1000000","jap","dbbaeab3-0199-4177-b3fe-089e893fbb72"
"tiktok","TikTok Likes | Max 5M | LQ Profiles | Cancel Button Enable | Lifetime Refill ♻️ | Instant Start | Speed: 50K/Day 🚀","0.084","0.06","1","1000000","smmwiz","72cf1441-8142-4568-ac02-fbc13da003d7"
"tiktok","TikTok Likes | Max 1M | Real &amp; Bot Accounts | No Refill | Instant Start | Speed: 100K/Day - 𝗙𝗔𝗦𝗧 𝗖𝗢𝗠𝗣𝗟𝗘𝗧𝗘𝗗 🚀","0.112","0.08","10","1000000","smmwiz","09b6aac9-83ee-4775-abdd-485594b3f516"
"tiktok","Tiktok Followers [Almost No Drop] [High Quality] [20K/D] [Instant to 24 Hours]","4.998","3.57","10","20000","smmwiz","050312ee-e567-4abc-ad37-0062ad6d4462"
"tiktok","TikTok Saves [ Max Unlimited ] [ Daily 1M ] [ Instant Start ] [ Cancel Button ] [ ♻️30 Days ]","0.112","0.08","100","2147483647","smmwiz","057d8af7-2641-4447-8c7a-f2abb4718562"
"tiktok","TikTok Likes - [ Max - 100k ] [ 100k/day ] [ REAL, No Refill ] INSTANT","0.294","0.21","100000","100000","smmwiz","10f4feef-83d6-4a7c-9e78-4168578964c1"
"tiktok","5298 - Tiktok Costum Comments [Best Working]","75.6","54","5","1000","smmwiz","243444ac-4c78-4987-938e-21b467a09833"
"tiktok","Tiktok Likes [No Drop] [High Quality] [10-20K/D] [Instant]","4.032","2.88","50","500000","smmwiz","2434c55d-c9da-4f5e-bf19-7526a3880837"
"tiktok","TikTok Saves - [ 100K/Day ] 30 Days Refill ] INSTANT","2.184","1.56","10","100000","smmwiz","3374c02a-9c81-4142-b232-59d432460e2b"
"tiktok","Tiktok Custom Comments - [ Max - 100k ] [ 20k/day ] [ 30 Days Refill ] INSTANT","8.4","6","10","100000","smmwiz","3610c03b-8f72-4c11-a538-0a517d8cf915"
"tiktok","TikTok Comment Likes [ Enter Username ] [ Daily 10K ] [ Instant Start ] [ Cancel Button ] [ ♻️30 Days ]","0.336","0.24","10","1000000","smmwiz","362646de-b027-4fbe-947b-53242b77b83a"
"tiktok","India Traffic from Tiktok [LQ]","0.238","0.17","88","88888888","smmwiz","3854ab8b-304e-4dce-a066-368de8d7aa58"
"tiktok","1367 - Tiktok Comments [Real Russian] [Random] [30 Days Refill] [500/D] [Instant]","17.388","12.42","10","160000","smmwiz","3865a82b-61f5-4834-bc6b-d7a8d60499ae"
"tiktok"," SEO TikTok Views and Likes from Search ( put link of the video )","18.2","13","50","20000","smmwiz","3ee6c8e9-27ba-45ef-8a8c-e18472006a83"
"tiktok","Tiktok Followers [Low Drop] [30 Days Refill] [Cancel Enabled] [50-200/D] [0-1/H]","7.056","5.04","10","100000","smmwiz","42e7d6e3-aaa7-4dd8-aec2-240ff56f13c4"
"tiktok","Tiktok Random Comments [ Max - 10k ] [ Real ] [ 50-100/day ] INSTANT","7.056","5.04","10","10000","smmwiz","4937697e-c587-458a-b4dc-de49a972adc3"
"tiktok","Tiktok Arabic Views [Guarantee: Lifetime] [5-10K/D] [0-8/H]","5.04","3.6","1000","10000000","smmwiz","fa7a5d9c-69ee-4004-9e46-a60f7c4cd1d4"
"tiktok","TikTok Likes | 500K | Refill: No Refill | NR | 0-10 Min | 50K/Day | HQ+REAL 🌍⚡","0.448","0.32","10","1000000","smmwiz","5421eaa9-d420-4a04-aba4-4303526e25aa"
"tiktok","Tiktok Likes [No Drop] [30 Days Refill] [50-100K/D] [Instant]","0.49","0.35","10","100000","smmwiz","573f06ee-3268-4fee-830e-1990524ae396"
"tiktok","TikTok Shares - ( Cheap  )","0.196","0.14","10","75000000","smmwiz","577446a0-410e-4ef4-b8ed-e20a490e16cf"
"tiktok","TikTok Livestream Likes - [ 1M/Day ] [ 30 Days Refill ] INSTANT","0.462","0.33","10","10000000","smmwiz","579fc2b9-c123-473a-956c-080edd8b5915"
"tiktok","Tiktok Followers [Real] [High Quality] [Refill: No] [Drop %50+] [10-20K/D] [0-1/H]","1.624","1.16","10","1000000","smmwiz","5f359ade-9dac-477d-8b3b-9e5080c74bd4"
"tiktok","TikTok Likes [ 𝐆𝐡𝐨𝐬𝐭-𝐐𝐮𝐚𝐥𝐢𝐭𝐲 𝐀𝐜𝐜𝐨𝐮𝐧𝐭𝐬 ] [ 🚀25K ] [ Instant Start ] [ Cancel Button ] [ ♻️30D ]","1400","1000","10","1000000","smmwiz","610efa61-9237-4f73-9914-de923f2a740f"
"tiktok","TikTok Followers — Fast","0.8","0.5","100","200000","jap","f7549186-d38d-4958-a788-da8c98e329b3"
"tiktok","TikTok Video Likes","0.2","0.08","50","1000000","jap","ee4525ae-5fc6-4743-9067-16b55f92e0fc"
"tiktok","TikTok Video Views","0.05","0.01","1000","100000000","jap","d07525c8-70c6-45e8-8795-e1e573dc0d0b"
"tiktok","Tiktok Views [No Drop - Monetizable] [Retention 15 seconds] [Guarantee: Lifetime] [50-100K/D] [0-12/H]","1.4","1","1000","1000000","smmwiz","6c1a04aa-b1a7-4132-9ba9-8fd02de34a9c"
"tiktok","TikTok Livestream Views [Max: 50K] [Start Time: INSTANT] [Stay: 210 mins]","22.05","15.75","100","100000","jap","02dabea2-9714-4a8c-912c-c3a1a4a65a78"
"tiktok","TikTok Followers [HQ] [Refill: 30D] [Max: 500K] [Start Time: 0 - 3 Hrs] [Speed: 30K/Day] 💧","4.6375","3.3125","10","100000","jap","043d8048-17b5-4402-8a49-950374944f5e"
"tiktok","TikTok Likes [Refill: 365D] [Max: 500K] [Start Time: 0 - 1 Hr] [Speed: Up to 100K/D] 💧⛔️♻️","0.4725","0.3375","10","100000","jap","045e370f-2f37-4ad3-93cd-f4652eef723f"
"tiktok","🇸🇪TikTok Views [Sweden] [Refill: No] [Max: 5M] [Start Time: 0-1 Hour] [Speed: 100K/Day]","0.2188","0.1563","100","500000000","jap","046373bc-52c9-48a0-9bbf-ffc5249e2e7d"
"tiktok","Tiktok Likes [High Quality] [No Drop] [30 Days Refill] [1-2K/H] [Instant]","3.78","2.7","50","10000","smmwiz","7701a08a-5aff-4cc5-87aa-2d3548987629"
"tiktok","TikTok Likes [Refill: 30D] [Max: 100K] [Start Time: 0 - 1 Hr] [Speed: Up to 20K/D] 💧⛔️♻️","0.3786","0.2704","10","100000","jap","0575bbaa-35b1-4491-9bca-ab209fe53f95"
"tiktok","TikTok Views [Max: 100M] [Start Time: 0-2 Hours] [Speed: 1M/Day]","0.0805","0.0575","100","100000000","jap","05e34173-3b23-473b-b6dc-7eed8c0e0db4"
"tiktok","TikTok Likes [Refill: 30D] [Max: 1M] [Start Time: 0 - 1 Hr] [Speed: Up to 50K/D] 💧⛔️♻️","0.028","0.02","10","5000000","jap","07dfff09-c101-49a7-bdfd-11aba3242fe7"
"tiktok","🇬🇧 TikTok Likes [UK] [Refill: No] [Max: 10K] [Start Time: 0 - 1 Hr] [Speed: 10K/D] 💧 ⛔️","0.9625","0.6875","10","10000","jap","08128f28-21db-4264-a38a-21f4ae4ec288"
"tiktok","TikTok Followers [Refill: 30 Days] [Start Time: 0-1 Hours] [Speed: 10K/Day]","5.145","3.675","10","1000000","jap","085b543a-a4a8-4e80-96a9-f499e76b9ba8"
"tiktok","TikTok Likes [Refill: No] [Max: 1M] [Start Time: 0 - 1 Hr] [Speed: 100K/D] 💧","0.1588","0.1134","10","1000000","jap","08b63a23-87ec-402e-914d-f26a688e278f"
"tiktok","TikTok Followers [Refill: 30D] [Start Time: 0 - 2 Hrs]  [Speed: Up to 20k/D] 💧⛔️","5.2325","3.7375","10","1000000","jap","0a728c48-4638-48ec-82f1-5daa6bccc435"
"tiktok","TikTok Views [Max: 30M] [Refill: No] [Start Time: 0-2 Hrs] [Speed: 5M/D] ⛔💧","0.14","0.1","50","2147483647","jap","0c76c40b-915f-4a0d-84dc-0393d87f00e2"
"tiktok","Tiktok Live Comments [CUSTOM [Max: 5K] [Start Time: 0 - 1 Hr] [Speed: 5K/D]","1.225","0.875","10","5000","jap","0d35c911-023e-4561-b526-15fb36894fcd"
"tiktok","TikTok Followers [Refill: Auto 30 Days] [Max: 100K] [Start Time: 0 - 2 Hours] [Speed: 20K/Day]💧♻️","5.4075","3.8625","10","100000","jap","0d7aca25-cee9-4712-b9df-63165d4ecdf7"
"tiktok","TikTok Comments [Package: 9 comments within the content] [HQ] [Gulf Arabs] [Refill: 30 Days] [Start Time: 0-1 hour] [Speed: 3 Hours Delivery]","1.0868","0.7763","1","1","jap","0e89d96f-a1c5-4f7b-8cfc-7e9889831bb4"
"tiktok","Tiktok Followers [WW - HQ] [Refill: No] [Max: 1M] [Start Time: 0 - 2 Hrs] [Speed: Up to 100K/D] 💧⛔","4.3015","3.0725","10","100000000","jap","0f928479-dbf3-4fe9-a77c-2c9b2707045d"
"tiktok","TikTok Saves [Max: 500K] [Refill: 365D] [Start Time: 0 - 1 Hr] [Speed: 500K/Day] 💧","0.0175","0.0125","10","2147483647","jap","11866b95-258d-4b0b-9b12-b32d0254b0f1"
"tiktok","TikTok PK Battle Points - [ 1M/Day ] INSTANT","0.168","0.12","5000","2147483628","smmwiz","8a45d770-10af-4615-bdf8-f023479eb295"
"tiktok","TikTok Likes [Refill: No] [Max: 100K] [Start Time: 0 - 1 Hr] [Speed: Up to 20K/D] 💧⛔️","0.2013","0.1438","50","100000","jap","14418d84-e127-48a6-b90d-d78c1db74643"
"tiktok","🇧🇷 TikTok Auto Likes [BRAZIL] [Refill: 30 D] [Max: 100K] [Start Time: 1 Hr] [Speed: 20K/D] ♻️💧⛔️","0.49","0.35","10","100000","jap","1824e2e1-1d4d-4732-a4e6-65d935edabfd"
"tiktok","🇹🇱TikTok Views [East Timor] [Refill: No] [Max: 5M] [Start Time: 0-1 Hour] [Speed: 100K/Day]","0.2188","0.1563","100","500000000","jap","1847d8a9-2065-4789-9ad5-492dfc61e212"
"tiktok","Tiktok Followers [High Quality] [30 Days Refill] [Cancel Enabled] [50K/D] [Instant]","3.29","2.35","10","500000","smmwiz","9133d72f-4391-4005-a3f1-5b5b91ac7597"
"tiktok","TikTok Views [Max: 20M] [Start Time: 0-2 Hours] [Speed: 5M/Day]💧","0.0753","0.0538","100","2147483647","jap","1bffaef2-c8a7-428c-8966-1e0a9099d0f7"
"tiktok","TikTok Likes [Women] [Max: 1K] [Refill: 30 Days] [Start Time: 0 - 1 Hour] [Speed: 1K/Day]","0.56","0.4","10","30000","jap","1c0ab38d-9e30-4631-b0ec-59bdc2f33f2a"
"tiktok","🇧🇷 TikTok Followers [BRAZIL] [Refill: 30 Days] [Max: 40K] [Start Time: 0 - 1 Hours] [Speed: 250K/Day] 💧","5.4075","3.8625","10","100000","jap","1c126168-bf2f-493f-87fc-5582a6025e0d"
"tiktok","NEW - Tiktok Likes [ Max - 50k ] [ 10k-20k/day ] INSTANT","0.644","0.46","10","250000","smmwiz","94a6dd5e-46be-4be4-a29f-afe91f895396"
"tiktok","TikTok Views [Max: 100M] [Start Time: 1 Hour] [Speed: SUPER FAST] [NO REFILL]","0.0753","0.0538","100","2147483647","jap","1ccd5ac2-4ef6-4d4c-8f00-58710c063237"
"tiktok","TikTok Likes [Refill: 30 Days] [Max: 10K] [Start Time: Instant] [Speed: 10K/Day] 🔥","1.225","0.875","50","50000","jap","1cd3b796-d7d3-4142-9e80-386fab85f257"
"tiktok","TikTok Saves [Max: 10M] [Start Time: 0 - 1 Hr] [Refill: 30D] [Speed: Up to 80K/Day] 💧","0.0175","0.0125","10","1000000","jap","1d402e25-31fc-491c-b87f-13e076c3a836"
"tiktok","TikTok Followers [HQ] [Refill: No] [Max: 1M] [Start Time: 0 - 2 Hrs] [Speed: Up to 100K/D] 💧","5.6","4","10","1000000","jap","1ee330d1-db8f-4e45-9a01-aab7800a79ab"
"tiktok","TikTok Custom Comments [ Max 10K ] [ Daily 10K ] [ Instant Start ] [ Cancel Button ] [ ⚠️No Refill ]","8.4","6","10","10000","smmwiz","99557f12-74bc-4d4a-ab35-159f6a67faa2"
"tiktok","TikTok Likes [Refill: 60D] [Max: 500K] [Start Time: 0 - 1 Hr] [Speed: Up to 100K/D] 💧⛔️♻️","0.4025","0.2875","10","100000","jap","22765a15-806d-4e47-aa67-5dc5f706555a"
"tiktok","TikTok Followers [Refill: No] [Max: 10K] [Start Time: 0 - 1 Hours] [Speed: 10K/Day]","3.15","2.25","50","500000","jap","22e31033-1090-4364-b9bb-68cf5adc05fe"
"tiktok","TikTok HQ Likes [Refill: 30D] [Max: 500K] [Start Time: 0 - 1 Hr] [Speed: Up to 100K/D] 💧","0.49","0.35","10","100000","jap","23aa5c92-3d97-4a83-9a28-58c55443a607"
"tiktok","Tiktok Views [No Drop Since 30 days] [30 Days Refill] [Instant]","0.098","0.07","100","100000000","smmwiz","038c6fb8-8766-45bf-907f-9531a0554e88"
"tiktok","TikTok Comments [CUSTOM] [Gulf Arabs] [Start Time: 0-24 hours]","37.17","26.55","8","20000","jap","23aaee5d-d718-4740-b19e-ecbfc65be2dd"
"tiktok","TikTok Views [Max: 100M] [Refill: No] [Start Time: 0-2 Hrs] [Speed: 5M/D] ⛔💧","0.0728","0.052","100","100000000","jap","23da1442-00c7-444e-a0f0-bb18be725429"
"tiktok","Tiktok Followers [Refill: No] [Max: 50K] [Start Time: 0 - 3 Hours] [Speed: Up to 5k/Day] 💧⛔️","2.94","2.1","10","10000000","jap","24187314-b00d-4a6a-8124-3d8e6e1802f1"
"tiktok","USA Traffic from Tiktok [LQ]","0.238","0.17","88","88888888","smmwiz","a922ce11-5a7c-4a6b-ac6e-a8cc4ca0082e"
"tiktok","Tiktok Followers [Low Drop] [No Refill] [Cancel Enabled] [50-200/D] [0-1/H]","6.174","4.41","10","100000","smmwiz","aebfcd92-aa77-4359-ac09-bf496b7e2b72"
"tiktok","Tiktok Costum Comment [500-1K/D] [Instant]","8.4","6","10","10000","smmwiz","aedd5117-3783-4c5c-bf39-9da94633985f"
"tiktok","TikTok Auto Likes [Max: 500K] [Refill: 30D] [Start Time: 0 - 6 Hours] [Speed: Up to 50K/D] 💧⛔️","0.2625","0.1875","100","150000","jap","2782f867-4679-431f-8889-5c283ede42ed"
"tiktok","TikTok Comment Likes [Refill: 30D] [Max: 50K [Start Time: 0 - 1 Hr] [Speed: Up to 5K/D]","0.35","0.25","10","50000","jap","27f48151-54b7-43d2-8ebe-899e1443afa4"
"tiktok","TikTok Views [Max: 1M] [Start Time: 1 Hour] [Speed: SUPER FAST]","0.0777","0.0555","100","10000000","jap","280459bd-e5c5-4f81-a23f-cf9d6a1ca1d8"
"tiktok","TikTok Likes [Max: 150K] [Refill: 30 Days] [Start Time: 0 - 1 Hour] [Speed: 10K/Day]","0.7","0.5","10","10000","jap","2b3b8016-cea3-4b30-bb44-2be647b3000f"
"tiktok","TikTok Followers [Refill: No] [Max: 20K] [Start Time: 0 - 2 Hrs] [Speed: Up to 20K/D] 💧","2.205","1.575","50","150000","jap","2cd87274-481d-4765-909e-f7b21c84699b"
"tiktok","🇮🇩 TikTok Likes [INDONESIA] [Refill: 30D] [Max: 15K] [Start Time: 0 - 1 Hr] [Speed: 50K/D] 💧 ⛔️ ♻️","2.0125","1.4375","10","100000","jap","2cf61872-685a-4743-9cc1-eb3c908d61cd"
"tiktok","Tiktok Likes [ Max - 500k ] [ 10k/day ] INSTANT","0.322","0.23","10","500000","smmwiz","be1a7727-5e4e-4b05-bd54-ecc2861c9e80"
"tiktok","TikTok Livestream Views [Max: 50K] [Start Time: INSTANT] [Stay: 360 mins]","37.8","27","100","100000","jap","2f17cca6-9447-413c-899e-68b414cea620"
"tiktok","TikTok Likes [Max: 10K] [Refill: No] [Start Time: 0 - 2 Hours] [Speed: 10K/Day]","0.14","0.1","10","30000","jap","2fa63027-3cdb-47c0-bbf6-21b20c3c89da"
"tiktok","TikTok Followers [Max: 250K] [Refill: 7 D] [Start Time: 0 - 2 Hrs] [Speed: 2K/D] 💧⛔️","4.6778","3.3413","10","500000","jap","2febd2db-3ee1-4c54-a244-cd48528f10f1"
"tiktok","TikTok Followers [GLOBAL] [Refill: 20D] [Max: 100K] [Start Time: 0-3 Hrs] [Speed: 20K/D] ⛔💧♻️","5.4075","3.8625","10","500000","jap","3091c7b2-4315-4ffc-93fd-9dc8a9fc4e00"
"tiktok","TikTok Livestream Views [Max: 10K] [Start Time: INSTANT] [Stay: 90 min]","36.575","26.125","100","10000","jap","30dac471-6c57-4779-9f79-aad5edb10368"
"tiktok","TikTok Views [EXCLUSIVE] [Refill: 30 Days] [Max: 1M] [Start Time: 0-1 Hour] [Speed: 1M/Day] 🔥🔥🔥🔥🔥 ♻️","0.1165","0.0832","50000","100000000","jap","32ea6cd9-0979-416e-beee-b02f97c44d81"
"tiktok","🇬🇮TikTok Views [Gibraltar] [Refill: No] [Max: 5M] [Start Time: 0-1 Hour] [Speed: 100K/Day]","0.2188","0.1563","100","500000000","jap","331dd3e4-34b9-4076-9af7-0dc6ecf38046"
"tiktok","TikTok Comment Likes [Max: 100K] [Start Time: 0 - 1 Hr] [Refill: 30D] [Speed: Up to 50K/Day] 💧♻️","0.2625","0.1875","50","1000000","jap","3335df1a-2e9c-4b5c-8d91-19062f0f8085"
"tiktok","Tiktok Followers [Almost No Drop] [30 Days Refill] [20K/D] [Instant to 24 Hours]","6.104","4.36","10","20000","smmwiz","c35c95f9-4509-486d-8561-bf2b18cd9ec0"
"tiktok","TikTok Followers [HQ] [Max: 100K] [Refill: 30 Days] [Start Time: 0 - 1 Hour] [Speed: 10K/Day]","2.7412","1.958","5","100000","jap","356eaf0d-703c-4071-8228-32583de42aab"
"tiktok","TikTok Likes [Refill: No] [Max: 1M] [Start Time: 0 - 1 Hr] [Speed: Up to 50K/D] 💧⛔️","0.0263","0.0188","10","5000000","jap","35bc101d-1bd3-42e9-a15f-67e4ef2947c6"
"tiktok","TikTok Views [Max: 30M] [Refill: 30D] [Start Time: 0-2 Hrs] [Speed: 10M/D] 💧♻️","0.0869","0.0621","100","100000000","jap","367e38ed-0293-4b3c-a25e-2b6f61a37e48"
"tiktok","TikTok Followers [HQ] [Max: 50K] [Refill: 30D] [Start Time: 0 - 1 Hr] [Speed: 10K/D] 💧⛔️","3.5875","2.5625","10","10000000","jap","36fab788-f61d-460a-b93a-56143be4e63f"
"tiktok","TikTok Likes [Refill: No] [Max: 1M] [Start Time: 0 - 1 Hr] [Speed: Up to 50K/D] 💧⛔️","0.1575","0.1125","10","1000000","jap","373ff6ea-8aa4-4fd4-84f8-f987a1f57d69"
"tiktok","🇧🇷 TikTok Likes [BRAZIL] [Refill: No] [Max: 5K] [Start Time: 0 - 1 Hr] [Speed: 5K/Day] 💧⛔️","0.6625","0.4732","10","100000","jap","37b0b123-a52e-4bad-a9ca-af9200f87951"
"tiktok","🇲🇦TikTok Views [Morocco] [Refill: No] [Max: 5M] [Start Time: 0-1 Hour] [Speed: 100K/Day]","0.2188","0.1563","100","500000000","jap","3cc20547-ff6d-4743-9ae7-a6d714cf3f63"
"tiktok","TikTok Shares - [ 100K/Day ] 30 Days Refill ] INSTANT","2.688","1.92","10","100000","smmwiz","c9833a76-b81e-4a81-a072-36be32100804"
"tiktok","Tiktok Followers [30 Days Refill] [Low Drop Rate] [5K/D] [Instant]","3.36","2.4","20","1000000","smmwiz","cac56b05-602e-408b-a6e8-b2adfcba567e"
"tiktok","Tiktok Likes [High Speed] [Low Drop] [Cancel Enabled] [100K/D] [Instant]","0.084","0.06","10","10000","smmwiz","cdd220ad-04b5-43b1-a977-aa29cd29c789"
"tiktok","🇵🇾TikTok Views [Paraguay] [Refill: No] [Max: 5M] [Start Time: 0-1 Hour] [Speed: 100K/Day]","0.2188","0.1563","100","500000000","jap","3e422e7b-3586-4727-ba05-440c742a61db"
"tiktok","TikTok Live Stream Viewers [30 Minutes] [Start Time: Instant]","4.032","2.88","50","100000","smmwiz","31e5194d-8502-48d4-9b80-0dd27ed57e4a"
"tiktok","TikTok Live Stream Viewers [60 Minutes] [Start Time: Instant]","8.064","5.76","50","100000","smmwiz","90fb80c2-aa3c-49bd-8342-ce5160eadd16"
"tiktok","TikTok Live Stream Viewers [90 Minutes] [Start Time: Instant]","12.096","8.64","50","100000","smmwiz","cb9cc16e-e807-4fbb-b9e9-8e278289b374"
"tiktok","TikTok Live Stream Viewers [120 Minutes] [Start Time: Instant]","16.128","11.52","50","100000","smmwiz","2b71a130-5a45-4e00-8653-953b1116e95f"
"tiktok","TikTok Live Stream Viewers [150 Minutes] [Start Time: Instant]","20.16","14.4","50","100000","smmwiz","b900464c-cf88-40b8-ab78-376b2f274968"
"tiktok","TikTok Live Stream Viewers [180 Minutes] [Start Time: Instant]","24.192","17.28","50","100000","smmwiz","0ab03357-ef6d-4b96-a617-ec8b3f233e93"
"tiktok","TikTok Live Stream Viewers [210 Minutes] [Start Time: Instant]","28.224","20.16","50","100000","smmwiz","a52ee84a-d9ae-4a27-bf51-6396ce33bfcd"
"tiktok","TikTok Live Stream Viewers [240 Minutes] [Start Time: Instant]","32.256","23.04","50","100000","smmwiz","a898f4a6-2986-48aa-bb94-61f76bee0785"
"tiktok","TikTok Live Stream Viewers [270 Minutes] [Start Time: Instant]","36.288","25.92","50","100000","smmwiz","e919e12f-1ba1-45aa-be2f-700aeb03244a"
"tiktok","TikTok Live Stream Viewers [300 Minutes] [Start Time: Instant]","40.32","28.8","50","100000","smmwiz","84fbe87c-de83-4623-9298-f31a84a056b8"
"tiktok","Tiktok Livestream Views + %200 Live Likes + %20 AI Comments [240 Minutes]","23.184","16.56","50","100000","smmwiz","eb53e942-642d-4967-91ea-00108998d647"
"tiktok","Tiktok Livestream Views + %200 Live Likes + %20 AI Comments [270 Minutes]","26.082","18.63","50","100000","smmwiz","eb70d7e1-396b-48fb-81d9-c3ad6b13f0e0"
"tiktok","TikTok Followers [HQ] [Refill: No] [Max: 10M] [Start Time: 0 - 2 Hrs] [Speed: Up to 20K/D] 💧⛔️♻️","2.9575","2.1125","10","10000000","jap","4205f577-cc0b-4e37-80ea-4ae2747e3c22"
"tiktok","TikTok Likes [Refill: No] [Max: 1M] [Start Time: 0 - 1 Hr] [Speed: 25K/D] 💧⛔️","0.1512","0.108","10","30000","jap","4293e4e9-88f4-49a4-b200-c1ed07828c5b"
"tiktok","Tiktok Livestream Views + %200 Live Likes + %20 AI Comments [300 Minutes]","28.98","20.7","50","100000","smmwiz","a6277794-ddd3-43ae-ac8d-da13adadf264"
"tiktok","Tiktok Livestream Views + %200 Live Likes + %20 AI Comments [30 Minutes]","2.898","2.07","50","100000","smmwiz","cc64f9ce-a025-4a00-b097-3ba70bd62405"
"tiktok","Tiktok Livestream Views + %200 Live Likes + %20 AI Comments [60 Minutes]","5.796","4.14","50","100000","smmwiz","5387c8f5-bbd7-42c1-a8e0-2cb32471533a"
"tiktok","Tiktok Livestream Views + %200 Live Likes + %20 AI Comments [90 Minutes]","8.694","6.21","50","100000","smmwiz","d86fa24b-b91c-4b4c-a992-be128ae4dc72"
"tiktok","Tiktok Livestream Views + %200 Live Likes + %20 AI Comments [120 Minutes]","11.592","8.28","50","100000","smmwiz","d06c2df7-fc40-491c-a4cc-414092597ccf"
"tiktok","Tiktok Livestream Views + %200 Live Likes + %20 AI Comments [150 Minutes]","14.49","10.35","50","100000","smmwiz","ced62696-609e-4abc-86c2-efc74937ff03"
"tiktok","Tiktok Livestream Views + %200 Live Likes + %20 AI Comments [180 Minutes]","17.388","12.42","50","100000","smmwiz","bf102e58-fd13-4b42-a614-27c5eb39f666"
"tiktok","Tiktok Livestream Views + %200 Live Likes + %20 AI Comments [210 Minutes]","20.286","14.49","50","100000","smmwiz","e5c32d98-9aea-4847-8833-775d9b44b0de"
"tiktok","Tiktok Livestream Views + %200 Live Likes + %20 AI Comments [15 Minutes]","2.898","2.07","50","100000","smmwiz","0e5699fa-04fc-42e3-b76b-439591fe46de"
"tiktok","TikTok Followers [HQ] [Refill: No] [Max: 50K] [Start Time: 0 - 2 Hrs] [Speed: 30K/D] 💧","2.3625","1.6875","10","50000","jap","4412e9d7-8958-4568-a748-3f37c9cd258d"
"tiktok","TikTok Views [Max: 10M] [Start Time: 0-1 Hour] [Speed: 2M/Day]🔥💧","0.0805","0.0575","100","100000000","jap","4459302e-5a14-48be-a0cc-5f2b6a89b20d"
"tiktok","Tiktok Likes + Views [High Quality] [No Drop] [20-30K/D] [Instant]","0.364","0.26","10","10000000","smmwiz","2b759a43-7fe1-4543-92a3-2f5b36520afc"
"tiktok","Tiktok Likes [Real] [High Quality] [10-30K/D] [Instant]","0.546","0.39","10","100000","smmwiz","836eed98-9ea9-46e3-bceb-cdd33c87d782"
"tiktok","Tiktok Followers [Real] [3-5K/D] [0-2/H]","7.518","5.37","10","100000","smmwiz","6eb6053c-0617-413c-8909-f1f04efd23d2"
"tiktok","2582 - Facebook Post Likes [10K/D] [Instant]","1.806","1.29","10","100000","smmwiz","b5c9d95f-241d-4a9a-8fc2-728ebb34c43a"
"tiktok","Tiktok Followers [Cancel Enabled] [50-100K/D] [0-1/H]","3.08","2.2","100","500000","smmwiz","6f8829ab-7ec2-46bb-8c08-551590d34fe9"
"tiktok","TikTok Followers [Refill: No] [Start Time: 0 - 1 Hr]  [Speed: Up to 60k/D] 💧","2.8","2","10","1000000","jap","4516715f-3c49-49ff-9dc9-215d63c8fbca"
"tiktok","🇰🇬TikTok Views [Kyrgyzstan] [Refill: No] [Max: 5M] [Start Time: 0-1 Hour] [Speed: 100K/Day]","0.2188","0.1563","100","500000000","jap","462beeb0-d2f7-409d-9a93-6d025935e079"
"tiktok","Tiktok Comments [9 HQ Random Comments] [Max: 9] [Start Time: 0-1 Hour] [Finishes in: 3 Hours]","3.255","2.325","1000","1000","jap","46e24f3a-8f4c-4354-b847-d94ecc21be2b"
"tiktok","Tiktok Comments [15 HQ Random Comments] [Max: 15] [Start Time: 0-1 Hour] [Finishes in: 3 Hours]","5.425","3.875","1000","1000","jap","47474969-5e2a-476a-b724-630548ff6512"
"tiktok","TikTok Likes [HQ] [Max: 1M] [Refill: No] [Start Time: 0 - 3Hours] [Speed: Up to 10K/Day]💧⛔️","0.525","0.375","10","1000000","jap","47abb59c-fe1c-45ce-97f6-65cc8237235a"
"tiktok","TikTok Likes + Views [Refill: 30D] [Max: 1M] [Start Time: 0 - 1 Hr] [Speed: 20K/D] 💧⛔️♻️","0.35","0.25","10","10000000","jap","48b084dc-e9a7-4933-bc82-0e7153525236"
"tiktok","TikTok Views [Max: 10M] [Start Time: 0-4 Hours] [Speed: 10M/Day]🔥💧","0.0805","0.0575","100","100000000","jap","48bd91dd-60fe-4f2b-9c7f-a00507547e22"
"tiktok","TikTok Likes [Max: 100K] [Refill: No] [Start Time: 0 - 6 Hours] [Speed: 5K/Day]","0.2625","0.1875","50","100000","jap","48da456f-a668-4e55-b840-5955e0ef41d3"
"tiktok","TikTok Likes [Refill: 30 Days] [Max: 1K] [Start Time: 1 Hour] [Speed: 1K/Day] ♻️","0.453","0.3236","100","50000","jap","495c3463-b3bb-4127-9549-8ed15fd313b6"
"tiktok","TikTok Followers [Refill: No] [Max: 250K] [Start Time: 0 - 1 Hr] [Speed: 10K/Day] 💧⛔️","2.9575","2.1125","10","10000000","jap","495ca8db-68f2-4579-ba72-33b1f7eb7b23"
"tiktok","Tiktok HQ Followers [Refill: No] [Max: 3M] [Start Time: 0 - 2 Hrs] [Speed: Up to 100K/D] 💧","2.6762","1.9116","10","20000","jap","4baed22c-53e5-43a0-bdb8-8a5a621dc996"
"tiktok","TikTok Followers [HQ] [Max: 50K] [Refill: No] [Start Time: 0 - 1 Hr] [Speed: 10K/D] 💧⛔️","2.9225","2.0875","10","10000000","jap","4bd88d5b-a904-42e7-b336-e017a458b7c0"
"tiktok","TikTok Likes [Refill: 90D] [Max: 100K] [Start Time: 0 - 1 Hr] [Speed: 100K/D]💧⛔️","0.4164","0.2974","10","1000000","jap","4bf86afd-b59f-4cfe-b68e-49315626a1bd"
"tiktok","TikTok Followers [Max: 100K] [Refill: No] [Start Time: 0 - 1 Hr] [Speed: 5K/D]  ⛔ 💧","3.675","2.625","10","500000","jap","4de95a7b-d7f4-4d35-8f49-1109b7d4f801"
"tiktok","TikTok Views [Max: 40M] [Start Time: 0-3 Hrs] [Speed: 10M/D]💧","0.0945","0.0675","100","40000000","jap","4df881a7-726d-4a9b-a290-b58e14e9f69e"
"tiktok","TikTok Livestream Views [Max: 20K] [Start Time: INSTANT] [Stay: 30 mins]","3.15","2.25","10","5000","jap","4e8da237-f7b4-4e06-8ccf-87c2f76055c6"
"tiktok","TikTok Likes [Refill: No] [Max: 100K] [Start Time: 0 - 1 Hr] [Speed: Up to 20K/D] 💧⛔️","0.3422","0.2444","10","100000","jap","500e76b0-1145-4b48-b9fb-cbf34b39728f"
"tiktok","TikTok Followers [Refill: No] [Max: 1M] [Start Time: 0 - 2 Hrs] [Speed: 100K/D] 💧","4.1832","2.988","10","500000","jap","50533f82-4869-4341-87d2-a9090a311054"
"tiktok","🇹🇲TikTok Views [Turkmenistan] [Refill: No] [Max: 5M] [Start Time: 0-1 Hour] [Speed: 100K/Day]","0.2188","0.1563","100","500000000","jap","5092fbb9-0fc6-408d-8741-0528f0872744"
"tiktok","TikTok Shares [Max: 100K] [Start Time: 0 - 1 Hours] [Speed: 100K/Day] 💧","0.168","0.12","10","10000000","jap","7af2a059-c29a-4e76-823e-fc48710e76b7"
"tiktok","TikTok PK Battle Points [Max: 10M] [Start Time: 0-1 Hr] [Speed: 1M/D]💧","0.28","0.2","100","10000000","jap","51f5308e-95a2-4bb6-beb8-640f761f3f94"
"tiktok","TikTok Likes [Max: 150K] [Refill: No] [Start Time: 0 - 1 Hr] [Speed: 150K/D]💧","0.49","0.35","10","150000","jap","52c8cca3-b6af-42f5-90db-c834ff5e7f18"
"tiktok","TikTok Likes [Refill: No] [Max: 100K] [Start Time: 2 Hours] [Speed: 1K/Day] 🔥","0.3048","0.2177","10","2147483647","jap","52cd3e78-caf7-45ee-929d-bdd673acf4eb"
"tiktok","TikTok Video Download [Refill: 30 Days] [Max: 30K] [Start Time: 0-1 Hour] [Speed: 5K/Hour] 🔥♻️","0.2625","0.1875","50","30000","jap","5359afd6-514a-4395-8722-8461595e9cef"
"tiktok","TikTok HQ Likes [Refill: 365D] [Max: 500K] [Start Time: 0 - 1 Hr] [Speed: Up to 100K/D] 💧","0.6825","0.4875","10","500000","jap","53d937bd-5527-48a5-a8e9-d849d4af4aed"
"tiktok","TikTok Followers [Refill: No] [Max: 10K] [Start Time: 0 - 2 Hrs] [Speed: Up to 10K/D] 💧⛔️","3.857","2.755","10","10000","jap","54872c7f-ecdf-49db-a903-82c9bec72a73"
"tiktok","🇬🇵TikTok Views [Guadeloupe] [Refill: No] [Max: 5M] [Start Time: 0-1 Hour] [Speed: 100K/Day]","0.2188","0.1563","100","500000000","jap","54eb8700-fbde-4557-ae00-2f5ede0f4c8d"
"tiktok","Tiktok Nigeria Video Views [100K]🇳🇬","3.486","2.49","1000","100000","smmwiz","4940d26a-9d76-4d83-9ab5-820f72d8aaa4"
"tiktok","Tiktok Nigeria Likes [5K]🇳🇬","27.846","19.89","100","5000","smmwiz","5ec248f0-f03d-4125-a26d-eefb160696d4"
"tiktok","Tiktok Nigeria Comments [5K]🇳🇬","34.818","24.87","50","5000","smmwiz","3cfb5f09-2f2d-4101-98fe-5e41d7e65840"
"tiktok","TikTok Livestream Views [Max: 10K] [Start Time: INSTANT] [Stay: 15 mins]","9.975","7.125","100","10000","jap","558fa665-08e7-47d7-a082-b6c0bc976969"
"tiktok","Tiktok Nigeria Followers [5K]🇳🇬","41.776","29.84","100","5000","smmwiz","b67f0c78-3ea2-4341-a34a-cd7d2d197833"
"tiktok","TikTok Followers [Refill: 30 Days] [Max: 100K] [Speed: 20K/Day] ⛔💧♻️","5.4075","3.8625","10","500000","jap","55b323a0-4bc8-4936-8572-452fe06f59d7"
"tiktok","Tiktok Views [Max: 5M] [Start Time: 0-1 Hour] [Speed: 5M/Day]💧","0.0805","0.0575","100","100000000","jap","567c5dd2-b602-4988-9139-49e59e5926ba"
"tiktok","TikTok Followers [HQ] [NO REFILL] [Max: 10M] [Start Time: 0 - 3 Hrs] [Speed: 30K/Day] ♻️ ⛔💧","3.2585","2.3275","10","1000000","jap","56c7babb-750c-4700-82eb-1bcac43a24cc"
"tiktok","TikTok Views [Max: 10M] [Start Time: 0 - 3 Hours] [Speed: 10M/Day]","0.0735","0.0525","100","100000000","jap","40bc3be1-f260-457a-b748-d32ce44d1284"
"tiktok","TikTok Followers [Max: 500K] [Refill: 30 Days] [Start Time: 0 - 1 Hour] [Speed: 10K/Day]","7.3651","5.2608","50","100000","jap","581bb488-42d9-4624-b5cc-fa4d4db08f5e"
"tiktok","🇬🇦TikTok Views [Gabon] [Refill: No] [Max: 5M] [Start Time: 0-1 Hour] [Speed: 100K/Day]","0.2188","0.1563","100","500000000","jap","5846b07c-a109-4281-8060-f58329721474"
"tiktok","🇧🇷 Tiktok Auto Likes [BRAZIL] [Refill: No] [Max: 30K] [Start Time: 0-1 Hour] [Speed: 1K/Day] 💧⛔️","0.2433","0.1738","10","1000000","jap","5951af25-3614-434e-85eb-c30ed66b6475"
"tiktok","🇳🇦TikTok Views [Namibia] [Refill: No] [Max: 5M] [Start Time: 0-1 Hour] [Speed: 100K/Day]","0.2188","0.1563","100","500000000","jap","5b2feb25-e4c2-48b0-b41c-cf994774ce18"
"tiktok","TikTok Shares [Max: 100K] [Refill: No] [Start Time: 0 - 2 Hrs] [Speed: 100K/D] 💧⛔","0.0525","0.0375","10","10000000","jap","5c471b73-1f66-450f-885b-d1adc5209104"
"tiktok","TikTok Comment Likes [Refill: No] [Max: 100K [Start Time: 0 - 1 Hr] [Speed: Up to 10K/D] ⛔️","0.245","0.175","50","100000","jap","5c4d88ea-865b-4a13-9770-c1e943faf1f9"
"tiktok","TikTok Livestream Views [Max: 10K] [Start Time: INSTANT] [Stay: 3 Hours]","63.7","45.5","100","10000","jap","5ea50c06-b976-47ec-8b5a-100734dd0f22"
"tiktok","🇬🇧 TikTok Likes [UK] [Refill: 30D] [Max: 100K] [Start Time: 0 - 1 Hr] [Speed: 50K/D] 💧 ⛔️","1.925","1.375","10","100000","jap","5edd00a6-070b-491f-b4cc-312df4a5804c"
"tiktok","TikTok Followers [Refill: No] [Max: 2M] [Start Time: 0 - 2 Hrs] [Speed: Up to 200K/D] 💧","3.969","2.835","10","500000","jap","5f466914-f535-423c-ba8c-11fa21b41b73"
"tiktok","TikTok nFollowers  speed 10k ♥️lifetime guaranteed ( Good Quality","7.294","5.21","10","40000","smmwiz","8e403b23-7d4e-4a04-8005-1438160f5967"
"tiktok","TikTok Likes + Views [Refill: No] [Max: 1M] [Start Time: 0 - 1 Hr] [Speed: 20K/D] 💧⛔️","0.2275","0.1625","10","10000000","jap","60e4e114-30b2-40c3-abb5-06b20c2ceed0"
"tiktok","TikTok Views [Refill: 365D ] [Max: 50M] [Start Time: 0-1 Hour] [Speed: 100K/Day]","0.0956","0.0683","100","100000000","jap","6201afc7-a57f-463e-8f50-de98a18f5b1b"
"tiktok","🇲🇹TikTok Views [Malta] [Refill: No] [Max: 5M] [Start Time: 0-1 Hour] [Speed: 100K/Day]","0.2188","0.1563","100","500000000","jap","62218938-adbd-4c7d-b1e0-e2b8b17d5064"
"tiktok","TikTok Views [Caledonia] [Refill: No] [Max: 5M] [Start Time: 0-1 Hour] [Speed: 100K/Day]","0.2188","0.1563","100","500000000","jap","622f22c9-4157-47aa-8366-a4cbeab9aaf0"
"tiktok","TikTok Views [Max: 30M] [Refill: 365D] [Start Time: 0-2 Hrs] [Speed: 5M/D] ⛔💧♻️","0.0805","0.0575","100","2147483647","jap","62765901-7b59-4d5c-bb36-94ac92d691e1"
"tiktok","TikTok Comments [RANDOM &amp; RELATED TO THE TOPIC] [Refill: 30D] [Max: 100] [Start Time: 0-1 Hr] [Speed: 100/D]","75.4775","53.9125","5","1000","jap","629da51f-10e8-4c57-ae00-666da2b35ac5"
"tiktok","TikTok Followers [Refill: 30D] [Max: 1M] [Start Time: 0 - 1 Hr] [Speed: 20K/D] 💧⛔️♻️","2.7825","1.9875","10","10000000","jap","631723e5-09d8-426e-bc9f-784d098b50b3"
"tiktok","TikTok Live Likes [Refill: No] [Max: 1M] [Start Time: 0 - 1 Hr] [Speed: Up to 20K/D] 💧⛔","0.0525","0.0375","10","2147483647","jap","648f6f64-e73e-42c6-b369-1db4951884bd"
"tiktok","🇱🇧TikTok Views [Lebanon] [Refill: No] [Max: 5M] [Start Time: 0-1 Hour] [Speed: 100K/Day]","0.2188","0.1563","100","500000000","jap","668d1ac3-f3b8-4eff-8265-b5c572de8757"
"tiktok","TikTok Likes [Max: 10K] [Refill: 7 Days] [Start Time: 0 - 1 Hour] [Speed: 10K/Hour] 💧⛔️","0.2275","0.1625","50","200000","jap","67a504a9-a794-4b10-80bb-b96957d73155"
"tiktok","TikTok Followers [Refill: No] [Max: 1M] [Start Time: 0 - 2 Hrs] [Speed: 100K/D] 💧","3.675","2.625","10","500000","jap","67b3d7cf-39c0-4e72-965b-afd5670a05cc"
"tiktok","TikTok Followers [HQ] [Refill: No] [Max: 500K] [Start Time: 0 - 2 Hrs] [Speed: Up to 100K/D] 💧⛔️","5.9472","4.248","10","1000000","jap","67ba9eae-df1d-452f-b298-d4ca355daa99"
"tiktok","TikTok Live Stream Viewers [15 Mins] [Start Time: Instant]","0.728","0.52","20","10000","smmwiz","dc246902-49d2-48be-8b66-4390dbe13f4c"
"tiktok","TikTok Live Stream Viewers [30 Mins] [Start Time: Instant]","1.456","1.04","20","10000","smmwiz","6478e718-0f66-47cb-84d6-fb99e279616a"
"tiktok","TikTok Likes [Max: 10K] [Refill: No Refill] [Start Time: 0 - 1 Hour] [Speed: 10K/Day]","0.5075","0.3625","10","100000","jap","6917546e-a85a-4da1-9dbc-773dd8c4defd"
"tiktok","TikTok Auto Likes [Max: 10K] [Refill: 7 Days] [Start Time: 0 - 1 Hour] [Speed: 10K/Day] 💧","0.21","0.15","50","500000","jap","69511664-8b3b-4176-829f-ee217ce5ab7a"
"tiktok","🇮🇪TikTok Views [Ireland] [Refill: No] [Max: 5M] [Start Time: 0-1 Hour] [Speed: 100K/Day]","0.2188","0.1563","100","500000000","jap","6951548b-8298-4b07-b963-568dc86304f1"
"tiktok","TikTok Livestream Views [Max: 20K] [Start Time: INSTANT] [Stay: 15 mins]","1.575","1.125","10","5000","jap","6996ffdd-b358-45dc-aca4-4232cff21c08"
"tiktok","TikTok Live Stream Viewers [45 Mins] [Start Time: Instant]","2.184","1.56","20","10000","smmwiz","6cd4905f-9b57-40b3-a04f-6b3c1de0cd20"
"tiktok","TikTok Live Stream Viewers [60 Mins] [Start Time: Instant]","2.912","2.08","20","10000","smmwiz","9991ad3a-70a6-448b-bd47-5224719e6343"
"tiktok","TikTok Live Stream Viewers [90 Mins] [Start Time: Instant]","4.368","3.12","20","10000","smmwiz","473dddd5-e313-49d6-94cc-c99881b303b3"
"tiktok","TikTok Live Stream Viewers [120 Mins] [Start Time: Instant]","5.81","4.15","20","10000","smmwiz","f631e91d-077d-4b8e-957e-6ebfd39d7377"
"tiktok","TikTok Live Stream Viewers [150 Mins] [Start Time: Instant]","7.266","5.19","20","10000","smmwiz","a1a382e4-3712-4654-8c40-3bcacd148492"
"tiktok","TikTok Live Stream Viewers [180 Mins] [Start Time: Instant]","8.722","6.23","20","10000","smmwiz","718631d2-d365-49a9-a3ec-fd9333000e1e"
"tiktok","TikTok Live Stream Viewers [210 Mins] [Start Time: Instant]","10.164","7.26","20","10000","smmwiz","f2dc1da3-f29c-4859-969c-8507644c8cf1"
"tiktok","TikTok Live Stream Viewers [240 Mins] [Start Time: Instant]","11.62","8.3","20","10000","smmwiz","9737681a-bfbf-4783-903f-ef0ecd34fc85"
"tiktok","TikTok Live Stream Viewers [270 Mins] [Start Time: Instant]","13.076","9.34","20","10000","smmwiz","fccb72d2-b7f6-41d3-a55e-2f30276ced0b"
"tiktok","TikTok Live Stream Viewers [300 Mins] [Start Time: Instant]","14.518","10.37","20","10000","smmwiz","068f52a4-e2db-449e-ac39-bd0540c4c209"
"tiktok","Tiktok Followers [Real] [World Wide] [1K/D] [0-1/H]","16.212","11.58","1","15000","smmwiz","bc7d8620-dbfb-4445-a1c4-2d9755dc06fa"
"tiktok","Tiktok Views [Watchtime 15+ Seconds] [Real] [World Wide] [1K/D] [0-1/H]","9.996","7.14","1","15000","smmwiz","048012ac-3207-424b-b784-f18a92050347"
"tiktok","Tiktok Likes [Real] [World Wide] [1K/D] [0-1/H]","7.896","5.64","1","15000","smmwiz","2dbfa5fe-b362-481b-a2b3-3d8059949600"
"tiktok","Tiktok Add To Favorites [Real] [World Wide] [1K/D] [0-1/H]","9.996","7.14","1","15000","smmwiz","e1b80366-1313-459c-b19b-e0e0323a1fb0"
"tiktok","Tiktok Shares [Real] [World Wide] [1K/D] [0-1/H]","28.728","20.52","1","15000","smmwiz","8a300e15-c33a-4b29-b993-88e323cd4115"
"tiktok","Tiktok Random Comments [Real] [World Wide] [1K/D] [0-1/H]","32.928","23.52","1","15000","smmwiz","4a220d0e-2202-4cad-a926-1546fc579fce"
"tiktok","Tiktok Views + Likes From Search [Real] [World Wide] [1K/D] [0-1/H]","14.196","10.14","1","15000","smmwiz","1faf7393-3c7e-4ac1-a596-c133feb7ab62"
"tiktok","Tiktok Views + Likes + Followers [Real] [World Wide] [1K/D] [0-1/H]","24.528","17.52","1","15000","smmwiz","b4247bd2-2607-4874-9e52-455853014e0e"
"tiktok","🇯🇵TikTok Views [Japan] [Refill: No] [Max: 5M] [Start Time: 0-1 Hour] [Speed: 100K/Day]","0.2188","0.1563","100","500000000","jap","6b761deb-1d1a-49d8-ab9f-26a6b631ddc9"
"tiktok","TikTok Likes [Refill: No] [Max: 1K] [Start Time: 1 Hour] [Speed: 1K/Day]","0.5026","0.359","10","2147483647","jap","6cabcd05-b069-4c29-a734-b10f1bfdc350"
"tiktok","TikTok Likes | Max 5M | LQ Profiles | Cancel Button Enable |  30 Days Refill  ♻️ | Instant Start | Speed: 50K/Day 🚀","0.252","0.18","100","5000000","smmwiz","48d2ff7d-abeb-4b0f-adbf-80787b9bfa8f"
"tiktok","TikTok Likes | Max 5M | LQ Profiles | Cancel Button Enable | 60 Days Refill ♻️ | Instant Start | Speed: 50K/Day 🚀","0.084","0.06","10","1000000","smmwiz","de83b740-98a1-4825-b0f2-3beaa7b63d40"
"tiktok","TikTok Likes | Max 5M | LQ Profiles | Cancel Button Enable | 90 Days Refill ♻️ | Instant Start | Speed: 50K/Day 🚀","0.196","0.14","10","3000000","smmwiz","54b1ff17-2769-48f8-a1f4-406a8b5df05a"
"tiktok","TikTok Followers [ASIA] [Refill: 30D] [Start: 0 - 2 Hrs] [Speed: 100K/D] 💧⛔♻️","2.59","1.85","5","100000","jap","6e25334a-1e6b-48b2-b940-582ecc61d5f3"
"tiktok","TikTok Likes [Max: 500K] [Refill: No] [Start Time: 0 - 1 Hour] [Speed: 50K/Day]💧⛔️","1.155","0.825","100","150000","jap","6e3e60c6-8137-481a-87cd-490d5ca04928"
"tiktok","TikTok Likes | Max 5M | LQ Profiles | Cancel Button Enable | 365 Days Refill ♻️ | Instant Start | Speed: 50K/Day 🚀","0.364","0.26","10","10000000","smmwiz","32425fd8-5032-415d-a0d1-c88670640bd3"
"tiktok","TikTok Likes | Max 1M | Real &amp; Bot Accounts | 30 Days Refill ♻️ | Instant Start | Speed: 100K/Day - 𝗙𝗔𝗦𝗧 𝗖𝗢𝗠𝗣𝗟𝗘𝗧𝗘𝗗 🚀","0.154","0.11","10","500000","smmwiz","35a21969-b0bb-4dfb-98fa-f5abfb6e846c"
"tiktok","TikTok Likes | Max 1M | Real &amp; Bot Accounts | 60 Days Refill ♻️ | Instant Start | Speed: 100K/Day - 𝗙𝗔𝗦𝗧 𝗖𝗢𝗠𝗣𝗟𝗘𝗧𝗘𝗗 🚀","0.098","0.07","10","1000000","smmwiz","31fc917c-6fa0-44bc-89e4-94d619be2bdd"
"tiktok","TikTok Likes | Max 1M | Real &amp; Bot Accounts | 90 Days Refill ♻️ | Instant Start | Speed: 100K/Day - 𝗙𝗔𝗦𝗧 𝗖𝗢𝗠𝗣𝗟𝗘𝗧𝗘𝗗 🚀","0.098","0.07","10","1000000","smmwiz","6de07e91-549d-407f-9f98-de8b84a2fad3"
"tiktok","TikTok Likes | Max 1M | Real &amp; Bot Accounts | 90 Days Refill ♻️ | Instant Start | Speed: 100K/Day - 𝗙𝗔𝗦𝗧 𝗖𝗢𝗠𝗣𝗟𝗘𝗧𝗘𝗗 🚀","0.364","0.26","10","10000000","smmwiz","ba6be194-6aa9-49f1-9ba9-cf74b80581c4"
"tiktok","TikTok Likes | Max 1M | Real &amp; Bot Accounts | Lifetime Refill ♻️ | Instant Start | Speed: 100K/Day - 𝗙𝗔𝗦𝗧 𝗖𝗢𝗠𝗣𝗟𝗘𝗧𝗘𝗗 🚀","0.434","0.31","10","1000000","smmwiz","f5e43031-c17d-4f42-b35c-291e695119ef"
"tiktok","🇧🇷 Tiktok Shares [BRAZIL] [Refill: 30 Days] [Max: 2M] [Start Time: 0 - 1 Hours] [Speed: 1K/Day] 💧","1.295","0.925","5","10000000","jap","7084e29e-6efa-4757-94f6-cf52c858ad17"
"tiktok","TikTok Views [Max: 3M] [Start Time: 0-1 Hour] [Speed: 1M/Day]","0.0805","0.0575","100","100000000","jap","70c3288e-7655-4122-83b9-1f8df856b451"
"tiktok","Tiktok Likes [30 Days Refill] [Mix Accounts] [50-100K/D] [0-1/H]","0.21","0.15","10","100000","smmwiz","dd78dbf3-0820-4ae8-9b60-aa26aa172293"
"tiktok","Tiktok Likes [60 Days Refill] [Mix Accounts] [50-100K/D] [0-1/H]","0.238","0.17","10","100000","smmwiz","f5f6a789-bd08-4f68-9108-8f0816bb1c73"
"tiktok","Tiktok Likes [90 Days Refill] [Mix Accounts] [50-100K/D] [0-1/H]","0.28","0.2","10","100000","smmwiz","a072b742-78b8-4d25-8258-a918d373ff2a"
"tiktok","Tiktok Likes [365 Days Refill] [Mix Accounts] [50-100K/D] [0-1/H]","0.308","0.22","10","100000","smmwiz","b8d85800-749b-4435-8e6f-fd918554ada2"
"tiktok","TikTok Vietnam ADS Views [Max: 100K] [Start Time: INSTANT] [Real] [LIFETIME REFILL]","0.7875","0.5625","50000","100000000","jap","725ecfd9-cbf0-4374-8f95-59cc7b3dc10d"
"tiktok","🇬🇱TikTok Views [Greenland] [Refill: No] [Max: 5M] [Start Time: 0-1 Hour] [Speed: 100K/Day]","0.2188","0.1563","100","500000000","jap","72c9fa9e-2174-403b-8f69-9dcdb09d4d4d"
"tiktok","🇰🇷TikTok Views [South Korea] [Refill: No] [Max: 5M] [Start Time: 0-1 Hour] [Speed: 100K/Day]","0.2188","0.1563","100","500000000","jap","734dc06a-5919-4fb7-bc10-2bd98d11a440"
"tiktok","🇳🇱TikTok Views [Netherlands] [Refill: No] [Max: 5M] [Start Time: 0-1 Hour] [Speed: 100K/Day]","0.2188","0.1563","100","500000000","jap","734ddaa9-2c0b-4cfc-a7fa-2f7d272e437f"
"tiktok","🇬🇹TikTok Views [Guatemala] [Refill: No] [Max: 5M] [Start Time: 0-1 Hour] [Speed: 100K/Day]","0.2188","0.1563","100","500000000","jap","7381e203-c33d-4c2a-9262-6b1e409c5f43"
"tiktok","Tiktok Likes [Lifetime Refill] [Mix Accounts] [50-100K/D] [0-1/H]","0.336","0.24","10","100000","smmwiz","7bb14cd1-9daf-42c4-a744-aa2be00167fa"
"tiktok","Tiktok Brazil Likes + Views [No Drop] [100K/D] [Instant] [Different Service]","0.224","0.16","10","1000000","smmwiz","d287097c-6115-48b2-bb55-f94dd4147e6c"
"tiktok","Tiktok Brazil Likes + Views [No Drop] [30 Days Refill] [100K/D] [Instant] [Different Service]","0.406","0.29","10","1000000","smmwiz","e145e692-dab3-48bd-9d6c-f8e39a859b33"
"tiktok","Tiktok Brazil Followers [No Drop] [100K/D] [Instant] [Different Service]","4.284","3.06","10","1000000","smmwiz","195966a3-f1e9-478a-83df-0e3b22f7d64b"
"tiktok","Tiktok Brazil Likes + Views [No Drop] [50K/D] [Instant]","0.224","0.16","10","1000000","smmwiz","ed83bf9b-8c12-4dda-aced-643503322aa2"
"tiktok","TikTok Followers [AFRICA] [Refill: 30D] [Start: 0 - 2 Hrs] [Speed: 100K/D] 💧⛔♻️","2.59","1.85","5","100000","jap","741a030d-2123-45b8-8227-f608f56c72cf"
"tiktok","Tiktok Followers [Refill: No] [Max: 50K] [Start Time: 0 - 3 Hours] [Speed: Up to 15K/Day] 💧⛔️","3.4125","2.4375","10","10000000","jap","74624978-aeaa-48b0-a26f-c8db6de9ad88"
"tiktok","Tiktok Brazil Likes + Views [No Drop] [Refill 30 Days] [50K/D] [Instant]","0.364","0.26","10","1000000","smmwiz","ebc67bb2-6204-4669-8ea2-9a8375c0275b"
"tiktok","Tiktok Brazil Followers [Cancel Enabled] [50K/D] [Instant]","2.226","1.59","10","1000000","smmwiz","f17c8c88-9c70-49f5-8a6f-7ddb3be79cbd"
"tiktok","Tiktok Brazil Followers [Cancel Enabled] [30 Days Refill] [50K/D] [Instant]","2.674","1.91","10","1000000","smmwiz","db523ac4-7198-414d-9253-1686cf3f0105"
"tiktok","Tiktok Brazil Followers [High Speed] [No Refill] [50K/D] [Instant]","3.01","2.15","10","1000000","smmwiz","d9b7b176-74f3-478e-b04d-3e61af55d64a"
"tiktok","Tiktok Brazil Followers [High Speed] [30 Days Refill] [50K/D] [Instant]","3.528","2.52","10","1000000","smmwiz","0e6472f5-51eb-49fa-a617-77fc070f7f1d"
"tiktok","🇸🇦TikTok Views [KSA] [Refill: No] [Max: 5M] [Start Time: 0-1 Hour] [Speed: 100K/Day]","0.2188","0.1563","100","500000000","jap","74c542d1-99c1-4fa9-9166-1058a44cdd57"
"tiktok","TikTok Livestream Views [Max: 50K] [Start Time: INSTANT] [Stay: 120 mins]","12.6","9","100","100000","jap","75ec51bb-0a87-42f3-9867-7ebf2e918251"
"tiktok","Tiktok Views [Cancel Enabled] [Instant]","0.098","0.07","100","10000000","smmwiz","42baa11a-dae2-484e-84e9-c58c49c4e625"
"tiktok","Tiktok Likes [High Quality + Real] [20-40K/D] [0-1/H] [Different Service]","0.378","0.27","10","500000","smmwiz","94b0ed14-b4b9-41a1-86cf-2179c5e531ff"
"tiktok","Tiktok Likes [High Quality + Real] [30 Days Refill] [20-40K/D] [0-1/H] [Different Service]","0.392","0.28","10","500000","smmwiz","1e86758d-9edf-486a-8974-e8df4d70f940"
"tiktok","Tiktok Likes [High Quality + Real] [90 Days Refill] [20-40K/D] [0-1/H] [Different Service]","0.42","0.3","10","500000","smmwiz","2b41150f-240d-4ae2-8dbd-0219090e6f81"
"tiktok","Tiktok Likes [High Quality + Real] [365 Days Refill] [20-40K/D] [0-1/H] [Different Service]","0.462","0.33","10","500000","smmwiz","29abe4bf-a72b-4131-b2cd-930af7ef4030"
"tiktok","Tiktok Likes [High Quality + Real] [Lifetime Refill] [20-40K/D] [0-1/H] [Different Service]","0.476","0.34","10","500000","smmwiz","a1377284-2558-47ca-b463-9aea4e802dc2"
"tiktok","TikTok Livestream Views [Max: 50K] [Start Time: INSTANT] [Stay: 240 mins]","25.2","18","100","100000","jap","78291157-1628-4de8-8c28-9a4cd3cc4a07"
"tiktok","Tiktok Comments Likes | Super Instant | HQ Real Accounts","0.35","0.25","10","100000","smmwiz","1ff4c54b-5d95-4cbf-904d-ca57b9829ace"
"tiktok","Tiktok Comments Reply | Super Instant | HQ Real Accounts","10.584","7.56","10","100000","smmwiz","668c269b-6c68-4fa3-8808-77b6625f7f55"
"tiktok","Tiktok Custom Comments | Super Instant | HQ Real Accounts","10.584","7.56","10","100000","smmwiz","3ea81ade-8594-4b49-b995-5a27b20c942c"
"tiktok","Tiktok Random Comments | Super Instant | HQ Real Accounts","10.584","7.56","10","100000","smmwiz","7cc6bdf3-4795-4acb-b293-7a5a447e53db"
"tiktok","Tiktok Random Emoji Comments | Super Instant | HQ Real Accounts","10.584","7.56","10","100000","smmwiz","9bddc1e6-ce5e-4bf0-baec-0dc166d4dc95"
"tiktok","TikTok Followers [Refill: 15D] [Max: 1M] [Start Time: 0 - 2 Hrs] [Speed: 50K/D] 💧⛔️♻️","3.85","2.75","10","1000000","jap","791dea87-46e4-423d-87ec-77b1793dcac3"
"tiktok","TikTok USA Likes [Refill: 30D] [Max: 100K] [Start Time: 0 - 1 Hr] [Speed: Up to 5K/D] 💧⛔️♻️","0.1638","0.117","10","1000000","jap","799f1412-d298-471b-99ae-22bbeee58f7c"
"tiktok","TikTok Followers [Refill: 30D] [Max: 100K] [Start Time: 1 Hr] [Speed: 25K/D] ⛔💧♻️","5.4075","3.8625","10","500000","jap","79d4297b-da32-436c-8b07-9d3a00c054df"
"tiktok","Tiktok Live Shares [Max: 10M] [Start Time: 0 - 3 Hrs] [Speed: 250K/D] 💧","0.07","0.05","50","10000000","jap","7a501098-0c0c-4367-af72-29e3b761804d"
"tiktok","TikTok Followers [Refill: No] [Max: 100K] [Start Time: 0 - 2 Hrs] [Speed: 20K/Day] 💧","1.925","1.375","50","500000","jap","7aa1ca1c-d2e1-451f-bd6d-e78d3257b364"
"tiktok","TikTok Followers [HQ] [Refill: No] [Max: 300K] [Start Time: 0 - 2 Hrs] [Speed: 30K/D] 💧","2.5375","1.8125","10","300000","jap","7aacca8a-77b2-4f05-87ec-18903872a9ec"
"tiktok","Tiktok Likes [Hiqh Quality] [Refill: 30 Days] [Max: 50K] [Start Time: 1 Hours] [Speed: 10K/Day]","2.5375","1.8125","5","100000","jap","7af95139-ff27-462a-8a6d-0c347d996c21"
"tiktok","TikTok Livestream Views [Max: 20K] [Start Time: INSTANT] [Stay: 30 Mins]","6.9695","4.9782","10","300000","jap","7b0d98b1-4f51-42f7-951a-14c20187708f"
"tiktok","🇷🇺TikTok Views [40K] [Russia] [Refill: 30 Days] [Start Time: 0 - 1 Hour] [Speed: 40K/Day]","6.125","4.375","50","40000","jap","19da8018-44a2-4abe-a788-853319080538"
"tiktok","🇺🇦TikTok Views [10K] [Ukraine] [Refill: 30 Days] [Start Time: 0 - 1 Hour] [Speed: 10K/Day]","6.125","4.375","50","10000","jap","65a50595-51ff-4967-b282-c165c3f58811"
"tiktok","Tiktok Followers [No Drop] [No Refill] [500-1000/D] [0-1/H]","6.51","4.65","50","50000","smmwiz","3e324273-ea6f-4a4c-834b-1c0cdfd99e41"
"tiktok","Tiktok Followers [No Drop] [30 Days Refill] [500-1000/D] [0-1/H]","9.114","6.51","50","50000","smmwiz","12b44017-4604-4f2d-a130-801d624ce194"
"tiktok","Tiktok Followers [Real] [15 Days Refill] [Cancel Enabled] [5-10K/D] [Instant]","2.646","1.89","10","100000","smmwiz","a7ffecf2-ec0d-40c5-969b-c4ced666d44a"
"tiktok","Tiktok Followers [Real] [30 Days Refill] [Cancel Enabled] [5-10K/D] [Instant]","2.674","1.91","10","100000","smmwiz","face4b5b-78a0-49af-9680-3eeeab39dbbf"
"tiktok","Tiktok Followers [Real] [45 Days Refill] [Cancel Enabled] [5-10K/D] [Instant]","2.898","2.07","10","100000","smmwiz","115dd138-13fd-434b-a496-acf806f61bdd"
"tiktok","Tiktok Likes [EU - USA] [No Drop] [100-500/D] [0-1/H]","5.908","4.22","25","5000","smmwiz","8d77dd54-95e5-4c8c-9fdc-cc0b034589bc"
"tiktok","Tiktok Followers [EU - USA] [No Drop] [100-500/D] [0-1/H]","18.872","13.48","25","5000","smmwiz","3465e4b4-7c3f-47a9-b5d9-838f60a404a6"
"tiktok","Tiktok Costum Comments [EU - USA] [No Drop] [100-250/D] [0-1/H]","226.548","161.82","5","250","smmwiz","7b70a4d2-17fe-4b25-8365-693d3e1cff02"
"tiktok","Tiktok Random Comments [EU - USA] [No Drop] [100-250/D] [0-1/H]","265.356","189.54","5","250","smmwiz","f79a1727-8a85-43d9-ac93-758724d3068a"
"tiktok","Tiktok Costum Comments [Females] [EU - USA] [No Drop] [100/D] [0-1/H]","226.548","161.82","5","100","smmwiz","428ea039-0b8b-4178-be4c-1c59c5ed3ca5"
"tiktok","Tiktok Costum Comments [Males] [EU - USA] [No Drop] [100/D] [0-1/H]","226.548","161.82","5","100","smmwiz","5218e565-d9df-4ea0-a665-638ebdaa130b"
"tiktok","Tiktok Costum Comments [USA] [No Drop] [100/D] [0-1/H]","245.7","175.5","5","200","smmwiz","aed60ea3-6bf7-4d7a-a9c4-a156e7838c8f"
"tiktok","Tiktok Costum Comments [African/USA] [No Drop] [100/D] [0-1/H]","265.356","189.54","5","25","smmwiz","57d66ca3-7d3c-43ea-9483-e4727eac0145"
"tiktok","TikTok HQ Followers [Refill: 30D] [Max:50K] [Start Time: 0 - 3 Hrs] [Speed: Up to 4K/D] 💧⛔️♻️","2.7825","1.9875","10","10000000","jap","7cc41828-83d8-424d-a0df-433c4b20aaca"
"tiktok","TikTok Followers [ASIAN] [Max: 100K] [Refill: 30D] [Start Time: 0 - 3 Hrs] [Speed: 10K/D]","2.604","1.86","100","100000","jap","7ce1b3be-577a-46e8-9777-79cb39b59c14"
"tiktok","TikTok Followers [Refill: No] [Max: 50K] [Start Time: 0 - 2 Hrs] [Speed: Up to 50K/D] 💧⛔️","3.92","2.8","10","50000","jap","7ce95b3c-8d1c-4034-b032-88a7b3b841b6"
"tiktok","🇫🇴TikTok Views [Faroe Islands] [Refill: No] [Max: 5M] [Start Time: 0-1 Hour] [Speed: 100K/Day]","0.2188","0.1563","100","500000000","jap","7e549915-839f-4931-afb0-8ab8f1a395a2"
"tiktok","TikTok Likes [Max: 600K] [Start Time: 0 - 1 Hr] [Speed: 10K/D] 💧⛔️","0.875","0.625","10","1000000","jap","2cb52e84-b813-47d9-9ce1-302dec85cb46"
"tiktok","TikTok Likes [Max: 100K] [Refill: 30 Days] [Start Time: 0 - 3 Hours] [Speed: Up to 20K/Day] 💧","0.4375","0.3125","10","2000000","jap","07edfbe1-a089-4596-aa55-43e443995de0"
"tiktok","TikTok Likes [Refill: 30 Days] [Max: 1K] [Start Time: 0-1 Hour] [Speed: 1K/Day] 🔥 ♻️","0.4375","0.3125","10","100000","jap","2d5fd33b-f115-47d1-9fa8-ca79c2002f4a"
"tiktok","TikTok Likes [Max: 100K] [Refill: No] [Start Time: 0 - 3 Hours] [Speed: Up to 20K/Day]","0.4375","0.3125","100","10000","jap","40190be2-d48e-47cb-8e3a-260d6f24860d"
"tiktok","TikTok Likes [SERVICE 🇪🇺 🇺🇸] [Refill:30] [Max: 1K] [Start Time: 0 - 8 Hrs] [Speed: Up to 500/D] 💧","10.0625","7.1875","25","1000","jap","d65c17b5-51d9-4dba-92f0-f246be5b7369"
"tiktok","TikTok Likes [Refill: 30D] [Max: 500K] [Start Time: 0 - 1 Hour] [Speed: 100K/Day] 💧","0.875","0.625","10","100000","jap","6a1ee114-6f07-4e0f-8236-6c56c6d65814"
"tiktok","🇮🇩 TikTok Likes [INDONESIA] [Refill: No] [Max: 15K] [Start Time: 0 - 1 Hr] [Speed: 15K/D] 💧 ⛔️","0.875","0.625","10","15000","jap","1bb93602-6aa2-4a01-91a3-5a598a1840bb"
"tiktok","TikTok Likes [Max: 10K] [Refill: 90 Days] [Start Time: 0 - 1 Hour] [Speed: 10K/Day]","1.75","1.25","100","10000","jap","9e1ad8b3-b9b9-4fd8-927b-843c27aca224"
"tiktok","TikTok Followers [Refill: No] [Start Time: 0 - 1 Hr]  [Speed: Up to 50k/D] 💧","2.625","1.875","10","400000","jap","bcc9719e-ee35-4e5a-818d-7d5547d41f14"
"tiktok","TikTok Livestream Views [Max: 100K] [Start Time: INSTANT] [Stay: 240 mins]💧⛔","25.515","18.225","50","100000","jap","84aab6b9-b230-4288-84ec-5a4dae6dfc67"
"tiktok","TikTok Views [Max: 30M] [Refill: 30D] [Start Time: 0-2 Hrs] [Speed: 5M/D] ⛔💧♻️","0.0963","0.0688","100","2147483647","jap","84cefeca-af4f-4de0-9084-8f8a168dfb7a"
"tiktok","TikTok HQ Followers [Refill: 30D] [Max: 30K] [Start Time: 0 - 3 Hrs] [Speed: 5K/Day] 💧⛔️","6.125","4.375","10","100000","jap","fc2364d3-ec78-40bc-a5f4-ee1c68306658"
"tiktok","TikTok HQ Followers [Refill: No] [Max:50K] [Start Time: 0 - 3 Hrs] [Speed: Up to 4K/D] 💧⛔️","2.1875","1.5625","10","10000000","jap","af57557f-a4e9-4462-9922-d55ef311adfa"
"tiktok","TikTok Likes + Views [Max: 20K] [Start Time: 1 Hour] [Speed: 500-1K/Hour] [Speed: Up to 20K/Day] 💧","0.3063","0.2188","10","1000000","jap","852f6e0e-1eab-4999-b6cc-7b1fb052972b"
"tiktok","TikTok Followers [Refill: No] [Max: 100K] [Start Time: 0 - 2 Hours] [Speed: 20K/Day] ⛔️💧","1.638","1.17","10","100000","jap","85469b84-5f8f-4273-ba76-89a9e6462288"
"tiktok","TikTok Livestream Views [Max: 100K] [Start Time: INSTANT] [Stay: 180 mins]💧⛔","19.145","13.675","50","100000","jap","861428e2-b921-4e4a-8313-88c13e07c4ed"
"tiktok","TikTok LQ Followers [Refill: No] [Max: 10M] [Start Time: 0 - 3 Hrs] [Speed: Up to 50K/D] 💧⛔️","3.5683","2.5488","10","20000","jap","8633f21b-11b1-4a75-b887-dd3316654d60"
"tiktok","🇰🇼TikTok Views [Kuwait] [Refill: No] [Max: 5M] [Start Time: 0-1 Hour] [Speed: 100K/Day]","0.2188","0.1563","100","500000000","jap","8681c9b2-9431-493d-b994-d6ca786ea8c7"
"tiktok","TikTok Auto Likes [Refill: No] [Max: 1M] [Start Time: 0 - 1 Hr] [Speed: Up to 50K/D] 💧⛔️","0.0263","0.0188","10","5000000","jap","86c9bf85-19f2-4368-b7e8-c2b9aa47a319"
"tiktok","TikTok Likes [Refill: No] [Max: 500K] [Start Time: 0 - 1 Hr] [Speed: Up to 50K/D] 💧⛔️","0.3044","0.2174","50","100000","jap","86dbf659-5e97-4c10-b066-d694616c1409"
"tiktok","TikTok Followers [Refill: 30 Days] [Max: 200K] [Start Time: 0 - 6 Hours] [Speed: 15K/Day] 💧⛔️","6.125","4.375","10","10000000","jap","f4b1d766-ec66-4222-8fbe-3e242e91dee7"
"tiktok","TikTok Views [Max: Unlimited] [Refill: No ] [Speed: 600K/Day] ✨","0.0875","0.0625","100","100000000","jap","8795031f-c2e2-4084-a68a-519779b6d46e"
"tiktok","Tiktok Followers [Refill: No] [Max: 100K] [Start Time: 0 - 3 Hours] [Speed: Up to 1K/Day]","5.8632","4.188","10","1000000","jap","8847bd4d-de85-4627-ba6f-2531879f0200"
"tiktok","TikTok Followers [Refill: No] [Max: 100K] [Start Time: 0 - 1 Hours] [Speed: 20K/Day] 💧","1.75","1.25","50","5000000","jap","867851d4-dcac-4d21-a0b0-87e16d1f9f8b"
"tiktok","Tiktok Followers [Refill: 30 Days] [Max: 10K] [Start Time: 1 Hour] [Speed: 200/Day] ♻️","12.25","8.75","50","160000","jap","033388ac-2caf-45b5-8dfc-d0841a9353e6"
"tiktok","🇧🇷 Tiktok Followers [BRAZIL] [Refill: 30D] [Max: 50K] [Start Time: 1 Hour] [Speed: Up to 5k/Day] 💧⛔️♻️","3.5","2.5","10","10000000","jap","24779aad-9d99-478e-9f9f-4a08dbafca59"
"tiktok","🇦🇷TikTok Views [Argentina] [Refill: No] [Max: 5M] [Start Time: 0-1 Hour] [Speed: 100K/Day]","0.875","0.625","100","500000000","jap","4825d0af-866c-4290-b05d-2303540aa503"
"tiktok","🇨🇩TikTok Views [Congo] [Refill: No] [Max: 5M] [Start Time: 0-1 Hour] [Speed: 100K/Day]","0.875","0.625","100","500000000","jap","54684b5c-2255-415a-9b13-aeeed7c08e4f"
"tiktok","TikTok Views [Islands] [Refill: No] [Max: 5M] [Start Time: 0-1 Hour] [Speed: 100K/Day]","0.875","0.625","100","500000000","jap","7a8e8d3e-ec93-4951-b007-9026a2a15b95"
"tiktok","🇨🇷TikTok Views [Costa Rica] [Refill: No] [Max: 5M] [Start Time: 0-1 Hour] [Speed: 100K/Day]","0.875","0.625","100","500000000","jap","944c18e1-ae47-45f6-aabf-5eb46308b589"
"tiktok","TikTok Views [Beach] [Refill: No] [Max: 5M] [Start Time: 0-1 Hour] [Speed: 100K/Day]","0.875","0.625","100","500000000","jap","1e658603-600d-4b89-b47a-48096f16aa28"
"tiktok","🇭🇷TikTok Views [Croatia] [Refill: No] [Max: 5M] [Start Time: 0-1 Hour] [Speed: 100K/Day]","0.875","0.625","100","500000000","jap","9794ddfb-dd0e-4a02-934e-b79dc6da7ad2"
"tiktok","🇨🇺TikTok Views [Cuba] [Refill: No] [Max: 5M] [Start Time: 0-1 Hour] [Speed: 100K/Day]","0.875","0.625","100","500000000","jap","a0c0f8fd-13ba-4dea-862d-fee4bdafbde5"
"tiktok","🇨🇾TikTok Views [Cyprus] [Refill: No] [Max: 5M] [Start Time: 0-1 Hour] [Speed: 100K/Day]","0.875","0.625","100","500000000","jap","4f7a06a1-4fc5-445b-adca-91e5b72a1d07"
"tiktok","🇨🇿TikTok Views [Czech Republic] [Refill: No] [Max: 5M] [Start Time: 0-1 Hour] [Speed: 100K/Day]","0.875","0.625","100","500000000","jap","5e2e132d-abb7-4f74-92a1-df59b7fbe134"
"tiktok","🇩🇰TikTok Views [Denmark] [Refill: No] [Max: 5M] [Start Time: 0-1 Hour] [Speed: 100K/Day]","0.875","0.625","100","500000000","jap","f5d9b6d0-c448-4745-aca7-afcfea13ad74"
"tiktok","TikTok HQ Followers [Refill: 30D] [Max: 10M] [Start Time: 0 - 3 Hrs] [Speed: 70K/D] 💧⛔️♻️","7.7","5.5","10","10000000","jap","8a1b1043-5182-415c-957c-ffd2be858cb7"
"tiktok","TikTok Likes [Refill: 30D] [Max: 500K] [Start Time: 0 - 1 Hr] [Speed: Up to 50K/D] 💧⛔️♻️","0.315","0.225","10","10000000","jap","8b479930-2b15-439e-bef1-7b08ecb7fbcd"
"tiktok","🇫🇰TikTok Views [Falkland] [Refill: No] [Max: 5M] [Start Time: 0-1 Hour] [Speed: 100K/Day]","0.2188","0.1563","100","500000000","jap","8ba8ef32-1c7d-4d01-8770-b60c10eb07d5"
"tiktok","Tiktok View [1M] [Start Time: Instant] [Speed: 5M / Day] 🔥","0.0875","0.0625","100","2147483647","jap","8c853957-73a9-416b-96e2-22848005547b"
"tiktok","🇪🇸TikTok Views [Spain] [Refill: No] [Max: 5M] [Start Time: 0-1 Hour] [Speed: 100K/Day]","0.875","0.625","100","500000000","jap","52d2da1a-8fab-48ad-a1bc-63fff21a89f0"
"tiktok","TikTok Followers [90% with PP] [Refill: 30 Days] [Max: 15K] [Start Time: 1 Hour] [Speed: 5K/Day] ♻️","15.2768","10.912","10","50000","jap","8d822df4-4bd0-4b19-a57a-0aa59943c7b4"
"tiktok","Tiktok Comments [US/EU] [MIX] [Max: 200] [Start Time: 0-1 Hour] [Speed: 200/D]","193.2","138","5","350","jap","5cb4db36-9996-46aa-9012-0bacf60d1e46"
"tiktok","TikTok Views [Argentina 🇦🇷] [Refill: 365D] [Max: 50M] [Start Time: 0-1 Hour] [Speed: 100K/Day] 💧♻️","0.4375","0.3125","100","2147483628","jap","7a388fa2-fceb-4771-aa6b-04246924235f"
"tiktok","TikTok Views [INDIA 🇮🇳] [Refill: 365D] [Max: 50M] [Start Time: 0-1 Hour] [Speed: 100K/Day] 💧♻️","0.4375","0.3125","100","2147483628","jap","c31880c1-e816-48a3-af02-38c24f72f288"
"tiktok","TikTok Views [JAPAN 🇯🇵] [Refill: 365D] [Max: 50M] [Start Time: 0-1 Hour] [Speed: 100K/Day] 💧♻️","0.4375","0.3125","100","2147483628","jap","8151ae6a-6ee9-4133-8eaa-0e4130fbee8f"
"tiktok","TikTok Views [KOREA 🇰🇷] [Refill: 365D] [Max: 50M] [Start Time: 0-1 Hour] [Speed: 100K/Day] 💧♻️","0.4375","0.3125","100","2147483628","jap","313db953-0e97-4d63-ac9b-3d1a14e026ee"
"tiktok","TikTok Views [MALAYSIA 🇲🇾] [Refill: 365D] [Max: 50M] [Start Time: 0-1 Hour] [Speed: 100K/Day] 💧♻️","0.4375","0.3125","100","2147483628","jap","c3e3dd6a-1a1e-4f56-a5c8-bb10d914f70b"
"tiktok","TikTok Views [RUSSIA 🇷🇺] [Refill: 365D] [Max: 50M] [Start Time: 0-1 Hour] [Speed: 100K/Day] 💧♻️","0.4375","0.3125","100","2147483628","jap","ae47f5ee-3073-49ac-9798-7a94dc63ff93"
"tiktok","TikTok Views [WW] [Refill: No] [Max: 5M] [Start Time: 0-1 Hour] [Speed: 100K/Day]","0.2188","0.1563","100","500000000","jap","8e3474af-8841-4ccc-b687-adac4a1c349d"
"tiktok","Tiktok Comments [USA] [AFRO] [Max: 75] [Start Time: 0-1 Hour] [Speed: 75/D]","218.75","156.25","5","75","jap","12dee99a-2342-4102-8838-940a6e3a3415"
"tiktok","Tiktok Comments [GERMAN] [MIX] [Max: 75] [Start Time: 0-1 Hour] [Speed: 75/D]","218.75","156.25","5","75","jap","3cf4953b-f5c6-43fa-b55d-8b4665aea6af"
"tiktok","Tiktok Comments [FRENCH] [MIX] [Max: 75] [Start Time: 0-1 Hour] [Speed: 75/D]","218.75","156.25","5","25","jap","8ae6ccfe-c04e-45ed-9c28-7c5568f7fd84"
"tiktok","Tiktok Comments [HQ] [Max: 10K] [Refill: No] [Start Time: 0-1 Hour] [Speed: 1k/Day]","7","5","10","10000","jap","0d5bb88f-641f-482e-8ae1-44dab654b8f9"
"tiktok","TikTok Likes [Max: 500K] [Refill: 30D] [Start Time: 0 - 6 Hours] [Speed: Up to 50K/D] 💧⛔️","0.2625","0.1875","100","150000","jap","8f5a6adc-7700-4526-85f5-ec190e511465"
"tiktok","TikTok Livestream Views [Max: 100K] [Start Time: INSTANT] [Stay: 15 mins]💧⛔","1.3125","0.9375","50","100000","jap","ce764538-e759-4dd7-8b12-fe02733a58ca"
"tiktok","Tiktok Followers [Refill: No] [Max: 50K] [Start Time: 0 - 3 Hours] [Speed: Up to 5k/Day] 💧⛔️","2.94","2.1","10","10000000","jap","8f5d002c-78d7-4b21-a3e5-d1a50f213af9"
"tiktok","Tiktok HQ Followers [Refill: No] [Max: 10M] [Start Time: 0 - 2 Hrs] [Speed: Up to 100K/D] 💧","4.41","3.15","10","500000","jap","9000e0c8-86ad-42e3-9347-b2f5fee969c8"
"tiktok","TikTok Livestream Views [Max: 50K] [Start Time: INSTANT] [Stay: 150 mins]","15.75","11.25","100","100000","jap","0a7b1ec7-6b8b-4db0-9649-1fe916e9e671"
"tiktok","TikTok Livestream Views [Max: 50K] [Start Time: INSTANT] [Stay: 300 mins]","31.5","22.5","100","100000","jap","7f2bb864-2abf-401a-b333-038ac1e9ae45"
"tiktok","TikTok Livestream Views [Max: 100K] [Start Time: INSTANT] [Stay: 240 mins]","36.75","26.25","50","50000","jap","1557d235-04bc-4854-9b2a-f0ea2f3e7785"
"tiktok","TikTok Livestream Views [Max: 10K] [Start Time: INSTANT] [Stay: 15 mins]","3.5","2.5","50","50000","jap","242c2db2-2f94-46aa-8d37-781d625b0dd5"
"tiktok","TikTok Livestream Views [Max: 10K] [Start Time: INSTANT] [Stay: 60 min]","24.9375","17.8125","100","10000","jap","1244837f-7343-40c7-bf29-0882cc1edc04"
"tiktok","Tiktok Live Comments [RANDOM] [Max: 100K] [Start Time: 0 - 1 Hours] [Speed: 100K/Day] 💧","7.875","5.625","10","100000","jap","72202513-98e6-4746-9ff9-2d29b854187e"
"tiktok","Tiktok Live Shares [Max: 100K] [Start Time: 0 - 1 Hours] [Speed: 100K/Day] 💧","0.875","0.625","10","1000000","jap","5caf00fa-7af2-4b8b-904d-b7cfd59499df"
"tiktok","TikTok Likes [Max: 50K] [Refill: 30 Days] [Start Time: 0 - 1 Hour] [Speed: 1K/Day]","0.5023","0.3588","50","50000","jap","91b40a0a-0e34-40b3-9e34-809110671adb"
"tiktok","TikTok Auto Views [Max: 30M] [Refill: No] [Start Time: 0-2 Hrs] [Speed: 5M/D] ⛔💧","0.0578","0.0413","100","1000000000","jap","91ca18db-39e3-45ac-9cca-dba45fc81749"
"tiktok","🇾🇪TikTok Views [Yemen] [Refill: No] [Max: 5M] [Start Time: 0-1 Hour] [Speed: 100K/Day]","0.2188","0.1563","100","500000000","jap","91ec818e-1cd6-460b-bc01-e8daba64016a"
"tiktok","TikTok Saves [Max: 2M] [Refill: 30D] [Start Time: 0 - 1 Hr] [Speed: 500K/Day] 💧","0.0172","0.0123","100","2000000","jap","91ed9fa2-89ce-4cd7-92fb-270cb234b8a5"
"tiktok","Tiktok Video Shares [Refill: 30 Days] [Max: 100K] [Start Time: 0-1 Hour] [Speed: 100K/Day] 🔥⚡⭐ ♻️","3.5","2.5","30","10000000","jap","df143ef5-ab62-440f-969d-fb6718a405a3"
"tiktok","TikTok Followers [Max: 100K] [Refill: No] [Start Time: 0 - 1 Hour] [Speed: 5K/Day]","1.925","1.375","50","300000","jap","946c140e-f06f-493c-926c-d944d5a2ee41"
"tiktok","Tiktok Live Likes [Max: 1M] [Start Time: 0 - 1 Hours] [Speed: 250K/Day] 💧","0.14","0.1","100","1000000","jap","94f16ae8-43a4-4baa-af8f-b898330a3d52"
"tiktok","TikTok Shares [Max: 50M] [Start Time: 1 Hour] [Speed: 1M/Day]","0.175","0.125","10","75000000","jap","958e0caa-a470-477a-9503-5dc145b3de70"
"tiktok","🇹🇹TikTok Views [Trinidad] [Refill: No] [Max: 5M] [Start Time: 0-1 Hour] [Speed: 100K/Day]","0.2188","0.1563","100","500000000","jap","95a55c5f-a378-4339-a0ea-cb00703ed070"
"tiktok","🇧🇷 Tiktok Followers [BRAZIL] [Refill: No] [Max: 50K] [Start Time: 1 Hour] [Speed: Up to 5k/Day] 💧⛔️","2.94","2.1","10","10000000","jap","95daee4c-d1fc-4187-ba1c-386bf90b8e26"
"tiktok","🇲🇱TikTok Views [Mali] [Refill: No] [Max: 5M] [Start Time: 0-1 Hour] [Speed: 100K/Day]","0.2188","0.1563","100","500000000","jap","962be291-915c-4bca-877a-03e76f23ec6c"
"tiktok","TikTok Views [Unreal] [Refill: No] [Max: 5M] [Start Time: 0-1 Hour] [Speed: 100K/Day]","0.2188","0.1563","100","500000000","jap","97151fda-ac55-4c14-af1b-b9380d697b62"
"tiktok","TikTok Followers [Refill: No] [Max: 5K] [Start Time: 0 - 2 Hrs] [Speed: Up to 5K/D] 💧","2.8875","2.0625","50","50000","jap","971c04c6-7066-4180-af9e-fc029dabfa2a"
"tiktok","🇱🇮TikTok Views [Liechtenstein] [Refill: No] [Max: 5M] [Start Time: 0-1 Hour] [Speed: 100K/Day]","0.2188","0.1563","100","500000000","jap","9762ffa3-3010-4f40-9e5b-074a21b2db7f"
"tiktok","TikTok Livestream Views [Max: 50K] [Start Time: INSTANT] [Stay: 180 mins]","18.9","13.5","100","100000","jap","97e72e0c-d146-4f55-8e6c-a3a8a478a0df"
"tiktok","TikTok Views [Yugoslavia] [Refill: No] [Max: 5M] [Start Time: 0-1 Hour] [Speed: 100K/Day]","0.2188","0.1563","100","500000000","jap","98702379-bdd2-4d32-983c-d9cfd60d0ff3"
"tiktok","🇧🇷 TikTok Likes + Views [BRAZIL] [Refill: 30D] [Max: 50K] [Start Time: 1 Hour] [Speed: 20K/Day] ♻️💧⛔️","0.3675","0.2625","10","1000000","jap","992c5ef2-67d5-4e17-91b1-87bf970fbc94"
"tiktok","🇦🇱TikTok Views [Albania] [Refill: No] [Max: 50M] [Start Time: 0-1 Hour] [Speed: 100K/Day]","0.0875","0.0625","100","2147483647","jap","9951ac14-f001-4ec0-9545-3cc04317f677"
"tiktok","Tiktok Followers [WW &amp; HQ] [Refill: No] [Max: 500K] [Start Time: 0 - 2 Hrs] [Speed: Up to 100K/D] 💧⛔","3.6674","2.6196","10","20000","jap","9a50c684-c9e3-48bc-a9b2-6f27a0895024"
"tiktok","Tiktok Live Comments [RANDOM] [Max: 2M] [Start Time: Instant] [Speed: 2M/Day]","4.8384","3.456","10","10000","jap","9ab6c267-1144-4e49-8930-65335fd0653a"
"tiktok","TikTok PK Battle Points [Max: 35K] [Start Time: 0-1 Hr] [Speed: 35K/D] 💧","0.2188","0.1563","100","1000000","jap","9ae291fb-09c1-4813-8a8a-a7cc2a297409"
"tiktok","🇬🇾TikTok Views [Guyana] [Refill: No] [Max: 5M] [Start Time: 0-1 Hour] [Speed: 100K/Day]","0.07","0.05","100","2147483647","jap","9b48772e-76d6-4e66-9c8c-54be1c2df4dc"
"tiktok","TikTok Likes [Refill: No] [Max: 100K] [Start Time: 0 - 1 Hr] [Speed: Up to 100K/D] 💧⛔️","0.1925","0.1375","10","1000000","jap","9ba0cb4c-e7a1-4cab-801e-7879979357a1"
"tiktok","🇹🇷 TikTok Likes [Turkey] [Max: 5K] [Refill: No] [Start Time: 0 - 1 Hr] [Speed: 5K/D] 💧","0.9625","0.6875","10","10000000","jap","9c4afecb-60b3-4b3e-8d9f-4ae9eb82e781"
"tiktok","TikTok Likes [Refill: No] [Max: 500K] [Start Time: 0 - 1 Hr] [Speed: Up to 100K/D] 💧⛔️","0.194","0.1386","10","1000000","jap","9cecbadf-7d4b-48ee-8f61-46dad0095e14"
"tiktok","🇱🇷TikTok Views [Liberia] [Refill: No] [Max: 5M] [Start Time: 0-1 Hour] [Speed: 100K/Day]","0.2188","0.1563","100","500000000","jap","9d3ffccd-aade-47fb-abb0-1ba77f333737"
"tiktok","TikTok PK Battle Points [Max: 100M] [Start Time: 0-1 Hr] [Speed: 500K/D] 💧","0.2275","0.1625","100","2147483647","jap","9e5a8ac1-12b3-4d73-acf4-dc3618a39570"
"tiktok","🇧🇷 TikTok Followers [BRAZIL] [Refill: 30 Days] [Max: 50K] [Start Time: 0 - 3 Hours] [Speed: 5K/Day] ⛔💧♻️","5.4075","3.8625","10","100000","jap","9f095164-6125-46af-b55d-b70db216d6f1"
"tiktok","TikTok Views [Noel] [Refill: No] [Max: 5M] [Start Time: 0-1 Hour] [Speed: 100K/Day]","0.63","0.45","100","2147483647","jap","9f82f0c7-7238-4c22-bd48-401c64563b80"
"tiktok","Tiktok Followers [Refill: No] [Max: 100K] [Start Time: 0 - 3 Hours] [Speed: 2K/Day] 💧","4.9602","3.543","10","1000000","jap","a01bb531-4703-4630-91af-9897e39bb321"
"tiktok","TikTok Followers [HQ] [Max: 50K] [Refill: 30D] [Start Time: 0 - 1 Hr] [Speed: 10K/D] 💧⛔️","3.5875","2.5625","10","10000000","jap","a0512e7c-6490-4183-b94f-fd4aba1e2405"
"tiktok","TikTok Likes [LQ] [Max: 3K] [Refill: No] [Start Time: 0 - 2 Hrs] [Speed: 3K/Day] 💧⛔️","0.1365","0.0975","50","3000","jap","a12d0d12-94e5-40be-a0f0-e0d6b9310390"
"tiktok","TikTok Livestream Views [Max: 20K] [Start Time: INSTANT] [Stay: 15 Mins]","3.5438","2.5313","10","300000","jap","a352e0f6-929f-40db-b220-f13fe94dfca2"
"tiktok","🇱🇻TikTok Views [Latvia] [Refill: No] [Max: 5M] [Start Time: 0-1 Hour] [Speed: 100K/Day]","0.2188","0.1563","100","500000000","jap","a5575110-2908-4e70-8b70-4639a6db75db"
"tiktok","TikTok Views [Max: 50M] [Start Time: 0 - 1 Hours] [Speed: 500K/Day] ⛔💧","0.0735","0.0525","100","100000000","jap","a560c2d2-644f-459a-be85-ec0f7bb0fa4d"
"tiktok","TikTok Followers [Refill: No] [Max: 50K] [Start Time: 0 - 1 Hr] [Speed: 5K/Day] 💧⛔️","2.275","1.625","10","1000000","jap","a5655e51-754c-412a-8bab-b860cc667804"
"tiktok","TikTok Livestream Views [Max: 20K] [Start Time: INSTANT] [Stay: 60 Mins]","13.9388","9.9563","10","300000","jap","a7b4ae7d-15cd-4af9-9733-1099dabd68d5"
"tiktok","TikTok HQ Followers [Refill: 60D] [Max: 1M] [Start Time: 0 - 3 Hrs] [Speed: 50K/D] 💧⛔️♻️","2.24","1.6","50","10000000","jap","a7e2ce77-8dee-4d31-ba19-1d1609e0ed69"
"tiktok","TikTok Followers [Refill: No] [Max: 15K] [Start Time: 0 - 2 Hrs] [Speed: Up to 15K/D] 💧","3.15","2.25","50","20000","jap","a8a38cb2-36f1-4286-b296-f6078e100890"
"tiktok","🇪🇹TikTok Views [Ethiopia] [Refill: No] [Max: 5M] [Start Time: 0-1 Hour] [Speed: 100K/Day]","0.2188","0.1563","100","500000000","jap","a8c5d9ed-16a5-4e3c-ac26-ed7275a899bf"
"tiktok","TikTok Auto Views [Max: 30M] [Refill: 30D] [Start Time: 0-2 Hrs] [Speed: 10M/D] 💧♻️","0.0753","0.0538","100","2147483647","jap","a8fefa04-8291-42fc-b62b-201af10e3d5c"
"tiktok","TikTok Likes [Refill: No] [Max: 500K] [Start Time: 0 - 1 Hr] [Speed: 50K/D] 💧⛔️","0.253","0.1807","10","1000000","jap","aac62e91-9a66-4f83-9df5-72cdb02a8b1b"
"tiktok","🇯🇲TikTok Views [Jamaica] [Refill: No] [Max: 5M] [Start Time: 0-1 Hour] [Speed: 100K/Day]","0.2188","0.1563","100","500000000","jap","aac8c05c-7327-4eba-9af9-c302b27feb1a"
"tiktok","🇲🇰TikTok Views [Macedonia] [Refill: No] [Max: 5M] [Start Time: 0-1 Hour] [Speed: 100K/Day]","0.2188","0.1563","100","500000000","jap","aace999c-ec0d-428e-84bd-5ea64985fd65"
"tiktok","🇳🇴TikTok Views [Svalbard] [Refill: No] [Max: 5M] [Start Time: 0-1 Hour] [Speed: 100K/Day]","0.2188","0.1563","100","500000000","jap","aadc3ad7-4162-4734-8a1b-7859d6979a60"
"tiktok","TikTok Followers [Refill: No] [Max: 50K] [Start Time: 0 - 3 Hrs] [Speed: 5K/Day] 💧","3.7156","2.654","50","20000","jap","ab071916-97ae-48df-b455-38eef29ddca0"
"tiktok","Tiktok Comments [3 HQ Random Comments] [Max: 3] [Start Time: 0-1 Hour] [Finishes in 3 Hours]","1.085","0.775","1000","1000","jap","abddb037-d1bd-4253-b0bc-5776ff4df5c4"
"tiktok","TikTok Followers [Max: 500K] [Refill: 30 D] [Start Time: 0 - 1 Hour] [Speed: Up to 5K/D]","4.83","3.45","10","100000","jap","ac2cf630-f19b-436d-abcd-b09fd9769094"
"tiktok","TikTok Followers [Refill: 15D] [Start Time: 0 - 1 Hr]  [Speed: Up to 100k/D] ♻️ 💧","2.5375","1.8125","10","5000000","jap","ad2abdf8-d5da-44fb-879a-1a657c0e2fd5"
"tiktok","TikTok Views [Max: 10M] [Start Time: 0-1 Hour] [Speed: 10M/Day]💧","0.0788","0.0563","100","100000000","jap","ad67b1ec-5d14-4ef7-a26b-8034e89a69eb"
"tiktok","TikTok Followers [Refill 30 Days] [Max: 20K] [Start Time: 0 - 1Hours] [Speed: 10K/Day] 💧⛔️♻️","4.725","3.375","100","20000","jap","ae5fda1b-e8cc-4367-a594-126d07666a1a"
"tiktok","TikTok Views [Max: 30M] [Refill:  90D] [Start Time: 0-2 Hrs] [Speed: 5M/D] ⛔💧♻️","0.0823","0.0588","100","2147483647","jap","aee2421a-30e7-44ab-8307-0d5ed509c379"
"tiktok","TikTok Livestream Views [Max: 10K] [Start Time: INSTANT] [Stay: 4 Hours]","81.795","58.425","100","10000","jap","af380670-da7a-49aa-b9dd-f633fce00351"
"tiktok","TikTok Views [Refill: 30 Days] [Max: 10M] [Start Time: 0-1 Hour] [Speed: 1M/Day] 🔥 ♻️","0.1084","0.0774","100","100000000","jap","af385ebc-d177-4593-ae10-dd845411365a"
"tiktok","TikTok Likes [R30] [Max: 20K] [Start Time: 1 Hr] [Speed: 10K/Day] 🔥","1.05","0.75","10","1000000","jap","af3e5ef7-6964-4a13-9297-66faf44b1494"
"tiktok","TikTok Followers [Refill: 30D] [Max: 1M] [Start Time: 0 - 2 Hrs] [Speed: 50K/D] 💧⛔️♻️","4.4625","3.1875","10","50000","jap","b17addb3-621d-4ddd-b319-633f44d76969"
"tiktok","🇺🇸TikTok Views [USA] [Refill: No] [Max: 5M] [Start Time: 0-1 Hour] [Speed: 100K/Day]","0.2188","0.1563","100","500000000","jap","b1c229dd-e61f-4154-b8a7-5a1e5fb8bdc1"
"tiktok","TikTok Livestream Views [Max: 50K] [Start Time: INSTANT] [Stay: 90 mins]","9.45","6.75","100","100000","jap","b1d8dd5d-d426-47ac-8be0-9bc11abd1507"
"tiktok","Tiktok Followers [No Drop] [Cancel Enabled] [10-20K/D] [0-1/H]","8.974","6.41","50","50000","smmwiz","54da6556-ae77-4039-8c2f-4436a575cc96"
"tiktok","🇵🇱TikTok Views [Poland] [Refill: No] [Max: 5M] [Start Time: 0-1 Hour] [Speed: 100K/Day]","0.2188","0.1563","100","500000000","jap","b58afd82-586d-49df-af9c-e8938eb6e22f"
"tiktok","TikTok Livestream Views [Max: 10K] [Start Time: INSTANT] [Stay: 30 mins]","15.575","11.125","100","10000","jap","b63684ec-86dd-44b1-b334-dc0f65961a7e"
"tiktok","TikTok HQ Followers [Max: 500K] [Refill: 30D] [Start Time: 0 - 1 Hr] [Speed: Up to 50K/D] 💧","5.4775","3.9125","10","20000","jap","b77d5328-07c1-43fb-95f1-caac1d69e04a"
"tiktok","TikTok Livestream Views [Max: 100K] [Start Time: INSTANT] [Stay: 120 mins]💧⛔","12.7575","9.1125","50","100000","jap","b7d56d3a-52ce-4142-8b44-b1a919d56210"
"tiktok","🇧🇷 Tiktok Followers [BRAZIL] [Refill: No] [Max: 50K] [Start Time: 1 Hour] [Speed: Up to 15K/Day] 💧⛔️","3.4125","2.4375","10","10000000","jap","b8509878-7906-4354-b21a-347ad065db94"
"tiktok","TikTok USA Likes [Refill: No] [Max: 100K] [Start Time: 0 - 1 Hr] [Speed: Up to 5K/D] 💧⛔️","0.1456","0.104","10","1000000","jap","b87a5bc6-b5e9-48e2-9f07-b97cbe8d9faa"
"tiktok","TikTok Followers [HQ] [Max: 50K] [Refill: No] [Start Time: 0 - 1 Hr] [Speed: 10K/D] 💧⛔️","2.9225","2.0875","10","10000000","jap","b8918371-6a10-47e2-a021-e14ee456e678"
"tiktok","TikTok Followers [Refill: 30D] [Max: 1M] [Start Time: 0 - 1 Hr] [Speed: 100K/D] 💧⛔️♻️","2.0286","1.449","10","1000000","jap","b9ae5fb8-d558-4fec-852d-ec69230735c5"
"tiktok","TikTok Followers [Refill: 30 Days] [Max: 175K] [Start Time: 0 - 1 Hours] [Speed: Up to 20K/Day]","5.4075","3.8625","10","100000","jap","b9d884a4-beb3-4583-a2b1-d0bf3f9a3f40"
"tiktok","TikTok Livestream Views [Max: 30K] [Start Time: INSTANT] [Stay: 2 Hours]","41.895","29.925","100","10000","jap","bac687f2-6d36-44d9-a1fc-5d2d3a6ececc"
"tiktok","TikTok Followers [Refill: 30 Days] [Max: 50K] [Start Time: 0-1 Hours] [Speed: 1.5K/Day]","4.8678","3.477","10","1000000","jap","baf41594-8b2a-438e-9348-7360bf2fccb2"
"tiktok","TikTok Followers [Refill: No] [Start Time: 0 - 1 Hr]  [Speed: Up to 100k/D] 💧","2.45","1.75","50","5000000","jap","bc26550d-a56e-440e-9599-b78cd71c03c5"
"tiktok","TikTok Likes [HQ] [Refill: 30D] [Max: 1M] [Start Time: 0 - 1 Hr] [Speed: Up to 100K/D] 💧⛔️♻️","0.35","0.25","50","500000","jap","bd2c2d6e-eb1e-43ad-b136-2495f5bbe32d"
"tiktok","TikTok Followers [Refill: No] [Max: 20K] [Start Time: 0 - 2 Hrs] [Speed: Up to 20K/D] 💧⛔️","4.2","3","10","20000","jap","be68608f-c4b8-409c-9293-52e09a1eb021"
"tiktok","TikTok Views [Max: 100M] [Start Time: 0-1 Hour] [Speed: 2M/Day]","0.0805","0.0575","100","100000000","jap","bec8d962-847b-4c33-81a0-820d77b96194"
"tiktok","TikTok Followers [Real-Ads] [WW] [Mix Quality] [No Refill-No Drop] [Speed: 200-500 Day] [Start: 1-48 Hours]","13.44","9.6","5","10000","smmwiz","7a25d3cf-d682-49c5-ba90-5da09e0a2b05"
"tiktok","TikTok Likes [Real-Ads] [WW] [Mix Quality] [No Refill-No Drop] [Speed: 200-500 Day] [Start: 1-48 Hours]","13.44","9.6","5","10000","smmwiz","eb23df77-a07f-48bd-afe0-e70816c40bf3"
"tiktok","TikTok Shares [Real-Ads] [WW] [Mix Quality] [No Refill-No Drop] [Speed: 200-500 Day] [Start: 1-48 Hours]","13.44","9.6","5","10000","smmwiz","836970d4-ea7d-4119-a31d-e02b3669c12b"
"tiktok","Tiktok Live Stream Views + %200 Likes [15 Minutes]","1.162","0.83","50","10000","smmwiz","5209c02a-2111-4ab0-bb20-5a9ca09376e1"
"tiktok","Tiktok Live Stream Views + %200 Likes [30 Minutes]","2.324","1.66","50","10000","smmwiz","4058ecab-febb-4db0-9173-bb03f07cd0ba"
"tiktok","Tiktok Live Stream Views + %200 Likes [60 Minutes]","4.648","3.32","50","10000","smmwiz","f279a04f-a757-41ae-bf03-35072737da84"
"tiktok","Tiktok Live Stream Views + %200 Likes [90 Minutes]","6.958","4.97","50","10000","smmwiz","c89ffe40-b6dc-467b-b457-c204ae919e18"
"tiktok","Tiktok Live Stream Views + %200 Likes [120 Minutes]","9.282","6.63","50","10000","smmwiz","a640d45b-c5a8-4a75-9086-042cc4e7a791"
"tiktok","Tiktok Live Stream Views + %200 Likes [240 Minutes]","18.55","13.25","50","10000","smmwiz","d2f2cfb2-f2b7-4499-9bfe-ea5192152ab2"
"tiktok","Tiktok Live Stream Views + %200 Likes [270 Minutes]","20.874","14.91","50","10000","smmwiz","e2db0990-8b25-4db7-9ffc-e0b1421596a9"
"tiktok","Tiktok Live Stream Views + %200 Likes [300 Minutes]","23.184","16.56","50","10000","smmwiz","a59d2c74-b26e-40ac-b52b-b11ce70f7cee"
"tiktok","Tiktok Likes [High Quality + Real] [30 Days Refill] [No Drop] [100K/D] [Instant]","0.406","0.29","50","100000","smmwiz","808b6f90-026b-4c32-9afe-925686a42ee8"
"tiktok","Tiktok Followers [No Drop] [High Quality] [50K/D] [0-1/H]","6.258","4.47","10","40000","smmwiz","0d5126a2-c05c-4f8d-a4ae-53d6b2dfa002"
"tiktok","Tiktok Followers [No Drop] [High Quality] [30 Days Refill] [50K/D] [0-1/H]","7.294","5.21","10","40000","smmwiz","79522a79-7243-4e86-a54d-ff291b5f54f3"
"tiktok","Tiktok Followers [No Drop] [High Quality] [60 Days Refill] [50K/D] [0-1/H]","7.812","5.58","10","40000","smmwiz","94a6c5ed-69ec-472b-80af-2ab195fe0008"
"tiktok","Tiktok Followers [No Drop] [High Quality] [90 Days Refill] [50K/D] [0-1/H]","8.862","6.33","10","40000","smmwiz","c11ea629-854f-4094-858b-f5c6f7788576"
"tiktok","Tiktok Followers [No Drop] [High Quality] [365 Days Refill] [50K/D] [0-1/H]","9.38","6.7","10","40000","smmwiz","b15a9526-bcd5-4cc7-bf24-476c2f7ed821"
"tiktok","Tiktok Followers [No Drop] [High Quality] [Lifetime Refill] [50K/D] [0-1/H]","10.164","7.26","10","40000","smmwiz","3d88f2cc-7058-437c-b5b1-e471dd789d98"
"tiktok","TikTok Likes [Max: 5K] [Refill: No] [Start Time: 0 - 1 Hour] [Speed: 5K/Hr]💧","0.175","0.125","10","5000","jap","bff70962-109d-44fb-9951-d3ae9a8f1b55"
"tiktok","🇮🇹TikTok Views [Italy] [Refill: No] [Max: 5M] [Start Time: 0-1 Hour] [Speed: 100K/Day]","0.2188","0.1563","100","500000000","jap","c0229376-73e8-44f9-99dc-260aa0043fd3"
"tiktok","TikTok HQ Followers [Max: 35K] [Refill: 365D] [Start Time: 0 - 1 Hr] [Speed: 10K/D] 💧⛔️","6.993","4.995","100","150000","jap","c26d7c36-9b06-4936-bf7a-9011d554f4b7"
"tiktok","TikTok Likes [Refill: 365D] [Max: 1M] [Start Time: 0 - 1 Hr] [Speed: Up to 50K/D] 💧⛔️♻️","0.7","0.5","10","1000000","jap","c3866c48-adaa-451c-9d8d-295d532581a0"
"tiktok","TikTok Shares [Max: 500K] [Refill: 365D] [Start Time: 0 - 1 Hr] [Speed: 500K/Day] 💧","0.091","0.065","10","2147483647","jap","c3cb43d8-ee52-4189-ba82-b62db4f31bca"
"tiktok","🇧🇷 TikTok Likes [BRAZIL] [Refill: No] [Max: 100K] [Start Time: 0 - 1 Hr] [Speed: 50K/D] 💧⛔️","0.7862","0.5616","10","100000","jap","c4900a7b-d060-453a-9bd4-ba28357ef5dd"
"tiktok","TikTok Followers [HQ] [Refill: 15D] [Max: 1M] [Start Time: 0 - 2 Hrs] [Speed: 50K/D] 💧⛔️♻️","3.15","2.25","10","1000000","jap","c4908710-f6d0-4572-8490-00c05cdd0dc7"
"tiktok","🇬🇭TikTok Views [Ghana] [Refill: No] [Max: 5M] [Start Time: 0-1 Hour] [Speed: 100K/Day]","0.2188","0.1563","100","500000000","jap","c544b1ad-5752-40ff-b55e-946571e268eb"
"tiktok","🇼🇫TikTok Views [Futuna] [Refill: No] [Max: 5M] [Start Time: 0-1 Hour] [Speed: 100K/Day]","0.2188","0.1563","100","500000000","jap","c5cae788-5ef7-41c0-a41a-6100c4fc1324"
"tiktok","Tiktok Followers [WW &amp; HQ] [Refill: 30D] [Max: 500K] [Start Time: 0 - 2 Hrs] [Speed: Up to 100K/D] 💧⛔♻️","3.0975","2.2125","10","1000000","jap","c5fb4b46-93e4-42d2-a8a7-65a466306e8d"
"tiktok","🇲🇼TikTok Views [Malawi] [Refill: No] [Max: 5M] [Start Time: 0-1 Hour] [Speed: 100K/Day]","0.2188","0.1563","100","500000000","jap","c705d2ca-f957-4e7b-b6e0-c68806c372a3"
"tiktok","TikTok Views [Max: 30M] [Refill: Auto 30D] [Start Time: 0-2 Hrs] [Speed: 5M/D] ⛔💧♻️","0.0788","0.0563","100","2147483647","jap","c707c020-6de0-4929-9064-37e029c8a16b"
"tiktok","TikTok Likes [Max: 50K] [Refill: 30 Days] [Start Time: 0 - 3 Hours] [Speed: 5K/Day]","0.5425","0.3875","50","100000","jap","c70e9b3c-fe59-4b90-8bec-2d093d3c836b"
"tiktok","TikTok Followers [Refill: 30D] [Max: 10M] [Start Time: 0 - 3 Hrs] [Speed: 30K/Day] 💧⛔️","4.704","3.36","10","5000000","jap","c78a78ec-f7c0-4847-b3b8-c390c3a9e88b"
"tiktok","Tiktok Italy Views [Guarantee: Lifetime] [5-10K/D] [0-8/H]","5.04","3.6","500","10000000","smmwiz","1dfcc43d-ee8d-4493-9282-dfb7f61609eb"
"tiktok","Tiktok French Views [Guarantee: Lifetime] [5-10K/D] [0-8/H]","5.04","3.6","500","10000000","smmwiz","74d5cd5c-bc6f-4335-a75b-9a7013e2912a"
"tiktok","Tiktok Portuguese Views [Guarantee: Lifetime] [5-10K/D] [0-8/H]","5.04","3.6","1000","10000000","smmwiz","9b78df5d-4069-44c0-9198-3531bb88795a"
"tiktok","Tiktok Spanish Views [Guarantee: Lifetime] [5-10K/D] [0-8/H]","5.04","3.6","1000","10000000","smmwiz","9f360a28-ab80-4436-845a-cee6f846d50f"
"tiktok","Tiktok Turkish Views [Guarantee: Lifetime] [5-10K/D] [0-8/H]","5.04","3.6","1000","10000000","smmwiz","32bb470f-e239-4b1b-9ded-636aadf1a8d2"
"tiktok","Tiktok CIS Views [Guarantee: Lifetime] [5-10K/D] [0-8/H]","5.04","3.6","1000","10000000","smmwiz","15f4d16d-9bdc-4953-99d4-52ddf09e8e66"
"tiktok","Tiktok German Views [Guarantee: Lifetime] [5-10K/D] [0-8/H]","5.544","3.96","500","10000000","smmwiz","2c6979f9-299f-425b-ad5f-7a8666ea2569"
"tiktok","Tiktok Brazil Views [Guarantee: Lifetime] [5-10K/D] [0-8/H]","3.64","2.6","1000","10000000","smmwiz","176e4b6a-48c0-4134-820d-4102d17afb4c"
"tiktok","Tiktok USA Views [Guarantee: Lifetime] [5-10K/D] [0-8/H]","16.128","11.52","1000","10000000","smmwiz","efc28a0b-5b34-47b7-8190-86262eaddd0d"
"tiktok","Tiktok South Korea Views [Guarantee: Lifetime] [5-10K/D] [0-8/H]","16.128","11.52","1000","10000000","smmwiz","17e52b60-87f0-4038-90f3-d13b00c504ce"
"tiktok","Tiktok Japan Views [Guarantee: Lifetime] [5-10K/D] [0-8/H]","10.08","7.2","1000","10000000","smmwiz","754028a2-a1a8-4ac1-a065-3b56950042c6"
"tiktok","Tiktok Followers [Refill: No] [Max: 1M] [Start Time: 0 - 2 Hrs] [Speed: Up to 30K/D] 💧⛔","1.9075","1.3625","10","100000000","jap","c90e5d3a-fa03-4edb-b104-7feae19369a5"
"tiktok","Tiktok Followers [Almost No Drop] [Cancel Enabled] [5K/D] [0-1/H]","6.258","4.47","10","50000","smmwiz","f404ae86-352c-4431-9b0f-7ac3454850c2"
"tiktok","TikTok Shares [Max: 10M] [Start Time: 0 - 2 Hrs] [Speed: 100K/D] 💧⛔","0.1575","0.1125","10","10000000","jap","c92620f5-8b1f-463c-874f-07acd51d6fdf"
"tiktok","Tiktok Followers [Almost No Drop] [30 Days Refill] [5K/D] [0-1/H]","7.294","5.21","10","50000","smmwiz","e97859ab-966e-45ce-b10b-cdbe35eb295f"
"tiktok","Tiktok Followers [Almost No Drop] [60 Days Refill] [5K/D] [0-1/H]","8.344","5.96","10","50000","smmwiz","8ddc9701-bb2c-44ec-87fa-62897e027f23"
"tiktok","Tiktok Followers [Almost No Drop] [90 Days Refill] [5K/D] [0-1/H]","9.38","6.7","10","50000","smmwiz","e89cfed2-366d-417e-a55a-c683b671ed15"
"tiktok","Tiktok Followers [Almost No Drop] [365 Days Refill] [5K/D] [0-1/H]","10.416","7.44","10","50000","smmwiz","fec71c08-21cf-4701-8d24-60c98a18db8f"
"tiktok","Tiktok Followers [Almost No Drop] [Lifetime Refill] [5K/D] [0-1/H]","11.466","8.19","10","50000","smmwiz","17ae1f14-1251-441b-b5f1-9ef7ad2f0d1e"
"tiktok","Tiktok Likes [Real Organic] [Almost No Drop] [5K/D] [0-1/H]","4.83","3.45","100","5000","smmwiz","ab2b1c56-7c80-4896-a826-89c47eeaa54f"
"tiktok","Tiktok Followers [Real Organic] [Almost No Drop] [1-2K/D] [0-1/H]","15.456","11.04","100","5000","smmwiz","314944f3-e9c6-48ba-af60-65bd1fe5555c"
"tiktok","Tiktok Followers [No Refill] [Speed 5-10K/D] [Instant to 1 Hour]","2.184","1.56","50","100000","smmwiz","fda248e8-0bbf-426d-a115-48f3f1a3d1cb"
"tiktok","🇮🇩TikTok Indonesia Video Views | Max: 5M | Day 100K","0.21","0.15","100","200000000","smmwiz","6329c773-188e-4441-9959-bbebf59246fd"
"tiktok","3000 - Tiktok Likes [Indonesia] [Cancel Enabled] [15K/D] [Instant]","1.148","0.82","10","15000","smmwiz","6c17e408-2e21-4791-9acf-861501f24470"
"tiktok","Tiktok Indonesian Followers [Real Looking] [1K/D] [0-24/H] [NR]","14.784","10.56","100","10000","smmwiz","10f96015-cd76-4507-81ec-116af8307ceb"
"tiktok","TikTok Likes [Refill: No] [Max: 80K [Start Time: 0 - 1 Hr] [Speed: Up to 20K/D] 💧⛔️","0.1925","0.1375","25","1000001","jap","c97bce80-d872-40cd-8689-011aef73a8cb"
"tiktok","TikTok Followers [Refill: No] [Max: 10K] [Start Time: 0 - 2 Hrs] [Speed: Up to 10K/D] 💧","2.1","1.5","50","500000","jap","c9b2bb5b-7a9a-42d6-bd19-d35012303e5b"
"tiktok","🇮🇩TikTok Views [Indonesia] [Refill: No] [Max: 5M] [Start Time: 0-1 Hour] [Speed: 100K/Day]","0.2188","0.1563","100","500000000","jap","ca5d806f-6417-40b9-9033-83e5ce4be894"
"tiktok","Tiktok Live Shares [Max: 50K] [Start Time: Instant] [Speed: 50K/Day]","0.3192","0.228","50","10000000","jap","cb0b0670-5303-4880-b23c-e92d592cc900"
"tiktok","🇲🇴TikTok Views [Macao] [Refill: No] [Max: 5M] [Start Time: 0-1 Hour] [Speed: 100K/Day]","0.2188","0.1563","100","500000000","jap","cc6228ea-dc2f-4aa3-aac3-1943f774aab1"
"tiktok","TikTok Followers [Refill: 30 Days] [Max: 20K] [Start Time: 0-1 Hours] [Speed: 5K/Day]","7.7308","5.522","10","1000000","jap","cd0f9233-1d9f-45a0-86cc-b7a3395191c5"
"tiktok","TikTok Livestream Views [Max: 100K] [Start Time: INSTANT] [Stay: 60 mins]💧⛔","6.3875","4.5625","50","100000","jap","cdca4258-3699-4a44-8dd1-1bcaf4537254"
"tiktok","TikTok Likes [HQ] [Max: 15K] [Refill: No] [Start Time: 0 - 1 Hour] [Speed: 15K/D]💧","0.525","0.375","10","15000","jap","cf1b7fbb-bb63-4497-a056-f4a33d248bef"
"tiktok","🇧🇷 TikTok Likes [BRAZIL] [Refill: 30 Days] [Max: 100K] [Start Time: 0 - 1 Hours] [Speed: 1K/Day] 💧","1.015","0.725","10","40000","jap","cfd51253-0cdd-44cb-be60-a915afebb778"
"tiktok","🇸🇩TikTok Views [Sudan] [Refill: No] [Max: 5M] [Start Time: 0-1 Hour] [Speed: 100K/Day]","0.2188","0.1563","100","500000000","jap","cfeafd4e-5c44-42eb-ab15-10cd04880901"
"tiktok","🇬🇩TikTok Views [Grenada] [Refill: No] [Max: 5M] [Start Time: 0-1 Hour] [Speed: 100K/Day]","0.2188","0.1563","100","500000000","jap","d0034153-e45e-4176-8388-93296fca0025"
"tiktok","TikTok Likes [Refill: 30D] [Max: 400K] [Start Time: 0 - 1 Hr] [Speed: Up to 30K/D] 💧","0.3675","0.2625","10","2000000","jap","d128fcb2-9e20-49ab-b221-c75f298fd890"
"tiktok","🇩🇯TikTok Views [Djibouti] [Refill: No] [Max: 5M] [Start Time: 0-1 Hour] [Speed: 100K/Day]","0.2188","0.1563","100","500000000","jap","d153d890-3084-4d09-b8a1-ee1d92e7500c"
"tiktok","🇲🇻TikTok Views [Maldives] [Refill: No] [Max: 5M] [Start Time: 0-1 Hour] [Speed: 100K/Day]","0.2188","0.1563","100","500000000","jap","d22961be-17e3-41a7-aa4f-7c5439ffff94"
"tiktok","TikTok Livestream Views [Max: 10K] [Start Time: INSTANT] [Stay: 6 Hours]","115.71","82.65","100","10000","jap","d24154c5-684a-406a-afb1-f6381a526d95"
"tiktok","Tiktok Live Likes [Max: 500K] [Start Time: 0 - 1 Hours] [Speed: 100K/Day] 💧","0.0193","0.0138","10","50000000","jap","d4079bd4-5791-4acc-b8a6-e480d29ebb8c"
"tiktok","TikTok Views [Max: 30M] [Refill: 365D] [Start Time: 0-2 Hrs] [Speed: 10M/D] 💧♻️","0.0805","0.0575","100","2147483647","jap","d4710ec3-40ed-4897-984b-d487fba3053b"
"tiktok","TikTok Likes [Max: 300K] [Refill: No] [Start Time: 0 - 1 Hr] [Speed: 300K/D]💧","0.7","0.5","10","10000000","jap","d493a6e9-67b9-4d9c-a6fb-57e2fb855303"
"tiktok","Tiktok Followers [WW &amp; HQ] [Refill: 30D] [Max: 1M] [Start Time: 0 - 2 Hrs] [Speed: Up to 100K/D] 💧⛔♻️","3.0758","2.197","10","1000000","jap","d4a1437e-5ee3-4c55-809f-4e0c461a8f26"
"tiktok","🇲🇬TikTok Views [Madagascar] [Refill: No] [Max: 5M] [Start Time: 0-1 Hour] [Speed: 100K/Day]","0.2188","0.1563","100","500000000","jap","d6743690-f47c-47eb-b93f-6f8a0472c594"
"tiktok","TikTok Views [Max: 100M] [Start Time: 0-1 Hr] [Speed: 10M/D]💧","0.0788","0.0563","100","2147483647","jap","da6a8db0-6b76-4bc1-8820-63262ca570ae"
"tiktok","TikTok Likes [Refill: 30D] [Max: 100K] [Start Time: 0 - 1 Hr] [Speed: Up to 50K/D] 💧⛔️","0.1575","0.1125","10","50000","jap","dc8f48b6-b85d-4b59-9dfe-9f9ceb0f18d3"
"tiktok","🇲🇶TikTok Views [Martinique] [Refill: No] [Max: 5M] [Start Time: 0-1 Hour] [Speed: 100K/Day]","0.2188","0.1563","100","500000000","jap","dd0b7b09-310f-4905-b74f-bc45203301b1"
"tiktok","TikTok Followers [Refill: No] [Max: 500K] [Start Time: 0 - 2 Hrs] [Speed: Up to 50K/D] 💧⛔️","3.78","2.7","10","500000","jap","ddb40458-6a54-42b5-9d91-aba60e12d686"
"tiktok","🇧🇷 TikTok Followers [BRAZIL] [Refill: 30D] [Max: 100K] [Start Time: 1 Hr] [Speed: 25K/D] ⛔💧♻️","5.4075","3.8625","10","500000","jap","de2a3464-ca36-47c5-843d-f651a40a1146"
"tiktok","TikTok Livestream Views [Max: 200K] [Start Time: INSTANT] [Stay: 60 mins]","4.2","3","50","50000","jap","de51644d-33c0-4939-8dd1-b65ecefa32b6"
"tiktok","TikTok Likes [Refill: 30 Days] [Max: 20K] [Start Time: 0 - 1 Hours] [Speed: 20K/Day] 💧","0.4584","0.3274","50","2147483647","jap","de99a516-b448-4ff6-bd82-4768f8675fe3"
"tiktok","TikTok Followers [HQ] [Refill: No] [Max: 1M] [Start Time: 0 - 2 Hrs] [Speed: 3K/D] 💧","1.54","1.1","100","10000","jap","dea63723-465e-499e-8122-7883c6f8bc6c"
"tiktok","TikTok LQ Followers [Refill: No] [Max: 10M] [Start Time: 0 - 3 Hrs] [Speed: 50K/D] 💧⛔️","5.145","3.675","10","500000","jap","ded687f2-5bdb-43dc-b320-437672baeca9"
"tiktok","TikTok Comments [Package: 3 comments within the content] [HQ] [Gulf Arabs] [Refill: 30 Days] [Start: 0-1 hour] [Speed: 3 Hours Delivery]","0.3623","0.2588","1","1","jap","deffc3ad-21bc-4722-a0c6-ea41d82c841c"
"tiktok","🇲🇾TikTok Views [Malaysia] [Refill: No] [Max: 5M] [Start Time: 0-1 Hour] [Speed: 100K/Day]","0.2188","0.1563","100","500000000","jap","e04cd609-011f-47df-ac72-7be25b2eb9e0"
"tiktok","TikTok Followers [Refill: No] [Max: 5K] [Start Time: 0 - 2 Hrs] [Speed: Up to 5K/D] 💧⛔️","3.024","2.16","10","5000","jap","e0cd2c9d-96af-4a84-98d4-e565c6ea3f17"
"tiktok","🇭🇰TikTok Views [Hong Kong] [Refill: No] [Max: 5M] [Start Time: 0-1 Hour] [Speed: 100K/Day]","0.2188","0.1563","100","500000000","jap","e10cea28-b7af-44ea-8dc5-99e53b071382"
"tiktok","TikTok Likes [Max: 100K] [Start Time: 0 - 1 Hour] [Speed: 50K/Day] [Refill: 30 Days]","0.5026","0.359","10","30000","jap","e1936b26-fcc1-4537-8830-e02d348859da"
"tiktok","🇵🇰TikTok Views [Pakistan] [Refill: No] [Max: 5M] [Start Time: 0-1 Hour] [Speed: 100K/Day]","0.2188","0.1563","100","500000000","jap","e28cd9e5-09e5-4b82-aa78-a62a6c3ae9fa"
"tiktok","TikTok Followers [Refill: 30D] [Max: 400K] [Start Time: 0 - 2 Hrs] [Speed: 10K/D] 💧♻️","8.4875","6.0625","10","400000","jap","e31cb8a6-6bd3-449c-aff7-7cb13a37cb98"
"tiktok","TikTok Likes [Refill: No] [Max: 100K] [Start Time: 0 - 6 Hrs] [Speed: 10K/D] 💧","0.2671","0.1908","10","2147483647","jap","e419cae6-04b9-4162-a83d-cbb0bf587fa5"
"tiktok","TikTok Livestream Views [Max: 20K] [Start Time: INSTANT] [Stay: 60 mins]","6.3","4.5","10","5000","jap","e573797e-9ad6-47b4-9913-14d11b9c3470"
"tiktok","Tiktok HQ Followers [Refill: 365D] [Max: 10M] [Start Time: 0 - 2 Hrs] [Speed: Up to 100K/D] 💧♻️","2.6775","1.9125","10","10000000","jap","e5bc9cff-6f45-47d0-82e5-b0e1ecdbe102"
"tiktok","🇹🇿TikTok Views [Tanzania] [Refill: No] [Max: 5M] [Start Time: 0-1 Hour] [Speed: 100K/Day]","0.2188","0.1563","100","500000000","jap","e5e57269-42e1-40e9-91f1-e83e9375e158"
"tiktok","TikTok Followers [HQ] [Refill: 30D] [Max: 1M] [Start Time: 0 - 2 Hrs] [Speed: Up to 100K/D] 💧♻️","7.35","5.25","10","1000000","jap","e5e7224b-007e-4194-b874-f577b78d595c"
"tiktok","TikTok Likes [Refill: 15D] [Max: 500K] [Start Time: 0 - 1 Hr] [Speed: Up to 100K/D] 💧⛔️♻️","0.385","0.275","10","500000","jap","e7e5231c-9c9e-4b6f-9f23-37048908fa23"
"tiktok","Tiktok Followers [Refill: 30D] [Max: 1M] [Start Time: 0 - 2 Hrs] [Speed: Up to 15K/D] 💧⛔♻️","2.7825","1.9875","10","10000000","jap","e9bfd958-0125-4310-8814-a755460bcdb9"
"tiktok","🇫🇮TikTok Views [Finland] [Refill: No] [Max: 5M] [Start Time: 0-1 Hour] [Speed: 100K/Day]","0.2188","0.1563","100","500000000","jap","ea1af72e-9882-4289-8b76-ca2f185e7fb3"
"tiktok","Tiktok Likes [Real] [No Drop Currently] [Refill: 30 Days] [3K/D] [0-1/H]","0.966","0.69","10","1000000","smmwiz","d3e2313f-108f-488b-bf84-dcfb28c018ff"
"tiktok","TikTok Video Saves [Refill: 30 D] [Max: 100K] [Start Time: 0-1 Hr] [Speed: 10K/Hour] 🔥","0.1313","0.0938","10","100000","jap","eb7d76f3-c865-4a0c-8b95-c11e9030c9c9"
"tiktok","TikTok Auto Views [10M] [Start Time: 0 - 2 Hrs] [Refill: 30D] [WORKING AFTER UPDATE] ⛔💧","0.14","0.1","100","2147483647","jap","ec5f6e82-1b64-42fd-ba03-eb84c9cddf2f"
"tiktok","TikTok Views [Max: UNLIMITED ] [Start Time: 0-1 Hr] [Speed: 500M/D]💧","0.0832","0.0594","100","100000000","jap","ec6ee026-e965-4034-b0ce-ea24db664323"
"tiktok","🇬🇲TikTok Views [Gambia] [Refill: No] [Max: 5M] [Start Time: 0-1 Hour] [Speed: 100K/Day]","0.2188","0.1563","100","500000000","jap","ec905f39-6fcf-450f-93a5-4b9f2a1c55dd"
"tiktok","Tiktok Live Comments [EMOJI[Max: 5K] [Start Time: 0 - 1 Hr] [Speed: 5K/D]","1.225","0.875","10","5000","jap","ecfba66c-3a6b-4658-a26c-947c703316ae"
"tiktok","TikTok Likes [Max: 100K] [Refill: 30 Days] [Start Time: 0 - 3 Hours] [Speed: Up to 10K/Day] 💧⛔️","0.3044","0.2174","10","2147483647","jap","ed378ecb-77a8-48ee-8b1d-c4e20176be6c"
"tiktok","TikTok Followers [HQ] [Refill: 30D] [Max: 100K] [Start Time: 0 - 3 Hrs] [Speed: 15K/Day] 💧⛔️♻️","2.6387","1.8848","10","10000000","jap","ede86ad5-9de2-4d58-8912-c4f5ce4f493b"
"tiktok","🇫🇯TikTok Views [Fiji] [Refill: No] [Max: 5M] [Start Time: 0-1 Hour] [Speed: 100K/Day]","0.2188","0.1563","100","500000000","jap","ee605a27-06cc-4a82-8116-f3633a21ec53"
"tiktok","TikTok Followers [Refill: 30 Days] [Max: 200K] [Start Time: 4 Hours] [Speed: 6K/Day]","5.1275","3.6625","10","100000","jap","eea88b65-61be-486e-8d51-d7bbea9421f9"
"tiktok","TikTok Followers [Start Time: 0 - 1 Hr] [Refill: No] [Max: 1M] [Speed: 50K/D] 💧🔥🧨","5.6","4","10","100000","jap","f1574a42-1def-4dbb-9392-d17e2a60da66"
"tiktok","TikTok Comment DisLikes [Refill: 30D] [Max: 50K [Start Time: 0 - 1 Hr] [Speed: Up to 5K/D]","0.35","0.25","10","50000","jap","f3f4fb08-fe82-4e30-a1b5-56cc32f5726e"
"tiktok","TikTok Likes [Max: 500K] [Refill: 30D] [Start Time: 0 - 1 Hour] [Speed: 50K/Day]💧⛔️","0.4025","0.2875","10","500000","jap","f5455a27-8b42-4f5f-aaee-580b6eda25b7"
"tiktok","TikTok PK Battle Points [Max: 100M] [Start Time: 0-1 Hr] [Speed: 5M/D] 💧","0.245","0.175","100","2147483647","jap","f57433d1-17d0-4922-85d6-1dc900d92e75"
"tiktok","Tiktok Custom Comments [HQ] [Max: 10K] [Refill: No] [Start Time: 0-1 Hour] [Speed: 1k/Day]","7.084","5.06","10","500000","jap","f5cd33e9-2346-4f27-b63f-7754d3670b42"
"tiktok","TikTok Views [Max: 30M] [Start Time: 0-2 Hrs] [Speed: 10M/D]💧","0.0438","0.0313","100","2147483647","jap","f637e335-1e49-4e17-b583-4f6a3bd7394a"
"tiktok","Tiktok Likes [ Max - 500k ] [ 50k-100k/day ] [ 30 Days Refill ] INSTANT","0.364","0.26","10","100000","smmwiz","e161b36d-f921-49c0-ba7e-f42171033ffe"
"tiktok","TikTok Followers [Refill: No Refill] [Max: 50K] [Start Time: 0 - 1 Hours] [Speed: Up to 20K/Day]","2.205","1.575","50","5000000","jap","f78321f0-ca20-43b4-a90f-8e33a63cf247"
"tiktok","TikTok Followers [Refill: No] [Start Time: 0 - 1 Hr]  [Speed: Up to 50k/D] 💧","2.275","1.625","10","100000","jap","f797682e-ec0b-4de1-8a3e-0998be9db975"
"tiktok","TikTok Likes [Refill: No] [Max: 50K] [Start Time: 0 - 1 Hour] [Speed: 5K/Day] 💧⛔️","0.35","0.25","50","10000","jap","f7be320c-6812-46f4-9794-38b8f5255058"
"tiktok","Tiktok Views [USA with Insights] [No Drop + Monetizable] [100K/D] [0-1/H]","0.126","0.09","5000","1000000","smmwiz","e2878722-8caf-4f3f-b03f-8c057a1eae79"
"tiktok","Tiktok Followers [Refill: No] [Max: 35K] [Start Time: 0 - 4 Hours] [Speed: Up to 1K/Day]","7.49","5.35","10","1000000","jap","f9986fa2-7170-489f-93e7-424cdc6c6c3f"
"tiktok","TikTok Livestream Views [Max: 20K] [Start Time: INSTANT] [Stay: 120 Mins]","28.35","20.25","10","300000","jap","f9d84e98-f4e9-4ad6-b9c8-deecaabc00be"
"tiktok","TikTok Followers [Refill: No] [Max: 100K] [Start Time: 0 - 2 Hrs] [Speed: 40K/D] 💧⛔️","2.8","2","10","1000000","jap","fa04ac58-503c-46b7-a067-8688994d13a1"
"tiktok","TikTok Followers [Refill: No] [Max: 500K] [Start Time: 0 - 2 Hours] [Speed: 50K/Day] 💧⛔️","2.5112","1.7937","10","200000","jap","fad57a31-1770-483f-9d41-7d94b06a4f85"
"tiktok","TikTok Likes [Max: 1K] [Refill: No] [Start Time: 0 - 1 Hour] [Speed: 1K/Hr]💧","0.4504","0.3217","10","1000000","jap","fb255ead-6dc6-4054-acdf-5a64ab42322b"
"tiktok","TikTok Livestream Views [Max: 10K] [Start Time: INSTANT] [Stay: 24 Hours]","209.475","149.625","100","10000","jap","fb4afd38-dff8-4148-86f8-9a806fc7553b"
"tiktok","TikTok Followers [HQ] [Refill: No] [Max: 1M] [Start Time: 0 - 2 Hrs] [Speed: Up to 100K/D] 💧","5.46","3.9","10","1000000","jap","fb4ee496-683b-4c8c-b683-1b152f2bddb7"
"tiktok","🇧🇷 TikTok Likes [BRAZIL] [Refill: No] [Max: 100K] [Start Time: 1 Hr] [Speed: 20K/D] 💧⛔️","0.455","0.325","10","100000","jap","fc3dde27-1494-477d-a5e9-8eac9cc8dad7"
"tiktok","TikTok Followers [Max: 500K] [Refill: 30 Days] [Start Time: 0 - 1 Hour] [Speed: 5K/Day]","8.064","5.76","50","100000","jap","fd08a103-9cad-4dcc-ae89-939198230573"
"tiktok","TikTok Likes [Max: 10K] [Refill: 7 Days] [Start Time: 0 - 1 Hour] [Speed: 10K/Day] 💧","0.21","0.15","50","500000","jap","fd90e299-fd68-4de6-97d6-0a5c515c1b68"
"tiktok","TikTok HQ Likes [Refill: No] [Max: 10M] [Start Time: 0 - 1 Hr] [Speed: Up to 100K/D] 💧⛔️","0.245","0.175","10","10000000","jap","fdf1b511-f0a6-42b4-bcdd-e166a0484741"
"tiktok","Tiktok Followers [Refill: 30D] [Max: 1M] [Start Time: 0 - 2 Hrs] [Speed: Up to 15K/D] 💧⛔♻️","2.7825","1.9875","10","10000000","jap","fe0fce26-4545-4f88-b251-4c42cb87d22a"
"tiktok","Tiktok Comments [6 HQ Random Comments] [Max: 6] [Start Time: 0-1 Hour] [Finishes in: 3 Hours]","2.17","1.55","1000","1000","jap","fe8c147c-2f5c-4bbc-8824-e86e48c21bb5"
"tiktok","TikTok Auto Likes [Refill: 30D] [Max: 1M] [Start Time: 0 - 1 Hr] [Speed: Up to 50K/D] 💧⛔️♻️","0.028","0.02","10","5000000","jap","fffd5b48-bb51-4c65-bc03-84783ecb0f24"
"tiktok","TikTok Followers [Max: 500K] [Refill: No] [Start Time: 0 - 1 Hour] [Speed: Up to 3K/Day]","6.65","4.75","10","100000","jap","00463581-f426-4c58-bd24-287895ffd1ca"
"tiktok","TikTok Likes [Max: 1M] [Refill: 360D] [Start Time: 0 - 1 Hr] [Speed: 500K/D] 💧♻️","1.05","0.75","10","2000000","jap","05cd0f24-4646-4a12-a4ba-7d0b8204fe59"
"tiktok","TikTok Followers [Refill: No] [Max: 500K] [Start Time: 0 - 3 Hrs] [Speed: 10K/Day] 💧⛔️","3.5","2.5","10","50000","jap","aa6841e2-7186-4110-8c36-5da26a421179"
"tiktok","Tiktok Likes [HQ] [Refill: 30] [Max: 30K] [Start Time: 0-1 Hr] [Speed: 2K/Day] 💧⛔","0.875","0.625","10","1000000","jap","be1119f8-8d5d-4ffa-9148-b73faa4256c9"
"tiktok","TikTok Likes [US/EU] [Mix Gender] [1.5K] [200/D]","9.8875","7.0625","25","1500","jap","d83abeac-6c72-465e-9a3b-db60286eb32e"
"tiktok","Tiktok Followers [Refill: No] [Max: 50K] [Start Time: 0 - 2 Hours] [Speed: 3K/Day]","3.7811","2.7008","10","1000000","jap","ff33f855-27ca-4fd7-89f3-2f2ac43168f0"
"tiktok","🇸🇻TikTok Views [El Salvador] [Refill: No] [Max: 5M] [Start Time: 0-1 Hour] [Speed: 100K/Day]","0.2188","0.1563","100","500000000","jap","ff6838c8-d441-43c8-85a0-40254a145589"
"tiktok","Tiktok Live Likes [Max: 100K] [Start Time: Instant] [Speed: 100K/Day]","0.287","0.205","10","100000","jap","ff86fa35-5706-4528-b92b-4df26fb73769"
"tiktok","Tiktok Likes [Real People] [No Drop] [R30] [1-2K/D] [0-1/H]","30.24","21.6","10","5000","smmwiz","cf39ca03-f91d-4069-9057-6a754cffb690"
"tiktok","TikTok Pk Battle Points - [ 1M/Day ] [ 30 Days Refill ] INSTANT","0.476","0.34","10","10000000","smmwiz","d6950511-a75d-4c1f-b2e1-2b9f212a9ed1"
"tiktok","Tiktok Comments [Costum] [Real] [World Wide] [High Quality] [100-1K/D] [0-8/H]","16.632","11.88","10","2000","smmwiz","d8ac0536-b7d4-4713-b17a-230c2d908849"
"tiktok","Tiktok Likes [No Drop] [High Quality] [30 Days Refill] [10-20K/D] [Instant]","5.04","3.6","50","500000","smmwiz","e7f6449b-821d-4e5b-aa33-ed83bcb696bc"
"tiktok","TikTok Video View - [ Unlimited ] [ 30 Day Refill ] [ 100M/Day ]","0.042","0.03","100","100000000","smmwiz","f026b91d-3115-4e5a-a0dc-b459fd606f6b"
"tiktok","TikTok Followers - [ 50K/Day ] [ Real, 30 Refill ] INSTANT","6.72","4.8","10","100000","smmwiz","fc3bcae4-93b6-49fb-ae4d-b33f05102367"
"tiktok","TikTok PK Battle Points - [ 500K/Day ] INSTANT","0.168","0.12","2000","2147483647","smmwiz","f4c47d53-541e-4add-b9cf-4398a6331948"
"tiktok","All-in-one TikTok","78.96","56.4","50","5000","smmwiz","f66cc931-9c13-46f7-8ba2-5892170600b9"
