"Platform","Type","Rank","Provider","Name","Rate","Cost","Margin","MinQty","MaxQty","Id","Refill"
"discord","discord-Members","2","smmwiz","Discord Members [Real] [World Wide] [1K/D] [0-1/H] [No Bot Required]","18.312","13.08","5.232000000000001","1","15000","2d3f4c14-7500-49df-8d33-dccd6c74b289","No"
"discord","discord-Members","3","smmwiz","Discord Members + Complete / Follow All Actions in Server [Real] [World Wide] [1K/D] [0-1/H] [No Bot Required]","55.86","39.9","15.96","1","15000","0a2fb63c-5f62-408d-be1b-6533875c340f","No"
"discord","discord-Members","1","jap","Discord Server Members [Username] [Start: 0 - 4 Hours] [Speed: 5K/Day]","7.883","5.6307","2.2523","50","20000","615ab663-2d78-43bc-88d9-fee8b47b40d3","No"
"discord","discord-Messages","1","jap","Discord Messages [40 Daily Messages] [1 Week] [280+ Messages in Total] [Start Time: 0-24 Hours]","105","75","30","1","1","447560dc-469d-47be-8603-18d1d55abbc1","No"
"discord","discord-Messages","2","jap","Discord Messages [80 Daily Messages] [1 Week] [560+ Messages in Total] [Start Time: 0-24 Hours]","183.75","131.25","52.5","1","1","e01fcf61-ac10-41b0-a0aa-2a26cf648cd2","No"
"discord","discord-Messages","3","jap","Discord Messages [120 Daily Messages] [1 Week] [840+ Messages in Total] [Start Time: 0-24 Hours]","269.5","192.5","77","1","1","d14ca271-9d10-4656-ba4a-ffbb17acbe2b","No"
"discord","discord-Messages","4","jap","Discord Messages [240 Daily Messages] [1 Week] [1680+ Messages in Total] [Start Time: 0-24 Hours]","420","300","120","1","1","47e53fb7-c6fe-463b-8e0c-ed296dbb7cf9","No"
"discord","discord-Messages","5","jap","40 Daily Messages for 1 Month [1200+ Messages in Total]","525","375","150","1","1","f5b3a4f9-dc2d-442c-ba09-8f818b8f069a","No"
"facebook","facebook-","1","smmwiz","3400 - FB Shares [Germany] [50-100/D] [0-6/H]","13.86","9.9","3.959999999999999","10","10000","93716873-5edd-475c-8a8d-d3acdafe238b","No"
"facebook","facebook-🇦🇪","5","smmwiz","🇦🇪 Facebook - 𝐂𝐨𝐦𝐦𝐞𝐧𝐭 React 𝐋𝐨𝐯𝐞 (❤️❤️❤️) - United Arab Emirates - Non Drop - 200-300/Day | 30 Days Refill","11.004","7.86","3.1439999999999992","50","10000","bb2cc91c-9bcc-4c43-bf43-a94ff5e84119","Yes"
"facebook","facebook-🇦🇪","4","smmwiz","🇦🇪 Facebook - Post 𝐋𝐢𝐤𝐞𝐬 (👍) 𝐅𝐞𝐦𝐚𝐥𝐞 - United Arab Emirates - Non Drop - 200-300/Day | 30 Days Refill","11.004","7.86","3.1439999999999992","50","10000","cde19f62-ada1-4015-b9f3-82d334a5f809","Yes"
"facebook","facebook-🇦🇪","3","smmwiz","🇦🇪 Facebook - Post React 𝐖𝐨𝐰 (😯) - United Arab Emirates - Non Drop - 200-300/Day | 30 Days Refill","11.004","7.86","3.1439999999999992","50","10000","2b48a5d3-4861-4b67-8d19-447adad0e509","Yes"
"facebook","facebook-🇦🇪","2","smmwiz","🇦🇪 Facebook - 𝐂𝐨𝐦𝐦𝐞𝐧𝐭 React 𝐖𝐨𝐰 (😯😯😯) - United Arab Emirates - Non Drop - 200-300/Day | 30 Days Refill","11.004","7.86","3.1439999999999992","50","10000","16db1262-edd0-4e30-8deb-ca1ee378092d","Yes"
"facebook","facebook-🇦🇪","1","smmwiz","🇦🇪 Facebook - 𝐂𝐨𝐦𝐦𝐞𝐧𝐭 𝐋𝐢𝐤𝐞 (👍👍👍) - United Arab Emirates - Non Drop - 200-300/Day | 30 Days Refill","11.004","7.86","3.1439999999999992","50","10000","0a7ea02d-2877-48c5-9485-e9839c4ad36e","Yes"
"facebook","facebook-🇧🇷","5","smmwiz","🇧🇷 Facebook - Post React 𝐇𝐚𝐇𝐚 (😆) - Brazil - Non Drop - 200-300/Day | 30 Days Refill","10.85","7.75","3.0999999999999996","50","10000","06494e11-cd22-4dc5-a1ee-c0c5d2bef1ce","Yes"
"facebook","facebook-🇧🇷","4","jap","🇧🇷 Facebook Post Reactions [SAD 😢] [Max: 500] [Refill: 15D] [Start Time: 0 - 2 Hrs] [Speed: 500/D]","5.25","3.75","1.5","25","3000","e0c9005a-f6a8-4e17-8a30-d343adcf274f","Yes"
"facebook","facebook-🇧🇷","1","jap","🇧🇷 Facebook Post Reactions [WoW😲]  [Max: 500] [Refill: 15D] [Start Time: 0 - 2 Hrs] [Speed: 500/D]","5.25","3.75","1.5","25","3000","bb898823-74dd-42e3-b7c3-84a6d7948afc","Yes"
"facebook","facebook-🇧🇷","2","jap","🇧🇷 Facebook Post Reactions [HaHa😂] [Max: 500] [Refill: 15D] [Start Time: 0 - 2 Hrs] [Speed: 500/D]","5.25","3.75","1.5","25","3000","c41f41a9-c06d-4648-ba36-29a68dedd260","Yes"
"facebook","facebook-🇧🇷","3","jap","🇧🇷 Facebook Post Reactions  [LOVE❤️] [Max: 500] [Refill: 15D] [Start Time: 0 - 2 Hrs] [Speed: 500/D]","5.25","3.75","1.5","25","3000","2fa69c8f-04e3-4eb2-a0f0-87487b4081d0","Yes"
"facebook","facebook-🇧🇷Brazil","1","jap","🇧🇷Brazil Traffic from Facebook [Refill: No] [Max: 1M] [Start Time: 12 Hours] [Speed: 10K/Day]","0.245","0.175","0.07","88","88888888","39cadf1c-6f18-47a7-a346-f310d0335840","Yes"
"facebook","facebook-🇨🇦","1","smmwiz","🇨🇦 Facebook - Post React 𝐋𝐨𝐯𝐞 (❤️) - Canada - Non Drop - 200-300/Day | 30 Days Refill","8.134","5.81","2.3240000000000007","50","10000","02537eee-3b7a-4fde-966c-3aa30a9ae47a","Yes"
"facebook","facebook-🇨🇦","2","smmwiz","🇨🇦 Facebook - Post 𝐋𝐢𝐤𝐞𝐬 (👍) 𝐅𝐞𝐦𝐚𝐥𝐞 - Canada - Non Drop - 200-300/Day | 30 Days Refill","8.134","5.81","2.3240000000000007","50","10000","f121f4fc-f9b3-489f-93d6-b73d402efb4a","Yes"
"facebook","facebook-🇨🇦","4","smmwiz","🇨🇦 Facebook - Post React 𝐒𝐚𝐝 (😢)	 - Canada - Non Drop - 200-300/Day | 30 Days Refill","8.134","5.81","2.3240000000000007","50","10000","e3f19121-ad09-425d-82ee-ff98ab2ffe71","Yes"
"facebook","facebook-🇨🇦","5","smmwiz","🇨🇦 Facebook - 𝐂𝐨𝐦𝐦𝐞𝐧𝐭 React 𝐋𝐨𝐯𝐞 (❤️❤️❤️) - Canada - Non Drop - 200-300/Day | 30 Days Refill","8.134","5.81","2.3240000000000007","50","10000","dfbd3a31-26d6-45c8-a2db-79cc10715475","Yes"
"facebook","facebook-🇨🇦","3","smmwiz","🇨🇦 Facebook - Post React 𝐇𝐚𝐇𝐚 (😆) - Canada - Non Drop - 200-300/Day | 30 Days Refill","8.134","5.81","2.3240000000000007","50","10000","d9b673b6-cdcd-4e77-9e32-0541ef80007a","Yes"
"facebook","facebook-🇨🇦Canada","1","jap","🇨🇦Canada Traffic from Facebook [No Refill] [Max: 1M] [Start Time: 12 Hours] [Speed: 10K/Day]","0.6125","0.4375","0.17500000000000004","500","1000000","47ef925c-2194-4b60-a71e-c57df41cf7c8","Yes"
"facebook","facebook-🇨🇿Czech","1","jap","🇨🇿Czech Republic Traffic from Facebook [No Refill] [Max: 1M] [Start Time: 12 Hours] [Speed: 10K/Day]","0.6125","0.4375","0.17500000000000004","500","1000000","c93d6115-9992-47a2-9bc1-ef120450858d","Yes"
"facebook","facebook-🇩🇪","1","smmwiz","🇩🇪 Facebook Share [GERMANY] [REAL] [NON DROP] [Start Time: 0-24 Hours]","11.466","8.19","3.276","10","2000","daa0a275-dfb9-4fbf-bc79-6699235bffbe","No"
"facebook","facebook-🇩🇪","5","smmwiz","🇩🇪 Facebook - 𝐂𝐨𝐦𝐦𝐞𝐧𝐭 React 𝐇𝐚𝐇𝐚 (😆😆😆) - Germany - Non Drop - 200-300/Day | 30 Days Refill","9.632","6.88","2.752","50","10000","af7ede8d-08fe-497f-9ea3-dd59425a63b0","Yes"
"facebook","facebook-🇩🇪","3","smmwiz","🇩🇪 Facebook - Post React 𝐋𝐨𝐯𝐞 (❤️) - Germany - Non Drop - 200-300/Day | 30 Days Refill","9.632","6.88","2.752","50","10000","df61d96d-2568-4965-8653-249d98843a49","Yes"
"facebook","facebook-🇩🇪","2","smmwiz","🇩🇪 Facebook - Post 𝐋𝐢𝐤𝐞𝐬 (👍) 𝐅𝐞𝐦𝐚𝐥𝐞 - Germany - Non Drop - 200-300/Day | 30 Days Refill","9.632","6.88","2.752","50","10000","09efca1c-3a98-4b50-a2aa-f1e4131d3231","Yes"
"facebook","facebook-🇩🇪","4","smmwiz","🇩🇪 Facebook - Post React 𝐂𝐚𝐫𝐞 (🥰) - Germany - Non Drop - 200-300/Day | 30 Days Refill","9.632","6.88","2.752","50","10000","c3d51f4d-b82a-4451-89bc-8e690aa175c9","Yes"
"facebook","facebook-🇩🇪Germany","1","jap","🇩🇪Germany Traffic from Facebook [No Refill] [Max: 1M] [Start Time: 12 Hours] [Speed: 10K/Day]","0.245","0.175","0.07","88","88888888","61ff69f5-f356-4712-a3c4-b163213e4123","Yes"
"facebook","facebook-🇪🇬","1","jap","🇪🇬 Facebook Follower [Profile/Page] [Max: 10K] [Refill: 30 Days] [Start Time: 0 - 24 Hours] [Speed: 5K/Day]","3.5","2.5","1","1000","1000000","074fed95-e34c-4edf-a481-e6aea69f00c5","Yes"
"facebook","facebook-🇪🇸Spain","1","jap","🇪🇸Spain Traffic from Facebook [No Refill] [Max: 1M] [Start Time: 12 Hours] [Speed: 10K/Day]","0.6125","0.4375","0.17500000000000004","500","1000000","1947c088-f8ba-411d-bef2-abf04eb970cb","Yes"
"facebook","facebook-🇫🇷","4","smmwiz","🇫🇷 Facebook - 𝐂𝐨𝐦𝐦𝐞𝐧𝐭 React 𝐒𝐚𝐝 (😢😢😢) - France - Non Drop - 200-300/Day | 30 Days Refill","10.85","7.75","3.0999999999999996","20","10000","ba8322c4-86a5-4218-8996-f45d02b961de","Yes"
"facebook","facebook-🇫🇷","3","smmwiz","🇫🇷 Facebook - Post 𝐋𝐢𝐤𝐞𝐬 (👍) France - Non Drop - 200-300/Day | 30 Days Refill","10.85","7.75","3.0999999999999996","20","10000","ebc78d12-a883-4650-b993-490eaa967f72","Yes"
"facebook","facebook-🇫🇷","2","smmwiz","🇫🇷 Facebook - 𝐂𝐨𝐦𝐦𝐞𝐧𝐭 𝐋𝐢𝐤𝐞 (👍👍👍) - France - Non Drop - 200-300/Day | 30 Days Refill","10.85","7.75","3.0999999999999996","20","10000","f34e9031-8f72-4da7-926b-fb6c6ed52ece","Yes"
"facebook","facebook-🇫🇷","1","smmwiz","🇫🇷 Facebook - Post React 𝐋𝐨𝐯𝐞 (❤️) - France - Non Drop - 200-300/Day | 30 Days Refill","10.85","7.75","3.0999999999999996","20","10000","fa872351-fa3e-4fee-b671-b4f1dee49667","Yes"
"facebook","facebook-🇫🇷","5","smmwiz","🇫🇷 Facebook - Post 𝐋𝐢𝐤𝐞𝐬 (👍) 𝑴𝒂𝒍𝒆 - France - Non Drop - 200-300/Day | 30 Days Refill","10.85","7.75","3.0999999999999996","20","10000","b576d2ae-0373-49b8-bfbf-aff259a762d9","Yes"
"facebook","facebook-🇫🇷France","1","jap","🇫🇷France Traffic from Facebook [No Refill] [Max: 1M] [Start Time: 12 Hours] [Speed: 10K/Day]","0.35","0.25","0.09999999999999998","100","1000000","db1cd578-90fc-44e3-ab1d-369710b2e632","Yes"
"facebook","facebook-🇬🇧","1","smmwiz","🇬🇧 Facebook - 𝐄𝐯𝐞𝐧𝐭 𝐉𝐨𝐢𝐧 (𝐆𝐨𝐢𝐧𝐠) - United kingdom - Non Drop - 200-300/Day | 30 Days Refill","16.31","11.65","4.659999999999998","50","10000","4aad3e99-8d89-49ed-b1ed-56362f5df738","Yes"
"facebook","facebook-🇬🇧","2","smmwiz","🇬🇧 Facebook 𝐅𝐫𝐢𝐞𝐧𝐝𝐬 𝐑𝐞𝐪𝐮𝐞𝐬𝐭 - United kingdom - Non Drop - 200-500/Day | 30 Days Refill","19.04","13.6","5.4399999999999995","50","10000","a60b6907-a957-4552-83ac-5d3e079d29cb","Yes"
"facebook","facebook-🇬🇧UK","1","jap","🇬🇧UK Traffic from Facebook [Refill: No] [Max: 1M] [Start Time: 12 Hours] [Speed: 10K/Day] 💧","0.245","0.175","0.07","88","88888888","90895d44-0123-4cfe-b313-7427923f5a8a","Yes"
"facebook","facebook-🇮🇩Indonesia","1","jap","🇮🇩Indonesia Traffic from Facebook [Refill: No] [Max: 1M] [Start Time: 12 Hours] [Speed: 10K/Day]","0.35","0.25","0.09999999999999998","100","1000000","7bba4dd5-1b69-46d1-b99a-9f451926f8a1","Yes"
"facebook","facebook-🇮🇳","1","smmwiz","🇮🇳 FACEBOOK SHARES INDIAN [5K]","22.68","16.2","6.48","5","5000","b6f4d233-f922-4ceb-bcf5-49f4fc4c4909","No"
"facebook","facebook-🇮🇳India","1","jap","🇮🇳India Traffic from Facebook [Refill: No] [Max: 1M] [Start Time: 12 Hours] [Speed: 10K/Day]","0.245","0.175","0.07","88","88888888","804ff667-fd66-4b5d-a1db-ff11ad9e3e13","Yes"
"facebook","facebook-🇮🇹","1","jap","🇮🇹 Facebook Post Reaction [Care] [ITALY] [Max:500] [Refill: 30 Days] [Start Time: 0 - 6 Hour] [Speed:200/Day]","15.925","11.375","4.550000000000001","10","500","ce919a79-76b8-43f2-8431-a5b5434e8b3a","Yes"
"facebook","facebook-🇮🇹","5","jap","🇮🇹 Facebook Post Reaction [WoW] [ITALY] [Max:500] [Refill: 30 Days] [Start Time: 0 - 6 Hour] [Speed:200/Day]","15.925","11.375","4.550000000000001","10","500","9ecc2e82-1577-4273-9ace-5945a81e7ce8","Yes"
"facebook","facebook-🇮🇹","4","jap","🇮🇹 Facebook Follower [Profile/Page] [ITALY] [Max:10K] [Refill: 30 Days] [Start Time: 0 - 6 Hour] [Speed:200/Day]","15.925","11.375","4.550000000000001","10","1000","0b554689-58cd-4fff-80e8-ff75d0f10ee5","Yes"
"facebook","facebook-🇮🇹","3","jap","🇮🇹 Facebook Group Member [ITALY] [Max:500] [Refill: 30 Days] [Start Time: 0 - 6 Hour] [Speed:200/Day]","15.925","11.375","4.550000000000001","10","1000","05025ef5-d676-48f2-92c4-5a0fd3a3840b","Yes"
"facebook","facebook-🇮🇹","2","jap","🇮🇹 Facebook Post Reaction [Love] [ITALY] [Max:500] [Refill: 30 Days] [Start Time: 0 - 6 Hour] [Speed:200/Day]","15.925","11.375","4.550000000000001","10","500","303142f7-e0f9-4634-96be-72eb3211c0c1","Yes"
"facebook","facebook-🇮🇹Italy","1","jap","🇮🇹Italy Traffic from Facebook [No Refill] [Max: 1M] [Start Time: 12 Hours] [Speed: 10K/Day]","0.665","0.475","0.19000000000000006","500","1000000","9940520c-daaf-43b6-8b03-96bfe94cd35f","Yes"
"facebook","facebook-🇯🇵","3","smmwiz","🇯🇵 Facebook - 𝐂𝐨𝐦𝐦𝐞𝐧𝐭 𝐋𝐢𝐤𝐞 (👍👍👍) - Japan - Non Drop - 200-300/Day | 30 Days Refill","9.562","6.83","2.7319999999999993","50","10000","872b3e1e-11c8-4fd7-bd2a-2e32f5eb6e98","Yes"
"facebook","facebook-🇯🇵","2","smmwiz","🇯🇵 Facebook - Post 𝐋𝐢𝐤𝐞𝐬 (👍) Japan - Non Drop - 200-300/Day | 30 Days Refill","9.562","6.83","2.7319999999999993","50","10000","5334836b-9d86-43e9-8347-f1724f08d243","Yes"
"facebook","facebook-🇯🇵","1","smmwiz","🇯🇵 Facebook - Post React 𝐋𝐨𝐯𝐞 (❤️) - Japan - Non Drop - 200-300/Day | 30 Days Refill","9.562","6.83","2.7319999999999993","50","10000","88e6eb65-43d9-4e07-b1df-a2187daa8bee","Yes"
"facebook","facebook-🇯🇵","4","smmwiz","🇯🇵 Facebook - Post 𝐋𝐢𝐤𝐞𝐬 (👍) 𝑴𝒂𝒍𝒆 - Japan - Non Drop - 200-300/Day | 30 Days Refill","9.562","6.83","2.7319999999999993","50","10000","02d7a1b8-8176-4c5c-b5e2-f75fad8601ec","Yes"
"facebook","facebook-🇯🇵","5","smmwiz","🇯🇵 Facebook - 𝐂𝐨𝐦𝐦𝐞𝐧𝐭 React 𝐂𝐚𝐫𝐞 (🥰🥰🥰) - Japan - Non Drop - 200-300/Day | 30 Days Refill","9.562","6.83","2.7319999999999993","50","10000","abb2a0a0-3bd0-4c18-9903-73433ccf086d","Yes"
"facebook","facebook-🇯🇵Japan","1","jap","🇯🇵Japan Traffic from Facebook [Refill: No] [Max: 1M] [Start Time: 12 Hours] [Speed: 10K/Day]","0.6125","0.4375","0.17500000000000004","500","1000000","3464d947-aae3-4136-900d-e901ecf61563","Yes"
"facebook","facebook-🇰🇷","5","jap","🇰🇷 Facebook Post Reaction [Angry] [KOREA] [Max: 150] [Refill: 30 Days] [Start Time: 0 - 6 Hour] [Speed: 150/Day]","15.925","11.375","4.550000000000001","10","150","f3cb3d72-1ab8-4db1-945f-7f8a9477dfce","Yes"
"facebook","facebook-🇰🇷","4","jap","🇰🇷 Facebook Post Reaction [HaHa] [KOREA] [Max: 150] [Refill: 30 Days] [Start Time: 0 - 6 Hour] [Speed: 150/Day]","15.925","11.375","4.550000000000001","10","150","d170d49d-2a8c-43dc-bcad-cd4621ff5de9","Yes"
"facebook","facebook-🇰🇷","3","jap","🇰🇷 Facebook Post Reaction [WoW] [KOREA] [Max: 150] [Refill: 30 Days] [Start Time: 0 - 6 Hour] [Speed: 150/Day]","15.925","11.375","4.550000000000001","10","150","ca6ab088-cc1f-47f5-82f2-9b934e74e302","Yes"
"facebook","facebook-🇰🇷","1","jap","🇰🇷 Facebook Post Reaction [Care] [KOREA] [Max: 150] [Refill: 30 Days] [Start Time: 0 - 6 Hour] [Speed: 150/Day]","15.925","11.375","4.550000000000001","10","150","817af10c-c9e4-47c3-a55e-f32888700f88","Yes"
"facebook","facebook-🇰🇷","2","jap","🇰🇷 Facebook Post Reaction [Love] [KOREA] [Max: 150] [Refill: 30 Days] [Start Time: 0 - 6 Hour] [Speed: 150/Day]","15.925","11.375","4.550000000000001","10","150","64651b4f-86dd-44a0-a534-fe8e2ae64dbe","Yes"
"facebook","facebook-🇰🇷South","1","jap","🇰🇷South Korea Traffic from Facebook [Refill: No] [Max: 1M] [Start Time: 12 Hours] [Speed: 10K/Day]","0.245","0.175","0.07","88","88888888","cc4f722f-5469-400a-8763-548aa348bd9c","Yes"
"facebook","facebook-🇲🇦","1","smmwiz","🇲🇦 Facebook - 𝗣𝗼𝘀𝘁 (𝗘𝗺𝗼𝗷𝗶 𝗖𝗼𝗺𝗺𝗲𝗻𝘁𝘀) - Morocco - Non Drop - 100-200/Day | 30 Days Refill","38.206","27.29","10.916000000000004","50","100000","ca2449f7-ee1f-42aa-8847-f1f4ef2e000e","Yes"
"facebook","facebook-🇲🇽Mexico","1","jap","🇲🇽Mexico Traffic from Facebook [No Refill] [Max: 1M] [Start Time: 12 Hours] [Speed: 10K/Day]","0.6125","0.4375","0.17500000000000004","500","1000000","5816d561-be98-44c8-9a1a-e357c5434fcc","Yes"
"facebook","facebook-🇲🇾","1","smmwiz","🇲🇾 Facebook - Post React 𝐒𝐚𝐝 (😢)	 - Malaysia - Non Drop - 200-300/Day | 30 Days Refill","9.632","6.88","2.752","50","10000","012bd535-eaee-48c4-9e34-572a3afe47e8","Yes"
"facebook","facebook-🇲🇾","2","smmwiz","🇲🇾 Facebook - 𝐂𝐨𝐦𝐦𝐞𝐧𝐭 React 𝐋𝐨𝐯𝐞 (❤️❤️❤️) - Malaysia - Non Drop - 200-300/Day | 30 Days Refill","9.632","6.88","2.752","50","10000","cf153e5e-639a-42c0-a217-20ecc36de6f7","Yes"
"facebook","facebook-🇲🇾","3","smmwiz","🇲🇾 Facebook - Post 𝐋𝐢𝐤𝐞𝐬 (👍) Malaysia - Non Drop - 200-300/Day | 30 Days Refill","9.632","6.88","2.752","50","10000","ccc9af33-7fb1-492d-819f-7d7c5b9341eb","Yes"
"facebook","facebook-🇲🇾","5","smmwiz","🇲🇾 Facebook - Post React 𝐋𝐨𝐯𝐞 (❤️) - Malaysia - Non Drop - 200-300/Day | 30 Days Refill","9.632","6.88","2.752","50","10000","8f851fa7-d824-4299-b5f1-cf7ade54db07","Yes"
"facebook","facebook-🇲🇾","4","smmwiz","🇲🇾 Facebook - Post 𝐋𝐢𝐤𝐞𝐬 (👍) 𝐅𝐞𝐦𝐚𝐥𝐞 - Malaysia - Non Drop - 200-300/Day | 30 Days Refill","9.632","6.88","2.752","50","10000","cc0bfd57-f47d-42b7-9437-2fce253e7e1e","Yes"
"facebook","facebook-🇳🇬","5","smmwiz","🇳🇬 Facebook - 𝐂𝐨𝐦𝐦𝐞𝐧𝐭 React 𝐒𝐚𝐝 (😢😢😢) - Nigeria - Non Drop - 200-300/Day | 30 Days Refill","9.632","6.88","2.752","50","10000","73543b4d-f880-46c6-9e82-54fb23eae799","Yes"
"facebook","facebook-🇳🇬","4","smmwiz","🇳🇬 Facebook - Post React 𝐇𝐚𝐇𝐚 (😆) - Nigeria - Non Drop - 200-300/Day | 30 Days Refill","9.632","6.88","2.752","50","10000","7b965aa0-d084-4fb9-8568-fba8fd1caf0d","Yes"
"facebook","facebook-🇳🇬","3","smmwiz","🇳🇬 Facebook - 𝐂𝐨𝐦𝐦𝐞𝐧𝐭 𝐋𝐢𝐤𝐞 (👍👍👍) - Nigeria - Non Drop - 200-300/Day | 30 Days Refill","9.632","6.88","2.752","50","10000","bbcfd33c-1264-4cac-beb3-95798192ba40","Yes"
"facebook","facebook-🇳🇬","2","smmwiz","🇳🇬 Facebook - 𝐂𝐨𝐦𝐦𝐞𝐧𝐭 React 𝐂𝐚𝐫𝐞 (🥰🥰🥰) - Nigeria - Non Drop - 200-300/Day | 30 Days Refill","9.632","6.88","2.752","50","10000","e75d8bb8-6c6c-4976-ba74-aae77b20818a","Yes"
"facebook","facebook-🇳🇬","1","smmwiz","🇳🇬 Facebook - Post React 𝐋𝐨𝐯𝐞 (❤️) - Nigeria - Non Drop - 200-300/Day | 30 Days Refill","9.632","6.88","2.752","50","10000","336976e0-ad8d-4e15-b29d-6c72dbb75414","Yes"
"facebook","facebook-🇳🇱Netherlands","1","jap","🇳🇱Netherlands Traffic from Facebook [No Refill] [Max: 1M] [Start Time: 12 Hours] [Speed: 10K/Day]","0.6125","0.4375","0.17500000000000004","500","1000000","7e54ea13-dc73-4e42-b433-784502f9b956","Yes"
"facebook","facebook-🇵🇭","1","smmwiz","🇵🇭 Facebook - Post 𝐋𝐢𝐤𝐞𝐬 (👍) 𝐅𝐞𝐦𝐚𝐥𝐞 - Philippines - Non Drop - 200-300/Day | 30 Days Refill","11.004","7.86","3.1439999999999992","50","10000","0b8c7f53-06da-4cfd-bd6d-85a3d57deea2","Yes"
"facebook","facebook-🇵🇭","3","smmwiz","🇵🇭 Facebook - Post React 𝐖𝐨𝐰 (😯) - Philippines - Non Drop - 200-300/Day | 30 Days Refill","11.004","7.86","3.1439999999999992","50","10000","a93f29f1-bbaa-498f-9f94-35793f194dd8","Yes"
"facebook","facebook-🇵🇭","4","smmwiz","🇵🇭 Facebook - 𝐄𝐯𝐞𝐧𝐭 𝐉𝐨𝐢𝐧 (𝐈𝐧𝐭𝐞𝐫𝐞𝐬𝐭) - Philippines - Non Drop - 200-300/Day | 30 Days Refill","11.004","7.86","3.1439999999999992","50","10000","9abd853e-1b3a-40b3-89a1-26f290a2de41","Yes"
"facebook","facebook-🇵🇭","2","smmwiz","🇵🇭 Facebook - Post React 𝐇𝐚𝐇𝐚 (😆) - Philippines - Non Drop - 200-300/Day | 30 Days Refill","11.004","7.86","3.1439999999999992","50","10000","c03cdb36-a498-4980-b08c-11d5e3164025","Yes"
"facebook","facebook-🇵🇭","5","smmwiz","🇵🇭 Facebook - 𝐂𝐨𝐦𝐦𝐞𝐧𝐭 React 𝐇𝐚𝐇𝐚 (😆😆😆) - Philippines - Non Drop - 200-300/Day | 30 Days Refill","11.004","7.86","3.1439999999999992","50","10000","89f8d775-fc07-4929-8384-29c6ad4d808f","Yes"
"facebook","facebook-🇵🇱Poland","1","jap","🇵🇱Poland Traffic from  Facebook [No Refill] [Max: 1M] [Start Time: 12 Hours] [Speed: 10K/Day]","0.6125","0.4375","0.17500000000000004","500","1000000","91d8e622-845f-46c6-a1b9-25c2c3ed0f65","Yes"
"facebook","facebook-🇷🇺Russia","1","jap","🇷🇺Russia Traffic from Facebook [No Refill] [Max: 1M] [Start Time: 12 Hours] [Speed: 10K/Day]","0.6125","0.4375","0.17500000000000004","500","1000000","29e9442c-3d57-491c-b5e5-7f5509981070","Yes"
"facebook","facebook-🇸🇬Singapore","1","jap","🇸🇬Singapore Traffic from Facebook [No Refill] [Max: 1M] [Start Time: 12 Hours] [Speed: 10K/Day]","0.6125","0.4375","0.17500000000000004","500","1000000","77dc030a-d594-447b-8214-1ba6056d476a","Yes"
"facebook","facebook-🇹🇭","4","smmwiz","🇹🇭 Facebook Thailand Post Wow Reaction 😲 [High Quality + Real] [5K/D] [Instant]","1.932","1.38","0.552","10","100000","c9d16ae4-aa03-442c-8d1b-e647721c02f3","No"
"facebook","facebook-🇹🇭","3","smmwiz","🇹🇭 Facebook Thailand Post Haha Reaction 😄 [High Quality + Real] [5K/D] [Instant]","1.932","1.38","0.552","10","100000","4eab2d40-60ef-435b-af68-ae52635f11c6","No"
"facebook","facebook-🇹🇭","5","smmwiz","🇹🇭 Facebook Thailand Post Sad Reaction 😥 [High Quality + Real] [5K/D] [Instant]","1.932","1.38","0.552","10","100000","8e33c191-50b3-4543-a855-b7e588d4a0c6","No"
"facebook","facebook-🇹🇭","1","smmwiz","🇹🇭 Facebook Thailand Post Love Reaction ❤️ [High Quality + Real] [5K/D] [Instant]","1.932","1.38","0.552","10","100000","7b9f711c-a8c5-43f5-89de-fde94f67fa3c","No"
"facebook","facebook-🇹🇭","2","smmwiz","🇹🇭 Facebook Thailand Post Care Reaction 🤗 [High Quality + Real] [5K/D] [Instant]","1.932","1.38","0.552","10","100000","00941e5d-f5ba-492a-b967-86b40a95f7cf","No"
"facebook","facebook-🇹🇭Thailand","1","jap","🇹🇭Thailand Traffic from Facebook [No Refill] [Max: 1M] [Start Time: 12 Hours] [Speed: 10K/Day]","0.6125","0.4375","0.17500000000000004","500","1000000","fc93326a-cdf5-4032-897a-098b211b2565","Yes"
"facebook","facebook-🇹🇷Turkey","1","jap","🇹🇷Turkey Traffic from Facebook [No Refill] [Max: 1M] [Start Time: 12 Hours] [Speed: 10K/Day]","0.6125","0.4375","0.17500000000000004","500","1000000","1159166c-a879-4bb6-80df-ceeefc2c430d","Yes"
"facebook","facebook-🇹🇼","2","jap","🇹🇼 Facebook Post Reaction [Angry] [TAIWAN] [Max: 350] [Refill: 30 Days] [Start Time: 0 - 1 Hour] [Speed: 300/Day]","15.925","11.375","4.550000000000001","10","350","1ae2c8b8-5f79-47d5-b797-039c7f94b760","Yes"
"facebook","facebook-🇹🇼","5","jap","🇹🇼 Facebook Post Reaction [Care] [TAIWAN] [Max: 350] [Refill: 30 Days] [Start Time: 0 - 1 Hour] [Speed: 300/Day]","15.925","11.375","4.550000000000001","10","350","831c082b-eb70-4d1f-b282-80a7d3aa4222","Yes"
"facebook","facebook-🇹🇼","4","jap","🇹🇼 Facebook Post Reaction [HAHA] [TAIWAN] [Max: 350] [Refill: 30 Days] [Start Time: 0 - 1 Hour] [Speed: 300/Day]","15.925","11.375","4.550000000000001","10","350","79ef7c77-2c03-4d77-9f9d-e74bfaf4e58f","Yes"
"facebook","facebook-🇹🇼","3","jap","🇹🇼 Facebook Post Reaction [WOW] [TAIWAN] [Max: 350] [Refill: 30 Days] [Start Time: 0 - 1 Hour] [Speed: 300/Day]","15.925","11.375","4.550000000000001","10","350","58ee075f-ab9c-462b-be69-8f4ebafe5d6b","Yes"
"facebook","facebook-🇹🇼","1","jap","🇹🇼 Facebook Profile Follower [TAIWAN] [Max: 350] [Refill: 30 Days] [Start Time: 1-12 Hour] [Speed: 50-100/Day]","15.925","11.375","4.550000000000001","10","1000","1a45119a-fe5b-4aa0-98e8-69656cb0bab1","Yes"
"facebook","facebook-🇹🇼Taiwan","1","jap","🇹🇼Taiwan Traffic from Facebook [No Refill] [Max: 1M] [Start Time: 12 Hours] [Speed: 10K/Day]","0.6125","0.4375","0.17500000000000004","500","1000000","5e5e65a6-0968-4764-8ca3-82605b48f62b","Yes"
"facebook","facebook-🇺🇦Ukraine","1","jap","🇺🇦Ukraine Traffic from Facebook [No Refill] [Max: 1M] [Start Time: 12 Hours] [Speed: 10K/Day]","0.6125","0.4375","0.17500000000000004","500","1000000","98fedaed-d534-4a07-966a-23e3f00263d4","Yes"
"facebook","facebook-🇺🇸","2","smmwiz","🇺🇸 FACEBOOK COMMENT REPLY [200] [USA]","104.328","74.52","29.808000000000007","10","200","48bae8cb-e805-43ea-ad9d-bf2eb622f1eb","No"
"facebook","facebook-🇺🇸","3","jap","🇺🇸 Facebook Comment Like [USA] [Refill: 30D] [Max: 500K] [Start Time: 0-6 Hours] [Speed: 50K/D]💧","2.975","2.125","0.8500000000000001","10","500000","6a39dd7a-94af-41f0-9900-a60603f5a1b4","Yes"
"facebook","facebook-🇺🇸","5","jap","🇺🇸 Facebook Share Post [USA] [Refill: 30D] [Max: 500K] [Start Time: 0-6 Hours] [Speed: 50K/D]💧","22.3125","15.9375","6.375","10","500000","4a8377d8-d49d-4f59-8fd8-2deb2d7dbeb4","Yes"
"facebook","facebook-🇺🇸","4","jap","🇺🇸 Facebook Join Group [USA] [Refill: 30D] [Max: 500K] [Start Time: 0-6 Hours] [Speed: 50K/D]💧","4.4625","3.1875","1.2750000000000004","10","500000","f7eb7867-b904-4bb6-9746-304f304fb61c","Yes"
"facebook","facebook-🇺🇸","1","smmwiz","🇺🇸 FACEBOOK REEL SHARES [USA] [10K]","69.552","49.68","19.872000000000007","5","10000","2987aacb-fddb-4b00-9cbe-7fff592df088","No"
"facebook","facebook-🇺🇸Facebook","4","jap","🇺🇸Facebook Post Reaction [Love] [USA] [Max:3K] [Refill: 30 Days] [Start Time: 0 - 1 Hour] [Speed: 300/Day]","18.0908","12.922","5.168800000000001","10","3000","b3b3983d-dfcd-4987-844d-6c8d6a53dfac","Yes"
"facebook","facebook-🇺🇸Facebook","3","jap","🇺🇸Facebook Post Reaction [Care] [USA] [Max:3K] [Refill: 30 Days] [Start Time: 0 - 1 Hour] [Speed: 300/Day]","18.0908","12.922","5.168800000000001","10","3000","86d8b3e3-49ba-4b4b-986b-3ced645f38a6","Yes"
"facebook","facebook-🇺🇸Facebook","2","jap","🇺🇸Facebook Post Reaction [WOW] [USA] [Max: 3K] [Refill: 30 Days] [Start Time: 0 - 1 Hour] [Speed: 300/Day]","18.0908","12.922","5.168800000000001","10","3000","6f44e390-056d-4504-ad40-13ab2cc67f7b","Yes"
"facebook","facebook-🇺🇸Facebook","5","jap","🇺🇸Facebook Share [USA] [Max: 5K] [Refill: 30 Days] [Start Time: 1 - 24 Hours] [Speed: 200/Day]","18.0908","12.922","5.168800000000001","5","5000","ede225f5-57d1-4b2f-96a6-d11d063e30f6","Yes"
"facebook","facebook-🇺🇸Facebook","1","jap","🇺🇸Facebook Post Reaction [Angry] [USA] [Max: 3K] [Refill: 30 Days] [Start Time: 0 - 1 Hour] [Speed: 300/Day]","18.0908","12.922","5.168800000000001","10","3000","564ac546-f220-458a-b7e5-6a794a09ebfb","Yes"
"facebook","facebook-🇺🇸USA","1","jap","🇺🇸USA Traffic from Facebook [Refill: No] [Max: 1M] [Start Time: 0 - 12 Hours] [Speed: 10K/Day]💧","0.245","0.175","0.07","88","88888888","a47f63a8-b342-4cb2-bef4-233094242e80","Yes"
"facebook","facebook-🇻🇳","2","smmwiz","🇻🇳 Facebook 𝐏𝐚𝐠𝐞 𝐑𝐞𝐯𝐢𝐞𝐰 (Yes-Recommendations) [𝐖𝐢𝐭𝐡𝐨𝐮𝐭 𝐂𝐮𝐬𝐭𝐨𝐦 𝐂𝐨𝐦𝐦𝐞𝐧𝐭𝐬] - Vietnam - Non Drop - 100-200/Day | 30 Days Refill","22.008","15.72","6.2879999999999985","50","1000","bd27345e-2770-445d-90d6-ee82c3be7595","Yes"
"facebook","facebook-🇻🇳","1","smmwiz","🇻🇳 Facebook - Post 𝐋𝐢𝐤𝐞𝐬 (👍) 𝑴𝒂𝒍𝒆 - Vietnam - Non Drop - 200-300/Day | 30 Days Refill","9.632","6.88","2.752","50","10000","3f9924b5-4896-488f-8072-e8b0df447e47","Yes"
"facebook","facebook-🇻🇳Vietnam","1","jap","🇻🇳Vietnam Traffic from Facebook [No Refill] [Max: 1M] [Start Time: 12 Hours] [Speed: 10K/Day]","0.6125","0.4375","0.17500000000000004","500","1000000","c36796a5-07e7-466d-bd20-6f8a29c43045","Yes"
"facebook","facebook-🔵Facebook","1","smmwiz","🔵Facebook - PHOTO/POST  Haha React😁[100%PHILIPPINES🇵🇭] [⚡️Speed:10K/Day] [🎯Instant]🔥FAST🔥","5.292","3.78","1.512","100","1000","261a4c99-eaba-4e05-8823-2781b3942061","No"
"facebook","facebook-🔵Facebook","4","smmwiz","🔵Facebook - PHOTO/POST  Angry React😡[100%PHILIPPINES🇵🇭] [⚡️Speed:10K/Day] [🎯Instant]🔥FAST🔥","5.292","3.78","1.512","100","1000","ea0a8c1a-c3dd-4251-abc3-2eb71452a9e6","No"
"facebook","facebook-🔵Facebook","3","smmwiz","🔵Facebook - PHOTO/POST  Love React❤️ [100%PHILIPPINES🇵🇭]  [⚡️Speed:10K/Day] [🎯Instant]🔥FAST🔥","5.292","3.78","1.512","100","1000","d45683e8-32cc-4a14-8a61-edcf6ca285e7","No"
"facebook","facebook-🔵Facebook","2","smmwiz","🔵Facebook - PHOTO/POST Sad React 😢[100%PHILIPPINES🇵🇭] [⚡️Speed:10K/Day] [🎯Instant]🔥FAST🔥","5.292","3.78","1.512","100","1000","4eb0e62e-8e49-45c3-816a-3f70d8c3b8cb","No"
"facebook","facebook-🔵Facebook","5","smmwiz","🔵Facebook - Like React 👍 [STRICTLY FOR POST] [100%PHILIPPINES🇵🇭]  [⚡️Speed:1K/Day] [🎯Instant] [SLOW\","6.678","4.77","1.9080000000000004","100","1000","e5bf154c-0783-49fa-b611-d63c23f3f13e","No"
"facebook","facebook-🚨🚨","1","smmwiz","🚨🚨 Facebook Page Like and Follows [Emergency Fast Server] [High Quality] [30 Days] [𝑭𝒂𝒔𝒕𝒆𝒔𝒕]","2.548","1.82","0.728","50","1000000","92b0009f-0a97-4732-9b4d-f7fb73fce598","No"
"facebook","facebook-Allinone","1","smmwiz","All-in-one Facebook","53.76","38.4","15.36","50","5000","032144a7-19e5-4909-b459-136b827d3513","No"
"facebook","facebook-Argentina","1","smmwiz","Argentina Traffic from Facebook","0.56","0.4","0.16000000000000003","500","1000000","da235b45-03ce-46a1-9697-b6f814041823","No"
"facebook","facebook-Australia","1","smmwiz","Australia Traffic from Facebook","0.56","0.4","0.16000000000000003","500","1000000","56150d93-7fcc-4aca-a4ce-6b90c4eecdf2","No"
"facebook","facebook-Bangladesh","1","smmwiz","Bangladesh Traffic from Facebook","0.56","0.4","0.16000000000000003","500","1000000","c5fd6f2f-2c17-40f1-8a71-42c235f74b80","No"
"facebook","facebook-Brazil","1","smmwiz","Brazil Traffic from Facebook [LQ]","0.238","0.17","0.06799999999999998","88","88888888","79e22cbf-d0ba-491a-9a5c-5c2fb9bbd9f0","No"
"facebook","facebook-Brazil","2","smmwiz","Brazil Traffic from Facebook","0.56","0.4","0.16000000000000003","500","1000000","6ef88558-6046-46aa-8cf8-ddf99618d095","No"
"facebook","facebook-Canada","1","smmwiz","Canada Traffic from Facebook [LQ]","0.238","0.17","0.06799999999999998","88","88888888","f2da770c-4689-462d-a026-45a924a1bab2","No"
"facebook","facebook-Canada","2","smmwiz","Canada Traffic from Facebook","0.56","0.4","0.16000000000000003","500","1000000","15d11be7-bdb8-45a1-84bf-04c8d992fd82","No"
"facebook","facebook-Colombia","1","smmwiz","Colombia Traffic from Facebook","0.56","0.4","0.16000000000000003","500","1000000","7014520b-f6d7-4dd3-a963-188519b3bc71","No"
"facebook","facebook-Comments","5","smmwiz","Facebook Emoji Comments [ Max - 1k ] 0-6 HRS","15.848","11.32","4.5280000000000005","10","1000","5dcc95fa-6064-4015-8195-cf69062d4fd6","No"
"facebook","facebook-Comments","4","smmwiz","Facebook Random Comments [ Max - 1k ] 0-6 HRS","15.848","11.32","4.5280000000000005","10","1000","35eae32f-bc3a-406b-8fdc-ec601e833d25","No"
"facebook","facebook-Comments","1","smmwiz","Facebook Random Comments [Cancel Enabled] [10-50K/D] [0-1/H]","3.402","2.43","0.972","10","1000000","3789fc1f-0954-467b-b029-c03aebcf22ed","No"
"facebook","facebook-Comments","2","jap","🇪🇬 Facebook Custom Comments [Max: 1K] [Start Time: 24 Hours] [Speed: 1K/Day]","7.7875","5.5625","2.2249999999999996","50","10000","ed9f6345-a3ca-4aaa-9a8a-a54bb5961d7b","No"
"facebook","facebook-Comments","3","jap","Facebook Custom Comments [Max: 100K] [Start Time: 0-1 Hr] [Speed: Up to 500/D] ⛔","9.765","6.975","2.790000000000001","10","10000000","4968bf82-cb57-4c0f-9314-442a4a021c33","No"
"facebook","facebook-Czech","1","smmwiz","Czech Republic Traffic from Facebook [LQ]","0.238","0.17","0.06799999999999998","88","88888888","8777c423-52db-4e4e-8cea-e2e5a753867f","No"
"facebook","facebook-Czech","2","smmwiz","Czech Republic Traffic from Facebook","0.56","0.4","0.16000000000000003","500","1000000","3d2817e6-1a93-4c2a-b0d4-faf9e43913d2","No"
"facebook","facebook-Egypt","1","smmwiz","Egypt Traffic from Facebook","0.56","0.4","0.16000000000000003","500","1000000","c82cc785-4113-4be2-a203-bb5eec351aa8","No"
"facebook","facebook-Egypt","2","jap","Egypt Traffic from Facebook [12H - 10K/Day]","0.665","0.475","0.19000000000000006","500","1000000","b150fac9-0960-4ba8-8255-5eabf45802d4","No"
"facebook","facebook-Facebook","1","smmwiz","Facebook Post Reaction Wow [😲] [World Wide] [High Quality] [Instant]","0.238","0.17","0.06799999999999998","10","250000","29659dbb-c320-4430-855f-4b15ce796cd9","No"
"facebook","facebook-Facebook","5","smmwiz","Facebook Post Reaction Love [❤️] [World Wide] [High Quality] [Instant]","0.238","0.17","0.06799999999999998","10","250000","2d41cefb-2f2e-4534-8b3d-eb754fb56e56","No"
"facebook","facebook-Facebook","4","smmwiz","Facebook Post Reaction Haha [😂] [World Wide] [High Quality] [Instant]","0.238","0.17","0.06799999999999998","10","250000","79f985bd-8d80-4138-aa6d-2bf4ccf37dcb","No"
"facebook","facebook-Facebook","3","smmwiz","Facebook Post Reaction Angry [😡] [World Wide] [High Quality] [Instant]","0.238","0.17","0.06799999999999998","10","250000","cd3ad5e2-700f-48b4-aaf9-960bec8c68e9","No"
"facebook","facebook-Facebook","2","smmwiz","Facebook Post Reaction Like [👍] [World Wide] [High Quality] [Instant]","0.238","0.17","0.06799999999999998","10","250000","82ebe244-da62-4af8-998d-895f06d0d349","No"
"facebook","facebook-Finland","1","smmwiz","Finland Traffic from Facebook","0.56","0.4","0.16000000000000003","500","1000000","d54e856e-c7e7-427d-a206-1ea7bff75ecb","No"
"facebook","facebook-Followers","1","smmwiz","Facebook Page Likes and Followers [High Quality] [Almost No Drop] [Instant]","0.378","0.27","0.10799999999999998","100","100000","e0be3630-7e4b-4a98-9061-58999f4f0cba","No"
"facebook","facebook-Followers","2","smmwiz","Facebook Real Followers [High Quality] [Almost No Drop] [50K/D] [0-1/H]","0.392","0.28","0.11199999999999999","10","100000","8a91211e-a5f2-4687-8cb4-d35be53450f1","No"
"facebook","facebook-Followers","3","smmwiz","Facebook Followers [100K/D] [Instant]","0.392","0.28","0.11199999999999999","50","500000","66284e57-eb82-4fcd-976b-e5b7166f46c9","No"
"facebook","facebook-Followers","4","smmwiz","Facebook Followers [High Quality] [Cancel Enabled] [500K/D] [Instant]","0.406","0.29","0.11600000000000005","50","500000","572ec3d8-4c31-4b59-ac3c-d1536909c538","No"
"facebook","facebook-Followers","5","smmwiz","Facebook Page/Profile Followers | High Quality | Real Accounts | Fast &amp;amp; Stable 🔥","0.448","0.32","0.128","100","100000","460f9658-8bcc-4e21-be57-922b2a061b45","No"
"facebook","facebook-France","1","smmwiz","France Traffic from Facebook [LQ]","0.238","0.17","0.06799999999999998","88","88888888","47cf6c33-27b8-4842-8ecb-2b4cf152d994","No"
"facebook","facebook-France","2","smmwiz","France Traffic from Facebook","0.56","0.4","0.16000000000000003","500","1000000","e7c3bd15-8a20-44e6-8ce7-f370869b50e7","No"
"facebook","facebook-Germany","1","smmwiz","Germany Traffic from Facebook [LQ]","0.238","0.17","0.06799999999999998","88","88888888","3ae4c3d2-327e-497d-be17-7a75683da906","No"
"facebook","facebook-Germany","2","smmwiz","Germany Traffic from Facebook","0.56","0.4","0.16000000000000003","500","1000000","997e64af-cacd-497f-8544-9780f6e88663","No"
"facebook","facebook-Hong","1","smmwiz","Hong Kong Traffic from Facebook","0.56","0.4","0.16000000000000003","500","1000000","83f018b0-679a-419f-a8ac-89423a57277d","No"
"facebook","facebook-India","1","smmwiz","India Traffic from Facebook [LQ]","0.238","0.17","0.06799999999999998","88","88888888","0d904b27-95a7-427b-88da-ac2df1358af7","No"
"facebook","facebook-India","2","smmwiz","India Traffic from Facebook","0.56","0.4","0.16000000000000003","500","1000000","251ca3fa-f24c-4b66-9a81-a63030ff344e","No"
"facebook","facebook-Indonesia","1","smmwiz","Indonesia Traffic from Facebook","0.56","0.4","0.16000000000000003","500","1000000","30360d9d-68d1-40b1-83f4-6ed525449644","No"
"facebook","facebook-Iran","1","smmwiz","Iran Traffic from Facebook","0.56","0.4","0.16000000000000003","500","1000000","903efead-c2aa-4a15-8ffe-dfcdccc9cf62","No"
"facebook","facebook-Ireland","1","smmwiz","Ireland Traffic from Facebook","0.56","0.4","0.16000000000000003","500","1000000","c2c1abf6-04c2-48b0-9cd3-f6c864ddbd8e","No"
"facebook","facebook-Israel","1","smmwiz","Israel Traffic from Facebook","0.56","0.4","0.16000000000000003","500","1000000","b87d5c66-1137-4a3e-807e-a52be78f80c3","No"
"facebook","facebook-Italy","1","smmwiz","Italy Traffic from Facebook [LQ]","0.238","0.17","0.06799999999999998","88","88888888","6feef4ca-fdc0-4c84-94e8-d623809fcfdb","No"
"facebook","facebook-Italy","2","smmwiz","Italy Traffic from Facebook","0.56","0.4","0.16000000000000003","500","1000000","612e5d65-23f1-4e7c-aab5-d9b044c88ab5","No"
"facebook","facebook-Japan","1","smmwiz","Japan Traffic from Facebook [LQ]","0.238","0.17","0.06799999999999998","88","88888888","f911748c-8ab8-4dc4-8145-b965cad55709","No"
"facebook","facebook-Japan","2","smmwiz","Japan Traffic from Facebook","0.56","0.4","0.16000000000000003","500","1000000","a0819fb0-7fb6-4c9b-bc9a-8f8446008076","No"
"facebook","facebook-Likes","1","smmwiz","Facebook Post Likes [High Quality] [Real] [50-100K/D] [0-1/H] [Different Service]","0.378","0.27","0.10799999999999998","20","500000","93feef13-3dc7-4442-a778-1f1692f1a692","No"
"facebook","facebook-Likes","2","smmwiz","Facebook Post Likes [ High Quality ] [ Instant Start ] [ 100% Non Drop ]","0.42","0.3","0.12","10","100000","d8404db7-2319-4212-b5ca-096470d37427","No"
"facebook","facebook-Likes","3","jap","Facebook Post Likes","0.5","0.2","0.3","100","500000","6fb33980-aab2-423b-b445-54f5d48068b0","No"
"facebook","facebook-Likes","4","smmwiz","Facebook Post Likes [High Quality] [100K/D] [Instant]","0.504","0.36","0.14400000000000002","10","100000","499bd822-90df-4e4c-b846-09b25d1caada","No"
"facebook","facebook-Likes","5","smmwiz","Facebook Post Likes [10K] [ Instant ] [ Care React -🤗 ] Lifetime~100% NON DROP","0.826","0.59","0.236","50","50000","a8643962-7efc-4c8d-b5d2-240c3ba85b65","No"
"facebook","facebook-Members","1","smmwiz","Facebook Group Members [High Quality] [Almost No Drop] [Instant]","1.008","0.72","0.28800000000000003","10","1000000","d823e522-88d8-4215-907b-b269718a6b70","No"
"facebook","facebook-Members","2","smmwiz","Facebook Group Members [Works for Private Groups] [Lifetime Guarantee] [5-10K/D] [Start 3 Hours]","1.176","0.84","0.33599999999999997","100","100000","bd56d7ea-eeeb-4ec2-b3aa-c6e641a9b1b3","No"
"facebook","facebook-Members","3","smmwiz","Facebook Indian Group Members [No Drop] [Lifetime Guarantee] [5-10K/D] [Start 3 Hours]","1.68","1.2","0.48","100","100000","fb2cbcbc-7921-4521-82d5-c33ebc5cf993","No"
"facebook","facebook-Members","5","smmwiz","Facebook Group Members [Real] [World Wide] [1K/D] [0-1/H]","16.212","11.58","4.632","1","15000","14e8ac7c-4c1f-4d24-98ca-b74b9d758ade","No"
"facebook","facebook-Members","4","smmwiz","Facebook Group Members [🇵🇭Philippines🇵🇭] [500-1K/D] [0-24/H]","5.502","3.93","1.5719999999999996","100","5000","c5623bab-2ea2-4231-9aa1-d1a31d851c75","No"
"facebook","facebook-Mexico","1","smmwiz","Mexico Traffic from Facebook","0.56","0.4","0.16000000000000003","500","1000000","a9dbea6f-d8d6-48a1-9746-2d7dd75c09d1","No"
"facebook","facebook-Moldova","1","smmwiz","Moldova Traffic from Facebook","0.77","0.55","0.21999999999999997","1000","1000000","bc33ecbc-f441-4b94-b354-0b96dc010c29","No"
"facebook","facebook-Netherlands","1","smmwiz","Netherlands Traffic from Facebook [LQ]","0.238","0.17","0.06799999999999998","88","88888888","f5ecfc38-552d-4034-8732-1c926b7fbb76","No"
"facebook","facebook-Netherlands","2","smmwiz","Netherlands Traffic from Facebook","0.56","0.4","0.16000000000000003","500","1000000","d3b0dd79-fdee-4585-9321-c224c7665022","No"
"facebook","facebook-Pakistan","1","smmwiz","Pakistan Traffic from Facebook [LQ]","0.238","0.17","0.06799999999999998","88","88888888","38fb485c-97f1-42c8-8337-b1ada98403c6","No"
"facebook","facebook-Pakistan","2","smmwiz","Pakistan Traffic from Facebook","0.56","0.4","0.16000000000000003","500","1000000","e2ed2fad-474e-4d35-ac03-cc7ec03410c3","No"
"facebook","facebook-Pakistan","3","jap","Pakistan Traffic from Facebook","0.6125","0.4375","0.17500000000000004","500","1000000","112c306e-eee1-4036-bc9d-a04a7abf447b","No"
"facebook","facebook-Philippines","1","smmwiz","Philippines Traffic from Facebook","0.56","0.4","0.16000000000000003","500","1000000","28210332-d31d-4555-934d-1d87d9782acb","No"
"facebook","facebook-Plays","1","jap","Facebook Video Plays [Max: 100M] [Start Time: 0-1 Hr] [Speed: Up to 50K/D] 💧","0.0972","0.0694","0.02779999999999999","500","100000000","780a2cfc-3404-408f-bd26-a867c92da049","No"
"facebook","facebook-Plays","2","jap","Facebook Video Plays [Max: 100M] [Start Time: 0-1 Hr] [Speed: Up to 500K/D] 💧","0.1651","0.1179","0.04719999999999999","500","100000000","d7497694-f543-4c7d-a967-64e3c76d177c","No"
"facebook","facebook-Poland","1","smmwiz","Poland Traffic from  Facebook","0.56","0.4","0.16000000000000003","500","1000000","390b5f21-2a6c-42cc-b9ca-55cf38234239","No"
"facebook","facebook-Portugal","1","smmwiz","Portugal Traffic from Facebook","0.56","0.4","0.16000000000000003","500","1000000","cdd77f45-83b8-4db0-bf7d-7303e90b11b0","No"
"facebook","facebook-Portugal","2","jap","Portugal Traffic from Facebook","0.6125","0.4375","0.17500000000000004","500","1000000","66335659-385d-4c71-859c-45ae0e73495c","No"
"facebook","facebook-Reels","1","smmwiz","Facebook  Reels Share - [ 1k/day ] [ 30 Days Refill ] 6-12 HRS","7.056","5.04","2.016","50","300000","0a2ea7ba-64dd-4c03-bc2d-c86ad7a51e70","Yes"
"facebook","facebook-Romania","1","smmwiz","Romania Traffic from Facebook [LQ]","0.238","0.17","0.06799999999999998","88","88888888","1edf61cd-e42e-4a67-8fe2-7c8c72cb9dc5","No"
"facebook","facebook-Romania","2","smmwiz","Romania Traffic from Facebook","0.56","0.4","0.16000000000000003","500","1000000","5556e9d7-9c4c-4457-aa4b-787f04a1ac7e","No"
"facebook","facebook-Romania","3","jap","Romania Traffic from Facebook","0.6125","0.4375","0.17500000000000004","500","1000000","423d3120-6956-479a-ab1b-957ac9477652","No"
"facebook","facebook-Russia","1","smmwiz","Russia Traffic from Facebook [LQ]","0.238","0.17","0.06799999999999998","88","88888888","cbdf4033-52fd-4e5b-8f85-385cebe2f960","No"
"facebook","facebook-Russia","2","smmwiz","Russia Traffic from Facebook","0.56","0.4","0.16000000000000003","500","1000000","8f45e19b-3bae-461a-800e-96397f7ba74f","No"
"facebook","facebook-Singapore","1","smmwiz","Singapore Traffic from Facebook","0.56","0.4","0.16000000000000003","500","1000000","b5e35355-9b65-4e96-aeb9-f8a6817d6254","No"
"facebook","facebook-Social","1","jap","Social Signals [Facebook] [Max: 500K] [Start Time: 0 - 1 Hour] [Speed: 10K/Day]","1.82","1.3","0.52","1000","500000","cb407f84-a431-4915-8b4e-433a291ba1cd","No"
"facebook","facebook-South","1","smmwiz","South Korea Traffic from Facebook [LQ]","0.238","0.17","0.06799999999999998","88","88888888","633a4c4e-7af9-469a-93ed-87f2b22b9779","No"
"facebook","facebook-South","2","smmwiz","South Korea Traffic from Facebook","0.56","0.4","0.16000000000000003","500","1000000","034933e0-ab9c-4a20-9799-b2021f603f35","No"
"facebook","facebook-South","3","smmwiz","South Africa Traffic from Facebook","0.56","0.4","0.16000000000000003","500","1000000","5a7235ea-bcfb-41e2-a7a9-2abe15c116f9","No"
"facebook","facebook-South","4","smmwiz","South Korea Social Shares from Facebook","1.414","1.01","0.4039999999999999","100","100000","5d37c2b1-aaa6-4c91-80fb-6e9b87d3fedd","No"
"facebook","facebook-Spain","1","smmwiz","Spain Traffic from Facebook [LQ]","0.238","0.17","0.06799999999999998","88","88888888","1094b06a-2235-436e-b602-f9872ed75f5c","No"
"facebook","facebook-Spain","2","smmwiz","Spain Traffic from Facebook","0.56","0.4","0.16000000000000003","500","1000000","7ba225fa-7518-4607-9195-770c5d2539ac","No"
"facebook","facebook-Sweden","1","smmwiz","Sweden Traffic from Facebook","0.77","0.55","0.21999999999999997","1000","1000000","01d17d34-89b5-439e-8651-0c2b7261a1e0","No"
"facebook","facebook-Switzerland","1","smmwiz","Switzerland Traffic from Facebook","0.882","0.63","0.252","1000","1000000","56c3c3fa-08eb-4beb-aaaf-c84e7d6a1978","No"
"facebook","facebook-Taiwan","1","smmwiz","Taiwan Traffic from Facebook","0.238","0.17","0.06799999999999998","88","88888888","28999526-c463-4768-90b0-a1431529ae79","No"
"facebook","facebook-Taiwan","2","smmwiz","Taiwan Traffic from Facebook","0.56","0.4","0.16000000000000003","500","1000000","d7d3a7b6-7403-4e1c-b6af-44fe49eda5e3","No"
"facebook","facebook-Thailand","1","smmwiz","Thailand Traffic from Facebook [LQ]","0.238","0.17","0.06799999999999998","88","88888888","1aeefecd-542a-4710-9349-d1e30f6d9551","No"
"facebook","facebook-Thailand","2","smmwiz","Thailand Traffic from Facebook","0.56","0.4","0.16000000000000003","500","1000000","a7ada8c9-5d58-45ed-ba2b-f7bf9a535ccb","No"
"facebook","facebook-Turkey","1","smmwiz","Turkey Traffic from Facebook [LQ]","0.238","0.17","0.06799999999999998","88","88888888","e9b0ba90-3548-475b-928d-68b83023cd37","No"
"facebook","facebook-UK","1","smmwiz","UK Traffic from Facebook [LQ]","0.238","0.17","0.06799999999999998","88","88888888","1f82e254-6019-4bac-acde-1bcc61810f51","No"
"facebook","facebook-UK","2","smmwiz","UK Traffic from Facebook","0.56","0.4","0.16000000000000003","500","1000000","f878b7b0-5b6e-4dd6-a607-490525bc9f70","No"
"facebook","facebook-Ukraine","1","smmwiz","Ukraine Traffic from Facebook","0.56","0.4","0.16000000000000003","500","1000000","37bffa6d-79cb-40fd-8b0b-ec73c7a21436","No"
"facebook","facebook-USA","1","smmwiz","USA Traffic from Facebook [LQ]","0.238","0.17","0.06799999999999998","88","88888888","3c6d8037-d9ac-4e31-a9c8-0f2d4837196c","No"
"facebook","facebook-USA","2","smmwiz","USA Traffic from Facebook","0.56","0.4","0.16000000000000003","500","1000000","8bc02ff9-0339-4818-a42c-ad02983f5a92","No"
"facebook","facebook-USA","3","smmwiz","USA Social Shares from Facebook","1.106","0.79","0.31600000000000006","100","100000","6c783290-63fe-411a-b2cb-146cbf9f5fc6","No"
"facebook","facebook-Vietnam","1","smmwiz","Vietnam Traffic from Facebook [LQ]","0.238","0.17","0.06799999999999998","88","88888888","efac9087-db5f-49ae-9503-860e1e3f6efd","No"
"facebook","facebook-Vietnam","2","smmwiz","Vietnam Traffic from Facebook","0.56","0.4","0.16000000000000003","500","1000000","2cc966c8-dbd0-403d-8eef-0c7337256081","No"
"facebook","facebook-Views","1","jap","Facebook Reels Views [Max: 100M] [Start Time: 0-1 Hr] [Speed: Up to 5K/D] 💧","0.0088","0.0063","0.0025000000000000005","100","2147483647","819db440-6131-4dbd-b9c9-c0a301107c32","No"
"facebook","facebook-Views","2","jap","Facebook Reels Views [Max: 100M] [Start Time: 0-1 Hr] [Speed: Up to 100K/D] 💧","0.0325","0.0232","0.009300000000000003","500","100000000","66eee63c-f488-4560-9f18-608d7f631890","No"
"facebook","facebook-Views","4","smmwiz","Facebook Video Views [ 3 Sec ] [ 50-100k/day ] 0-1 HRS","0.042","0.03","0.012000000000000004","500","10000000","bbe27f5c-041e-4848-abae-b2179d80cafb","No"
"facebook","facebook-Views","3","smmwiz","Facebook Views [Lifetime Guaranteed] [Millions Daily] [0-1/H Start]","0.042","0.03","0.012000000000000004","100","10000000","9dab9d3e-c6a7-4842-a90e-9bb9044c40cb","No"
"facebook","facebook-Views","5","jap","Facebook All Videos Views [Max: 100M] [Start Time: 0-1 Hr] [Speed: 500K/D] ⛔️💧","0.0438","0.0313","0.012499999999999997","500","10000000","48252fa5-5c31-4ecf-8b8d-d00b10314860","No"
"facebook","facebook-Website","1","jap","Website Traffic From Facebook [WW] [Refill: No] [Max: 1M] [Start Time: 0 - 12 Hours] [Speed: 50K/Day] 💧","0.245","0.175","0.07","88","88888888","c81864d5-e985-4e85-bb7f-1c0d3d1ad073","Yes"
"facebook","facebook-WorldWide","1","smmwiz","Worldwide Traffic from Facebook [LQ]","0.238","0.17","0.06799999999999998","88","88888888","c206f48d-85f5-4239-8c56-5abc8a49405f","No"
"facebook","facebook-WorldWide","2","smmwiz","WorldWide Traffic from Facebook","0.294","0.21","0.08399999999999999","500","1000000","8de951b0-74f7-40f7-bf9e-104f0c484652","No"
"instagram","instagram-","1","smmwiz","935 - Instagram All Link View [100M] [Instant Superfast]","0.07","0.05","0.020000000000000004","100","2147483647","32aaf20e-dfc6-4c92-8b42-f26695a9755c","No"
"instagram","instagram-","2","smmwiz","962 - EMERGENCY - Instagram Video View All Link [100M] [Instant Superfast] 🔥","0.168","0.12","0.048000000000000015","100","2147483647","78f81db2-a05b-45ea-8ebc-19c53036a798","No"
"instagram","instagram-","3","smmwiz","5737 - Instagram Auto Profile Visits [Instant]","0.196","0.14","0.055999999999999994","100","50000000","61732b9f-7f03-4ed3-b2f6-d66ed93276ee","No"
"instagram","instagram-","4","smmwiz","675 - Instagram Like High Quality Non Drop HOUR 10K Speed [Max 20K] ⛔","0.266","0.19","0.07600000000000001","1","10000000","4df2fd22-a7d3-4ec2-9cae-e5233c08c7ec","No"
"instagram","instagram-","5","smmwiz","3348 - Instagram Shares [Instant]","0.462","0.33","0.132","100","1000000","4d70dd70-72c1-4f5d-bee6-17ffb1259bc5","No"
"instagram","instagram-🇧🇷","1","jap","🇧🇷 Instagram REPOST [Max: 100K] [Start Time: 0 -1 Hr] [Speed: Up to 50K/D]💧⛔","13.825","9.875","3.9499999999999993","10","100000","71061696-fe52-414b-932d-e53140857d58","No"
"instagram","instagram-🇧🇷","3","jap","🇧🇷 BR Instagram Growth Package [50] [30 Days]","84","60","24","1","1","e49c2852-997b-47e4-a9bf-73086ca58125","No"
"instagram","instagram-🇧🇷","2","jap","🇧🇷 BR Instagram Growth Package [50] [30 Days]","84","60","24","1","1","16a004be-2464-4a76-82b8-3620d127c3fa","No"
"instagram","instagram-🇧🇷❤️","1","smmwiz","🇧🇷❤️ Brazil Instagram Like HQ 5K (Mobil App)","0.798","0.57","0.2280000000000001","20","5000","63c5d3da-8276-4f36-99ba-9c464f10af81","No"
"instagram","instagram-🇧🇷❤️","2","smmwiz","🇧🇷❤️ Brazil Instagram Like HQ 100K (Mobil App)","0.91","0.65","0.26","20","200000","c5d18ea0-a1bd-42f8-a4d9-515408155a98","No"
"instagram","instagram-🇧🇷❤️","3","smmwiz","🇧🇷❤️ Brazil Instagram Like HQ 100K (Mobil App)♻️( HQ -365 Days Refill)","1.4","1","0.3999999999999999","20","1000000","fd81378f-9462-4f6e-bc9e-3c24ade4bb6a","Yes"
"instagram","instagram-🇧🇷💙Brazil","1","smmwiz","🇧🇷💙Brazil Instagram Like HQ 1K (Mobil App)","0.546","0.39","0.15600000000000003","50","1000","2e4d2546-3afb-47be-a89a-64f33370cdcc","No"
"instagram","instagram-🇧🇷Brazil","1","jap","🇧🇷Brazil Traffic from Instagram [Refill: No] [Max: 1M] [Start Time: 12 Hours] [Speed: 10K/Day]","0.245","0.175","0.07","88","88888888","32fd492c-17bd-4d60-a6ba-4c54421f56c9","Yes"
"instagram","instagram-🇨🇦Canada","1","jap","🇨🇦Canada Traffic from Instagram [No Refill] [Max: 1M] [Start Time: 12 Hours] [Speed: 10K/Day]","0.6125","0.4375","0.17500000000000004","500","1000000","87772672-f9e2-4236-bb3d-9dffb270ef79","Yes"
"instagram","instagram-🇨🇿Czech","1","jap","🇨🇿Czech Republic Traffic from Instagram [No Refill] [Max: 1M] [Start Time: 12 Hours] [Speed: 10K/Day]","0.6125","0.4375","0.17500000000000004","500","1000000","de40ed1f-64b3-4023-86cd-3a614605a601","Yes"
"instagram","instagram-🇩🇪Germany","1","jap","🇩🇪Germany Traffic from Instagram [No Refill] [Max: 1M] [Start Time: 12 Hours] [Speed: 10K/Day]","0.245","0.175","0.07","88","88888888","6a4cb843-1fe4-432b-b555-1a2793dbf78a","Yes"
"instagram","instagram-🇪🇬","1","smmwiz","🇪🇬 💙Egyptian Instagram Like HQ 1K","1.092","0.78","0.31200000000000006","50","1000","ac881873-7e3c-480d-aae0-2e93ef782ede","No"
"instagram","instagram-🇪🇬❤️","1","smmwiz","🇪🇬❤️ Egyptian Instagram Like HQ 5K","1.344","0.96","0.3840000000000001","50","5000","5470498d-1c00-4127-a2e5-5d3c889641d4","No"
"instagram","instagram-🇪🇬❤️","2","smmwiz","🇪🇬❤️ Egyptian Instagram Like HQ 100K","1.512","1.08","0.43199999999999994","50","100000","8a693653-842e-4199-af24-97dbbcc6d636","No"
"instagram","instagram-🇪🇬❤️","3","smmwiz","🇪🇬❤️ Egyptian Instagram Like HQ 1M♻️( HQ -365 Days Refill)","1.68","1.2","0.48","50","1000000","296665a4-6fc3-4bd2-9f2b-9fb25c2c127c","Yes"
"instagram","instagram-🇪🇸","1","jap","🇪🇸 Instagram REPOST [Max: 100K] [Start Time: 0 -1 Hr] [Speed: Up to 50K/D]💧⛔","13.825","9.875","3.9499999999999993","10","100000","425c38d9-7e17-4121-bcbd-0a7b9df8bfd8","No"
"instagram","instagram-🇪🇸Spain","1","jap","🇪🇸Spain Traffic from Instagram [No Refill] [Max: 1M] [Start Time: 12 Hours] [Speed: 10K/Day]","0.6125","0.4375","0.17500000000000004","500","1000000","240e2406-b9c1-49c1-8202-29063cfc844e","Yes"
"instagram","instagram-🇪🇺🇺🇸","2","smmwiz","🇪🇺🇺🇸 Instagram EU-USA Female Like | 90 Days Refill♻️ | %100 EU-USA Users 🇪🇺🇺🇸 | 5K Per Hour","2.184","1.56","0.6240000000000001","20","100000","2f71323a-4fd2-4ca6-a00b-3f6e9477cf30","Yes"
"instagram","instagram-🇪🇺🇺🇸","1","smmwiz","🇪🇺🇺🇸 Instagram EU-USA Like | 90 Days Refill♻️ | %100 EU-USA Users 🇪🇺🇺🇸 | 5K Per Hour","2.184","1.56","0.6240000000000001","20","100000","a1260051-e5d8-48bf-afb1-cf34e429cfca","Yes"
"instagram","instagram-🇪🇺🇺🇸","3","smmwiz","🇪🇺🇺🇸 Instagram EU-USA Male Like | 90 Days Refill♻️ | %100 EU-USA Users 🇪🇺🇺🇸 | 5K Per Hour","2.184","1.56","0.6240000000000001","20","100000","70c52d45-1741-4ad5-9c62-1b17ff4ef399","Yes"
"instagram","instagram-🇫🇷France","1","jap","🇫🇷France Traffic from Instagram [No Refill] [Max: 1M] [Start Time: 12 Hours] [Speed: 10K/Day]","0.35","0.25","0.09999999999999998","100","1000000","44ee0ca3-8344-4078-a4be-d8bd92397e04","Yes"
"instagram","instagram-🇬🇧","1","jap","🇬🇧 Instagram REPOST [Max: 100K] [Start Time: 0 -1 Hr] [Speed: Up to 50K/D]💧⛔","13.825","9.875","3.9499999999999993","10","100000","e5a456e2-b5ee-4744-bc34-dc0bb237b5bb","No"
"instagram","instagram-🇬🇧UK","1","jap","🇬🇧UK Traffic from Instagram [Refill: No] [Max: 1M] [Start Time: 12 Hours] [Speed: 10K/Day] 💧","0.245","0.175","0.07","88","88888888","8ec388bd-ee48-4f66-a0bb-e6001ff02259","Yes"
"instagram","instagram-🇮🇩Indonesia","1","jap","🇮🇩Indonesia Traffic from Instagram [Refill: No] [Max: 1M] [Start Time: 12 Hours] [Speed: 10K/Day]","0.35","0.25","0.09999999999999998","100","1000000","377f752e-80dc-41e3-bc51-019ff6f6a450","Yes"
"instagram","instagram-🇮🇳India","1","jap","🇮🇳India Traffic from Instagram [Refill: No] [Max: 1M] [Start Time: 12 Hours] [Speed: 10K/Day]","0.245","0.175","0.07","88","88888888","505bc413-4a27-436e-9fb1-40f3e19897b7","Yes"
"instagram","instagram-🇮🇹Italy","1","jap","🇮🇹Italy Traffic from Instagram [No Refill] [Max: 1M] [Start Time: 12 Hours] [Speed: 10K/Day]","0.665","0.475","0.19000000000000006","500","1000000","1fc36ab0-8d58-4501-b4c0-c6ecc0dd3b82","Yes"
"instagram","instagram-🇯🇵Japan","1","jap","🇯🇵Japan Traffic from Instagram [Refill: No] [Max: 1M] [Start Time: 12 Hours] [Speed: 10K/Day]","0.6125","0.4375","0.17500000000000004","500","1000000","6ff913e1-abc5-42ca-baa0-e6f4fa8f2979","Yes"
"instagram","instagram-🇰🇷","1","jap","🇰🇷 South Korea Instagram Growth Package [50] [30 Days]","84","60","24","1","1","d86527e7-199a-4d3d-9261-86de587ea3f2","No"
"instagram","instagram-🇰🇷","2","jap","🇰🇷 South Korea Instagram Growth Package [50] [30 Days]","84","60","24","1","1","f507cdc2-8342-48e3-bc3a-008dea47d134","No"
"instagram","instagram-🇰🇷South","1","jap","🇰🇷South Korea Traffic from Instagram [Refill: No] [Max: 1M] [Start Time: 12 Hours] [Speed: 10K/Day]","0.245","0.175","0.07","88","88888888","eabb5360-0d8c-4d28-a56d-4c838e4c03c2","Yes"
"instagram","instagram-🇲🇽Mexico","1","jap","🇲🇽Mexico Traffic from Instagram [No Refill] [Max: 1M] [Start Time: 12 Hours] [Speed: 10K/Day]","0.6125","0.4375","0.17500000000000004","500","1000000","11922aef-7b87-41fe-beab-26f43f51824e","Yes"
"instagram","instagram-🇳🇱Netherlands","1","jap","🇳🇱Netherlands Traffic from Instagram [No Refill] [Max: 1M] [Start Time: 12 Hours] [Speed: 10K/Day]","0.6125","0.4375","0.17500000000000004","500","1000000","15dc6f5a-2262-42fb-9a2c-947deec6bca1","Yes"
"instagram","instagram-🇵🇱Poland","1","jap","🇵🇱Poland Traffic from  Instagram [No Refill] [Max: 1M] [Start Time: 12 Hours] [Speed: 10K/Day]","0.6125","0.4375","0.17500000000000004","500","1000000","e30ed0e1-4bca-4021-8b75-7b228f4a5011","Yes"
"instagram","instagram-🇷🇺Instagram","2","jap","🇷🇺Instagram Comment [POSITIVE RANDOM RUSSIAN] [NON-DROP] [Refill: 30 Days] [Max: 150К] [Start Time: 1 Hour] [Speed: 300/Day]⚡⭐💧♻️","15.75","11.25","4.5","10","200000","2c9fe78e-6ea5-4efe-91cd-5dcc0584ab45","Yes"
"instagram","instagram-🇷🇺Instagram","3","jap","🇷🇺Instagram Comment [NEUTRAL RUSSIAN] [NON-DROP] [Refill: 30 Days] [Max: 150К] [Start Time: 1 Hour] [Speed: 300/Day]⚡⭐💧♻️","15.75","11.25","4.5","10","200000","2968a174-d80d-47d4-a8a0-120c1e8e7183","Yes"
"instagram","instagram-🇷🇺Instagram","1","jap","🇷🇺Instagram Comment [RANDOM RUSSIAN] [NON-DROP] [Refill: 30 Days] [Max: 150К] [Start Time: 1 Hour] [Speed: 300/Day]⚡⭐💧♻️","15.75","11.25","4.5","10","200000","b0b6c92b-6971-4f87-a0ec-f8e0605b85f4","Yes"
"instagram","instagram-🇷🇺Russia","1","jap","🇷🇺Russia Traffic from Instagram [No Refill] [Max: 1M] [Start Time: 12 Hours] [Speed: 10K/Day]","0.6125","0.4375","0.17500000000000004","500","1000000","19cb488d-585d-4c0d-aa4b-1640cf45a1e8","Yes"
"instagram","instagram-🇸🇦","2","jap","🇸🇦 Arab Instagram Growth Package [100] [30 Days]","134.4","96","38.400000000000006","1","1","1ca5a67b-03e7-43bc-8d67-af3a4341787e","No"
"instagram","instagram-🇸🇦","1","jap","🇸🇦 Arab Instagram Growth Package [50] [30 Days]","84","60","24","1","1","eb65e3b0-c575-4e43-92bc-7f83a18d7172","No"
"instagram","instagram-🇸🇬Singapore","1","jap","🇸🇬Singapore Traffic from Instagram [No Refill] [Max: 1M] [Start Time: 12 Hours] [Speed: 10K/Day]","0.6125","0.4375","0.17500000000000004","500","1000000","dc8b249c-66cb-4d35-aad9-f4ea8928b35a","Yes"
"instagram","instagram-🇹🇭Thailand","1","jap","🇹🇭Thailand Traffic from Instagram [No Refill] [Max: 1M] [Start Time: 12 Hours] [Speed: 10K/Day]","0.6125","0.4375","0.17500000000000004","500","1000000","8e2c0bea-3e47-473c-86d3-ca1993f07d55","Yes"
"instagram","instagram-🇹🇷Turkey","1","jap","🇹🇷Turkey Traffic from Instagram [No Refill] [Max: 1M] [Start Time: 12 Hours] [Speed: 10K/Day]","0.6125","0.4375","0.17500000000000004","500","1000000","5147f16d-8b35-4eb1-90fe-2ed707eb46b1","Yes"
"instagram","instagram-🇹🇼Taiwan","1","jap","🇹🇼Taiwan Traffic from Instagram [No Refill] [Max: 1M] [Start Time: 12 Hours] [Speed: 10K/Day]","0.6125","0.4375","0.17500000000000004","500","1000000","9725f099-d265-4d98-a91f-ec5f0bdbc004","Yes"
"instagram","instagram-🇺🇦Ukraine","1","jap","🇺🇦Ukraine Traffic from Instagram [No Refill] [Max: 1M] [Start Time: 12 Hours] [Speed: 10K/Day]","0.6125","0.4375","0.17500000000000004","500","1000000","8df22458-4da7-4baf-81b2-d21c104df559","Yes"
"instagram","instagram-🇺🇸","3","jap","🇺🇸 / 🇬🇧 USA - UK Instagram Growth Package [50] [30 Days]","100.8","72","28.799999999999997","1","1","a18ee13a-cf24-4687-b8b5-1db7c336d1ff","No"
"instagram","instagram-🇺🇸","2","jap","🇺🇸 Instagram REPOST [Max: 100K] [Start Time: 0 -1 Hr] [Speed: Up to 50K/D]💧⛔","13.825","9.875","3.9499999999999993","10","100000","f81bc313-293f-49db-b31f-e07f2b1bbd85","No"
"instagram","instagram-🇺🇸","1","jap","🇺🇸 Instagram Auto REPOST [Max: 100K] [Start Time: 0 -1 Hr] [Speed: Up to 50K/D]💧⛔","13.825","9.875","3.9499999999999993","10","100000","2ae89361-7f0d-451a-af6e-586dc432a90b","No"
"instagram","instagram-🇺🇸","4","jap","🇺🇸 / 🇬🇧 USA - UK Instagram Growth Package [100] [30 Days]","142.8","102","40.80000000000001","1","1","44877333-9108-4753-b1ae-ef6f8a3bbbce","No"
"instagram","instagram-🇺🇸Instagram","1","jap","🇺🇸Instagram Subscription [USA] [15 Days] [100 Followers] [100 Likes/Comments/Views/Saves on Each Post] [Start Time: Instant] [Speed: 100/Day - 15 Days]","51.87","37.05","14.82","1","1","f0225e8e-e422-4610-b799-174a67eeb675","No"
"instagram","instagram-🇺🇸Instagram","2","smmwiz","🇺🇸Instagram Subscription [USA] [15 Days] [100 Followers] [100 Likes/Comments/Views/Saves on Each Post] [Start Time: Instant] [Speed: 100/Day - 15 Days]","58.1","41.5","16.6","1","1","405ca1f7-58a5-49ff-a3b9-ff850d41de71","No"
"instagram","instagram-🇺🇸USA","1","jap","🇺🇸USA Traffic from Instagram [Refill: No] [Max: 1M] [Start Time: 0 - 12 Hours] [Speed: 10K/Day] 💧","0.245","0.175","0.07","88","88888888","77f3690b-5cfe-4ceb-a246-be7d8fb339cd","Yes"
"instagram","instagram-🇻🇳Vietnam","1","jap","🇻🇳Vietnam Traffic from Instagram [No Refill] [Max: 1M] [Start Time: 12 Hours] [Speed: 10K/Day]","0.6125","0.4375","0.17500000000000004","500","1000000","ef9294bd-39d4-4762-b666-2c8ed671c50d","Yes"
"instagram","instagram-🌎","4","jap","🌎 WW Instagram Growth Package [100] [30 Days]","126","90","36","1","1","43768626-1cda-4496-8e97-5cef3aaad389","No"
"instagram","instagram-🌎","5","jap","🌎 WW Instagram Growth Package [200] [30 Days]","201.6","144","57.599999999999994","1","1","635c8203-e2e4-4b73-999c-2480c69e6b01","No"
"instagram","instagram-🌎","1","jap","🌎 WW Instagram Growth Package [50] [30 Days]","84","60","24","1","1","537652a5-7463-4801-9459-19472375277c","No"
"instagram","instagram-🌎","2","jap","🌎 WW Instagram Growth Package [50] [30 Days]","84","60","24","1","1","c2f18598-9b06-4b39-b26c-2196875d721e","No"
"instagram","instagram-🌎","3","smmwiz","🌎 WW Instagram Growth Package [50] [30 Days]","94.08","67.2","26.879999999999995","1","1","6d9b2a83-3747-40f8-b742-65e5dd1778cf","No"
"instagram","instagram-💙🇮🇶","1","smmwiz","💙🇮🇶 IRAQ Mix Instagram Like HQ 1K (Mobil App)","1.218","0.87","0.348","50","1000","77a12855-1e75-4590-8e32-8d86009a6eed","No"
"instagram","instagram-💙🇮🇶","2","smmwiz","💙🇮🇶 IRAQ Mix Instagram Like HQ 5K (Mobil App)","1.386","0.99","0.3959999999999999","20","5000","d0cd92e4-9c0f-4a0e-b4d1-3f6d8bce880d","No"
"instagram","instagram-💙🇮🇶","3","smmwiz","💙🇮🇶 IRAQ Mix Instagram Like HQ 100K (Mobil App)","1.568","1.12","0.44799999999999995","20","100000","acc0c0b0-f456-48f6-a0e4-4e008a86dbfd","No"
"instagram","instagram-💙🇮🇶","4","smmwiz","💙🇮🇶 IRAQ Mix Instagram Like HQ 100k (Mobil App) (Mobil App)♻️( HQ -365 Days Refill)","1.736","1.24","0.496","20","1000000","ae96adad-72c7-4bc2-8c96-5bc257e19ac6","Yes"
"instagram","instagram-💙Pakistan","1","smmwiz","💙Pakistan Mix Instagram Like HQ 1K (Mobil App)","0.686","0.49","0.19600000000000006","50","1000","1ce8e2f7-c9d6-48c6-918c-4e2bf4d44286","No"
"instagram","instagram-💙Pakistan","2","smmwiz","💙Pakistan Mix Instagram Like HQ 5K (Mobil App)","0.728","0.52","0.20799999999999996","20","5000","056b4e1c-6918-4b20-89f1-710a8f574466","No"
"instagram","instagram-💙Pakistan","3","smmwiz","💙Pakistan Instagram Like HQ 100K (Mobil App)","0.868","0.62","0.248","20","100000","4eacb8f5-042f-4acf-813b-92118a608aeb","No"
"instagram","instagram-💙Pakistan","4","smmwiz","💙Pakistan Instagram Like HQ 100k (Mobil App) (Mobil App)♻️( HQ -365 Days Refill)","1.526","1.09","0.43599999999999994","20","1000000","5bfc5e16-bf31-47bc-9344-ca7169115009","Yes"
"instagram","instagram-Advanced","1","jap","Advanced Pack [65-72 Comments + 18-20 Followers + 120-130 Post Likes] [Start Time: 2 Hours] [Speed: 24 Hours Delivery]","46.2","33","13.200000000000003","1000","1000","36fe64da-1066-46a6-9198-5865ecaa0f9f","No"
"instagram","instagram-Allinone","1","smmwiz","All-in-one Instagram (without Reels)","38.64","27.6","11.04","50","5000","0da52ad6-a068-44fc-854b-efb4bb7db195","No"
"instagram","instagram-Allinone","2","smmwiz","All-in-one Instagram (with Reels)","62.16","44.4","17.759999999999998","50","5000","2b652086-34c0-43fc-a7a6-b963019c3c5a","No"
"instagram","instagram-Argentina","1","smmwiz","Argentina Traffic from Instagram","0.56","0.4","0.16000000000000003","500","1000000","b8bd7e73-9a8a-4e9b-ad52-261f16d8d562","No"
"instagram","instagram-Australia","1","smmwiz","Australia Traffic from Instagram","0.56","0.4","0.16000000000000003","500","1000000","e2db5f3c-9b27-46a2-94aa-5a8e4f2039ae","No"
"instagram","instagram-Auto","1","smmwiz","Auto 12322","0.644","0.46","0.184","20","10000","43990328-1c6a-4589-b09c-9eda7505ffb9","No"
"instagram","instagram-Auto","2","smmwiz","Auto Version id 3667","1.694","1.21","0.484","10","5000","819fdf96-e23e-496a-99b9-0dd879555c93","No"
"instagram","instagram-Auto","3","smmwiz","Auto 3202","108.514","77.51","31.00399999999999","10","100","6b9b8e6b-260f-4351-bc0a-e809b3869ceb","No"
"instagram","instagram-Bangladesh","1","smmwiz","Bangladesh Traffic from Instagram","0.56","0.4","0.16000000000000003","500","1000000","daee94ad-aee0-4b27-9178-3240fca6f152","No"
"instagram","instagram-Brazil","1","smmwiz","Brazil Traffic from Instagram [LQ]","0.238","0.17","0.06799999999999998","88","88888888","4b3d60f8-e65a-4395-bdae-ad1719039bbb","No"
"instagram","instagram-Brazil","2","smmwiz","Brazil Traffic from Instagram","0.56","0.4","0.16000000000000003","500","1000000","ad0fefeb-028a-4efc-b620-5845de0678f7","No"
"instagram","instagram-Canada","1","smmwiz","Canada Traffic from Instagram [LQ]","0.238","0.17","0.06799999999999998","88","88888888","687d10e9-f467-4fc5-a68c-340581227695","No"
"instagram","instagram-Canada","2","smmwiz","Canada Traffic from Instagram","0.56","0.4","0.16000000000000003","500","1000000","8615e432-03c4-43c9-8dd4-a50ab4c4bab8","No"
"instagram","instagram-Colombia","1","smmwiz","Colombia Traffic from Instagram","0.56","0.4","0.16000000000000003","500","1000000","e3f97d7d-903a-418a-a71b-294705a0e331","No"
"instagram","instagram-Comments","1","smmwiz","Instagram Comments | 3 Comments | MQ | Random | Emojis | Fast","0.126","0.09","0.036000000000000004","1000","1000","ffe5e007-22de-4cd7-b60b-e71605f53962","No"
"instagram","instagram-Comments","3","smmwiz","Instagram Comments | 5 Comments | MQ | Random | Emojis | Fast","0.21","0.15","0.06","1000","1000","6f638ebd-5d12-48e1-84d7-931f81d6885b","No"
"instagram","instagram-Comments","2","smmwiz","Instagram Random Comments - [ You Will Receive 5 Comments From 10k-50k+ Followers Accounts ] [ 1-12 Hrs Complete Time ]","0.21","0.15","0.06","1000","1000","4bb21b1d-9371-44c0-842b-acb566f25e19","No"
"instagram","instagram-Comments","4","smmwiz","Instagram Comments | 7 Comments | MQ | Random | Emojis | Fast","0.294","0.21","0.08399999999999999","1000","1000","7c78edc9-40cd-423c-a7ba-758fffeef612","No"
"instagram","instagram-Comments","5","smmwiz","Instagram Comments | 10 Comments | MQ | Random | Emojis | Fast","0.42","0.3","0.12","1000","1000","dcf00c8c-19d4-4c75-8e76-38a8f1485058","No"
"instagram","instagram-Czech","1","smmwiz","Czech Republic Traffic from Instagram [LQ]","0.238","0.17","0.06799999999999998","88","88888888","77aa368b-4515-492b-ad7a-e3c63f983147","No"
"instagram","instagram-Czech","2","smmwiz","Czech Republic Traffic from Instagram","0.56","0.4","0.16000000000000003","500","1000000","45d0301a-69ab-476e-9003-2b75859f6ed2","No"
"instagram","instagram-Egypt","1","smmwiz","Egypt Traffic from Instagram","0.56","0.4","0.16000000000000003","500","1000000","394ccad1-48e0-4df2-8fe9-3d890c9e8d55","No"
"instagram","instagram-Egypt","2","jap","Egypt Traffic from Instagram","0.665","0.475","0.19000000000000006","500","1000000","2f1c4732-a5ad-4610-a0f4-bef91137b07a","No"
"instagram","instagram-Engagement","1","smmwiz","Instagram Shares + Engagement","0.112","0.08","0.032","100","10000000","a26e400a-4e7d-4de9-9cd9-6304c716fda8","No"
"instagram","instagram-Engagement","3","smmwiz","Instagram Shares + Engagement + Reach - [ FASTEST ] SUPER INSTANT","0.14","0.1","0.04000000000000001","10","1000000","470d7d86-a573-454f-8f51-c735a2e731b9","No"
"instagram","instagram-Engagement","2","smmwiz","Instagram Shares with Engagement","0.14","0.1","0.04000000000000001","10","1000000","e7206102-d3a5-4c6c-b3ac-5367150491dd","No"
"instagram","instagram-Engagement","4","smmwiz","📊  Instagram - Shares with Engagement and Reach | HQ | Cancel Enable | Instant Start","0.182","0.13","0.05199999999999999","10","10000000","2b0c0980-248a-4834-8628-f7f6ec14f0cd","No"
"instagram","instagram-Engagement","5","jap","Instagram Engagement + Shares [Max: 100K] [Start Time: INSTANT] [Speed: 100k/Hr]","0.595","0.425","0.16999999999999998","100","100000","a53667b1-90ed-4162-802c-803b73975175","No"
"instagram","instagram-Finland","1","smmwiz","Finland Traffic from Instagram","0.56","0.4","0.16000000000000003","500","1000000","231049d2-6001-4c9c-b14d-8c6da8994f25","No"
"instagram","instagram-Followers","1","smmwiz","Instagram Followers [All Flag Types] [High Quality + Real] [Low Drop] [20-50K/D] [0-1/H]","0.378","0.27","0.10799999999999998","100","100000","50d986aa-2846-452d-aee2-fa8e3e2c4d41","No"
"instagram","instagram-Followers","2","smmwiz","Instagram Followers [Mixed] [10K/D] [0-1/H]","0.406","0.29","0.11600000000000005","100","100000","f003cd22-2f66-4cad-958e-cc17e394965e","No"
"instagram","instagram-Followers","3","smmwiz","Instagram Indian Followers [Cancel Enabled] [10K/D] [Instant]","0.658","0.47","0.18800000000000006","20","10000","850ded7b-1369-4768-bd9a-02d1787bce6b","No"
"instagram","instagram-Followers","4","jap","Instagram Followers [HQ] [Max: 10K] [Start Time: 0 - 2 Hrs] [Speed: 10K/D] 💧","0.6825","0.4875","0.195","20","10000","22954f65-ac54-4795-82cf-e33bfbe09887","No"
"instagram","instagram-Followers","5","smmwiz","Instagram Followers [Real + High Quality] [Low Drop] [High Speed] [50-100K/D] [0-1/H]","0.756","0.54","0.21599999999999997","10","100000","76ca3acf-e965-4863-9c23-b4fc082a95b9","No"
"instagram","instagram-France","1","smmwiz","France Traffic from Instagram [LQ]","0.238","0.17","0.06799999999999998","88","88888888","f7f44d0d-75a8-4331-aae9-b74853e459b7","No"
"instagram","instagram-France","2","smmwiz","France Traffic from Instagram","0.56","0.4","0.16000000000000003","500","1000000","e5c8441c-e65d-4e03-ab64-2174d7f7e180","No"
"instagram","instagram-Germany","1","smmwiz","Germany Traffic from Instagram [LQ]","0.238","0.17","0.06799999999999998","88","88888888","6427783c-25df-4294-bd54-0cd219db434b","No"
"instagram","instagram-Germany","2","smmwiz","Germany Traffic from Instagram","0.56","0.4","0.16000000000000003","500","1000000","47e952b5-8abe-4cd6-bb9e-7e6702312e03","No"
"instagram","instagram-Hong","1","smmwiz","Hong Kong Traffic from Instagram","0.56","0.4","0.16000000000000003","500","1000000","bf106067-cc1e-499b-af9d-84bcb7d0b6c8","No"
"instagram","instagram-Impressions","1","jap","Instagram Reel Impressions + Reach + Profile Visits [Max: 25K]","0.0059","0.0042","0.0017000000000000001","100","30000000","f4f64c0e-bc57-45b7-a3bc-4b5a426a505b","No"
"instagram","instagram-Impressions","2","jap","Instagram Impressions [Max: 500K] [Start Time: 0 - 1 Hr] [Speed: 50K/D]","0.0272","0.0194","0.007799999999999998","10","1000000","7a4e3758-e045-4304-bedc-11419f9d6f14","No"
"instagram","instagram-Impressions","3","jap","Instagram Impressions + Reach [Max: 500K] [Start Time: 0 - 1 Hr] [Speed: 50K/D]","0.0333","0.0238","0.009500000000000001","10","500000","f2152757-ccc8-4988-8e9a-a72f76d5b99e","No"
"instagram","instagram-Impressions","4","jap","Instagram Auto Impressions + Reach [Max: 500K] [Start Time: 0 - 1 Hr] [Speed: 50K/D]","0.0349","0.0249","0.010000000000000002","10","1000000","6905a5b5-457c-468d-a4df-30789aa2621b","No"
"instagram","instagram-Impressions","5","smmwiz","Instagram Impressions","0.042","0.03","0.012000000000000004","100","1000000","b05a50e7-9632-4b2a-9d9b-6500d48c9658","No"
"instagram","instagram-India","1","smmwiz","India Traffic from Instagram [LQ]","0.238","0.17","0.06799999999999998","88","88888888","f9de2860-d794-4a9f-bc20-ce4796eb2a1b","No"
"instagram","instagram-India","2","smmwiz","India Traffic from Instagram","0.56","0.4","0.16000000000000003","500","1000000","bcd860c8-7bb4-4e10-9860-da4c0717f0f2","No"
"instagram","instagram-Indonesia","1","smmwiz","Indonesia Traffic from Instagram","0.56","0.4","0.16000000000000003","500","1000000","e3f6fd2e-b9c9-4831-930f-364f4cd1e1a4","No"
"instagram","instagram-Influencer","1","jap","Influencer Pack [45-52 Comments + 15-18 Followers + 80-90 Post Likes] [Start Time: 2 Hours] [Speed: 24 Hours Delivery]","34.755","24.825","9.930000000000003","1000","1000","04a7e753-e6a6-41d5-80f0-78676baf21fb","No"
"instagram","instagram-Instagram","1","smmwiz","Instagram Shares - [ FASTEST ] SUPER INSTANT","0.014","0.01","0.004","100","1000000","d14af168-3d02-4e48-8aaa-ff89ce599117","No"
"instagram","instagram-Instagram","3","jap","Instagram Shares [Max: 1M] [Start Time: 0 -1 Hr] [Speed: 100K/D]💧⛔","0.0175","0.0125","0.005000000000000001","10","1000000","56a3ea1d-1944-415a-9500-8377fba0e5f4","No"
"instagram","instagram-Instagram","2","jap","Instagram Auto Shares [Max: 50K] [Start Time: 0 -1 Hr] [Speed: 20K/D]","0.0175","0.0125","0.005000000000000001","10","5000000","1cf63831-d32f-4c07-9d20-9368f3ad9af0","No"
"instagram","instagram-Instagram","4","smmwiz","Instagram Shares [Super Cheap] [Instant]","0.028","0.02","0.008","100","10000000","d36bb38c-86fc-44d0-bc92-14cc9f0d5dfd","No"
"instagram","instagram-Instagram","5","smmwiz","Instagram Shares","0.028","0.02","0.008","100","10000000","3af8b702-4724-4275-9fbe-b67254a41cbd","No"
"instagram","instagram-Iran","1","smmwiz","Iran Traffic from Instagram","0.56","0.4","0.16000000000000003","500","1000000","5aa82326-4071-42b5-9c59-7ef8f18772cd","No"
"instagram","instagram-Ireland","1","smmwiz","Ireland Traffic from Instagram","0.56","0.4","0.16000000000000003","500","1000000","5dda74f8-b173-4b5b-8c17-a1f05f75a04b","No"
"instagram","instagram-Israel","1","smmwiz","Israel Traffic from Instagram","0.56","0.4","0.16000000000000003","500","1000000","93cd1c29-702a-4f0d-8c0e-8f15863b62e2","No"
"instagram","instagram-Italy","1","smmwiz","Italy Traffic from Instagram [LQ]","0.238","0.17","0.06799999999999998","88","88888888","f5739ee9-3ed0-4f0d-86cc-356aadbe86e6","No"
"instagram","instagram-Italy","2","smmwiz","Italy Traffic from Instagram","0.56","0.4","0.16000000000000003","500","1000000","f38ddbeb-96ac-40b1-a165-caabbd482dcf","No"
"instagram","instagram-Japan","1","smmwiz","Japan Traffic from Instagram [LQ]","0.238","0.17","0.06799999999999998","88","88888888","c5d57e90-55d7-48cf-8338-d54946018051","No"
"instagram","instagram-Japan","2","smmwiz","Japan Traffic from Instagram","0.56","0.4","0.16000000000000003","500","1000000","8213cf37-4e1b-4886-85aa-ab6273ce6346","No"
"instagram","instagram-Likes","1","smmwiz","Instagram Likes - [ SUPERFAST, 500k/day ] [ Max - 500k ] INSTANT","0.056","0.04","0.016","10","500000","37d08130-0814-49e7-b07e-40f52f92b91f","No"
"instagram","instagram-Likes","2","jap","Instagram Likes [Max: 10M] [Start Time: 0-3 Hrs] [Speed: 300K/D] 💧","0.0578","0.0413","0.016499999999999994","1","10000000","887df900-fcd4-487e-8485-cbeadbe89e31","No"
"instagram","instagram-Likes","3","smmwiz","Instagram Likes [Real] [No Drop] [Cancel Enabled] [10K/D] [0-10/M]","0.084","0.06","0.024000000000000007","1","1000000","b5760f05-0cac-4456-aaec-6fb8d2a18ec3","No"
"instagram","instagram-Likes","4","jap","Instagram Likes [NON DROP] [Max: 8K] [Start Time: 0-1 Hour] [Speed: 8K/Day] 💧🔥🔥","0.0854","0.061","0.024400000000000005","10","3000000","0b7779a5-c91c-41e3-9b54-e6d724913825","No"
"instagram","instagram-Likes","5","jap","Instagram Auto Likes [Max: 300K] [Start Time: 0-1 Hr] [Speed: 5K/Day] 🔥","0.0916","0.0654","0.0262","1","1000000","ed9ae812-1251-4b76-be4c-8a6645693b1e","No"
"instagram","instagram-Mexico","1","smmwiz","Mexico Traffic from Instagram","0.56","0.4","0.16000000000000003","500","1000000","43fed676-c1dd-412a-8a87-331aed95971b","No"
"instagram","instagram-Micro","1","jap","Micro Pack [30-35 Comments + 11-13 Followers + 55-65 Post Likes] [Start Time: 2 Hours] [Speed: 24 Hours Delivery]","24.407","17.4336","6.973400000000002","1000","1000","a9acf801-c72e-43af-a31d-bf41e30c1858","No"
"instagram","instagram-Moldova","1","smmwiz","Moldova Traffic from Instagram","0.77","0.55","0.21999999999999997","1000","1000000","3d9f3e00-df62-4bb3-a3c8-8c0a80485908","No"
"instagram","instagram-Month","2","jap","1-Month Backlink [Dofollow] [In Website&amp;#039;s Entire Pages] [Instagram-Telegram-YouTube-Facebook-Twitter][Speed 2-7 Days] - Level 2","14","10","4","1","1","29eb84be-06cd-4d2d-9e20-72887fa44a84","No"
"instagram","instagram-Month","3","jap","1-Month Backlink [Dofollow] [In Website&amp;#039;s Entire Pages] [Instagram-Telegram-YouTube-Facebook-Twitter][Speed 2-7 Days] - Level 3","21","15","6","1","1","825cd3a6-73f2-4125-9ad2-84e42312c869","No"
"instagram","instagram-Month","1","jap","1-Month Backlink [Dofollow] [In Website&amp;#039;s Entire Pages] [Instagram-Telegram-YouTube-Facebook-Twitter] [Speed 2-7 Days] - Level 1","7","5","2","1","1","363bfe17-8e1e-40f4-83de-703ad00aed86","No"
"instagram","instagram-Months","1","jap","3-Months Backlink [Dofollow] [In Website&amp;#039;s Entire Pages] [Instagram-Telegram-YouTube-Facebook-Twitter][Speed 2-7 Days] - Level 1","18.9","13.5","5.399999999999999","1","1","f224c879-40ce-402d-b04d-7af2281dbacd","No"
"instagram","instagram-Months","2","jap","6-Months Backlink [Dofollow] [In Website&amp;#039;s Entire Pages] [Instagram-Telegram-YouTube-Facebook-Twitter][Speed 2-7 Days] - Level 1","33.6","24","9.600000000000001","1","1","15e78b1f-8a94-4918-a810-e79ba208aa5d","No"
"instagram","instagram-Months","3","jap","3-Months Backlink [Dofollow] [In Website&amp;#039;s Entire Pages] [Instagram-Telegram-YouTube-Facebook-Twitter][Speed 2-7 Days] - Level 2","37.8","27","10.799999999999997","1","1","a2853f30-d7ec-41f0-92b1-0907ea785f20","No"
"instagram","instagram-Months","4","jap","3-Months Backlink [Dofollow] [In Website&amp;#039;s Entire Pages] [Instagram-Telegram-YouTube-Facebook-Twitter][Speed 2-7 Days] - Level 3","56.7","40.5","16.200000000000003","1","1","cb39b5aa-2233-4ace-be06-9d7f4b86df69","No"
"instagram","instagram-Months","5","jap","6-Months Backlink [Dofollow] [In Website&amp;#039;s Entire Pages] [Instagram-Telegram-YouTube-Facebook-Twitter][Speed 2-7 Days] - Level 2","67.2","48","19.200000000000003","1","1","b88bb79d-7516-446b-9ef9-7fcc4d9a195e","No"
"instagram","instagram-Netherlands","1","smmwiz","Netherlands Traffic from Instagram [LQ]","0.238","0.17","0.06799999999999998","88","88888888","3f78e62c-a9a5-4e2e-9121-bc288642dfc4","No"
"instagram","instagram-Netherlands","2","smmwiz","Netherlands Traffic from Instagram","0.56","0.4","0.16000000000000003","500","1000000","e45cdfd3-9e08-4f9c-b6aa-46bd332dc0ce","No"
"instagram","instagram-Pakistan","1","smmwiz","Pakistan Traffic from Instagram [LQ]","0.238","0.17","0.06799999999999998","88","88888888","8f68ac8a-0f24-4f1d-809e-30aeffce12f7","No"
"instagram","instagram-Pakistan","2","smmwiz","Pakistan İnstagram View + [UserAgent {IP]","0.322","0.23","0.092","100","500000","12c8dcb8-3486-4694-9427-d612b5117515","No"
"instagram","instagram-Pakistan","3","smmwiz","Pakistan Traffic from Instagram","0.56","0.4","0.16000000000000003","500","1000000","c96b47d0-517c-48a4-9726-d99d86637994","No"
"instagram","instagram-Pakistan","4","jap","Pakistan Traffic from Instagram","0.6125","0.4375","0.17500000000000004","500","1000000","f675e7d1-8d56-4b39-b5b8-129ec1d9fd55","No"
"instagram","instagram-Philippines","1","smmwiz","Philippines Traffic from Instagram","0.56","0.4","0.16000000000000003","500","1000000","cd143482-cae3-4118-a271-78dab2e6af2f","No"
"instagram","instagram-Poland","1","smmwiz","Poland Traffic from  Instagram","0.56","0.4","0.16000000000000003","500","1000000","aca5d5bf-5ddb-4c3b-ba14-718205de22d1","No"
"instagram","instagram-Portugal","1","smmwiz","Portugal Traffic from Instagram","0.56","0.4","0.16000000000000003","500","1000000","118fae70-b4ce-4227-b131-c3fdcf93e971","No"
"instagram","instagram-Portugal","2","jap","Portugal Traffic from Instagram","0.6125","0.4375","0.17500000000000004","500","1000000","f7d54950-2440-4e14-bea4-435f8afc62b2","No"
"instagram","instagram-Promo","2","jap","Promo Pack [MONTLY] [40-50 Followers Daily + 200-300 Views Per Video + 100-120 Likes Per Post]","12.25","8.75","3.5","1","1","29722a57-449f-43c9-83ac-039c3cc29f72","No"
"instagram","instagram-Promo","1","jap","Promo Pack [8-12 Comments + 4-6 Followers + 20-25 Post Likes] [Start Time: 2 Hours] [Speed: 24 Hours Delivery]","9.6012","6.858","2.7432000000000007","1000","1000","09e6727e-73de-4ac7-8b9d-ab7fcc80bcbe","No"
"instagram","instagram-Reels","1","smmwiz","Instagram Shares Reels with check","0.224","0.16","0.064","20","1000000","8aa5c321-4a63-46a8-b848-634bb025d4ff","No"
"instagram","instagram-Romania","1","smmwiz","Romania Traffic from Instagram [LQ]","0.238","0.17","0.06799999999999998","88","88888888","26671378-6e29-4e3e-9972-e09dddb18e36","No"
"instagram","instagram-Romania","2","smmwiz","Romania Traffic from Instagram","0.56","0.4","0.16000000000000003","500","1000000","a5898544-4f06-447c-b41b-511669c7dac5","No"
"instagram","instagram-Romania","3","jap","Romania Traffic from Instagram","0.6125","0.4375","0.17500000000000004","500","1000000","0700efae-0a86-4460-9f83-737db045bfed","No"
"instagram","instagram-Russia","1","smmwiz","Russia Traffic from Instagram [LQ]","0.238","0.17","0.06799999999999998","88","88888888","ca098790-cb13-4846-b225-81fc607f62ce","No"
"instagram","instagram-Russia","2","smmwiz","Russia Traffic from Instagram","0.56","0.4","0.16000000000000003","500","1000000","5a6049d3-4a1d-46ac-8758-3aa6e24d581c","No"
"instagram","instagram-Saves","1","jap","Instagram Saves [Max: 100K] [Start Time: 0-1 Hour] [Speed: 100K/Day] 💧","0.0034","0.0024","0.001","10","100000","db05aad7-99ee-4310-91eb-cfa304de3b68","No"
"instagram","instagram-Saves","2","jap","Instagram Saves [Max: 5K] [Start Time: 0 - 1 Hour] [Speed: 5K/Day] 💧","0.007","0.005","0.002","10","100000","fef45f16-dc9f-4f8e-b0b4-af573847c0d2","No"
"instagram","instagram-Saves","3","smmwiz","Instagram Saves S2 [400K]","0.056","0.04","0.016","100","400000","ee425b64-8139-4545-91e5-51e1df4d57c8","No"
"instagram","instagram-Saves","5","smmwiz","Instagram Real Saves - [ Premium Quality ] [ 50K/day ] INSTANT","0.084","0.06","0.024000000000000007","10","1000000","b4cf39f5-cb13-433d-a54c-d3da6a03eec2","No"
"instagram","instagram-Saves","4","jap","Instagram Saves [HQ] [Max: 50K] [Start Time: 0 - 1 Hr] [Speed: 50K/D] 💧⛔","0.084","0.06","0.024000000000000007","10","1000000","6cd1109d-e9b0-42db-82f9-8283ebfddc52","No"
"instagram","instagram-Singapore","1","smmwiz","Singapore Traffic from Instagram","0.56","0.4","0.16000000000000003","500","1000000","e8b59564-a4cd-4282-97a5-d3521fb3b165","No"
"instagram","instagram-South","1","smmwiz","South Korea Traffic from Instagram [LQ]","0.238","0.17","0.06799999999999998","88","88888888","813616b9-70ba-4ae0-9ff4-350eecc8c4a4","No"
"instagram","instagram-South","3","smmwiz","South Africa Traffic from Instagram","0.56","0.4","0.16000000000000003","500","1000000","b13bee80-9a39-43a2-9886-6876cae1cd13","No"
"instagram","instagram-South","2","smmwiz","South Korea Traffic from Instagram","0.56","0.4","0.16000000000000003","500","1000000","94864305-7cdb-4e26-b364-7f626df77b4a","No"
"instagram","instagram-Spain","1","smmwiz","Spain Traffic from Instagram [LQ]","0.238","0.17","0.06799999999999998","88","88888888","3fe6ee5e-d044-4540-9f4f-0afdf8d70f44","No"
"instagram","instagram-Spain","2","smmwiz","Spain Traffic from Instagram","0.56","0.4","0.16000000000000003","500","1000000","7dc1cb86-3c0a-4092-b062-e15f84dd2586","No"
"instagram","instagram-Starter","1","jap","Starter Pack [15-20 Comments + 7-10 Followers + 35-45 Post Likes] [Start Time: 2 Hours] [Speed: 24 Hours Delivery]","13.335","9.525","3.8100000000000005","1000","1000","801c59dc-829b-4d0b-bd8b-a5426c41d479","No"
"instagram","instagram-Starter","2","jap","Starter Pack [MONTHLY] [90-100 Followers Daily + 500-600 Views Per Video + 200-250 Likes Per Post]","21","15","6","1","1","71d5bc06-8ade-418f-a958-5551ddb8c0e4","No"
"instagram","instagram-Sweden","1","smmwiz","Sweden Traffic from Instagram","0.77","0.55","0.21999999999999997","1000","1000000","e63cba96-83ca-4c06-9a2a-93610600c85e","No"
"instagram","instagram-Switzerland","1","smmwiz","Switzerland Traffic from Instagram","0.882","0.63","0.252","1000","1000000","424963ba-0862-4289-ba14-0ab179ae52d6","No"
"instagram","instagram-Taiwan","1","smmwiz","Taiwan Traffic from Instagram [LQ]","0.238","0.17","0.06799999999999998","88","88888888","76df787d-07e0-4e8f-bc28-ac24ac876333","No"
"instagram","instagram-Taiwan","2","smmwiz","Taiwan Traffic from Instagram","0.56","0.4","0.16000000000000003","500","1000000","753bfd59-915e-4bc1-8bbf-9970f0ea95f4","No"
"instagram","instagram-Thailand","1","smmwiz","Thailand Traffic from Instagram [LQ]","0.238","0.17","0.06799999999999998","88","88888888","b38a8fcb-6190-4da9-8f2c-4b2e4e4e0435","No"
"instagram","instagram-Thailand","2","smmwiz","Thailand Traffic from Instagram","0.56","0.4","0.16000000000000003","500","1000000","046c54d2-558f-453a-bc14-64ae0e5cdd85","No"
"instagram","instagram-Threads","1","jap","Threads Shares [Real] [NO DROP] [Max: 20k] [Start Time: 0-3 Hours] [Speed: Up to 2k/Day]","5.6","4","1.5999999999999996","10","20000","f9f77c12-ca86-4b4f-a666-3a3ab906a5a5","No"
"instagram","instagram-Threads","2","jap","Threads Reshare [Refill: 30D] [Max: 20K] [Start Time: 0-3 Hours] [Speed: Up to 1K/Day] 💧⛔","8.75","6.25","2.5","10","20000","d4c50427-4db6-4019-87f8-c6032c7dc943","Yes"
"instagram","instagram-Turkey","1","smmwiz","Turkey Traffic from Instagram [LQ]","0.238","0.17","0.06799999999999998","88","88888888","ef00e78b-d675-4923-a1ce-b9ecd0dd93c9","No"
"instagram","instagram-Turkey","2","smmwiz","Turkey Traffic from Instagram","0.56","0.4","0.16000000000000003","500","1000000","b0d6e030-88ef-4a5f-a9eb-af27dcfde7d9","No"
"instagram","instagram-UK","1","smmwiz","UK Traffic from Instagram [LQ]","0.238","0.17","0.06799999999999998","88","88888888","f26499c6-c254-4a7a-b645-aa48eb7ccda8","No"
"instagram","instagram-UK","2","smmwiz","UK Traffic from Instagram","0.56","0.4","0.16000000000000003","500","1000000","8dc5457f-225d-4417-b7b6-37c0d6c8a6f6","No"
"instagram","instagram-Ukraine","1","smmwiz","Ukraine Traffic from Instagram","0.56","0.4","0.16000000000000003","500","1000000","cba33d7a-1809-4853-a2f5-6becbc407296","No"
"instagram","instagram-USA","1","smmwiz","USA Traffic from Instagram [LQ]","0.238","0.17","0.06799999999999998","88","88888888","507c995e-ccac-4693-8e47-fda98eafed32","No"
"instagram","instagram-USA","2","smmwiz","USA Traffic from Instagram","0.56","0.4","0.16000000000000003","500","1000000","3a8b1bc5-02d3-4509-9fd7-2987725cdad4","No"
"instagram","instagram-Vietnam","1","smmwiz","Vietnam Traffic from Instagram [LQ]","0.238","0.17","0.06799999999999998","88","88888888","ad4124a6-3602-4712-bca0-1751fb5b6335","No"
"instagram","instagram-Vietnam","2","smmwiz","Vietnam Traffic from Instagram","0.56","0.4","0.16000000000000003","500","1000000","ce133a13-fe44-4f39-8bed-c81a857787ad","No"
"instagram","instagram-Views","1","jap","Instagram Views [Max: 10M] [Start Time: 0-1 Hour] [Speed: 200K/D]","0.0017","0.0012","0.0005","100","5000000","207e5ff9-822a-4936-94ad-f2c1d852c28f","No"
"instagram","instagram-Views","2","jap","Instagram Auto Views [Max: 5M] [Start Time: 0-3 Hours] [Speed: 500K/Day]","0.0017","0.0012","0.0005","100","5000000","e9e67123-1510-4b79-bd12-571947229fe8","No"
"instagram","instagram-Views","3","smmwiz","Instagram Views [BETA Version] [Speed: 500k/day] [Start: 1 minute to 6 hours]","0.0017","0.0012","0.0005","10","2147483647","f05d529a-250d-4c69-8042-9b71bd9c55b0","No"
"instagram","instagram-Views","4","smmwiz","Instagram Views [BETA Version] [Speed: 500k/day] [Start: 1 minute to 6 hours]","0.0018","0.0013","0.0005","100","2147483647","4f9f1952-3324-4a16-aeb9-05001b08870e","No"
"instagram","instagram-Views","5","smmwiz","Instagram Video + TV + Reels Views + Plays - [ Stable Service ] INSTANT","0.0028","0.002","0.0007999999999999999","100","1000000000","2387b6f3-03f6-489b-a456-67655e1a131f","No"
"instagram","instagram-Website","1","jap","Website Traffic From Instagram [WW] [Refill: No] [Max: 1M] [Start Time: 0 - 12 Hour] [Speed: 50K/Day] 💧","0.245","0.175","0.07","88","88888888","c76bc05c-4299-4b90-9160-c503c61ff624","Yes"
"instagram","instagram-WorldWide","1","smmwiz","Worldwide Traffic from Instagram [LQ]","0.238","0.17","0.06799999999999998","88","88888888","6c8be533-d536-4e4e-b28e-e28d083688bf","No"
"instagram","instagram-WorldWide","2","smmwiz","WorldWide Traffic from Instagram","0.294","0.21","0.08399999999999999","500","1000000","7c4a9b37-c5f3-40d9-8981-fe9c2d0af1b8","No"
"recommended","recommended-","4","smmwiz","[GA4 Premium] 🚀 Organic Social | Influencer Flow | FB/IG/Tiktok Source",,,"0",,,"81b19b0e-fd73-4e5f-8ba8-a80d02225978","No"
"recommended","recommended-","3","smmwiz","5531 - Auto 3604",,,"0",,,"c4d67107-f2fc-487d-8ed0-0ce0a370443d","No"
"recommended","recommended-","2","smmwiz","935 - Instagram All Link View [100M] [Instant Superfast]",,,"0",,,"32aaf20e-dfc6-4c92-8b42-f26695a9755c","No"
"recommended","recommended-","5","smmwiz","4743 - Twitter Space Listeners [5 Min]",,,"0",,,"56642490-8fa2-41ab-84c4-f9e5c53dc1ab","No"
"recommended","recommended-","1","smmwiz","3400 - FB Shares [Germany] [50-100/D] [0-6/H]",,,"0",,,"93716873-5edd-475c-8a8d-d3acdafe238b","No"
"recommended","recommended-▶️","1","smmwiz","▶️ Youtube View Native Ads | Min 100k | NON DROP | Speed 150-500k+/Day",,,"0",,,"c8298088-15e9-4fe9-a0c3-2def093411da","No"
"recommended","recommended-▶️▶️Youtube","1","smmwiz","▶️▶️Youtube View Native Ads | Min 500k | NON DROP | Speed 150-500k+/Day",,,"0",,,"24f04f16-d3b8-4eef-874f-b5a1e24a0be1","No"
"recommended","recommended-♛","1","smmwiz","♛ YouTube Social Shares from 카카오스토리 - KakaoTalk 💎",,,"0",,,"5071222b-7b10-4d13-b498-4d20116006f5","No"
"recommended","recommended-🇦🇪","2","smmwiz","🇦🇪 Facebook - 𝐂𝐨𝐦𝐦𝐞𝐧𝐭 𝐋𝐢𝐤𝐞 (👍👍👍) - United Arab Emirates - Non Drop - 200-300/Day | 30 Days Refill",,,"0",,,"0a7ea02d-2877-48c5-9485-e9839c4ad36e","Yes"
"recommended","recommended-🇦🇪","1","smmwiz","🇦🇪 YouTube Social Shares [ UAE ]",,,"0",,,"245a60c7-0cea-43f7-aadb-3ed57d7ef412","No"
"recommended","recommended-🇦🇱","1","smmwiz","🇦🇱 YouTube Social Shares [ Albania ]",,,"0",,,"8ea4bb6b-5258-4c81-8f5a-ad357fb44bf1","No"
"recommended","recommended-🇦🇲","1","smmwiz","🇦🇲 YouTube Unique Viewers - Armenia [TRU™ Titan - Targeted Real Users]",,,"0",,,"645540a4-7c62-494e-b7b5-5f789f069953","No"
"recommended","recommended-🇦🇴","1","smmwiz","🇦🇴 YouTube Social Shares [ Angola ]",,,"0",,,"421d955a-cea8-42c8-aa83-b436d63a68ac","No"
"recommended","recommended-🇦🇷","1","smmwiz","🇦🇷 YouTube Social Shares [ Argentina ]",,,"0",,,"2551241c-23fe-4ff7-b8f6-275c35f9514a","No"
"recommended","recommended-🇦🇹","1","smmwiz","🇦🇹 YouTube Unique Viewers - Austria [TRU™ Titan - Targeted Real Users]",,,"0",,,"b2786e48-a36d-44c6-9395-d126eeb58dfa","No"
"recommended","recommended-🇦🇺","2","smmwiz","🇦🇺 YouTube Social Shares [ Australia ]",,,"0",,,"70d626a0-b563-4013-ad41-8e0be05570b1","No"
"recommended","recommended-🇦🇺","1","jap","🇦🇺 AUSTRALIA Website Traffic [FB, IG, YT, X, Tiktok, Google, Reddit] [ [Max: 1M] [Start Time: 0-3 Hrs] [Speed: Up to 50K/D] 💧⛔",,,"0",,,"86e3cc40-abdf-40d0-8f7c-811d44690273","No"
"recommended","recommended-🇦🇿","1","smmwiz","🇦🇿 YouTube Unique Viewers - Azerbaijan [TRU™ Titan - Targeted Real Users]",,,"0",,,"75a4ab2e-7b88-4741-bf3f-df85b8d34b3c","No"
"recommended","recommended-🇧🇦","1","smmwiz","🇧🇦 YouTube Social Shares [ Bosnia and Herzegovina ]",,,"0",,,"00c75fd5-ae06-4e5d-92b9-54607110d746","No"
"recommended","recommended-🇧🇩","1","smmwiz","🇧🇩 YouTube Social Shares [ Bangladesh ]",,,"0",,,"2230c138-b87b-4f5c-a603-62589255f577","No"
"recommended","recommended-🇧🇪","1","smmwiz","🇧🇪 YouTube Social Shares [ Belgium ]",,,"0",,,"6bb0afe7-a719-4caf-b654-627c5ad36531","No"
"recommended","recommended-🇧🇬","1","smmwiz","🇧🇬 YouTube Social Shares [ Bulgaria ]",,,"0",,,"29454d35-8dde-4add-bb36-4f6ca2f60f33","No"
"recommended","recommended-🇧🇴","1","smmwiz","🇧🇴 YouTube Social Shares [ Bolivia ]",,,"0",,,"37781879-52dd-40a8-b382-4039c865ddfb","No"
"recommended","recommended-🇧🇷","1","jap","🇧🇷 Instagram REPOST [Max: 100K] [Start Time: 0 -1 Hr] [Speed: Up to 50K/D]💧⛔",,,"0",,,"71061696-fe52-414b-932d-e53140857d58","No"
"recommended","recommended-🇧🇷","2","jap","🇧🇷 BRAZIL Website Traffic [FB, IG, YT, X, Tiktok, Google, Reddit] [ [Max: 1M] [Start Time: 0-3 Hrs] [Speed: Up to 50K/D] 💧⛔",,,"0",,,"52c11f50-011b-4c98-9683-0a18f10477dd","No"
"recommended","recommended-🇧🇷","4","jap","🇧🇷 Facebook Post Reactions [WoW😲]  [Max: 500] [Refill: 15D] [Start Time: 0 - 2 Hrs] [Speed: 500/D]",,,"0",,,"bb898823-74dd-42e3-b7c3-84a6d7948afc","Yes"
"recommended","recommended-🇧🇷","3","smmwiz","🇧🇷 YouTube Social Shares [ Brazil ]",,,"0",,,"2ad8537a-71fd-48fb-a1b3-2ec6844eea36","No"
"recommended","recommended-🇧🇷❤️","1","smmwiz","🇧🇷❤️ Brazil Instagram Like HQ 5K (Mobil App)",,,"0",,,"63c5d3da-8276-4f36-99ba-9c464f10af81","No"
"recommended","recommended-🇧🇷💙Brazil","1","smmwiz","🇧🇷💙Brazil Instagram Like HQ 1K (Mobil App)",,,"0",,,"2e4d2546-3afb-47be-a89a-64f33370cdcc","No"
"recommended","recommended-🇧🇷Brazil","3","jap","🇧🇷Brazil Traffic from Twitter [Refill: No] [Max: 1M] [Start Time: 12 Hours] [Speed: 10K/Day]",,,"0",,,"74a1fc1f-16f6-481f-a75d-ab319ecff682","Yes"
"recommended","recommended-🇧🇷Brazil","2","jap","🇧🇷Brazil Traffic from Instagram [Refill: No] [Max: 1M] [Start Time: 12 Hours] [Speed: 10K/Day]",,,"0",,,"32fd492c-17bd-4d60-a6ba-4c54421f56c9","Yes"
"recommended","recommended-🇧🇷Brazil","1","jap","🇧🇷Brazil Traffic from Facebook [Refill: No] [Max: 1M] [Start Time: 12 Hours] [Speed: 10K/Day]",,,"0",,,"39cadf1c-6f18-47a7-a346-f310d0335840","Yes"
"recommended","recommended-🇧🇷Brazil","4","jap","🇧🇷Brazil Traffic from YouTube [Refill: No] [Max: 1M] [Start Time: 12 Hours] [Speed: 10K/Day]",,,"0",,,"8ea93283-f834-4224-9404-d07b9398dc94","Yes"
"recommended","recommended-🇧🇷Twitter","1","jap","🇧🇷Twitter [BRAZIL] [100 Retweet 200 Likes 25 Comments] [HQ Profiles] [Refill: 15 Days] [Start Time: 0-6 Hours] [Speed: 24 Hours Delivery] ♻️",,,"0",,,"31d8dc86-cbbf-494a-991a-96e6fc17fb0a","Yes"
"recommended","recommended-🇨🇦","1","jap","🇨🇦 CANADA Website Traffic [FB, IG, YT, X, Tiktok, Google, Reddit] [ [Max: 1M] [Start Time: 0-3 Hrs] [Speed: Up to 50K/D] 💧⛔",,,"0",,,"893ccef4-5dbd-4c5b-909c-cef995c8c88b","No"
"recommended","recommended-🇨🇦","2","smmwiz","🇨🇦 YouTube Social Shares [ Canada ]",,,"0",,,"3ac7c6e6-96da-439a-941d-5f6d1fe793e0","No"
"recommended","recommended-🇨🇦","3","smmwiz","🇨🇦 Facebook - Post React 𝐋𝐨𝐯𝐞 (❤️) - Canada - Non Drop - 200-300/Day | 30 Days Refill",,,"0",,,"02537eee-3b7a-4fde-966c-3aa30a9ae47a","Yes"
"recommended","recommended-🇨🇦Canada","2","jap","🇨🇦Canada Traffic from Instagram [No Refill] [Max: 1M] [Start Time: 12 Hours] [Speed: 10K/Day]",,,"0",,,"87772672-f9e2-4236-bb3d-9dffb270ef79","Yes"
"recommended","recommended-🇨🇦Canada","1","jap","🇨🇦Canada Traffic from Facebook [No Refill] [Max: 1M] [Start Time: 12 Hours] [Speed: 10K/Day]",,,"0",,,"47ef925c-2194-4b60-a71e-c57df41cf7c8","Yes"
"recommended","recommended-🇨🇦Canada","3","jap","🇨🇦Canada Traffic from Twitter [No Refill] [Max: 1M] [Start Time: 12 Hours] [Speed: 10K/Day]",,,"0",,,"beb61c67-b0e1-4b0e-a005-0072107bf389","Yes"
"recommended","recommended-🇨🇦Canada","4","jap","🇨🇦Canada Traffic from YouTube [No Refill] [Max: 1M] [Start Time: 12 Hours] [Speed: 10K/Day]",,,"0",,,"68778d84-349d-400f-b631-b213ff7e0370","Yes"
"recommended","recommended-🇨🇭","1","smmwiz","🇨🇭 YouTube Social Shares [ Switzerland ]",,,"0",,,"63df88ba-d9b0-40a5-bf0e-92fa44348bc3","No"
"recommended","recommended-🇨🇱","1","smmwiz","🇨🇱 YouTube Social Shares [ Chile ]",,,"0",,,"c098ad28-f29d-4633-b0ce-1d5d70096def","No"
"recommended","recommended-🇨🇳China","1","jap","🇨🇳China Traffic from YouTube [No Refill] [Max: 1M] [Start Time: 12 Hours] [Speed: 10K/Day]",,,"0",,,"76891ab7-ad5c-4a47-b002-dac955fa8ac9","Yes"
"recommended","recommended-🇨🇴","1","smmwiz","🇨🇴 YouTube Social Shares [ Colombia ]",,,"0",,,"458c1f4f-b740-447c-a876-8729531f3344","No"
"recommended","recommended-🇨🇿","1","smmwiz","🇨🇿 YouTube Social Shares [ Czech Republic ]",,,"0",,,"adb71fe5-dcd7-4a64-b3ca-f4cb1ff080ff","No"
"recommended","recommended-🇨🇿Czech","2","jap","🇨🇿Czech Republic Traffic from Instagram [No Refill] [Max: 1M] [Start Time: 12 Hours] [Speed: 10K/Day]",,,"0",,,"de40ed1f-64b3-4023-86cd-3a614605a601","Yes"
"recommended","recommended-🇨🇿Czech","1","jap","🇨🇿Czech Republic Traffic from Facebook [No Refill] [Max: 1M] [Start Time: 12 Hours] [Speed: 10K/Day]",,,"0",,,"c93d6115-9992-47a2-9bc1-ef120450858d","Yes"
"recommended","recommended-🇨🇿Czech","4","jap","🇨🇿Czech Republic Traffic from YouTube [No Refill] [Max: 1M] [Start Time: 12 Hours] [Speed: 10K/Day]",,,"0",,,"eaa3e894-edec-4e63-bb37-36adfdbece09","Yes"
"recommended","recommended-🇨🇿Czech","3","jap","🇨🇿Czech Republic Traffic from Twitter [No Refill] [Max: 1M] [Start Time: 12 Hours] [Speed: 10K/Day]",,,"0",,,"621ecf08-14ce-44e9-88ec-6c55a23a11f3","Yes"
"recommended","recommended-🇩🇪","1","smmwiz","🇩🇪 Facebook Share [GERMANY] [REAL] [NON DROP] [Start Time: 0-24 Hours]",,,"0",,,"daa0a275-dfb9-4fbf-bc79-6699235bffbe","No"
"recommended","recommended-🇩🇪","2","jap","🇩🇪 GERMANY Website Traffic [FB, IG, YT, X, Tiktok, Google, Reddit] [ [Max: 1M] [Start Time: 0-3 Hrs] [Speed: Up to 50K/D] 💧⛔",,,"0",,,"8126c671-73ac-4d9e-a9b1-8a7ee9ebc683","No"
"recommended","recommended-🇩🇪","3","smmwiz","🇩🇪 YouTube Social Shares [ Germany ]",,,"0",,,"07c44188-0f9a-44fc-8523-3ae5fe405383","No"
"recommended","recommended-🇩🇪Germany","3","jap","🇩🇪Germany Traffic from Twitter [Refill: No] [Max: 1M] [Start Time: 12 Hours] [Speed: 10K/Day]",,,"0",,,"55c72a1e-108b-43f5-bdb9-6799e2d36235","Yes"
"recommended","recommended-🇩🇪Germany","1","jap","🇩🇪Germany Traffic from Facebook [No Refill] [Max: 1M] [Start Time: 12 Hours] [Speed: 10K/Day]",,,"0",,,"61ff69f5-f356-4712-a3c4-b163213e4123","Yes"
"recommended","recommended-🇩🇪Germany","4","jap","🇩🇪Germany Traffic from YouTube [No Refill] [Max: 1M] [Start Time: 12 Hours] [Speed: 10K/Day]",,,"0",,,"60152448-2b4b-45f0-9412-396c1caf8a55","Yes"
"recommended","recommended-🇩🇪Germany","2","jap","🇩🇪Germany Traffic from Instagram [No Refill] [Max: 1M] [Start Time: 12 Hours] [Speed: 10K/Day]",,,"0",,,"6a4cb843-1fe4-432b-b555-1a2793dbf78a","Yes"
"recommended","recommended-🇩🇴","1","smmwiz","🇩🇴 YouTube Social Shares [ Dominican Republic ]",,,"0",,,"b5287f55-fdcc-4d6b-8614-b080b9a44209","No"
"recommended","recommended-🇩🇿","1","smmwiz","🇩🇿 YouTube Social Shares [ Algeria ]",,,"0",,,"20c5e675-edb4-4449-8e39-968fe03d5d6c","No"
"recommended","recommended-🇪🇨","1","smmwiz","🇪🇨 YouTube Social Shares [ Ecuador ]",,,"0",,,"1b3e9114-a2cc-4cbd-a359-e82b0624a860","No"
"recommended","recommended-🇪🇬","3","jap","🇪🇬 Facebook Follower [Profile/Page] [Max: 10K] [Refill: 30 Days] [Start Time: 0 - 24 Hours] [Speed: 5K/Day]",,,"0",,,"074fed95-e34c-4edf-a481-e6aea69f00c5","Yes"
"recommended","recommended-🇪🇬","2","smmwiz","🇪🇬 YouTube Social Shares [ Egypt ]",,,"0",,,"29626071-5499-43d4-bbd8-7401ad603950","No"
"recommended","recommended-🇪🇬","1","smmwiz","🇪🇬 💙Egyptian Instagram Like HQ 1K",,,"0",,,"ac881873-7e3c-480d-aae0-2e93ef782ede","No"
"recommended","recommended-🇪🇬❤️","1","smmwiz","🇪🇬❤️ Egyptian Instagram Like HQ 5K",,,"0",,,"5470498d-1c00-4127-a2e5-5d3c889641d4","No"
"recommended","recommended-🇪🇸","2","smmwiz","🇪🇸 YouTube Social Shares [ Spain ]",,,"0",,,"52eecd46-1425-4928-b05b-ee6da00e43ae","No"
"recommended","recommended-🇪🇸","1","jap","🇪🇸 Instagram REPOST [Max: 100K] [Start Time: 0 -1 Hr] [Speed: Up to 50K/D]💧⛔",,,"0",,,"425c38d9-7e17-4121-bcbd-0a7b9df8bfd8","No"
"recommended","recommended-🇪🇸Spain","2","jap","🇪🇸Spain Traffic from Instagram [No Refill] [Max: 1M] [Start Time: 12 Hours] [Speed: 10K/Day]",,,"0",,,"240e2406-b9c1-49c1-8202-29063cfc844e","Yes"
"recommended","recommended-🇪🇸Spain","4","jap","🇪🇸Spain Traffic from YouTube [No Refill] [Max: 1M] [Start Time: 12 Hours] [Speed: 10K/Day]",,,"0",,,"a6eb4b13-1491-4443-8433-7a89dc16fe9f","Yes"
"recommended","recommended-🇪🇸Spain","3","jap","🇪🇸Spain Traffic from Twitter [No Refill] [Max: 1M] [Start Time: 12 Hours] [Speed: 10K/Day]",,,"0",,,"3ffea3f6-01f5-4cb4-a984-934c402c4876","Yes"
"recommended","recommended-🇪🇸Spain","1","jap","🇪🇸Spain Traffic from Facebook [No Refill] [Max: 1M] [Start Time: 12 Hours] [Speed: 10K/Day]",,,"0",,,"1947c088-f8ba-411d-bef2-abf04eb970cb","Yes"
"recommended","recommended-🇪🇺🇺🇸","1","smmwiz","🇪🇺🇺🇸 Instagram EU-USA Like | 90 Days Refill♻️ | %100 EU-USA Users 🇪🇺🇺🇸 | 5K Per Hour",,,"0",,,"a1260051-e5d8-48bf-afb1-cf34e429cfca","Yes"
"recommended","recommended-🇫🇮","1","smmwiz","🇫🇮 YouTube Unique Viewers - Finland [TRU™ Titan - Targeted Real Users]",,,"0",,,"286d53f9-d7e0-46de-a0d5-fadfa73fe8fa","No"
"recommended","recommended-🇫🇷","1","jap","🇫🇷 FRANCE Website Traffic [FB, IG, YT, X, Tiktok, Google, Reddit] [ [Max: 1M] [Start Time: 0-3 Hrs] [Speed: Up to 50K/D] 💧⛔",,,"0",,,"8fc8e3e2-d761-44f5-ba42-739afc8fe3a3","No"
"recommended","recommended-🇫🇷","2","smmwiz","🇫🇷 YouTube Social Shares [ France ]",,,"0",,,"72413b84-0677-4d51-befe-2a400a5fab9f","No"
"recommended","recommended-🇫🇷","3","smmwiz","🇫🇷 Facebook - Post React 𝐋𝐨𝐯𝐞 (❤️) - France - Non Drop - 200-300/Day | 30 Days Refill",,,"0",,,"fa872351-fa3e-4fee-b671-b4f1dee49667","Yes"
"recommended","recommended-🇫🇷France","1","jap","🇫🇷France Traffic from Facebook [No Refill] [Max: 1M] [Start Time: 12 Hours] [Speed: 10K/Day]",,,"0",,,"db1cd578-90fc-44e3-ab1d-369710b2e632","Yes"
"recommended","recommended-🇫🇷France","2","jap","🇫🇷France Traffic from Instagram [No Refill] [Max: 1M] [Start Time: 12 Hours] [Speed: 10K/Day]",,,"0",,,"44ee0ca3-8344-4078-a4be-d8bd92397e04","Yes"
"recommended","recommended-🇫🇷France","3","jap","🇫🇷France Traffic from Twitter [No Refill] [Max: 1M] [Start Time: 12 Hours] [Speed: 10K/Day]",,,"0",,,"e04d9b0d-1e22-4619-a816-296d4751321f","Yes"
"recommended","recommended-🇫🇷France","4","jap","🇫🇷France Traffic from YouTube [No Refill] [Max: 1M] [Start Time: 12 Hours] [Speed: 10K/Day]",,,"0",,,"3b57de7c-ec54-4359-9119-fa676bb214ef","Yes"
"recommended","recommended-🇬🇧","2","jap","🇬🇧 UK Website Traffic [FB, IG, YT, X, Tiktok, Google, Reddit] [ [Max: 1M] [Start Time: 0-3 Hrs] [Speed: Up to 50K/D] 💧⛔",,,"0",,,"48405be1-7fad-4f21-b70c-117cae8d4c26","No"
"recommended","recommended-🇬🇧","3","smmwiz","🇬🇧 YouTube Social Shares [ UK ]",,,"0",,,"924946c9-9942-4334-ad9e-5425ff82f09a","No"
"recommended","recommended-🇬🇧","4","smmwiz","🇬🇧 Facebook - 𝐄𝐯𝐞𝐧𝐭 𝐉𝐨𝐢𝐧 (𝐆𝐨𝐢𝐧𝐠) - United kingdom - Non Drop - 200-300/Day | 30 Days Refill",,,"0",,,"4aad3e99-8d89-49ed-b1ed-56362f5df738","Yes"
"recommended","recommended-🇬🇧","1","jap","🇬🇧 Instagram REPOST [Max: 100K] [Start Time: 0 -1 Hr] [Speed: Up to 50K/D]💧⛔",,,"0",,,"e5a456e2-b5ee-4744-bc34-dc0bb237b5bb","No"
"recommended","recommended-🇬🇧Twitter","1","jap","🇬🇧Twitter [UK] [100 Retweets 200 Likes 25 Comments] [PACKAGE HQ] [Speed: 24 Hours Delivery]",,,"0",,,"8ac0e4fc-325f-41e4-ad94-f8553607ee07","No"
"recommended","recommended-🇬🇧UK","4","jap","🇬🇧UK Traffic from YouTube [Refill: No] [Max: 1M] [Start Time: 12 Hours] [Speed: 10K/Day] 💧",,,"0",,,"a43adf93-c20f-4bf8-b395-99b78e73ab00","Yes"
"recommended","recommended-🇬🇧UK","1","jap","🇬🇧UK Traffic from Facebook [Refill: No] [Max: 1M] [Start Time: 12 Hours] [Speed: 10K/Day] 💧",,,"0",,,"90895d44-0123-4cfe-b313-7427923f5a8a","Yes"
"recommended","recommended-🇬🇧UK","2","jap","🇬🇧UK Traffic from Instagram [Refill: No] [Max: 1M] [Start Time: 12 Hours] [Speed: 10K/Day] 💧",,,"0",,,"8ec388bd-ee48-4f66-a0bb-e6001ff02259","Yes"
"recommended","recommended-🇬🇧UK","3","jap","🇬🇧UK Traffic from Twitter [Refill: No] [Max: 1M] [Start Time: 12 Hours] [Speed: 10K/Day] 💧",,,"0",,,"d9f289a5-a2e6-4ce8-b95e-865a4b24800a","Yes"
"recommended","recommended-🇬🇭🇳🇬Twitter","1","jap","🇬🇭🇳🇬Twitter Retweets [NIGERIA &amp; GHANA] [Refill: No] [Max: 3K] [Start Time: 5-10 Mins] [Speed: 1K/Day]",,,"0",,,"1075b6e1-0a0d-400b-89cb-670b8110e74d","Yes"
"recommended","recommended-🇬🇷","1","smmwiz","🇬🇷 YouTube Social Shares [ Greece ]",,,"0",,,"1b6117b5-8960-426f-bca0-d4b9c974c230","No"
"recommended","recommended-🇬🇹","1","smmwiz","🇬🇹 YouTube Social Shares [ Guatemala ]",,,"0",,,"7a897788-1237-4613-b9d5-e3bc8ce7ecac","No"
"recommended","recommended-🇭🇳","1","smmwiz","🇭🇳 YouTube Social Shares [ Honduras ]",,,"0",,,"2c5c90f2-ba7b-433f-b51b-2d5fa1bb36a9","No"
"recommended","recommended-🇭🇷","1","smmwiz","🇭🇷 YouTube Social Shares [ Croatia ]",,,"0",,,"761ccb05-9407-4649-9f53-141ffacbcbd2","No"
"recommended","recommended-🇭🇺","1","smmwiz","🇭🇺 YouTube Social Shares [ Hungary ]",,,"0",,,"2def933d-34c7-4297-956a-bf80d7f4ea49","No"
"recommended","recommended-🇮🇩","2","smmwiz","🇮🇩 YouTube Social Shares [ Indonesia ]",,,"0",,,"0e006abe-880a-4f9b-adbe-d1c16e236fde","No"
"recommended","recommended-🇮🇩","1","jap","🇮🇩 INDONESIA Website Traffic [FB, IG, YT, X, Tiktok, Google, Reddit] [ [Max: 1M] [Start Time: 0-3 Hrs] [Speed: Up to 50K/D] 💧⛔",,,"0",,,"1bd3f82d-312b-4944-af28-8c1077de6023","No"
"recommended","recommended-🇮🇩Indonesia","4","jap","🇮🇩Indonesia Traffic from YouTube [Refill: No] [Max: 1M] [Start Time: 12 Hours] [Speed: 10K/Day]",,,"0",,,"8e57f14c-a420-4741-8272-b218c20f2408","Yes"
"recommended","recommended-🇮🇩Indonesia","3","jap","🇮🇩Indonesia Traffic from Twitter [Refill: No] [Max: 1M] [Start Time: 12 Hours] [Speed: 10K/Day]",,,"0",,,"dc21dfc5-d1ff-41ad-a97c-b052eca32d0a","Yes"
"recommended","recommended-🇮🇩Indonesia","2","jap","🇮🇩Indonesia Traffic from Instagram [Refill: No] [Max: 1M] [Start Time: 12 Hours] [Speed: 10K/Day]",,,"0",,,"377f752e-80dc-41e3-bc51-019ff6f6a450","Yes"
"recommended","recommended-🇮🇩Indonesia","1","jap","🇮🇩Indonesia Traffic from Facebook [Refill: No] [Max: 1M] [Start Time: 12 Hours] [Speed: 10K/Day]",,,"0",,,"7bba4dd5-1b69-46d1-b99a-9f451926f8a1","Yes"
"recommended","recommended-🇮🇱","1","smmwiz","🇮🇱 YouTube Social Shares [ Israel ]",,,"0",,,"0ba56c18-88c9-4230-bec0-629574309cd6","No"
"recommended","recommended-🇮🇳","2","jap","🇮🇳 INDIA Website Traffic [FB, IG, YT, X, Tiktok, Google, Reddit] [ [Max: 1M] [Start Time: 0-3 Hrs] [Speed: Up to 50K/D] 💧⛔",,,"0",,,"442b3812-84c3-44b7-9104-d9f48ab1cc02","No"
"recommended","recommended-🇮🇳","1","smmwiz","🇮🇳 FACEBOOK SHARES INDIAN [5K]",,,"0",,,"b6f4d233-f922-4ceb-bcf5-49f4fc4c4909","No"
"recommended","recommended-🇮🇳","3","smmwiz","🇮🇳 YouTube Social Shares [ India ]",,,"0",,,"9e6dff10-8aa9-4ecc-94c4-37a0289388e2","No"
"recommended","recommended-🇮🇳India","3","jap","🇮🇳India Traffic from TikTok [Refill: No] [Max: 1M] [Start Time: 12 Hours] [Speed: 10K/Day]",,,"0",,,"6f7922da-b215-4b66-bd97-ee006122690c","Yes"
"recommended","recommended-🇮🇳India","5","jap","🇮🇳India Traffic from YouTube [Refill: No] [Max: 1M] [Start Time: 12 Hours] [Speed: 10K/Day]",,,"0",,,"fd54572f-cb0c-4408-b27e-1781048e501f","Yes"
"recommended","recommended-🇮🇳India","1","jap","🇮🇳India Traffic from Facebook [Refill: No] [Max: 1M] [Start Time: 12 Hours] [Speed: 10K/Day]",,,"0",,,"804ff667-fd66-4b5d-a1db-ff11ad9e3e13","Yes"
"recommended","recommended-🇮🇳India","4","jap","🇮🇳India Traffic from Twitter [Refill: No] [Max: 1M] [Start Time: 12 Hours] [Speed: 10K/Day]",,,"0",,,"937166af-a04e-4b5a-b8a5-b25edc232687","Yes"
"recommended","recommended-🇮🇳India","2","jap","🇮🇳India Traffic from Instagram [Refill: No] [Max: 1M] [Start Time: 12 Hours] [Speed: 10K/Day]",,,"0",,,"505bc413-4a27-436e-9fb1-40f3e19897b7","Yes"
"recommended","recommended-🇮🇶","1","smmwiz","🇮🇶 YouTube Social Shares [ Iraq ]",,,"0",,,"55f70201-64df-4f5f-a82b-5f1cd1f88d72","No"
"recommended","recommended-🇮🇷","1","smmwiz","🇮🇷 YouTube Social Shares [ Iran ]",,,"0",,,"80726dae-f1bb-4c3f-a9ad-156223378501","No"
"recommended","recommended-🇮🇹","1","smmwiz","🇮🇹 YouTube Social Shares [ Italy ]",,,"0",,,"1c95768e-58b6-405c-80c1-918d3fb74b98","No"
"recommended","recommended-🇮🇹","2","jap","🇮🇹 Facebook Post Reaction [Care] [ITALY] [Max:500] [Refill: 30 Days] [Start Time: 0 - 6 Hour] [Speed:200/Day]",,,"0",,,"ce919a79-76b8-43f2-8431-a5b5434e8b3a","Yes"
"recommended","recommended-🇮🇹Italy","4","jap","🇮🇹Italy Traffic from YouTube [No Refill] [Max: 1M] [Start Time: 12 Hours] [Speed: 10K/Day]",,,"0",,,"ff5d9c48-0b97-4b92-8422-1d271b009af8","Yes"
"recommended","recommended-🇮🇹Italy","3","jap","🇮🇹Italy Traffic from Twitter [No Refill] [Max: 1M] [Start Time: 12 Hours] [Speed: 10K/Day]",,,"0",,,"5e839f4e-9398-4417-b51d-fa687f9a0659","Yes"
"recommended","recommended-🇮🇹Italy","2","jap","🇮🇹Italy Traffic from Instagram [No Refill] [Max: 1M] [Start Time: 12 Hours] [Speed: 10K/Day]",,,"0",,,"1fc36ab0-8d58-4501-b4c0-c6ecc0dd3b82","Yes"
"recommended","recommended-🇮🇹Italy","1","jap","🇮🇹Italy Traffic from Facebook [No Refill] [Max: 1M] [Start Time: 12 Hours] [Speed: 10K/Day]",,,"0",,,"9940520c-daaf-43b6-8b03-96bfe94cd35f","Yes"
"recommended","recommended-🇯🇴","1","smmwiz","🇯🇴 YouTube Social Shares [ Jordan ]",,,"0",,,"a1fa5a3e-acab-4d71-8ebe-3a2439f5d32e","No"
"recommended","recommended-🇯🇵","1","smmwiz","🇯🇵 YouTube Social Shares [ Japan ]",,,"0",,,"9491ae73-5fa9-4652-90fa-074f9d5d2796","No"
"recommended","recommended-🇯🇵","2","smmwiz","🇯🇵 Facebook - Post React 𝐋𝐨𝐯𝐞 (❤️) - Japan - Non Drop - 200-300/Day | 30 Days Refill",,,"0",,,"88e6eb65-43d9-4e07-b1df-a2187daa8bee","Yes"
"recommended","recommended-🇯🇵Japan","4","jap","🇯🇵Japan Traffic from YouTube [Refill: No] [Max: 1M] [Start Time: 12 Hours] [Speed: 10K/Day]",,,"0",,,"f746b6e0-242f-42dc-a551-abf40b62b133","Yes"
"recommended","recommended-🇯🇵Japan","3","jap","🇯🇵Japan Traffic from Twitter [Refill: No] [Max: 1M] [Start Time: 12 Hours] [Speed: 10K/Day]",,,"0",,,"15a33bb0-d633-45d0-a5c2-d267226caadd","Yes"
"recommended","recommended-🇯🇵Japan","2","jap","🇯🇵Japan Traffic from Instagram [Refill: No] [Max: 1M] [Start Time: 12 Hours] [Speed: 10K/Day]",,,"0",,,"6ff913e1-abc5-42ca-baa0-e6f4fa8f2979","Yes"
"recommended","recommended-🇯🇵Japan","1","jap","🇯🇵Japan Traffic from Facebook [Refill: No] [Max: 1M] [Start Time: 12 Hours] [Speed: 10K/Day]",,,"0",,,"3464d947-aae3-4136-900d-e901ecf61563","Yes"
"recommended","recommended-🇰🇪","1","smmwiz","🇰🇪 YouTube Social Shares [ Kenya ]",,,"0",,,"5413d42b-3c7e-478a-aa1a-4f9cab76de3b","No"
"recommended","recommended-🇰🇷","1","jap","🇰🇷 South Korea Instagram Growth Package [50] [30 Days]",,,"0",,,"d86527e7-199a-4d3d-9261-86de587ea3f2","No"
"recommended","recommended-🇰🇷","2","jap","🇰🇷 SOUTH KOREA Website Traffic [FB, IG, YT, X, Tiktok, Google, Reddit] [ [Max: 1M] [Start Time: 0-3 Hrs] [Speed: Up to 50K/D] 💧⛔",,,"0",,,"a2a80414-8c4d-46e2-99b4-7fe2552706af","No"
"recommended","recommended-🇰🇷","3","smmwiz","🇰🇷 YouTube Social Shares [ South Korea ]",,,"0",,,"c0afa960-1ad0-48b5-99e0-b40c7b3f3322","No"
"recommended","recommended-🇰🇷","4","jap","🇰🇷 Facebook Post Reaction [Care] [KOREA] [Max: 150] [Refill: 30 Days] [Start Time: 0 - 6 Hour] [Speed: 150/Day]",,,"0",,,"817af10c-c9e4-47c3-a55e-f32888700f88","Yes"
"recommended","recommended-🇰🇷South","4","jap","🇰🇷South Korea Traffic from YouTube [Refill: No] [Max: 1M] [Start Time: 12 Hours] [Speed: 10K/Day]",,,"0",,,"15033e39-d3ed-4892-b228-e25f6db22243","Yes"
"recommended","recommended-🇰🇷South","2","jap","🇰🇷South Korea Traffic from Instagram [Refill: No] [Max: 1M] [Start Time: 12 Hours] [Speed: 10K/Day]",,,"0",,,"eabb5360-0d8c-4d28-a56d-4c838e4c03c2","Yes"
"recommended","recommended-🇰🇷South","1","jap","🇰🇷South Korea Traffic from Facebook [Refill: No] [Max: 1M] [Start Time: 12 Hours] [Speed: 10K/Day]",,,"0",,,"cc4f722f-5469-400a-8763-548aa348bd9c","Yes"
"recommended","recommended-🇰🇷South","3","jap","🇰🇷South Korea Traffic from Twitter [Refill: No] [Max: 1M] [Start Time: 12 Hours] [Speed: 10K/Day]",,,"0",,,"3b3149f0-823f-428f-b872-6e6e5df2bc79","Yes"
"recommended","recommended-🇱🇧","1","smmwiz","🇱🇧 YouTube Social Shares [ Lebanon ]",,,"0",,,"d3b951cd-8a57-45f3-8a2d-c2cd9da6d9d6","No"
"recommended","recommended-🇱🇰","1","smmwiz","🇱🇰 YouTube Social Shares [ Sri Lanka ]",,,"0",,,"777021ba-537c-477c-8aad-c34ba00e4a5b","No"
"recommended","recommended-🇲🇦","2","smmwiz","🇲🇦 Facebook - 𝗣𝗼𝘀𝘁 (𝗘𝗺𝗼𝗷𝗶 𝗖𝗼𝗺𝗺𝗲𝗻𝘁𝘀) - Morocco - Non Drop - 100-200/Day | 30 Days Refill",,,"0",,,"ca2449f7-ee1f-42aa-8847-f1f4ef2e000e","Yes"
"recommended","recommended-🇲🇦","1","smmwiz","🇲🇦 YouTube Social Shares [ Morocco ]",,,"0",,,"7a47ec6c-6707-41b5-92cb-5793de516b90","No"
"recommended","recommended-🇲🇩","1","smmwiz","🇲🇩 YouTube Unique Viewers - Moldova [TRU™ Titan - Targeted Real Users]",,,"0",,,"c1a6af03-5e20-4442-b52d-2383e0f841de","No"
"recommended","recommended-🇲🇰","1","smmwiz","🇲🇰 YouTube Social Shares [ North Macedonia ]",,,"0",,,"4cb1dc48-69e7-4a34-bd3b-304f24cb3448","No"
"recommended","recommended-🇲🇲","1","smmwiz","🇲🇲 YouTube Social Shares [ Myanmar ]",,,"0",,,"b21f2bd9-c554-4fb4-af6d-c523047741d8","No"
"recommended","recommended-🇲🇹","1","smmwiz","🇲🇹 YouTube Unique Viewers - Malta [TRU™ Titan - Targeted Real Users]",,,"0",,,"ca569e01-f9e9-49b8-abb6-b947d4c197a9","No"
"recommended","recommended-🇲🇺","1","smmwiz","🇲🇺 YouTube Social Shares [ Mauritius ]",,,"0",,,"a9644267-1f4d-43fe-a2bc-074d9a0b03a6","No"
"recommended","recommended-🇲🇽","1","smmwiz","🇲🇽 YouTube Social Shares [ Mexico ]",,,"0",,,"31e0e64d-8e74-42d3-9a8e-8b8c13aca772","No"
"recommended","recommended-🇲🇽Mexico","1","jap","🇲🇽Mexico Traffic from Facebook [No Refill] [Max: 1M] [Start Time: 12 Hours] [Speed: 10K/Day]",,,"0",,,"5816d561-be98-44c8-9a1a-e357c5434fcc","Yes"
"recommended","recommended-🇲🇽Mexico","2","jap","🇲🇽Mexico Traffic from Instagram [No Refill] [Max: 1M] [Start Time: 12 Hours] [Speed: 10K/Day]",,,"0",,,"11922aef-7b87-41fe-beab-26f43f51824e","Yes"
"recommended","recommended-🇲🇽Mexico","3","jap","🇲🇽Mexico Traffic from Twitter [No Refill] [Max: 1M] [Start Time: 12 Hours] [Speed: 10K/Day]",,,"0",,,"9ae1b759-299c-458f-82dd-64f14fae36a6","Yes"
"recommended","recommended-🇲🇽Mexico","4","jap","🇲🇽Mexico Traffic from YouTube [No Refill] [Max: 1M] [Start Time: 12 Hours] [Speed: 10K/Day]",,,"0",,,"8be297ed-2641-4f06-8191-3de1d39f6857","Yes"
"recommended","recommended-🇲🇾","2","smmwiz","🇲🇾 Facebook - Post React 𝐒𝐚𝐝 (😢)	 - Malaysia - Non Drop - 200-300/Day | 30 Days Refill",,,"0",,,"012bd535-eaee-48c4-9e34-572a3afe47e8","Yes"
"recommended","recommended-🇲🇾","1","smmwiz","🇲🇾 YouTube Social Shares [ Malaysia ]",,,"0",,,"a3d366e0-e09c-47c0-a54c-fac9854a1c24","No"
"recommended","recommended-🇳🇬","1","smmwiz","🇳🇬 YouTube Social Shares [ Nigeria ]",,,"0",,,"22442eb9-02c2-4050-aabf-2209a6a3eb47","No"
"recommended","recommended-🇳🇬","2","smmwiz","🇳🇬 Facebook - Post React 𝐋𝐨𝐯𝐞 (❤️) - Nigeria - Non Drop - 200-300/Day | 30 Days Refill",,,"0",,,"336976e0-ad8d-4e15-b29d-6c72dbb75414","Yes"
"recommended","recommended-🇳🇱","1","smmwiz","🇳🇱 YouTube Social Shares [ Netherlands ]",,,"0",,,"a6cdeecd-8a0a-4d53-a546-976a0f25cfa0","No"
"recommended","recommended-🇳🇱Netherlands","4","jap","🇳🇱Netherlands Traffic from YouTube [No Refill] [Max: 1M] [Start Time: 12 Hours] [Speed: 10K/Day]",,,"0",,,"2256206f-ed23-4f46-9754-d023e79adfa5","Yes"
"recommended","recommended-🇳🇱Netherlands","2","jap","🇳🇱Netherlands Traffic from Instagram [No Refill] [Max: 1M] [Start Time: 12 Hours] [Speed: 10K/Day]",,,"0",,,"15dc6f5a-2262-42fb-9a2c-947deec6bca1","Yes"
"recommended","recommended-🇳🇱Netherlands","1","jap","🇳🇱Netherlands Traffic from Facebook [No Refill] [Max: 1M] [Start Time: 12 Hours] [Speed: 10K/Day]",,,"0",,,"7e54ea13-dc73-4e42-b433-784502f9b956","Yes"
"recommended","recommended-🇳🇱Netherlands","3","jap","🇳🇱Netherlands Traffic from Twitter [No Refill] [Max: 1M] [Start Time: 12 Hours] [Speed: 10K/Day]",,,"0",,,"cfc933be-2a19-438e-8d98-2bfac67c61a5","Yes"
"recommended","recommended-🇳🇵","1","smmwiz","🇳🇵 YouTube Social Shares [ Nepal ]",,,"0",,,"4f821e99-9637-4ad2-a2a1-d0db1cc9aa76","No"
"recommended","recommended-🇴🇲","1","smmwiz","🇴🇲 YouTube Social Shares [ Oman ]",,,"0",,,"8bfb60f5-95c8-421b-bfed-52f423bdafaa","No"
"recommended","recommended-🇵🇪","1","smmwiz","🇵🇪 YouTube Social Shares [ Peru ]",,,"0",,,"8595cbb4-67d3-48c1-a468-000ccd5414cf","No"
"recommended","recommended-🇵🇭","1","smmwiz","🇵🇭 YouTube Social Shares [ Philippines ]",,,"0",,,"c36b18f1-fc52-4a02-9968-b8e3507b5ed6","No"
"recommended","recommended-🇵🇭","2","smmwiz","🇵🇭 Facebook - Post 𝐋𝐢𝐤𝐞𝐬 (👍) 𝐅𝐞𝐦𝐚𝐥𝐞 - Philippines - Non Drop - 200-300/Day | 30 Days Refill",,,"0",,,"0b8c7f53-06da-4cfd-bd6d-85a3d57deea2","Yes"
"recommended","recommended-🇵🇰","1","smmwiz","🇵🇰 YouTube Social Shares [ Pakistan ]",,,"0",,,"2d914a47-d689-411f-abc9-dd8731485e16","No"
"recommended","recommended-🇵🇱","1","smmwiz","🇵🇱 YouTube Social Shares [ Poland ]",,,"0",,,"5cf8a723-c07a-435c-91c8-04df65693745","No"
"recommended","recommended-🇵🇱Poland","3","jap","🇵🇱Poland Traffic from Twitter [No Refill] [Max: 1M] [Start Time: 12 Hours] [Speed: 10K/Day]",,,"0",,,"74f16e76-45d5-4972-84c9-bbfa1e009575","Yes"
"recommended","recommended-🇵🇱Poland","4","jap","🇵🇱Poland Traffic from YouTube [No Refill] [Max: 1M] [Start Time: 12 Hours] [Speed: 10K/Day]",,,"0",,,"01264cac-bf8d-4a6c-b113-a6e0455dd6e1","Yes"
"recommended","recommended-🇵🇱Poland","2","jap","🇵🇱Poland Traffic from  Instagram [No Refill] [Max: 1M] [Start Time: 12 Hours] [Speed: 10K/Day]",,,"0",,,"e30ed0e1-4bca-4021-8b75-7b228f4a5011","Yes"
"recommended","recommended-🇵🇱Poland","1","jap","🇵🇱Poland Traffic from  Facebook [No Refill] [Max: 1M] [Start Time: 12 Hours] [Speed: 10K/Day]",,,"0",,,"91d8e622-845f-46c6-a1b9-25c2c3ed0f65","Yes"
"recommended","recommended-🇵🇹","1","smmwiz","🇵🇹 YouTube Social Shares [ Portugal ]",,,"0",,,"2a867ea8-5406-4bc1-a2af-576567cc3657","No"
"recommended","recommended-🇵🇾","1","smmwiz","🇵🇾 YouTube Social Shares [ Paraguay ]",,,"0",,,"9d7d8882-3275-4855-981f-5897df51c55d","No"
"recommended","recommended-🇶🇦","1","smmwiz","🇶🇦 YouTube Social Shares [ Qatar ]",,,"0",,,"9f07b8c4-fe63-43e5-9958-a4c7e482ebd5","No"
"recommended","recommended-🇷🇴","1","smmwiz","🇷🇴 YouTube Social Shares [ Romania ]",,,"0",,,"45b6129b-0ace-45e0-b03e-936bd735679d","No"
"recommended","recommended-🇷🇸","1","smmwiz","🇷🇸 YouTube Social Shares [ Serbia ]",,,"0",,,"0fad7b51-d727-492a-915f-3c72d5c34994","No"
"recommended","recommended-🇷🇺","1","smmwiz","🇷🇺 YouTube Social Shares [ Russia ]",,,"0",,,"060505ce-ec98-4f62-9099-42f8e5f818b2","No"
"recommended","recommended-🇷🇺Instagram","1","jap","🇷🇺Instagram Comment [RANDOM RUSSIAN] [NON-DROP] [Refill: 30 Days] [Max: 150К] [Start Time: 1 Hour] [Speed: 300/Day]⚡⭐💧♻️",,,"0",,,"b0b6c92b-6971-4f87-a0ec-f8e0605b85f4","Yes"
"recommended","recommended-🇷🇺Russia","4","jap","🇷🇺Russia Traffic from YouTube [No Refill] [Max: 1M] [Start Time: 12 Hours] [Speed: 10K/Day]",,,"0",,,"085c99c6-d53f-43a2-98b3-c008b38df278","Yes"
"recommended","recommended-🇷🇺Russia","3","jap","🇷🇺Russia Traffic from Twitter [No Refill] [Max: 1M] [Start Time: 12 Hours] [Speed: 10K/Day]",,,"0",,,"9cfded7f-a75f-4087-a26b-1c1b597edc59","Yes"
"recommended","recommended-🇷🇺Russia","1","jap","🇷🇺Russia Traffic from Facebook [No Refill] [Max: 1M] [Start Time: 12 Hours] [Speed: 10K/Day]",,,"0",,,"29e9442c-3d57-491c-b5e5-7f5509981070","Yes"
"recommended","recommended-🇷🇺Russia","2","jap","🇷🇺Russia Traffic from Instagram [No Refill] [Max: 1M] [Start Time: 12 Hours] [Speed: 10K/Day]",,,"0",,,"19cb488d-585d-4c0d-aa4b-1640cf45a1e8","Yes"
"recommended","recommended-🇷🇺TikTok","1","jap","🇷🇺TikTok Comment [POSITIVE RANDOM - RUSSIAN] [Refill: 30 Days] [Max: 60K] [Start Time: 1 Hour] [Speed: 500/Day] ♻️",,,"0",,,"03430c63-3704-48fb-9d23-e3f026742c48","Yes"
"recommended","recommended-🇸🇦","2","smmwiz","🇸🇦 YouTube Social Shares [ Saudi Arabia ]",,,"0",,,"38f363c2-fe3a-4891-ab9a-a3efba47904f","No"
"recommended","recommended-🇸🇦","1","jap","🇸🇦 Arab Instagram Growth Package [50] [30 Days]",,,"0",,,"eb65e3b0-c575-4e43-92bc-7f83a18d7172","No"
"recommended","recommended-🇸🇬","1","smmwiz","🇸🇬 YouTube Social Shares [ Singapore ]",,,"0",,,"44820ad4-39ad-46e1-ba39-f8427e3de491","No"
"recommended","recommended-🇸🇬Singapore","4","jap","🇸🇬Singapore Traffic from YouTube [No Refill] [Max: 1M] [Start Time: 12 Hours] [Speed: 10K/Day]",,,"0",,,"65a6cf42-dac0-468c-a5a8-171f0519d5f4","Yes"
"recommended","recommended-🇸🇬Singapore","3","jap","🇸🇬Singapore Traffic from Twitter [No Refill] [Max: 1M] [Start Time: 12 Hours] [Speed: 10K/Day]",,,"0",,,"5b7806f3-d387-4db5-b165-262387e08810","Yes"
"recommended","recommended-🇸🇬Singapore","1","jap","🇸🇬Singapore Traffic from Facebook [No Refill] [Max: 1M] [Start Time: 12 Hours] [Speed: 10K/Day]",,,"0",,,"77dc030a-d594-447b-8214-1ba6056d476a","Yes"
"recommended","recommended-🇸🇬Singapore","2","jap","🇸🇬Singapore Traffic from Instagram [No Refill] [Max: 1M] [Start Time: 12 Hours] [Speed: 10K/Day]",,,"0",,,"dc8b249c-66cb-4d35-aad9-f4ea8928b35a","Yes"
"recommended","recommended-🇸🇳","1","smmwiz","🇸🇳 YouTube Social Shares [ Senegal ]",,,"0",,,"7573ae32-c6d7-409f-8b39-d9316925541e","No"
"recommended","recommended-🇸🇻","1","smmwiz","🇸🇻 YouTube Social Shares [ El Salvador ]",,,"0",,,"78dd37ab-3218-4f11-b764-4b272b753e6c","No"
"recommended","recommended-🇸🇾","1","smmwiz","🇸🇾 YouTube Social Shares [ Syria ]",,,"0",,,"875191de-0b47-4cf2-88e5-692498395cfd","No"
"recommended","recommended-🇹🇬","1","smmwiz","🇹🇬 YouTube Social Shares [ Togo ]",,,"0",,,"2de57107-c71e-438f-97ab-1d8f00ba506f","No"
"recommended","recommended-🇹🇭","2","jap","🇹🇭 THAILAND Website Traffic [FB, IG, YT, X, Tiktok, Google, Reddit] [ [Max: 1M] [Start Time: 0-3 Hrs] [Speed: Up to 50K/D] 💧⛔",,,"0",,,"66f87a06-3e2e-4b95-adbd-cab4e4b00b42","No"
"recommended","recommended-🇹🇭","3","smmwiz","🇹🇭 YouTube Social Shares [ Thailand ]",,,"0",,,"22b2d048-8a18-4be9-b0e6-f228e271bc74","No"
"recommended","recommended-🇹🇭","1","smmwiz","🇹🇭 Facebook Thailand Post Love Reaction ❤️ [High Quality + Real] [5K/D] [Instant]",,,"0",,,"7b9f711c-a8c5-43f5-89de-fde94f67fa3c","No"
"recommended","recommended-🇹🇭Thailand","3","jap","🇹🇭Thailand Traffic from Twitter [No Refill] [Max: 1M] [Start Time: 12 Hours] [Speed: 10K/Day]",,,"0",,,"cc25e6c5-d552-4e89-9d5b-370a77b1e14b","Yes"
"recommended","recommended-🇹🇭Thailand","1","jap","🇹🇭Thailand Traffic from Facebook [No Refill] [Max: 1M] [Start Time: 12 Hours] [Speed: 10K/Day]",,,"0",,,"fc93326a-cdf5-4032-897a-098b211b2565","Yes"
"recommended","recommended-🇹🇭Thailand","4","jap","🇹🇭Thailand Traffic from YouTube [No Refill] [Max: 1M] [Start Time: 12 Hours] [Speed: 10K/Day]",,,"0",,,"be3554e6-94a2-4941-811f-1dd2e608f2c4","Yes"
"recommended","recommended-🇹🇭Thailand","2","jap","🇹🇭Thailand Traffic from Instagram [No Refill] [Max: 1M] [Start Time: 12 Hours] [Speed: 10K/Day]",,,"0",,,"8e2c0bea-3e47-473c-86d3-ca1993f07d55","Yes"
"recommended","recommended-🇹🇳","1","smmwiz","🇹🇳 YouTube Social Shares [ Tunisia ]",,,"0",,,"679388d5-2492-4a04-a958-9e0d8d265651","No"
"recommended","recommended-🇹🇷","1","jap","🇹🇷 TURKEY Website Traffic [FB, IG, YT, X, Tiktok, Google, Reddit] [ [Max: 1M] [Start Time: 0-3 Hrs] [Speed: Up to 50K/D] 💧⛔",,,"0",,,"dbbaeab3-0199-4177-b3fe-089e893fbb72","No"
"recommended","recommended-🇹🇷","2","smmwiz","🇹🇷 YouTube Social Shares [ Turkey ]",,,"0",,,"c212926b-bc25-4275-b75f-dd009a3b39bb","No"
"recommended","recommended-🇹🇷Turkey","4","jap","🇹🇷Turkey Traffic from YouTube [No Refill] [Max: 1M] [Start Time: 12 Hours] [Speed: 10K/Day]",,,"0",,,"5fde0a7c-01cc-4201-a912-df63993fb910","Yes"
"recommended","recommended-🇹🇷Turkey","3","jap","🇹🇷Turkey Traffic from Twitter [No Refill] [Max: 1M] [Start Time: 12 Hours] [Speed: 10K/Day]",,,"0",,,"3d826daa-f4c4-4641-a915-cf4d9dc16a67","Yes"
"recommended","recommended-🇹🇷Turkey","2","jap","🇹🇷Turkey Traffic from Instagram [No Refill] [Max: 1M] [Start Time: 12 Hours] [Speed: 10K/Day]",,,"0",,,"5147f16d-8b35-4eb1-90fe-2ed707eb46b1","Yes"
"recommended","recommended-🇹🇷Turkey","1","jap","🇹🇷Turkey Traffic from Facebook [No Refill] [Max: 1M] [Start Time: 12 Hours] [Speed: 10K/Day]",,,"0",,,"1159166c-a879-4bb6-80df-ceeefc2c430d","Yes"
"recommended","recommended-🇹🇼","1","smmwiz","🇹🇼 YouTube Social Shares [ Taiwan ]",,,"0",,,"00312edd-ac5c-4441-b9e6-7f1b7453b63c","No"
"recommended","recommended-🇹🇼","2","jap","🇹🇼 Facebook Profile Follower [TAIWAN] [Max: 350] [Refill: 30 Days] [Start Time: 1-12 Hour] [Speed: 50-100/Day]",,,"0",,,"1a45119a-fe5b-4aa0-98e8-69656cb0bab1","Yes"
"recommended","recommended-🇹🇼Taiwan","4","jap","🇹🇼Taiwan Traffic from YouTube [No Refill] [Max: 1M] [Start Time: 12 Hours] [Speed: 10K/Day]",,,"0",,,"3f375f01-1dd6-4c43-a130-a4713f5dff05","Yes"
"recommended","recommended-🇹🇼Taiwan","3","jap","🇹🇼Taiwan Traffic from Twitter [No Refill] [Max: 1M] [Start Time: 12 Hours] [Speed: 10K/Day]",,,"0",,,"ae2cfb64-9b22-41fd-852b-44fbf75f4bf4","Yes"
"recommended","recommended-🇹🇼Taiwan","2","jap","🇹🇼Taiwan Traffic from Instagram [No Refill] [Max: 1M] [Start Time: 12 Hours] [Speed: 10K/Day]",,,"0",,,"9725f099-d265-4d98-a91f-ec5f0bdbc004","Yes"
"recommended","recommended-🇹🇼Taiwan","1","jap","🇹🇼Taiwan Traffic from Facebook [No Refill] [Max: 1M] [Start Time: 12 Hours] [Speed: 10K/Day]",,,"0",,,"5e5e65a6-0968-4764-8ca3-82605b48f62b","Yes"
"recommended","recommended-🇺🇦","1","smmwiz","🇺🇦 YouTube Social Shares [ Ukraine ]",,,"0",,,"2dd687f7-9df7-488a-9f0d-8881042de3f5","No"
"recommended","recommended-🇺🇦TikTok","1","jap","🇺🇦TikTok Comment [CUSTOM RANDOM - UKRAINE] [Refill: 30 Days] [Max: 160K] [Start Time: 1 Hour] [Speed: 500/Day] ♻️",,,"0",,,"4764df55-7435-4e69-aa53-940ff514db52","Yes"
"recommended","recommended-🇺🇦Ukraine","1","jap","🇺🇦Ukraine Traffic from Facebook [No Refill] [Max: 1M] [Start Time: 12 Hours] [Speed: 10K/Day]",,,"0",,,"98fedaed-d534-4a07-966a-23e3f00263d4","Yes"
"recommended","recommended-🇺🇦Ukraine","2","jap","🇺🇦Ukraine Traffic from Instagram [No Refill] [Max: 1M] [Start Time: 12 Hours] [Speed: 10K/Day]",,,"0",,,"8df22458-4da7-4baf-81b2-d21c104df559","Yes"
"recommended","recommended-🇺🇦Ukraine","3","jap","🇺🇦Ukraine Traffic from Twitter [No Refill] [Max: 1M] [Start Time: 12 Hours] [Speed: 10K/Day]",,,"0",,,"874dcf1a-f3b0-4e88-a4a4-381cd7096f6b","Yes"
"recommended","recommended-🇺🇦Ukraine","4","jap","🇺🇦Ukraine Traffic from YouTube [No Refill] [Max: 1M] [Start Time: 12 Hours] [Speed: 10K/Day]",,,"0",,,"9e27b930-67d6-45d9-97ed-86dbe5afcec0","Yes"
"recommended","recommended-🇺🇸","3","smmwiz","🇺🇸 Twitter USA Retweet | Max 100K ⎜100% HQ Users⎜R90 | Non Drop | 2K/D ⛔",,,"0",,,"ae2063a9-efa8-4825-b754-f36cd9a77619","No"
"recommended","recommended-🇺🇸","2","jap","🇺🇸 USA Website Traffic [FB, IG, YT, X, Tiktok, Google, Reddit] [ [Max: 1M] [Start Time: 0-3 Hrs] [Speed: Up to 50K/D] 💧⛔",,,"0",,,"01b1d32b-1997-4df9-838d-296842e60088","No"
"recommended","recommended-🇺🇸","4","jap","🇺🇸 Facebook Comment Like [USA] [Refill: 30D] [Max: 500K] [Start Time: 0-6 Hours] [Speed: 50K/D]💧",,,"0",,,"6a39dd7a-94af-41f0-9900-a60603f5a1b4","Yes"
"recommended","recommended-🇺🇸","5","jap","🇺🇸 YouTube USA Social Shares [Refill: Lifetime] [Max: 10K] [Start Time: 0 - 1 Hour] [Speed: 10K/Day]",,,"0",,,"07bad16a-91fc-4e81-ae4b-d825b3e3685c","Yes"
"recommended","recommended-🇺🇸","1","jap","🇺🇸 Instagram Auto REPOST [Max: 100K] [Start Time: 0 -1 Hr] [Speed: Up to 50K/D]💧⛔",,,"0",,,"2ae89361-7f0d-451a-af6e-586dc432a90b","No"
"recommended","recommended-🇺🇸Facebook","1","jap","🇺🇸Facebook Post Reaction [Angry] [USA] [Max: 3K] [Refill: 30 Days] [Start Time: 0 - 1 Hour] [Speed: 300/Day]",,,"0",,,"564ac546-f220-458a-b7e5-6a794a09ebfb","Yes"
"recommended","recommended-🇺🇸Instagram","1","jap","🇺🇸Instagram Subscription [USA] [15 Days] [100 Followers] [100 Likes/Comments/Views/Saves on Each Post] [Start Time: Instant] [Speed: 100/Day - 15 Days]",,,"0",,,"f0225e8e-e422-4610-b799-174a67eeb675","No"
"recommended","recommended-🇺🇸Twitter","1","jap","🇺🇸Twitter [USA] [100 Retweets 200 Likes 25 Comments] [PACKAGE HQ] [Speed: 24 Hours Delivery]",,,"0",,,"8e571828-37f1-48e8-a40e-fe3a4528bb13","No"
"recommended","recommended-🇺🇸USA","1","jap","🇺🇸USA Traffic from Facebook [Refill: No] [Max: 1M] [Start Time: 0 - 12 Hours] [Speed: 10K/Day]💧",,,"0",,,"a47f63a8-b342-4cb2-bef4-233094242e80","Yes"
"recommended","recommended-🇺🇸USA","2","jap","🇺🇸USA Traffic from Instagram [Refill: No] [Max: 1M] [Start Time: 0 - 12 Hours] [Speed: 10K/Day] 💧",,,"0",,,"77f3690b-5cfe-4ceb-a246-be7d8fb339cd","Yes"
"recommended","recommended-🇺🇸USA","3","jap","🇺🇸USA Traffic from Twitter [Refill: No] [Max: 1M] [Start Time: 0 - 12 Hours] [Speed: 10K/Day] 💧",,,"0",,,"ea9e12b5-0939-4a02-85f0-31c51411ca3e","Yes"
"recommended","recommended-🇺🇸USA","4","jap","🇺🇸USA Traffic from YouTube [Refill: No] [Max: 1M] [Start Time: 0 - 12 Hours] [Speed: 10K/Day] 💧",,,"0",,,"8a3c9c75-a6bc-421f-8a72-31d37ff389fe","Yes"
"recommended","recommended-🇺🇸YouTube","1","jap","🇺🇸YouTube Comment Reply [CUSTOM] [USA] [LIFETIME GUARANTEED] [Max: 2K] [Start Time: 0-1 Hour] [Speed: 2K/Day] ⚡⭐ ♻️",,,"0",,,"b0796459-c21c-460b-b9c5-77d37f2cfb16","Yes"
"recommended","recommended-🇺🇾","1","smmwiz","🇺🇾 YouTube Social Shares [ Uruguay ]",,,"0",,,"09d10206-7572-43b9-a5e3-e383ec7f25b0","No"
"recommended","recommended-🇺🇿","1","smmwiz","🇺🇿 YouTube Unique Viewers - Uzbekistan [TRU™ Titan - Targeted Real Users]",,,"0",,,"a5c7ec6d-06e6-4a5e-9203-83dfbc3e7b29","No"
"recommended","recommended-🇻🇪","1","smmwiz","🇻🇪 YouTube Social Shares [ Venezuela ]",,,"0",,,"93bc0b34-47af-42b5-a8ef-75144d6faac7","No"
"recommended","recommended-🇻🇳","3","smmwiz","🇻🇳 Facebook - Post 𝐋𝐢𝐤𝐞𝐬 (👍) 𝑴𝒂𝒍𝒆 - Vietnam - Non Drop - 200-300/Day | 30 Days Refill",,,"0",,,"3f9924b5-4896-488f-8072-e8b0df447e47","Yes"
"recommended","recommended-🇻🇳","1","jap","🇻🇳 VIETNAM Website Traffic [FB, IG, YT, X, Tiktok, Google, Reddit] [ [Max: 1M] [Start Time: 0-3 Hrs] [Speed: Up to 50K/D] 💧⛔",,,"0",,,"684cb6fe-13b9-4a14-94e0-736cfe18f9f1","No"
"recommended","recommended-🇻🇳","2","smmwiz","🇻🇳 YouTube Social Shares [ Vietnam ]",,,"0",,,"6a44c415-c654-41ba-b76d-f3563e405ccd","No"
"recommended","recommended-🇻🇳Vietnam","1","jap","🇻🇳Vietnam Traffic from Facebook [No Refill] [Max: 1M] [Start Time: 12 Hours] [Speed: 10K/Day]",,,"0",,,"c36796a5-07e7-466d-bd20-6f8a29c43045","Yes"
"recommended","recommended-🇻🇳Vietnam","4","jap","🇻🇳Vietnam Traffic from YouTube [No Refill] [Max: 1M] [Start Time: 12 Hours] [Speed: 10K/Day]",,,"0",,,"7a7d6535-ca56-4e97-9b7f-d7029724a860","Yes"
"recommended","recommended-🇻🇳Vietnam","2","jap","🇻🇳Vietnam Traffic from Instagram [No Refill] [Max: 1M] [Start Time: 12 Hours] [Speed: 10K/Day]",,,"0",,,"ef9294bd-39d4-4762-b666-2c8ed671c50d","Yes"
"recommended","recommended-🇻🇳Vietnam","3","jap","🇻🇳Vietnam Traffic from Twitter [No Refill] [Max: 1M] [Start Time: 12 Hours] [Speed: 10K/Day]",,,"0",,,"d18290e0-dedd-4b46-ae5f-98d422e80cb1","Yes"
"recommended","recommended-🇽🇰","1","smmwiz","🇽🇰 YouTube Unique Viewers - Kosovo [TRU™ Titan - Targeted Real Users]",,,"0",,,"fd94387b-509d-4541-9aa8-99c29439eb34","No"
"recommended","recommended-🇿🇦","1","smmwiz","🇿🇦 YouTube Social Shares [ South Africa ]",,,"0",,,"0e26af40-c2d5-4ea1-85c7-56628b94352a","No"
"recommended","recommended-🌎","1","jap","🌎 WW Instagram Growth Package [50] [30 Days]",,,"0",,,"537652a5-7463-4801-9459-19472375277c","No"
"recommended","recommended-🌎","2","jap","🌎 WW Website Traffic [FB, IG, YT, X, Tiktok, Google, Reddit] [ [Max: 1M] [Start Time: 0-3 Hrs] [Speed: Up to 50K/D] 💧⛔",,,"0",,,"54d1e58b-2d4a-49e9-af12-8c7522c2a834","No"
"recommended","recommended-🏆","1","smmwiz","🏆 YouTube Authority Stack - 16 Premium Video Embeds &amp;amp; Backlinks [Cloud • EDU • Web 2.0 • DA 70-95+] [Custom Keywords]",,,"0",,,"143f40fd-6714-4590-86ae-89865644352d","No"
"recommended","recommended-🐥","1","smmwiz","🐥 S34 - Twitter NFT Follower | 100% Female Users | Max 500 | No guarantee | Quick Starts | 5K per day",,,"0",,,"a1616f3c-0e08-42fc-9b77-e0201f5ea554","No"
"recommended","recommended-💙🇮🇶","1","smmwiz","💙🇮🇶 IRAQ Mix Instagram Like HQ 1K (Mobil App)",,,"0",,,"77a12855-1e75-4590-8e32-8d86009a6eed","No"
"recommended","recommended-💙Pakistan","1","smmwiz","💙Pakistan Mix Instagram Like HQ 1K (Mobil App)",,,"0",,,"1ce8e2f7-c9d6-48c6-918c-4e2bf4d44286","No"
"recommended","recommended-🔵Facebook","1","smmwiz","🔵Facebook - PHOTO/POST  Haha React😁[100%PHILIPPINES🇵🇭] [⚡️Speed:10K/Day] [🎯Instant]🔥FAST🔥",,,"0",,,"261a4c99-eaba-4e05-8823-2781b3942061","No"
"recommended","recommended-🔺","1","smmwiz","🔺 Youtube Watchtime [1K = 1000 Hours] [Minimum 60 Minutes Video - R30] [ New speed 500/Day]",,,"0",,,"56f1ec94-48be-4a8d-bd2e-15120701a577","No"
"recommended","recommended-🗣️","1","smmwiz","🗣️ YouTube Unique Viewers - Arabic Speakers [TRU™ Titan - Targeted Real Users]",,,"0",,,"21fb276a-86bd-4f67-9efb-ee424723114e","No"
"recommended","recommended-🚨🚨","1","smmwiz","🚨🚨 Facebook Page Like and Follows [Emergency Fast Server] [High Quality] [30 Days] [𝑭𝒂𝒔𝒕𝒆𝒔𝒕]",,,"0",,,"92b0009f-0a97-4732-9b4d-f7fb73fce598","No"
"recommended","recommended-Advanced","1","jap","Advanced Pack [65-72 Comments + 18-20 Followers + 120-130 Post Likes] [Start Time: 2 Hours] [Speed: 24 Hours Delivery]",,,"0",,,"36fe64da-1066-46a6-9198-5865ecaa0f9f","No"
"recommended","recommended-Allinone","1","smmwiz","All-in-one Facebook",,,"0",,,"032144a7-19e5-4909-b459-136b827d3513","No"
"recommended","recommended-Allinone","2","smmwiz","All-in-one Instagram (without Reels)",,,"0",,,"0da52ad6-a068-44fc-854b-efb4bb7db195","No"
"recommended","recommended-Allinone","3","smmwiz","All-in-one Telegram",,,"0",,,"80ee679d-16a9-447f-8892-f0f5ace1400f","No"
"recommended","recommended-Allinone","4","smmwiz","All-in-one TikTok",,,"0",,,"f66cc931-9c13-46f7-8ba2-5892170600b9","No"
"recommended","recommended-Allinone","5","smmwiz","All-in-one Youtube (without a subscription)",,,"0",,,"ec6351a0-6edf-44bf-a799-5c96f8538af8","No"
"recommended","recommended-Argentina","1","smmwiz","Argentina Traffic from Facebook",,,"0",,,"da235b45-03ce-46a1-9697-b6f814041823","No"
"recommended","recommended-Argentina","2","smmwiz","Argentina Traffic from Instagram",,,"0",,,"b8bd7e73-9a8a-4e9b-ad52-261f16d8d562","No"
"recommended","recommended-Argentina","3","smmwiz","Argentina Traffic from Twitter",,,"0",,,"7db3099a-dafd-4398-930d-35a7abacb6b2","No"
"recommended","recommended-Argentina","4","smmwiz","Argentina Traffic from YouTube",,,"0",,,"5f71cdc3-1688-4b7b-a1b7-b1aea143683c","No"
"recommended","recommended-Australia","3","smmwiz","Australia Traffic from Twitter",,,"0",,,"c3b25884-e42f-4bca-af4c-f426d2ad4d27","No"
"recommended","recommended-Australia","2","smmwiz","Australia Traffic from Instagram",,,"0",,,"e2db5f3c-9b27-46a2-94aa-5a8e4f2039ae","No"
"recommended","recommended-Australia","1","smmwiz","Australia Traffic from Facebook",,,"0",,,"56150d93-7fcc-4aca-a4ce-6b90c4eecdf2","No"
"recommended","recommended-Australia","4","smmwiz","Australia Traffic from YouTube",,,"0",,,"869e5ec8-613f-45fd-940a-9ea20969fca8","No"
"recommended","recommended-Auto","1","smmwiz","Auto 12322",,,"0",,,"43990328-1c6a-4589-b09c-9eda7505ffb9","No"
"recommended","recommended-Auto","2","smmwiz","Auto 2416",,,"0",,,"0346e41b-28a5-43f7-b75a-14208967cbee","No"
"recommended","recommended-Bangladesh","3","smmwiz","Bangladesh Traffic from Twitter",,,"0",,,"8a8adcc7-e71d-4a0f-bbcc-49c841302c56","No"
"recommended","recommended-Bangladesh","2","smmwiz","Bangladesh Traffic from Instagram",,,"0",,,"daee94ad-aee0-4b27-9178-3240fca6f152","No"
"recommended","recommended-Bangladesh","1","smmwiz","Bangladesh Traffic from Facebook",,,"0",,,"c5fd6f2f-2c17-40f1-8a71-42c235f74b80","No"
"recommended","recommended-Bangladesh","4","smmwiz","Bangladesh Traffic from YouTube",,,"0",,,"d33cb418-28fe-4890-aec1-ca271b3f995e","No"
"recommended","recommended-Brazil","1","smmwiz","Brazil Traffic from Facebook [LQ]",,,"0",,,"79e22cbf-d0ba-491a-9a5c-5c2fb9bbd9f0","No"
"recommended","recommended-Brazil","3","smmwiz","Brazil Traffic from Twitter [LQ]",,,"0",,,"485e8d9e-c774-4d61-a86e-459a0a4db7c3","No"
"recommended","recommended-Brazil","4","smmwiz","Brazil Traffic from YouTube [LQ]",,,"0",,,"c1882bc5-3ede-42b5-a421-36c56898fa26","No"
"recommended","recommended-Brazil","2","smmwiz","Brazil Traffic from Instagram [LQ]",,,"0",,,"4b3d60f8-e65a-4395-bdae-ad1719039bbb","No"
"recommended","recommended-Canada","3","smmwiz","Canada Traffic from Twitter [LQ]",,,"0",,,"9a6176ba-4f12-4721-9822-575ecc02cb03","No"
"recommended","recommended-Canada","4","smmwiz","Canada Traffic from YouTube [LQ]",,,"0",,,"ab0739ca-1aba-4a9a-91aa-08dff05f80c5","No"
"recommended","recommended-Canada","1","smmwiz","Canada Traffic from Facebook [LQ]",,,"0",,,"f2da770c-4689-462d-a026-45a924a1bab2","No"
"recommended","recommended-Canada","2","smmwiz","Canada Traffic from Instagram [LQ]",,,"0",,,"687d10e9-f467-4fc5-a68c-340581227695","No"
"recommended","recommended-China","1","smmwiz","China Traffic from YouTube",,,"0",,,"234cab7a-cc77-40ce-9466-8b368ed5c4b9","No"
"recommended","recommended-Colombia","1","smmwiz","Colombia Traffic from Facebook",,,"0",,,"7014520b-f6d7-4dd3-a963-188519b3bc71","No"
"recommended","recommended-Colombia","4","smmwiz","Colombia Traffic from YouTube",,,"0",,,"1a066e20-1637-41e1-bd9d-35b76ef99a1d","No"
"recommended","recommended-Colombia","3","smmwiz","Colombia Traffic from Twitter",,,"0",,,"62cd481e-b62f-4af6-8d34-8ea0aabed7af","No"
"recommended","recommended-Colombia","2","smmwiz","Colombia Traffic from Instagram",,,"0",,,"e3f97d7d-903a-418a-a71b-294705a0e331","No"
"recommended","recommended-Comments","3","jap","Tiktok Comments [3 HQ Random Comments] [Max: 3] [Start Time: 0-1 Hour] [Finishes in 3 Hours]",,,"0",,,"abddb037-d1bd-4253-b0bc-5776ff4df5c4","No"
"recommended","recommended-Comments","1","smmwiz","Facebook Random Comments [Cancel Enabled] [10-50K/D] [0-1/H]",,,"0",,,"3789fc1f-0954-467b-b029-c03aebcf22ed","No"
"recommended","recommended-Comments","4","smmwiz","Twitter Random Comments [Real] [World Wide] [1K/D] [0-1/H]",,,"0",,,"0109ed51-1501-4c97-830c-13026053a312","No"
"recommended","recommended-Comments","2","smmwiz","Instagram Comments | 3 Comments | MQ | Random | Emojis | Fast",,,"0",,,"ffe5e007-22de-4cd7-b60b-e71605f53962","No"
"recommended","recommended-Comments","5","jap","Youtube Comments [10 HQ Random Comments] [Max: 10] [Start Time: 0-1 Hour] [Finishes in 3 Hours]",,,"0",,,"e9d7d709-d614-4202-be97-b3067c254ced","No"
"recommended","recommended-Czech","2","smmwiz","Czech Republic Traffic from Instagram [LQ]",,,"0",,,"77aa368b-4515-492b-ad7a-e3c63f983147","No"
"recommended","recommended-Czech","3","smmwiz","Czech Republic Traffic from Twitter [LQ]",,,"0",,,"7fe9e7bc-bad4-4ad3-8421-cabd477011e0","No"
"recommended","recommended-Czech","4","smmwiz","Czech Republic Traffic from YouTube [LQ]",,,"0",,,"02f74a81-af3e-4dd4-a300-cde0ba07636e","No"
"recommended","recommended-Czech","1","smmwiz","Czech Republic Traffic from Facebook [LQ]",,,"0",,,"8777c423-52db-4e4e-8cea-e2e5a753867f","No"
"recommended","recommended-Egypt","2","smmwiz","Egypt Traffic from Instagram",,,"0",,,"394ccad1-48e0-4df2-8fe9-3d890c9e8d55","No"
"recommended","recommended-Egypt","1","smmwiz","Egypt Traffic from Facebook",,,"0",,,"c82cc785-4113-4be2-a203-bb5eec351aa8","No"
"recommended","recommended-Egypt","4","smmwiz","Egypt Traffic from YouTube",,,"0",,,"a6ddc8a5-f575-4515-89e3-adfab80fe202","No"
"recommended","recommended-Egypt","3","smmwiz","Egypt Traffic from Twitter",,,"0",,,"d6992977-2d7c-4ed9-a2b4-63c810d46ae6","No"
"recommended","recommended-Engagement","2","smmwiz","Youtube Organic Monthly Engagement",,,"0",,,"87c8cef1-b5d3-4157-9cca-a452964c59c1","No"
"recommended","recommended-Engagement","1","smmwiz","Instagram Shares + Engagement",,,"0",,,"a26e400a-4e7d-4de9-9cd9-6304c716fda8","No"
"recommended","recommended-Engagement","3","jap","Twitter Impression + Profile Visits + Engagement [Refill: No] [Max: 100M] [Start Time: 0-1 Hr] [Speed: 10M/D] 💧",,,"0",,,"7ced7a17-e402-4991-af29-504bc334c5da","Yes"
"recommended","recommended-Facebook","1","smmwiz","Facebook Post Reaction Like [👍] [World Wide] [High Quality] [Instant]",,,"0",,,"82ebe244-da62-4af8-998d-895f06d0d349","No"
"recommended","recommended-Finland","2","smmwiz","Finland Traffic from Instagram",,,"0",,,"231049d2-6001-4c9c-b14d-8c6da8994f25","No"
"recommended","recommended-Finland","3","smmwiz","Finland Traffic from Twitter",,,"0",,,"f8a09776-f8d6-4038-8ab8-771fea4160a9","No"
"recommended","recommended-Finland","4","smmwiz","Finland Traffic from YouTube",,,"0",,,"e29e5ff0-17d5-491c-90ce-b1159fc02d13","No"
"recommended","recommended-Finland","1","smmwiz","Finland Traffic from Facebook",,,"0",,,"d54e856e-c7e7-427d-a206-1ea7bff75ecb","No"
"recommended","recommended-Followers","1","smmwiz","Facebook Page Likes and Followers [High Quality] [Almost No Drop] [Instant]",,,"0",,,"e0be3630-7e4b-4a98-9061-58999f4f0cba","No"
"recommended","recommended-Followers","3","jap","🇧🇪Spotify BELGIUM Followers [12H - 15K/Day]",,,"0",,,"8a5d9dcd-a318-42de-b345-a32083f23185","No"
"recommended","recommended-Followers","2","smmwiz","Instagram Followers [All Flag Types] [High Quality + Real] [Low Drop] [20-50K/D] [0-1/H]",,,"0",,,"50d986aa-2846-452d-aee2-fa8e3e2c4d41","No"
"recommended","recommended-Followers","5","jap","Twitter Followers",,,"0",,,"1dcf3c35-4f92-4dbe-830c-e0c870616cc2","No"
"recommended","recommended-Followers","4","jap","TikTok Followers — Fast",,,"0",,,"f7549186-d38d-4958-a788-da8c98e329b3","No"
"recommended","recommended-France","4","smmwiz","France Traffic from YouTube [LQ]",,,"0",,,"c45b1a4f-be85-416b-aee6-8bc8eef0a5dc","No"
"recommended","recommended-France","3","smmwiz","France Traffic from Twitter [LQ]",,,"0",,,"b1dbc4cb-2788-4654-acd4-108d4ba700bf","No"
"recommended","recommended-France","2","smmwiz","France Traffic from Instagram [LQ]",,,"0",,,"f7f44d0d-75a8-4331-aae9-b74853e459b7","No"
"recommended","recommended-France","1","smmwiz","France Traffic from Facebook [LQ]",,,"0",,,"47cf6c33-27b8-4842-8ecb-2b4cf152d994","No"
"recommended","recommended-Germany","3","smmwiz","Germany Traffic from Twitter [LQ]",,,"0",,,"abd48f36-5f5c-429d-829f-13e6903aa954","No"
"recommended","recommended-Germany","4","smmwiz","Germany Traffic from YouTube [LQ]",,,"0",,,"0c230948-5826-482d-845e-6520b33b86e8","No"
"recommended","recommended-Germany","1","smmwiz","Germany Traffic from Facebook [LQ]",,,"0",,,"3ae4c3d2-327e-497d-be17-7a75683da906","No"
"recommended","recommended-Germany","2","smmwiz","Germany Traffic from Instagram [LQ]",,,"0",,,"6427783c-25df-4294-bd54-0cd219db434b","No"
"recommended","recommended-Hong","2","smmwiz","Hong Kong Traffic from Instagram",,,"0",,,"bf106067-cc1e-499b-af9d-84bcb7d0b6c8","No"
"recommended","recommended-Hong","3","smmwiz","Hong Kong Traffic from Twitter",,,"0",,,"72c35269-197a-4eb9-85ed-96cb6a80566e","No"
"recommended","recommended-Hong","1","smmwiz","Hong Kong Traffic from Facebook",,,"0",,,"83f018b0-679a-419f-a8ac-89423a57277d","No"
"recommended","recommended-Hong","4","smmwiz","Hong Kong Traffic from YouTube",,,"0",,,"a8411390-5e41-49c8-880f-c180580e3060","No"
"recommended","recommended-Impressions","2","smmwiz","Twitter Impressions [Lifetime] [Instant]",,,"0",,,"cceac8e4-009a-4656-860a-fb5b3a7cc40b","No"
"recommended","recommended-Impressions","1","jap","Instagram Reel Impressions + Reach + Profile Visits [Max: 25K]",,,"0",,,"f4f64c0e-bc57-45b7-a3bc-4b5a426a505b","No"
"recommended","recommended-India","3","smmwiz","India Traffic from Tiktok [LQ]",,,"0",,,"3854ab8b-304e-4dce-a066-368de8d7aa58","No"
"recommended","recommended-India","4","smmwiz","India Traffic from Twitter [LQ]",,,"0",,,"f6045fc7-8cb7-4af3-b81f-97740f023c3e","No"
"recommended","recommended-India","1","smmwiz","India Traffic from Facebook [LQ]",,,"0",,,"0d904b27-95a7-427b-88da-ac2df1358af7","No"
"recommended","recommended-India","2","smmwiz","India Traffic from Instagram [LQ]",,,"0",,,"f9de2860-d794-4a9f-bc20-ce4796eb2a1b","No"
"recommended","recommended-India","5","smmwiz","India Traffic from YouTube [LQ]",,,"0",,,"16e27eec-57e2-4b1d-8598-bf6b4d373865","No"
"recommended","recommended-Indonesia","1","smmwiz","Indonesia Traffic from Facebook",,,"0",,,"30360d9d-68d1-40b1-83f4-6ed525449644","No"
"recommended","recommended-Indonesia","3","smmwiz","Indonesia Traffic from Twitter",,,"0",,,"10aba914-2dd1-415f-a9d4-17d3673501c1","No"
"recommended","recommended-Indonesia","2","smmwiz","Indonesia Traffic from Instagram",,,"0",,,"e3f6fd2e-b9c9-4831-930f-364f4cd1e1a4","No"
"recommended","recommended-Indonesia","4","smmwiz","Indonesia Traffic from YouTube",,,"0",,,"403693eb-998f-45c5-90ab-ec37731f068a","No"
"recommended","recommended-Influencer","1","jap","Influencer Pack [45-52 Comments + 15-18 Followers + 80-90 Post Likes] [Start Time: 2 Hours] [Speed: 24 Hours Delivery]",,,"0",,,"04a7e753-e6a6-41d5-80f0-78676baf21fb","No"
"recommended","recommended-Instagram","1","smmwiz","Instagram Shares - [ FASTEST ] SUPER INSTANT",,,"0",,,"d14af168-3d02-4e48-8aaa-ff89ce599117","No"
"recommended","recommended-Iran","4","smmwiz","Iran Traffic from YouTube",,,"0",,,"7691c6c6-bfef-441a-aa06-4eaa6fb90b43","No"
"recommended","recommended-Iran","3","smmwiz","Iran Traffic from Twitter",,,"0",,,"afd9e67c-53b3-4994-a93b-3abebe2ef72e","No"
"recommended","recommended-Iran","2","smmwiz","Iran Traffic from Instagram",,,"0",,,"5aa82326-4071-42b5-9c59-7ef8f18772cd","No"
"recommended","recommended-Iran","1","smmwiz","Iran Traffic from Facebook",,,"0",,,"903efead-c2aa-4a15-8ffe-dfcdccc9cf62","No"
"recommended","recommended-Ireland","1","smmwiz","Ireland Traffic from Facebook",,,"0",,,"c2c1abf6-04c2-48b0-9cd3-f6c864ddbd8e","No"
"recommended","recommended-Ireland","2","smmwiz","Ireland Traffic from Instagram",,,"0",,,"5dda74f8-b173-4b5b-8c17-a1f05f75a04b","No"
"recommended","recommended-Ireland","3","smmwiz","Ireland Traffic from Twitter",,,"0",,,"a672ccfe-05cd-4814-afc1-a5f3ff97c458","No"
"recommended","recommended-Ireland","4","smmwiz","Ireland Traffic from YouTube",,,"0",,,"9b999768-4c22-4fde-826c-40f7a676fe18","No"
"recommended","recommended-Israel","1","smmwiz","Israel Traffic from Facebook",,,"0",,,"b87d5c66-1137-4a3e-807e-a52be78f80c3","No"
"recommended","recommended-Israel","2","smmwiz","Israel Traffic from Instagram",,,"0",,,"93cd1c29-702a-4f0d-8c0e-8f15863b62e2","No"
"recommended","recommended-Israel","4","smmwiz","Israel Traffic from YouTube",,,"0",,,"c76b8e64-c8d5-48db-8aab-c9ffbcbd0402","No"
"recommended","recommended-Israel","3","smmwiz","Israel Traffic from Twitter",,,"0",,,"a7e7b1bf-88bb-4c31-ade9-37e14f4049bc","No"
"recommended","recommended-Italy","2","smmwiz","Italy Traffic from Instagram [LQ]",,,"0",,,"f5739ee9-3ed0-4f0d-86cc-356aadbe86e6","No"
"recommended","recommended-Italy","4","smmwiz","Italy Traffic from YouTube [LQ]",,,"0",,,"36d19c9c-13b4-410c-87b1-e3a62ba98d48","No"
"recommended","recommended-Italy","1","smmwiz","Italy Traffic from Facebook [LQ]",,,"0",,,"6feef4ca-fdc0-4c84-94e8-d623809fcfdb","No"
"recommended","recommended-Italy","3","smmwiz","Italy Traffic from Twitter [LQ]",,,"0",,,"fa7be58f-9f8f-4bf6-888c-abea7da86118","No"
"recommended","recommended-Japan","1","smmwiz","Japan Traffic from Facebook [LQ]",,,"0",,,"f911748c-8ab8-4dc4-8145-b965cad55709","No"
"recommended","recommended-Japan","2","smmwiz","Japan Traffic from Instagram [LQ]",,,"0",,,"c5d57e90-55d7-48cf-8338-d54946018051","No"
"recommended","recommended-Japan","4","smmwiz","Japan Traffic from YouTube [LQ]",,,"0",,,"ee9ed4ed-edfb-4a1c-a8e7-58ff85a8848c","No"
"recommended","recommended-Japan","3","smmwiz","Japan Traffic from Twitter [LQ]",,,"0",,,"35ad026c-298f-4720-8cd1-cdbdf14a46dd","No"
"recommended","recommended-Likes","1","smmwiz","Facebook Post Likes [High Quality] [Real] [50-100K/D] [0-1/H] [Different Service]",,,"0",,,"93feef13-3dc7-4442-a778-1f1692f1a692","No"
"recommended","recommended-Likes","2","smmwiz","Instagram Likes - [ SUPERFAST, 500k/day ] [ Max - 500k ] INSTANT",,,"0",,,"37d08130-0814-49e7-b07e-40f52f92b91f","No"
"recommended","recommended-Likes","3","smmwiz","Spotify Likes [Real] [World Wide] [1K/D] [0-1/H]",,,"0",,,"ace1434c-53d1-4368-9def-936ed8aabc0e","No"
"recommended","recommended-Likes","4","jap","Tiktok Live Likes [Max: 500K] [Start Time: 0 - 1 Hours] [Speed: 100K/Day] 💧",,,"0",,,"d4079bd4-5791-4acc-b8a6-e480d29ebb8c","No"
"recommended","recommended-Likes","5","smmwiz","Twitter Real Likes - [ Max - 5K ] [ High Quality ] [ LOW DROP ] ALWAYS INSTANT",,,"0",,,"f415613a-f47a-4d6e-abf1-dce4a220af76","No"
"recommended","recommended-Members","3","jap","Facebook Group Members [HQ] [Refill: 30D] [Max: 1M] [Start Time: 0 - 1 Hr] [Speed: Up to 50K/D]",,,"0",,,"c581e72a-67c4-4b36-a332-e93da7c2d87b","Yes"
"recommended","recommended-Members","2","jap","Telegram Channel Members",,,"0",,,"abddb6fc-0ad9-42aa-8266-bdcde4f87761","No"
"recommended","recommended-Members","1","jap","Discord Server Members [Username] [Start: 0 - 4 Hours] [Speed: 5K/Day]",,,"0",,,"615ab663-2d78-43bc-88d9-fee8b47b40d3","No"
"recommended","recommended-Messages","1","jap","Discord Messages [40 Daily Messages] [1 Week] [280+ Messages in Total] [Start Time: 0-24 Hours]",,,"0",,,"447560dc-469d-47be-8603-18d1d55abbc1","No"
"recommended","recommended-Mexico","2","smmwiz","Mexico Traffic from Instagram",,,"0",,,"43fed676-c1dd-412a-8a87-331aed95971b","No"
"recommended","recommended-Mexico","1","smmwiz","Mexico Traffic from Facebook",,,"0",,,"a9dbea6f-d8d6-48a1-9746-2d7dd75c09d1","No"
"recommended","recommended-Mexico","3","smmwiz","Mexico Traffic from Twitter",,,"0",,,"81578b5c-096a-470c-b406-3acc18ab1825","No"
"recommended","recommended-Mexico","4","smmwiz","Mexico Traffic from YouTube",,,"0",,,"88e0be24-2ebb-40c1-9ecd-0b2d68ef98d8","No"
"recommended","recommended-Micro","1","jap","Micro Pack [30-35 Comments + 11-13 Followers + 55-65 Post Likes] [Start Time: 2 Hours] [Speed: 24 Hours Delivery]",,,"0",,,"a9acf801-c72e-43af-a31d-bf41e30c1858","No"
"recommended","recommended-Moldova","3","smmwiz","Moldova Traffic from Twitter",,,"0",,,"f6b89f1f-83d8-487a-b623-4375dd0cbc92","No"
"recommended","recommended-Moldova","1","smmwiz","Moldova Traffic from Facebook",,,"0",,,"bc33ecbc-f441-4b94-b354-0b96dc010c29","No"
"recommended","recommended-Moldova","4","smmwiz","Moldova Traffic from YouTube",,,"0",,,"004e57ee-e5da-4163-9dcd-3694a933347f","No"
"recommended","recommended-Moldova","2","smmwiz","Moldova Traffic from Instagram",,,"0",,,"3d9f3e00-df62-4bb3-a3c8-8c0a80485908","No"
"recommended","recommended-Month","1","jap","1-Month Backlink [Dofollow] [In Website&amp;#039;s Entire Pages] [Instagram-Telegram-YouTube-Facebook-Twitter] [Speed 2-7 Days] - Level 1",,,"0",,,"363bfe17-8e1e-40f4-83de-703ad00aed86","No"
"recommended","recommended-Months","1","jap","3-Months Backlink [Dofollow] [In Website&amp;#039;s Entire Pages] [Instagram-Telegram-YouTube-Facebook-Twitter][Speed 2-7 Days] - Level 1",,,"0",,,"f224c879-40ce-402d-b04d-7af2281dbacd","No"
"recommended","recommended-Netherlands","1","smmwiz","Netherlands Traffic from Facebook [LQ]",,,"0",,,"f5ecfc38-552d-4034-8732-1c926b7fbb76","No"
"recommended","recommended-Netherlands","2","smmwiz","Netherlands Traffic from Instagram [LQ]",,,"0",,,"3f78e62c-a9a5-4e2e-9121-bc288642dfc4","No"
"recommended","recommended-Netherlands","3","smmwiz","Netherlands Traffic from Twitter [LQ]",,,"0",,,"addd3636-205d-461b-b220-590cfc707ddd","No"
"recommended","recommended-Netherlands","4","smmwiz","Netherlands Traffic from YouTube [LQ]",,,"0",,,"ccbe60cf-335f-4311-900c-1c974a95e053","No"
"recommended","recommended-NEW","2","smmwiz","NEW - YouTube Live Stream [✔ 15 Minute Concurrent Viewers] [Super Cheap] INSTANT",,,"0",,,"546e1807-70db-466d-8827-b51084d89ebc","No"
"recommended","recommended-NEW","1","smmwiz","NEW -- Twitter  Tweet Bundle ORGANİC Impression ",,,"0",,,"b71592ca-e08e-4c70-8127-31b0aaad8baa","No"
"recommended","recommended-Pakistan","4","smmwiz","Pakistan Traffic from YouTube [LQ]",,,"0",,,"344b90fe-9f31-4588-9f6a-44c7dfcfdba6","No"
"recommended","recommended-Pakistan","1","smmwiz","Pakistan Traffic from Facebook [LQ]",,,"0",,,"38fb485c-97f1-42c8-8337-b1ada98403c6","No"
"recommended","recommended-Pakistan","2","smmwiz","Pakistan Traffic from Instagram [LQ]",,,"0",,,"8f68ac8a-0f24-4f1d-809e-30aeffce12f7","No"
"recommended","recommended-Pakistan","3","smmwiz","Pakistan Traffic from Twitter [LQ]",,,"0",,,"475befdd-eaf0-4744-ba8c-f92cae64d4bc","No"
"recommended","recommended-Philippines","2","smmwiz","Philippines Traffic from Instagram",,,"0",,,"cd143482-cae3-4118-a271-78dab2e6af2f","No"
"recommended","recommended-Philippines","3","smmwiz","Philippines Traffic from Twitter",,,"0",,,"a08b5d25-120e-45df-8902-6343791ad0a5","No"
"recommended","recommended-Philippines","4","smmwiz","Philippines Traffic from YouTube",,,"0",,,"6c40c462-b996-47a0-90a1-def4d3688794","No"
"recommended","recommended-Philippines","1","smmwiz","Philippines Traffic from Facebook",,,"0",,,"28210332-d31d-4555-934d-1d87d9782acb","No"
"recommended","recommended-Plays","2","smmwiz","Spotify Real Playlist Plays - [ 5k-10k/day ] [ High Quality ]",,,"0",,,"a687c9ff-17e3-49b2-a9bc-71d8633ffa42","No"
"recommended","recommended-Plays","1","jap","Facebook Video Plays [Max: 100M] [Start Time: 0-1 Hr] [Speed: Up to 50K/D] 💧",,,"0",,,"780a2cfc-3404-408f-bd26-a867c92da049","No"
"recommended","recommended-Poland","2","smmwiz","Poland Traffic from  Instagram",,,"0",,,"aca5d5bf-5ddb-4c3b-ba14-718205de22d1","No"
"recommended","recommended-Poland","3","smmwiz","Poland Traffic from  Twitter",,,"0",,,"d1c1b319-a824-4618-999f-551b6d28e665","No"
"recommended","recommended-Poland","4","smmwiz","Poland Traffic from YouTube",,,"0",,,"a47415a5-4f3e-4b79-b972-60034d2f27ea","No"
"recommended","recommended-Poland","1","smmwiz","Poland Traffic from  Facebook",,,"0",,,"390b5f21-2a6c-42cc-b9ca-55cf38234239","No"
"recommended","recommended-Portugal","2","smmwiz","Portugal Traffic from Instagram",,,"0",,,"118fae70-b4ce-4227-b131-c3fdcf93e971","No"
"recommended","recommended-Portugal","1","smmwiz","Portugal Traffic from Facebook",,,"0",,,"cdd77f45-83b8-4db0-bf7d-7303e90b11b0","No"
"recommended","recommended-Portugal","4","smmwiz","Portugal Traffic from YouTube",,,"0",,,"96b7077b-8daf-434e-bdc9-b8911081e5f9","No"
"recommended","recommended-Portugal","3","smmwiz","Portugal Traffic from Twitter",,,"0",,,"3f70b4bc-89ba-406c-b214-9330d9a44870","No"
"recommended","recommended-Promo","1","jap","Promo Pack [8-12 Comments + 4-6 Followers + 20-25 Post Likes] [Start Time: 2 Hours] [Speed: 24 Hours Delivery]",,,"0",,,"09e6727e-73de-4ac7-8b9d-ab7fcc80bcbe","No"
"recommended","recommended-Reels","2","smmwiz","Facebook  Reels Share - [ 1k/day ] [ 30 Days Refill ] 6-12 HRS",,,"0",,,"0a2ea7ba-64dd-4c03-bc2d-c86ad7a51e70","Yes"
"recommended","recommended-Reels","1","smmwiz","Instagram Shares Reels with check",,,"0",,,"8aa5c321-4a63-46a8-b848-634bb025d4ff","No"
"recommended","recommended-Romania","2","smmwiz","Romania Traffic from Instagram [LQ]",,,"0",,,"26671378-6e29-4e3e-9972-e09dddb18e36","No"
"recommended","recommended-Romania","1","smmwiz","Romania Traffic from Facebook [LQ]",,,"0",,,"1edf61cd-e42e-4a67-8fe2-7c8c72cb9dc5","No"
"recommended","recommended-Romania","4","smmwiz","Romania Traffic from YouTube [LQ]",,,"0",,,"9d71418c-c8b1-4d5e-8682-cefae2838b6b","No"
"recommended","recommended-Romania","3","smmwiz","Romania Traffic from Twitter [LQ]",,,"0",,,"9c134685-ddad-4932-90ba-08a328644dbc","No"
"recommended","recommended-Russia","1","smmwiz","Russia Traffic from Facebook [LQ]",,,"0",,,"cbdf4033-52fd-4e5b-8f85-385cebe2f960","No"
"recommended","recommended-Russia","2","smmwiz","Russia Traffic from Instagram [LQ]",,,"0",,,"ca098790-cb13-4846-b225-81fc607f62ce","No"
"recommended","recommended-Russia","3","smmwiz","Russia Traffic from Twitter [LQ]",,,"0",,,"f5fe9e5c-3151-4414-8f1b-4b5ed81d316f","No"
"recommended","recommended-Russia","4","smmwiz","Russia Traffic from YouTube [LQ]",,,"0",,,"9f6e6ace-996b-447f-93aa-a59fbbdd1f2d","No"
"recommended","recommended-Saves","3","jap","TikTok Saves [Max: 100K] [Refill: 30D] [Start Time: 0 - 1 Hr] [Speed: 50K/Day] 💧",,,"0",,,"7626766c-194b-4e80-8738-eb397e55c8a3","Yes"
"recommended","recommended-Saves","2","jap","🇸🇪Spotify SWEDEN Saves [For Track] [12H - 15K/Day]",,,"0",,,"393b00bd-7bd4-4643-9b6f-c68cf1d18820","No"
"recommended","recommended-Saves","1","jap","Instagram Saves [Max: 100K] [Start Time: 0-1 Hour] [Speed: 100K/Day] 💧",,,"0",,,"db05aad7-99ee-4310-91eb-cfa304de3b68","No"
"recommended","recommended-Singapore","1","smmwiz","Singapore Traffic from Facebook",,,"0",,,"b5e35355-9b65-4e96-aeb9-f8a6817d6254","No"
"recommended","recommended-Singapore","3","smmwiz","Singapore Traffic from Twitter",,,"0",,,"29e744fd-ecee-4ef7-bf05-5dd3e5ff7004","No"
"recommended","recommended-Singapore","4","smmwiz","Singapore Traffic from YouTube",,,"0",,,"ca5dc96c-0818-4943-8f9c-d38573282a14","No"
"recommended","recommended-Singapore","2","smmwiz","Singapore Traffic from Instagram",,,"0",,,"e8b59564-a4cd-4282-97a5-d3521fb3b165","No"
"recommended","recommended-Social","1","jap","Social Signals [Facebook] [Max: 500K] [Start Time: 0 - 1 Hour] [Speed: 10K/Day]",,,"0",,,"cb407f84-a431-4915-8b4e-433a291ba1cd","No"
"recommended","recommended-South","1","smmwiz","South Korea Traffic from Facebook [LQ]",,,"0",,,"633a4c4e-7af9-469a-93ed-87f2b22b9779","No"
"recommended","recommended-South","2","smmwiz","South Korea Traffic from Instagram [LQ]",,,"0",,,"813616b9-70ba-4ae0-9ff4-350eecc8c4a4","No"
"recommended","recommended-South","3","smmwiz","South Korea Traffic from Twitter [LQ]",,,"0",,,"ec91c69e-001e-4d2c-84e7-99a5972ec63a","No"
"recommended","recommended-South","4","smmwiz","South Korea Traffic from YouTube [LQ]",,,"0",,,"40ffb3a9-3150-4e61-a1a2-e331638a0a85","No"
"recommended","recommended-Spain","4","smmwiz","Spain Traffic from YouTube [LQ]",,,"0",,,"6a90f8f6-0b8b-45a2-b4fb-73a541d75187","No"
"recommended","recommended-Spain","1","smmwiz","Spain Traffic from Facebook [LQ]",,,"0",,,"1094b06a-2235-436e-b602-f9872ed75f5c","No"
"recommended","recommended-Spain","2","smmwiz","Spain Traffic from Instagram [LQ]",,,"0",,,"3fe6ee5e-d044-4540-9f4f-0afdf8d70f44","No"
"recommended","recommended-Spain","3","smmwiz","Spain Traffic from Twitter [LQ]",,,"0",,,"370db611-46f2-46a4-95ae-c16d0c277f4b","No"
"recommended","recommended-Spotify","1","jap","Spotify Monthly Listeners [ No Refill ] [USA 🇺🇸] [Start Time: 1 - 12 Hrs][Speed: Up to 10K/D] 💧",,,"0",,,"00e63ff3-d58f-4e7b-99b0-dcceab4de14a","Yes"
"recommended","recommended-Starter","1","jap","Starter Pack [15-20 Comments + 7-10 Followers + 35-45 Post Likes] [Start Time: 2 Hours] [Speed: 24 Hours Delivery]",,,"0",,,"801c59dc-829b-4d0b-bd8b-a5426c41d479","No"
"recommended","recommended-Subscribers","1","jap","YouTube Subscribers",,,"0",,,"d95d139b-7d65-4d1d-b341-d2f9d8526787","No"
"recommended","recommended-Sweden","4","smmwiz","Sweden Traffic from YouTube",,,"0",,,"05cf60f9-fb72-431b-86a0-224f0d273282","No"
"recommended","recommended-Sweden","2","smmwiz","Sweden Traffic from Instagram",,,"0",,,"e63cba96-83ca-4c06-9a2a-93610600c85e","No"
"recommended","recommended-Sweden","1","smmwiz","Sweden Traffic from Facebook",,,"0",,,"01d17d34-89b5-439e-8651-0c2b7261a1e0","No"
"recommended","recommended-Sweden","3","smmwiz","Sweden Traffic from Twitter",,,"0",,,"5be78e64-9bd8-4037-88a4-e58bd64ffb0d","No"
"recommended","recommended-Switzerland","4","smmwiz","Switzerland Traffic from YouTube",,,"0",,,"7b355c52-afff-44b2-b3f9-e9cc2d930488","No"
"recommended","recommended-Switzerland","3","smmwiz","Switzerland Traffic from Twitter",,,"0",,,"5b3354cd-38ec-457d-8faf-1bc457b69879","No"
"recommended","recommended-Switzerland","2","smmwiz","Switzerland Traffic from Instagram",,,"0",,,"424963ba-0862-4289-ba14-0ab179ae52d6","No"
"recommended","recommended-Switzerland","1","smmwiz","Switzerland Traffic from Facebook",,,"0",,,"56c3c3fa-08eb-4beb-aaaf-c84e7d6a1978","No"
"recommended","recommended-Taiwan","3","smmwiz","Taiwan Traffic from Twitter [LQ]",,,"0",,,"662c1430-144d-451e-b61c-2b9cfe11d80c","No"
"recommended","recommended-Taiwan","2","smmwiz","Taiwan Traffic from Instagram [LQ]",,,"0",,,"76df787d-07e0-4e8f-bc28-ac24ac876333","No"
"recommended","recommended-Taiwan","4","smmwiz","Taiwan Traffic from YouTube [LQ]",,,"0",,,"786ca72e-cc71-42b3-ad94-2b2d0dc5481b","No"
"recommended","recommended-Taiwan","1","smmwiz","Taiwan Traffic from Facebook",,,"0",,,"28999526-c463-4768-90b0-a1431529ae79","No"
"recommended","recommended-Telegram","1","jap","Telegram Auto Post View [Last 5 Posts] [MONTHLY PACKAGE]",,,"0",,,"45642fff-8d43-4339-b8af-c714a8bd9851","No"
"recommended","recommended-Thailand","4","smmwiz","Thailand Traffic from YouTube [LQ]",,,"0",,,"1b882621-ab76-48c1-bca7-b08fe5fb1f93","No"
"recommended","recommended-Thailand","3","smmwiz","Thailand Traffic from Twitter [LQ]",,,"0",,,"72c6c40b-fc03-44b9-898e-d3aa0e54965a","No"
"recommended","recommended-Thailand","2","smmwiz","Thailand Traffic from Instagram [LQ]",,,"0",,,"b38a8fcb-6190-4da9-8f2c-4b2e4e4e0435","No"
"recommended","recommended-Thailand","1","smmwiz","Thailand Traffic from Facebook [LQ]",,,"0",,,"1aeefecd-542a-4710-9349-d1e30f6d9551","No"
"recommended","recommended-Threads","1","jap","Threads Shares [Real] [NO DROP] [Max: 20k] [Start Time: 0-3 Hours] [Speed: Up to 2k/Day]",,,"0",,,"f9f77c12-ca86-4b4f-a666-3a3ab906a5a5","No"
"recommended","recommended-Tiktok","1","jap","Tiktok Live Shares [Max: 10M] [Start Time: 0 - 3 Hrs] [Speed: 250K/D] 💧",,,"0",,,"7a501098-0c0c-4367-af72-29e3b761804d","No"
"recommended","recommended-Turkey","1","smmwiz","Turkey Traffic from Facebook [LQ]",,,"0",,,"e9b0ba90-3548-475b-928d-68b83023cd37","No"
"recommended","recommended-Turkey","2","smmwiz","Turkey Traffic from Instagram [LQ]",,,"0",,,"ef00e78b-d675-4923-a1ce-b9ecd0dd93c9","No"
"recommended","recommended-Turkey","4","smmwiz","Turkey Traffic from YouTube [LQ]",,,"0",,,"cb616e0f-0d71-4a19-b607-92120144bd49","No"
"recommended","recommended-Turkey","3","smmwiz","Turkey Traffic from Twitter [LQ]",,,"0",,,"018192cf-fe4a-4c99-a89a-ea24614a1cd1","No"
"recommended","recommended-Twitter","1","smmwiz","Twitter - X Profile Click",,,"0",,,"e038c653-2128-40f6-9506-4981950af941","No"
"recommended","recommended-TwitterX","1","smmwiz","Twitter-X  Detail Click",,,"0",,,"6f093255-dc0e-4cb3-93b3-e1184c4ffdbb","No"
"recommended","recommended-UK","4","smmwiz","UK Traffic from YouTube [LQ]",,,"0",,,"30c3a016-afdb-4f74-aae5-88300801ab00","No"
"recommended","recommended-UK","3","smmwiz","UK Traffic from Twitter [LQ]",,,"0",,,"846ce0c1-9c6a-4fd4-a5c1-63e1290d67c3","No"
"recommended","recommended-UK","2","smmwiz","UK Traffic from Instagram [LQ]",,,"0",,,"f26499c6-c254-4a7a-b645-aa48eb7ccda8","No"
"recommended","recommended-UK","1","smmwiz","UK Traffic from Facebook [LQ]",,,"0",,,"1f82e254-6019-4bac-acde-1bcc61810f51","No"
"recommended","recommended-Ukraine","2","smmwiz","Ukraine Traffic from Instagram",,,"0",,,"cba33d7a-1809-4853-a2f5-6becbc407296","No"
"recommended","recommended-Ukraine","1","smmwiz","Ukraine Traffic from Facebook",,,"0",,,"37bffa6d-79cb-40fd-8b0b-ec73c7a21436","No"
"recommended","recommended-Ukraine","4","smmwiz","Ukraine Traffic from YouTube",,,"0",,,"a04e0024-a116-454c-a736-41eab7f24acd","No"
"recommended","recommended-Ukraine","3","smmwiz","Ukraine Traffic from Twitter",,,"0",,,"87105a03-77e5-445d-91b3-fcd3486c785d","No"
"recommended","recommended-USA","1","smmwiz","USA Traffic from Facebook [LQ]",,,"0",,,"3c6d8037-d9ac-4e31-a9c8-0f2d4837196c","No"
"recommended","recommended-USA","2","smmwiz","USA Traffic from Instagram [LQ]",,,"0",,,"507c995e-ccac-4693-8e47-fda98eafed32","No"
"recommended","recommended-USA","3","smmwiz","USA Traffic from Tiktok [LQ]",,,"0",,,"a922ce11-5a7c-4a6b-ac6e-a8cc4ca0082e","No"
"recommended","recommended-USA","4","smmwiz","USA Traffic from Twitter [LQ]",,,"0",,,"c7650db2-a3d0-49cc-adc1-a176eeb5a1c1","No"
"recommended","recommended-USA","5","smmwiz","USA Traffic from YouTube [LQ]",,,"0",,,"ebbbee4a-1938-4f9e-9a10-bedd2c12afdf","No"
"recommended","recommended-Vietnam","4","smmwiz","Vietnam Traffic from YouTube [LQ]",,,"0",,,"abe547f9-9e80-43c1-ad9a-e232c5169685","No"
"recommended","recommended-Vietnam","3","smmwiz","Vietnam Traffic from Twitter [LQ]",,,"0",,,"cef4e871-34d3-4b7d-94f7-c185b60a48be","No"
"recommended","recommended-Vietnam","2","smmwiz","Vietnam Traffic from Instagram [LQ]",,,"0",,,"ad4124a6-3602-4712-bca0-1751fb5b6335","No"
"recommended","recommended-Vietnam","1","smmwiz","Vietnam Traffic from Facebook [LQ]",,,"0",,,"efac9087-db5f-49ae-9503-860e1e3f6efd","No"
"recommended","recommended-Views","2","jap","Instagram Views [Max: 10M] [Start Time: 0-1 Hour] [Speed: 200K/D]",,,"0",,,"207e5ff9-822a-4936-94ad-f2c1d852c28f","No"
"recommended","recommended-Views","3","jap","Telegram Post Views",,,"0",,,"f865968d-030f-4c95-a338-5051d9f90cb4","No"
"recommended","recommended-Views","4","jap","TikTok Views [Max: 30M] [Start Time: 0-2 Hrs] [Speed: 10M/D]💧",,,"0",,,"f637e335-1e49-4e17-b583-4f6a3bd7394a","No"
"recommended","recommended-Views","5","jap","Twitter Tweet/Video Views + Impressions + Engagements + Details + Profile Visits [No Drop] [Max: 10M] [Start Time: 0-1H] [Speed: 1M/Day]",,,"0",,,"d06b3c75-d6cf-42f1-a645-b9a4050b3748","No"
"recommended","recommended-Views","1","jap","Facebook Reels Views [Max: 100M] [Start Time: 0-1 Hr] [Speed: Up to 5K/D] 💧",,,"0",,,"819db440-6131-4dbd-b9c9-c0a301107c32","No"
"recommended","recommended-Website","4","jap","Website Traffic From Youtube [WW] [Refill: No] [Max: 1M] [Start Time: 0 - 12 Hours] [Speed: 50K/Day] 💧",,,"0",,,"9df7fabf-6f61-4f1d-a277-2bd7298f31e3","Yes"
"recommended","recommended-Website","3","jap","Website Traffic From Twitter [WW] [Refill: No] [Max: 1M] [Start Time: 0 - 12 Hour] [Speed: 50K/Day] 💧",,,"0",,,"8b1b9172-edbb-47fe-a548-6031f2d179bf","Yes"
"recommended","recommended-Website","2","jap","Website Traffic From Instagram [WW] [Refill: No] [Max: 1M] [Start Time: 0 - 12 Hour] [Speed: 50K/Day] 💧",,,"0",,,"c76bc05c-4299-4b90-9160-c503c61ff624","Yes"
"recommended","recommended-Website","1","jap","Website Traffic From Facebook [WW] [Refill: No] [Max: 1M] [Start Time: 0 - 12 Hours] [Speed: 50K/Day] 💧",,,"0",,,"c81864d5-e985-4e85-bb7f-1c0d3d1ad073","Yes"
"recommended","recommended-Worldwide","1","smmwiz","Worldwide Traffic from Facebook [LQ]",,,"0",,,"c206f48d-85f5-4239-8c56-5abc8a49405f","No"
"recommended","recommended-Worldwide","4","smmwiz","Worldwide Traffic from YouTube [LQ]",,,"0",,,"d2f0bcfd-29a3-45ce-a0a9-b4b02dc64a8a","No"
"recommended","recommended-Worldwide","3","smmwiz","Worldwide Traffic from Twitter [LQ]",,,"0",,,"19963efd-206b-49f7-8e9f-1d8b58ebb1ed","No"
"recommended","recommended-Worldwide","2","smmwiz","Worldwide Traffic from Instagram [LQ]",,,"0",,,"6c8be533-d536-4e4e-b28e-e28d083688bf","No"
"recommended","recommended-X","1","smmwiz","X - Twitter Nigeria Retweets [5K]🇳🇬",,,"0",,,"04c5bd06-90e2-45e1-b0c3-4839a61471f4","No"
"recommended","recommended-Youtube","1","smmwiz","Youtube Live Stream [30 Minutes] [ Concurrent ] [ Cheapest In Market ]",,,"0",,,"ea8e74d1-9f6b-493f-9322-edbe9e0c17e8","No"
"spotify","spotify-Followers","2","jap","🇦🇺Spotify AUSTRALIA Followers [12H - 15K/Day]","0.8526","0.609","0.24360000000000004","20","100000000","11991135-6934-4962-9fad-55adff626984","No"
"spotify","spotify-Followers","1","jap","🇧🇪Spotify BELGIUM Followers [12H - 15K/Day]","0.8526","0.609","0.24360000000000004","500","1000000","8a5d9dcd-a318-42de-b345-a32083f23185","No"
"spotify","spotify-Followers","5","smmwiz","Spotify Followers [Real] [World Wide] [1K/D] [0-1/H]","18.396","13.14","5.256","1","15000","d38c4cde-cf5d-4c43-8441-402eb961c80e","No"
"spotify","spotify-Followers","3","jap","Spotify Followers","2","1.5","0.5","100","50000","af629c27-a4eb-48ea-b2c6-1da30a69dcbd","No"
"spotify","spotify-Followers","4","jap","🇸🇪Spotify SWEDEN Followers [12H - 15K/Day]","3.675","2.625","1.0499999999999998","500","1000000","3040291b-0d8d-45d2-ac2e-4c8dcd19f71c","No"
"spotify","spotify-Likes","1","smmwiz","Spotify Likes [Real] [World Wide] [1K/D] [0-1/H]","9.996","7.14","2.8560000000000008","1","15000","ace1434c-53d1-4368-9def-936ed8aabc0e","No"
"spotify","spotify-Plays","1","smmwiz","Spotify Real Playlist Plays - [ 5k-10k/day ] [ High Quality ]","0.126","0.09","0.036000000000000004","500","20000000","a687c9ff-17e3-49b2-a9bc-71d8633ffa42","No"
"spotify","spotify-Plays","2","smmwiz","Spotify Plays - [ 5-10k/day ] [ Non Drop ] [ WorldWide ]","0.28","0.2","0.08000000000000002","500","10000000","c7037b6d-4614-478e-8de3-17189badb13a","No"
"spotify","spotify-Plays","3","jap","Spotify Plays","0.5","0.3","0.2","1000","10000000","487c6bda-69a3-417d-b6dd-1387aaf30f66","No"
"spotify","spotify-Plays","4","smmwiz","Spotify USA Plays - [ 5k/day ] [ Non Drop ]","0.56","0.4","0.16000000000000003","1000","100000000","9e7075ff-6422-4fa5-88e1-ed71cf54a319","No"
"spotify","spotify-Plays","5","jap","🇧🇪Spotify BELGIUM Plays [12H - 3K/Day]","0.588","0.42","0.16799999999999998","500","10000000","f5447a0e-8301-4bef-967b-2e2c25d0a84f","No"
"spotify","spotify-Saves","1","jap","🇸🇪Spotify SWEDEN Saves [For Track] [12H - 15K/Day]","1.029","0.735","0.29399999999999993","100","1000000","393b00bd-7bd4-4643-9b6f-c68cf1d18820","No"
"spotify","spotify-Saves","2","jap","🇧🇪Spotify BELGIUM Saves [For Track] [12H - 15K/Day]","1.029","0.735","0.29399999999999993","100","1000000","3ff72b63-2d9e-4e37-ad02-b99c29f8a0ec","No"
"spotify","spotify-Saves","3","jap","🇦🇺Spotify AUSTRALIA Saves [For Track] [12H - 15K/Day]","1.2936","0.924","0.36960000000000004","100","1000000","9f3deedd-ccc1-4f66-af72-07d3f81613a5","No"
"spotify","spotify-Saves","4","jap","🇺🇸Spotify Premium Saves [USA] [Lifetime Guaranteed] [Start Time: 12-24 Hours] [Speed: 200-1K/Day] ⭐ ♻️","35","25","10","500","1000000","d3b9ae20-eefd-4f37-8675-c22be14bd2d6","Yes"
"spotify","spotify-Spotify","2","jap","Spotify Monthly Listeners [TURKEY 🇹🇷] [Refill: NO] [Start Time: 1 - 12 Hrs][Speed: Up to 10K/D] 💧","2.4325","1.7375","0.6950000000000001","1000","20000","c2dcf7ab-6844-4560-9f41-f9c1b66ca8ee","Yes"
"spotify","spotify-Spotify","1","jap","Spotify Monthly Listeners [ No Refill ] [USA 🇺🇸] [Start Time: 1 - 12 Hrs][Speed: Up to 10K/D] 💧","2.4325","1.7375","0.6950000000000001","1000","20000","00e63ff3-d58f-4e7b-99b0-dcceab4de14a","Yes"
"spotify","spotify-Spotify","4","jap","Spotify Promotion [For Playlist - Artist - User] [7 DAYS] [HQ] [ADS] [Refill: No Drop] [Start Time:1-48 Hours]","465.5","332.5","133","1","1","ecfbe17c-365e-45f3-a253-ee19f18a5cb7","Yes"
"spotify","spotify-Spotify","3","jap","Spotify Promotion [For Playlist - Artist - User] [1 DAY] [HQ] [ADS] [Refill: No Drop] [Start Time:1-48 Hours]","70","50","20","1","1","0321a10e-7d20-4188-8ba8-cccb6df79d13","Yes"
"spotify","spotify-Spotify","5","jap","Spotify Promotion [For Playlist - Artist - User] [14 DAYS] [HQ] [ADS] [Refill: No Drop] [Start Time:1-48 Hours]","882","630","252","1","1","e2edd5c0-e244-4241-ac30-6421ff981e3a","Yes"
"telegram","telegram-","1","smmwiz","5531 - Auto 3604","0.014","0.01","0.004","100","500000","c4d67107-f2fc-487d-8ed0-0ce0a370443d","No"
"telegram","telegram-Allinone","1","smmwiz","All-in-one Telegram","65.52","46.8","18.72","50","5000","80ee679d-16a9-447f-8892-f0f5ace1400f","No"
"telegram","telegram-Auto","1","smmwiz","Auto 2416","0.014","0.01","0.004","100","5000000","0346e41b-28a5-43f7-b75a-14208967cbee","No"
"telegram","telegram-Members","1","jap","Telegram Channel Members","1","0.6","0.4","100","500000","abddb6fc-0ad9-42aa-8266-bdcde4f87761","No"
"telegram","telegram-Members","2","jap","Telegram Members [CHINA] [Refill: 365Days] [Channel-Group] [Start Time: 0-1 Hour] [Speed:30K/Day]","1.68","1.2","0.48","500","200000","fe5c3f76-9db6-41ea-9dbe-00ab01f57cd0","Yes"
"telegram","telegram-Telegram","3","jap","Telegram Auto Post View [Last 20 Posts] [MONTHLY PACKAGE]","10.08","7.2","2.88","100","300000","966cd922-87ff-4c9d-9a95-c16c4978660a","No"
"telegram","telegram-Telegram","1","jap","Telegram Auto Post View [Last 5 Posts] [MONTHLY PACKAGE]","2.52","1.8","0.72","100","300000","45642fff-8d43-4339-b8af-c714a8bd9851","No"
"telegram","telegram-Telegram","4","jap","Telegram Auto Post View [Last 50 Posts] [MONTHLY PACKAGE]","25.2","18","7.199999999999999","100","300000","498f3b07-9acf-4771-86e1-6072db9afcbe","No"
"telegram","telegram-Telegram","2","jap","Telegram Auto Post View [Last 10 Posts] [MONTHLY PACKAGE]","5.04","3.6","1.44","100","300000","b3f217f7-69d2-46ab-8e2a-8f4364d113c6","No"
"telegram","telegram-Telegram","5","jap","Telegram Auto Post View [Last 100 Posts] [MONTHLY PACKAGE]","50.4","36","14.399999999999999","100","300000","bf40c64a-39c1-4a96-b5f8-ca7f4a61c5e8","No"
"telegram","telegram-Views","2","jap","Telegram Views [1 Post] [Refill: No] [Start Time: 0 - 1 Hour] [Speed: 100K/Day]","0.0041","0.0029","0.0012000000000000005","10","399999","790e2368-bc4c-4e8e-8e0e-459610de8589","Yes"
"telegram","telegram-Views","3","jap","Telegram Auto Views [Refill: No] [Start Time: 0 - 1 Hour] [Speed: 500K/Day]","0.0319","0.0228","0.009099999999999997","10","400000","3324e99b-80ab-467c-aa2a-68d84f6277b2","Yes"
"telegram","telegram-Views","4","jap","Telegram Views [1 Post] [Refill: No] [Start Time: 0 - 1 Hour] [Speed: 100K/Day]","0.035","0.025","0.010000000000000002","100","10000000","4290c7b1-d081-40e0-9d75-6402236f1dce","Yes"
"telegram","telegram-Views","1","jap","Telegram Post Views","0.05","0.01","0.04","1000","100000000","f865968d-030f-4c95-a338-5051d9f90cb4","No"
"tiktok","tiktok-","1","smmwiz","[GA4 Premium] 🚀 Organic Social | Influencer Flow | FB/IG/Tiktok Source","1.176","0.84","0.33599999999999997","100","10000000","81b19b0e-fd73-4e5f-8ba8-a80d02225978","No"
"tiktok","tiktok-🇦🇺","1","jap","🇦🇺 AUSTRALIA Website Traffic [FB, IG, YT, X, Tiktok, Google, Reddit] [ [Max: 1M] [Start Time: 0-3 Hrs] [Speed: Up to 50K/D] 💧⛔","0.35","0.25","0.09999999999999998","500","1000000","86e3cc40-abdf-40d0-8f7c-811d44690273","No"
"tiktok","tiktok-🇧🇷","1","jap","🇧🇷 BRAZIL Website Traffic [FB, IG, YT, X, Tiktok, Google, Reddit] [ [Max: 1M] [Start Time: 0-3 Hrs] [Speed: Up to 50K/D] 💧⛔","0.35","0.25","0.09999999999999998","500","1000000","52c11f50-011b-4c98-9683-0a18f10477dd","No"
"tiktok","tiktok-🇧🇷","2","jap","🇧🇷 Tiktok Shares [BRAZIL] [Refill: 30 Days] [Max: 2M] [Start Time: 0 - 1 Hours] [Speed: 1K/Day] 💧","1.295","0.925","0.3699999999999999","5","10000000","7084e29e-6efa-4757-94f6-cf52c858ad17","Yes"
"tiktok","tiktok-🇨🇦","1","jap","🇨🇦 CANADA Website Traffic [FB, IG, YT, X, Tiktok, Google, Reddit] [ [Max: 1M] [Start Time: 0-3 Hrs] [Speed: Up to 50K/D] 💧⛔","0.35","0.25","0.09999999999999998","500","1000000","893ccef4-5dbd-4c5b-909c-cef995c8c88b","No"
"tiktok","tiktok-🇩🇪","1","jap","🇩🇪 GERMANY Website Traffic [FB, IG, YT, X, Tiktok, Google, Reddit] [ [Max: 1M] [Start Time: 0-3 Hrs] [Speed: Up to 50K/D] 💧⛔","0.35","0.25","0.09999999999999998","500","1000000","8126c671-73ac-4d9e-a9b1-8a7ee9ebc683","No"
"tiktok","tiktok-🇫🇷","1","jap","🇫🇷 FRANCE Website Traffic [FB, IG, YT, X, Tiktok, Google, Reddit] [ [Max: 1M] [Start Time: 0-3 Hrs] [Speed: Up to 50K/D] 💧⛔","0.35","0.25","0.09999999999999998","500","1000000","8fc8e3e2-d761-44f5-ba42-739afc8fe3a3","No"
"tiktok","tiktok-🇬🇧","1","jap","🇬🇧 UK Website Traffic [FB, IG, YT, X, Tiktok, Google, Reddit] [ [Max: 1M] [Start Time: 0-3 Hrs] [Speed: Up to 50K/D] 💧⛔","0.35","0.25","0.09999999999999998","500","1000000","48405be1-7fad-4f21-b70c-117cae8d4c26","No"
"tiktok","tiktok-🇮🇩","1","jap","🇮🇩 INDONESIA Website Traffic [FB, IG, YT, X, Tiktok, Google, Reddit] [ [Max: 1M] [Start Time: 0-3 Hrs] [Speed: Up to 50K/D] 💧⛔","0.35","0.25","0.09999999999999998","500","1000000","1bd3f82d-312b-4944-af28-8c1077de6023","No"
"tiktok","tiktok-🇮🇳","1","jap","🇮🇳 INDIA Website Traffic [FB, IG, YT, X, Tiktok, Google, Reddit] [ [Max: 1M] [Start Time: 0-3 Hrs] [Speed: Up to 50K/D] 💧⛔","0.35","0.25","0.09999999999999998","500","1000000","442b3812-84c3-44b7-9104-d9f48ab1cc02","No"
"tiktok","tiktok-🇮🇳India","1","jap","🇮🇳India Traffic from TikTok [Refill: No] [Max: 1M] [Start Time: 12 Hours] [Speed: 10K/Day]","0.245","0.175","0.07","88","88888888","6f7922da-b215-4b66-bd97-ee006122690c","Yes"
"tiktok","tiktok-🇰🇷","1","jap","🇰🇷 SOUTH KOREA Website Traffic [FB, IG, YT, X, Tiktok, Google, Reddit] [ [Max: 1M] [Start Time: 0-3 Hrs] [Speed: Up to 50K/D] 💧⛔","0.35","0.25","0.09999999999999998","500","1000000","a2a80414-8c4d-46e2-99b4-7fe2552706af","No"
"tiktok","tiktok-🇷🇺TikTok","2","jap","🇷🇺TikTok Comment [NEUTRAL RANDOM - RUSSIAN] [Refill: 30 Days] [Max: 60K] [Start Time: 1 Hour] [Speed: 500/Day] ♻️","15.75","11.25","4.5","10","160000","76116694-927a-4a3e-aaa5-c2db3ff415c2","Yes"
"tiktok","tiktok-🇷🇺TikTok","1","jap","🇷🇺TikTok Comment [POSITIVE RANDOM - RUSSIAN] [Refill: 30 Days] [Max: 60K] [Start Time: 1 Hour] [Speed: 500/Day] ♻️","15.75","11.25","4.5","10","160000","03430c63-3704-48fb-9d23-e3f026742c48","Yes"
"tiktok","tiktok-🇹🇭","1","jap","🇹🇭 THAILAND Website Traffic [FB, IG, YT, X, Tiktok, Google, Reddit] [ [Max: 1M] [Start Time: 0-3 Hrs] [Speed: Up to 50K/D] 💧⛔","0.35","0.25","0.09999999999999998","500","1000000","66f87a06-3e2e-4b95-adbd-cab4e4b00b42","No"
"tiktok","tiktok-🇹🇷","1","jap","🇹🇷 TURKEY Website Traffic [FB, IG, YT, X, Tiktok, Google, Reddit] [ [Max: 1M] [Start Time: 0-3 Hrs] [Speed: Up to 50K/D] 💧⛔","0.35","0.25","0.09999999999999998","500","1000000","dbbaeab3-0199-4177-b3fe-089e893fbb72","No"
"tiktok","tiktok-🇺🇦TikTok","4","jap","🇺🇦TikTok Comment [NEUTRAL RANDOM - UKRAINE] [Refill: 30 Days] [Max: 160K] [Start Time: 1 Hour] [Speed: 500/Day] ♻️","15.75","11.25","4.5","10","160000","aa32b2a0-4a81-4a35-bba1-b06a31576e9c","Yes"
"tiktok","tiktok-🇺🇦TikTok","3","jap","🇺🇦TikTok Comment [POSITIVE RANDOM - UKRAINE] [Refill: 30 Days] [Max: 160K] [Start Time: 1 Hour] [Speed: 500/Day] ♻️","15.75","11.25","4.5","10","160000","72ec4da1-76e7-40ab-9d85-2ddad8980529","Yes"
"tiktok","tiktok-🇺🇦TikTok","2","jap","🇺🇦TikTok Comment [RANDOM - UKRAINE] [Refill: 30 Days] [Max: 160K] [Start Time: 1 Hour] [Speed: 500/Day] ♻️","15.75","11.25","4.5","10","160000","38c58946-2670-43e3-a4e7-ccef702fa0b5","Yes"
"tiktok","tiktok-🇺🇦TikTok","1","jap","🇺🇦TikTok Comment [CUSTOM RANDOM - UKRAINE] [Refill: 30 Days] [Max: 160K] [Start Time: 1 Hour] [Speed: 500/Day] ♻️","15.75","11.25","4.5","10","160000","4764df55-7435-4e69-aa53-940ff514db52","Yes"
"tiktok","tiktok-🇺🇸","1","jap","🇺🇸 USA Website Traffic [FB, IG, YT, X, Tiktok, Google, Reddit] [ [Max: 1M] [Start Time: 0-3 Hrs] [Speed: Up to 50K/D] 💧⛔","0.35","0.25","0.09999999999999998","500","1000000","01b1d32b-1997-4df9-838d-296842e60088","No"
"tiktok","tiktok-🇻🇳","1","jap","🇻🇳 VIETNAM Website Traffic [FB, IG, YT, X, Tiktok, Google, Reddit] [ [Max: 1M] [Start Time: 0-3 Hrs] [Speed: Up to 50K/D] 💧⛔","0.35","0.25","0.09999999999999998","500","1000000","684cb6fe-13b9-4a14-94e0-736cfe18f9f1","No"
"tiktok","tiktok-🌎","1","jap","🌎 WW Website Traffic [FB, IG, YT, X, Tiktok, Google, Reddit] [ [Max: 1M] [Start Time: 0-3 Hrs] [Speed: Up to 50K/D] 💧⛔","0.35","0.25","0.09999999999999998","500","1000000","54d1e58b-2d4a-49e9-af12-8c7522c2a834","No"
"tiktok","tiktok-Allinone","1","smmwiz","All-in-one TikTok","78.96","56.4","22.559999999999995","50","5000","f66cc931-9c13-46f7-8ba2-5892170600b9","No"
"tiktok","tiktok-Comments","1","jap","Tiktok Comments [3 HQ Random Comments] [Max: 3] [Start Time: 0-1 Hour] [Finishes in 3 Hours]","1.085","0.775","0.30999999999999994","1000","1000","abddb037-d1bd-4253-b0bc-5776ff4df5c4","No"
"tiktok","tiktok-Comments","2","jap","Tiktok Live Comments [CUSTOM [Max: 5K] [Start Time: 0 - 1 Hr] [Speed: 5K/D]","1.225","0.875","0.3500000000000001","10","5000","0d35c911-023e-4561-b526-15fb36894fcd","No"
"tiktok","tiktok-Comments","3","jap","Tiktok Live Comments [EMOJI[Max: 5K] [Start Time: 0 - 1 Hr] [Speed: 5K/D]","1.225","0.875","0.3500000000000001","10","5000","ecfba66c-3a6b-4658-a26c-947c703316ae","No"
"tiktok","tiktok-Comments","4","jap","Tiktok Live Comments [RANDOM[Max: 5K] [Start Time: 0 - 1 Hr] [Speed: 5K/D]","1.225","0.875","0.3500000000000001","10","5000","25da1cee-a25c-4288-a76c-e58c48a89fb4","No"
"tiktok","tiktok-Comments","5","jap","Tiktok Live Comments [RANDOM EMOJI] [Max: 10K] [Start Time: 0 - 3 Hrs] [Speed: 5K/D]","1.75","1.25","0.5","10","5000","64ac4cef-d772-46b0-a658-18ca0b8b92cf","No"
"tiktok","tiktok-Followers","1","jap","TikTok Followers — Fast","0.8","0.5","0.30000000000000004","100","200000","f7549186-d38d-4958-a788-da8c98e329b3","No"
"tiktok","tiktok-Followers","2","smmwiz","Tiktok Brazil Followers [Cancel Enabled] [50K/D] [Instant]","2.226","1.59","0.6359999999999999","10","1000000","f17c8c88-9c70-49f5-8a6f-7ddb3be79cbd","No"
"tiktok","tiktok-Followers","3","smmwiz","Tiktok Followers [Cancel Enabled] [50-100K/D] [0-1/H]","3.08","2.2","0.8799999999999999","100","500000","6f8829ab-7ec2-46bb-8c08-551590d34fe9","No"
"tiktok","tiktok-Followers","4","smmwiz","Tiktok Brazil Followers [No Drop] [100K/D] [Instant] [Different Service]","4.284","3.06","1.2239999999999998","10","1000000","195966a3-f1e9-478a-83df-0e3b22f7d64b","No"
"tiktok","tiktok-Followers","5","smmwiz","Tiktok Followers [Almost No Drop] [High Quality] [20K/D] [Instant to 24 Hours]","4.998","3.57","1.4280000000000004","10","20000","050312ee-e567-4abc-ad37-0062ad6d4462","No"
"tiktok","tiktok-India","1","smmwiz","India Traffic from Tiktok [LQ]","0.238","0.17","0.06799999999999998","88","88888888","3854ab8b-304e-4dce-a066-368de8d7aa58","No"
"tiktok","tiktok-Likes","1","jap","Tiktok Live Likes [Max: 500K] [Start Time: 0 - 1 Hours] [Speed: 100K/Day] 💧","0.0193","0.0138","0.005500000000000001","10","50000000","d4079bd4-5791-4acc-b8a6-e480d29ebb8c","No"
"tiktok","tiktok-Likes","2","smmwiz","Tiktok Likes [High Speed] [Low Drop] [Cancel Enabled] [100K/D] [Instant]","0.084","0.06","0.024000000000000007","10","10000","cdd220ad-04b5-43b1-a977-aa29cd29c789","No"
"tiktok","tiktok-Likes","3","jap","Tiktok Live Likes [Max: 1M] [Start Time: 0 - 1 Hours] [Speed: 250K/Day] 💧","0.14","0.1","0.04000000000000001","100","1000000","94f16ae8-43a4-4baa-af8f-b898330a3d52","No"
"tiktok","tiktok-Likes","4","jap","Tiktok Live Likes [Max: 100K] [Start Time: 0 - 1 Hours] [Speed: 100K/Day] 💧","0.1575","0.1125","0.045","100","2147483647","f0108695-2ab6-40f8-9f90-f7b0697fa57f","No"
"tiktok","tiktok-Likes","5","jap","TikTok Video Likes","0.2","0.08","0.12000000000000001","50","1000000","ee4525ae-5fc6-4743-9067-16b55f92e0fc","No"
"tiktok","tiktok-Saves","1","smmwiz","TikTok Saves [Max: 20K] [Refill: 30 Days] [Start Time: 1 Hour] [Speed: 20K/Day] 💧♻️","0.014","0.01","0.004","50","10000000","19ae0b91-066a-4335-8a39-50a034c41836","Yes"
"tiktok","tiktok-Saves","2","jap","TikTok Saves [Max: 100K] [Refill: 30D] [Start Time: 0 - 1 Hr] [Speed: 50K/Day] 💧","0.014","0.01","0.004","10","100000000","7626766c-194b-4e80-8738-eb397e55c8a3","Yes"
"tiktok","tiktok-Saves","3","jap","TikTok Saves [Max: 2M] [Refill: 30D] [Start Time: 0 - 1 Hr] [Speed: 500K/Day] 💧","0.0172","0.0123","0.0049","100","2000000","91ed9fa2-89ce-4cd7-92fb-270cb234b8a5","Yes"
"tiktok","tiktok-Saves","4","jap","TikTok Saves [Max: 500K] [Refill: 365D] [Start Time: 0 - 1 Hr] [Speed: 500K/Day] 💧","0.0175","0.0125","0.005000000000000001","10","2147483647","11866b95-258d-4b0b-9b12-b32d0254b0f1","Yes"
"tiktok","tiktok-Saves","5","jap","TikTok Saves [Max: 10M] [Start Time: 0 - 1 Hr] [Refill: 30D] [Speed: Up to 80K/Day] 💧","0.0175","0.0125","0.005000000000000001","10","1000000","1d402e25-31fc-491c-b87f-13e076c3a836","Yes"
"tiktok","tiktok-TikTok","1","jap","Tiktok Live Shares [Max: 10M] [Start Time: 0 - 3 Hrs] [Speed: 250K/D] 💧","0.07","0.05","0.020000000000000004","50","10000000","7a501098-0c0c-4367-af72-29e3b761804d","No"
"tiktok","tiktok-TikTok","2","jap","Tiktok View [10M] [Start Time: Instant] [Speed: 10M / Day] 🔥","0.084","0.06","0.024000000000000007","100","100000000","09053699-4c39-4fa9-a1a7-065a93e2a0dd","No"
"tiktok","tiktok-TikTok","3","jap","Tiktok View [1M] [Start Time: Instant] [Speed: 5M / Day] 🔥","0.0875","0.0625","0.024999999999999994","100","2147483647","8c853957-73a9-416b-96e2-22848005547b","No"
"tiktok","tiktok-TikTok","4","jap","TikTok Shares [Max: 2M] [Start Time: 0 - 1 Hr] [Speed: 500K/Day] 💧","0.105","0.075","0.03","10","10000000","396030f3-f4eb-4762-956b-0ebee5be201d","No"
"tiktok","tiktok-TikTok","5","jap","TikTok Shares [Max: 100M] [Start Time: 1 Hour] [Speed: 10M/Day] 💧","0.1225","0.0875","0.035","10","10000000","8a8b382b-6271-4745-ae44-075d37322493","No"
"tiktok","tiktok-USA","1","smmwiz","USA Traffic from Tiktok [LQ]","0.238","0.17","0.06799999999999998","88","88888888","a922ce11-5a7c-4a6b-ac6e-a8cc4ca0082e","No"
"tiktok","tiktok-Views","1","jap","TikTok Views [Max: 30M] [Start Time: 0-2 Hrs] [Speed: 10M/D]💧","0.0438","0.0313","0.012499999999999997","100","2147483647","f637e335-1e49-4e17-b583-4f6a3bd7394a","No"
"tiktok","tiktok-Views","2","jap","TikTok Video Views","0.05","0.01","0.04","1000","100000000","d07525c8-70c6-45e8-8795-e1e573dc0d0b","No"
"tiktok","tiktok-Views","3","jap","TikTok Views [Max: 10M] [Start Time: 0 - 3 Hours] [Speed: 10M/Day]","0.0735","0.0525","0.020999999999999998","100","100000000","40bc3be1-f260-457a-b748-d32ce44d1284","No"
"tiktok","tiktok-Views","4","jap","TikTok Views [Max: 50M] [Start Time: 0 - 1 Hours] [Speed: 500K/Day] ⛔💧","0.0735","0.0525","0.020999999999999998","100","100000000","a560c2d2-644f-459a-be85-ec0f7bb0fa4d","No"
"tiktok","tiktok-Views","5","jap","TikTok Emergency Views [Max: 10M] [Start Time: 1 Hour] [Speed: 500K/Day]","0.0735","0.0525","0.020999999999999998","100","10000000","2938fbe9-e91a-4a71-ad33-be53395d0071","No"
"twitter","twitter-","1","smmwiz","4743 - Twitter Space Listeners [5 Min]","0.14","0.1","0.04000000000000001","50","10001","56642490-8fa2-41ab-84c4-f9e5c53dc1ab","No"
"twitter","twitter-","2","smmwiz","4744 - Twitter Space Listeners [15 Min]","0.196","0.14","0.055999999999999994","50","10001","e1e8889b-b7a3-43ed-8895-9bae26322f39","No"
"twitter","twitter-","3","smmwiz","4745 - Twitter Space Listeners [30 Min]","0.406","0.29","0.11600000000000005","50","10001","029546e7-99db-439f-9252-bb76f96c4d6b","No"
"twitter","twitter-","4","smmwiz","4746 - Twitter Space Listeners [45 Min]","0.588","0.42","0.16799999999999998","50","10001","96748d81-c34f-4fa7-abe0-f4e71f6f1371","No"
"twitter","twitter-","5","smmwiz","4747 - Twitter Space Listeners [60 Min]","0.84","0.6","0.24","50","10001","34d7c879-5a79-45aa-91d1-03b6e114172b","No"
"twitter","twitter-🇧🇷Brazil","1","jap","🇧🇷Brazil Traffic from Twitter [Refill: No] [Max: 1M] [Start Time: 12 Hours] [Speed: 10K/Day]","0.245","0.175","0.07","88","88888888","74a1fc1f-16f6-481f-a75d-ab319ecff682","Yes"
"twitter","twitter-🇧🇷Twitter","1","jap","🇧🇷Twitter [BRAZIL] [100 Retweet 200 Likes 25 Comments] [HQ Profiles] [Refill: 15 Days] [Start Time: 0-6 Hours] [Speed: 24 Hours Delivery] ♻️","5.25","3.75","1.5","1","1","31d8dc86-cbbf-494a-991a-96e6fc17fb0a","Yes"
"twitter","twitter-🇨🇦Canada","1","jap","🇨🇦Canada Traffic from Twitter [No Refill] [Max: 1M] [Start Time: 12 Hours] [Speed: 10K/Day]","0.6125","0.4375","0.17500000000000004","500","1000000","beb61c67-b0e1-4b0e-a005-0072107bf389","Yes"
"twitter","twitter-🇨🇿Czech","1","jap","🇨🇿Czech Republic Traffic from Twitter [No Refill] [Max: 1M] [Start Time: 12 Hours] [Speed: 10K/Day]","0.6125","0.4375","0.17500000000000004","500","1000000","621ecf08-14ce-44e9-88ec-6c55a23a11f3","Yes"
"twitter","twitter-🇩🇪Germany","1","jap","🇩🇪Germany Traffic from Twitter [Refill: No] [Max: 1M] [Start Time: 12 Hours] [Speed: 10K/Day]","0.245","0.175","0.07","88","88888888","55c72a1e-108b-43f5-bdb9-6799e2d36235","Yes"
"twitter","twitter-🇪🇸Spain","1","jap","🇪🇸Spain Traffic from Twitter [No Refill] [Max: 1M] [Start Time: 12 Hours] [Speed: 10K/Day]","0.6125","0.4375","0.17500000000000004","500","1000000","3ffea3f6-01f5-4cb4-a984-934c402c4876","Yes"
"twitter","twitter-🇫🇷France","1","jap","🇫🇷France Traffic from Twitter [No Refill] [Max: 1M] [Start Time: 12 Hours] [Speed: 10K/Day]","0.35","0.25","0.09999999999999998","100","1000000","e04d9b0d-1e22-4619-a816-296d4751321f","Yes"
"twitter","twitter-🇬🇧Twitter","1","jap","🇬🇧Twitter [UK] [100 Retweets 200 Likes 25 Comments] [PACKAGE HQ] [Speed: 24 Hours Delivery]","5.25","3.75","1.5","1","1","8ac0e4fc-325f-41e4-ad94-f8553607ee07","No"
"twitter","twitter-🇬🇧UK","1","jap","🇬🇧UK Traffic from Twitter [Refill: No] [Max: 1M] [Start Time: 12 Hours] [Speed: 10K/Day] 💧","0.245","0.175","0.07","88","88888888","d9f289a5-a2e6-4ce8-b95e-865a4b24800a","Yes"
"twitter","twitter-🇬🇭🇳🇬Twitter","1","jap","🇬🇭🇳🇬Twitter Retweets [NIGERIA &amp; GHANA] [Refill: No] [Max: 3K] [Start Time: 5-10 Mins] [Speed: 1K/Day]","43.75","31.25","12.5","50","5000","1075b6e1-0a0d-400b-89cb-670b8110e74d","Yes"
"twitter","twitter-🇮🇩Indonesia","1","jap","🇮🇩Indonesia Traffic from Twitter [Refill: No] [Max: 1M] [Start Time: 12 Hours] [Speed: 10K/Day]","0.35","0.25","0.09999999999999998","100","1000000","dc21dfc5-d1ff-41ad-a97c-b052eca32d0a","Yes"
"twitter","twitter-🇮🇳India","1","jap","🇮🇳India Traffic from Twitter [Refill: No] [Max: 1M] [Start Time: 12 Hours] [Speed: 10K/Day]","0.245","0.175","0.07","88","88888888","937166af-a04e-4b5a-b8a5-b25edc232687","Yes"
"twitter","twitter-🇮🇹Italy","1","jap","🇮🇹Italy Traffic from Twitter [No Refill] [Max: 1M] [Start Time: 12 Hours] [Speed: 10K/Day]","0.665","0.475","0.19000000000000006","500","1000000","5e839f4e-9398-4417-b51d-fa687f9a0659","Yes"
"twitter","twitter-🇯🇵Japan","1","jap","🇯🇵Japan Traffic from Twitter [Refill: No] [Max: 1M] [Start Time: 12 Hours] [Speed: 10K/Day]","0.6125","0.4375","0.17500000000000004","500","1000000","15a33bb0-d633-45d0-a5c2-d267226caadd","Yes"
"twitter","twitter-🇰🇷South","1","jap","🇰🇷South Korea Traffic from Twitter [Refill: No] [Max: 1M] [Start Time: 12 Hours] [Speed: 10K/Day]","0.245","0.175","0.07","88","88888888","3b3149f0-823f-428f-b872-6e6e5df2bc79","Yes"
"twitter","twitter-🇲🇽Mexico","1","jap","🇲🇽Mexico Traffic from Twitter [No Refill] [Max: 1M] [Start Time: 12 Hours] [Speed: 10K/Day]","0.6125","0.4375","0.17500000000000004","500","1000000","9ae1b759-299c-458f-82dd-64f14fae36a6","Yes"
"twitter","twitter-🇳🇱Netherlands","1","jap","🇳🇱Netherlands Traffic from Twitter [No Refill] [Max: 1M] [Start Time: 12 Hours] [Speed: 10K/Day]","0.6125","0.4375","0.17500000000000004","500","1000000","cfc933be-2a19-438e-8d98-2bfac67c61a5","Yes"
"twitter","twitter-🇵🇱Poland","1","jap","🇵🇱Poland Traffic from Twitter [No Refill] [Max: 1M] [Start Time: 12 Hours] [Speed: 10K/Day]","0.6125","0.4375","0.17500000000000004","500","1000000","74f16e76-45d5-4972-84c9-bbfa1e009575","Yes"
"twitter","twitter-🇷🇺Russia","1","jap","🇷🇺Russia Traffic from Twitter [No Refill] [Max: 1M] [Start Time: 12 Hours] [Speed: 10K/Day]","0.6125","0.4375","0.17500000000000004","500","1000000","9cfded7f-a75f-4087-a26b-1c1b597edc59","Yes"
"twitter","twitter-🇸🇬Singapore","1","jap","🇸🇬Singapore Traffic from Twitter [No Refill] [Max: 1M] [Start Time: 12 Hours] [Speed: 10K/Day]","0.6125","0.4375","0.17500000000000004","500","1000000","5b7806f3-d387-4db5-b165-262387e08810","Yes"
"twitter","twitter-🇹🇭Thailand","1","jap","🇹🇭Thailand Traffic from Twitter [No Refill] [Max: 1M] [Start Time: 12 Hours] [Speed: 10K/Day]","0.6125","0.4375","0.17500000000000004","500","1000000","cc25e6c5-d552-4e89-9d5b-370a77b1e14b","Yes"
"twitter","twitter-🇹🇷Turkey","1","jap","🇹🇷Turkey Traffic from Twitter [No Refill] [Max: 1M] [Start Time: 12 Hours] [Speed: 10K/Day]","0.6125","0.4375","0.17500000000000004","500","1000000","3d826daa-f4c4-4641-a915-cf4d9dc16a67","Yes"
"twitter","twitter-🇹🇼Taiwan","1","jap","🇹🇼Taiwan Traffic from Twitter [No Refill] [Max: 1M] [Start Time: 12 Hours] [Speed: 10K/Day]","0.6125","0.4375","0.17500000000000004","500","1000000","ae2cfb64-9b22-41fd-852b-44fbf75f4bf4","Yes"
"twitter","twitter-🇺🇦Ukraine","1","jap","🇺🇦Ukraine Traffic from Twitter [No Refill] [Max: 1M] [Start Time: 12 Hours] [Speed: 10K/Day]","0.6125","0.4375","0.17500000000000004","500","1000000","874dcf1a-f3b0-4e88-a4a4-381cd7096f6b","Yes"
"twitter","twitter-🇺🇸","1","smmwiz","🇺🇸 Twitter USA Retweet | Max 100K ⎜100% HQ Users⎜R90 | Non Drop | 2K/D ⛔","1.96","1.4","0.56","100","2000","ae2063a9-efa8-4825-b754-f36cd9a77619","No"
"twitter","twitter-🇺🇸","2","smmwiz","🇺🇸 Twitter USA Like | Max 100K ⎜100% HQ Users⎜R90 | Non Drop | 2K/D ⛔","1.974","1.41","0.5640000000000001","100","5000","194e3be5-249c-4d6b-9237-d0984d61cd91","No"
"twitter","twitter-🇺🇸","3","jap","🇺🇸 Twitter Share [HQ] [Refill: 100 Days] [Max: 1K] [Start Time: 0-4 Hours] [Speed: 1K/Day] ♻️","83.125","59.375","23.75","5","1000","0999440e-8211-42af-aaa3-360a34a28525","Yes"
"twitter","twitter-🇺🇸Twitter","3","jap","🇺🇸Twitter Tweets [USA] [Refill: No] [Max: 200] [Start Time: 0-12 Hours] [Speed: 100/Day]","105","75","30","20","200","24a72b71-7854-4afe-9928-43af0d09060a","Yes"
"twitter","twitter-🇺🇸Twitter","1","jap","🇺🇸Twitter [USA] [100 Retweets 200 Likes 25 Comments] [PACKAGE HQ] [Speed: 24 Hours Delivery]","5.25","3.75","1.5","1","1","8e571828-37f1-48e8-a40e-fe3a4528bb13","No"
"twitter","twitter-🇺🇸Twitter","2","jap","🇺🇸Twitter Tweets [USA] [Max: 1K] [Refill: 100 Days] [Start Time: 0 - 4 Hours] [Speed: 1K/Day]","69.16","49.4","19.759999999999998","5","1000","b5699116-c430-4845-954f-843253c2c317","Yes"
"twitter","twitter-🇺🇸USA","1","jap","🇺🇸USA Traffic from Twitter [Refill: No] [Max: 1M] [Start Time: 0 - 12 Hours] [Speed: 10K/Day] 💧","0.245","0.175","0.07","88","88888888","ea9e12b5-0939-4a02-85f0-31c51411ca3e","Yes"
"twitter","twitter-🇻🇳Vietnam","1","jap","🇻🇳Vietnam Traffic from Twitter [No Refill] [Max: 1M] [Start Time: 12 Hours] [Speed: 10K/Day]","0.6125","0.4375","0.17500000000000004","500","1000000","d18290e0-dedd-4b46-ae5f-98d422e80cb1","Yes"
"twitter","twitter-🐥","5","smmwiz","🐥 S67 - Twitter NFT Like | 7 Days Automatic Refill ♻️ | Max 2500 | 100% NFT Users | Quick Starts","2.282","1.63","0.6520000000000001","10","2500","ba350c6b-dfb7-452c-a24d-b0f1162b1cc5","Yes"
"twitter","twitter-🐥","4","smmwiz","🐥 S3 - Twitter NFT Special Comment | Max 1K | Real NFT Users | Instant Starts","265.412","189.58","75.83199999999997","1","1000","a63b668d-c13e-47e1-9282-9d1e9c13f18b","No"
"twitter","twitter-🐥","1","smmwiz","🐥 S34 - Twitter NFT Follower | 100% Female Users | Max 500 | No guarantee | Quick Starts | 5K per day","66.36","47.4","18.96","10","4000","a1616f3c-0e08-42fc-9b77-e0201f5ea554","No"
"twitter","twitter-🐥","2","smmwiz","🐥 S34 - Twitter NFT Follower | 100% NFT Users | Max 500 | No guarantee | Quick Starts | 5K per day","77.728","55.52","22.20799999999999","10","4000","a87bedee-547f-4b07-b7f4-87f1efc9290f","No"
"twitter","twitter-🐥","3","smmwiz","🐥 S91 - Twitter NFT Retweet | Max 2K | Users with NFT Profile Picture | 500 per day","89.894","64.21","25.68400000000001","100","2000","9c67235e-aa15-4daf-b690-bace3cdd20c6","No"
"twitter","twitter-Argentina","1","smmwiz","Argentina Traffic from Twitter","0.56","0.4","0.16000000000000003","500","1000000","7db3099a-dafd-4398-930d-35a7abacb6b2","No"
"twitter","twitter-Australia","1","smmwiz","Australia Traffic from Twitter","0.56","0.4","0.16000000000000003","500","1000000","c3b25884-e42f-4bca-af4c-f426d2ad4d27","No"
"twitter","twitter-Bangladesh","1","smmwiz","Bangladesh Traffic from Twitter","0.56","0.4","0.16000000000000003","500","1000000","8a8adcc7-e71d-4a0f-bbcc-49c841302c56","No"
"twitter","twitter-Brazil","1","smmwiz","Brazil Traffic from Twitter [LQ]","0.238","0.17","0.06799999999999998","88","88888888","485e8d9e-c774-4d61-a86e-459a0a4db7c3","No"
"twitter","twitter-Brazil","2","smmwiz","Brazil Traffic from Twitter","0.56","0.4","0.16000000000000003","500","1000000","89322b92-e5e6-4338-8e44-a70fadce0c33","No"
"twitter","twitter-Canada","1","smmwiz","Canada Traffic from Twitter [LQ]","0.238","0.17","0.06799999999999998","88","88888888","9a6176ba-4f12-4721-9822-575ecc02cb03","No"
"twitter","twitter-Canada","2","smmwiz","Canada Traffic from Twitter","0.56","0.4","0.16000000000000003","500","1000000","67a9bb80-c622-4279-a25a-4d8b85b80a4d","No"
"twitter","twitter-Colombia","1","smmwiz","Colombia Traffic from Twitter","0.56","0.4","0.16000000000000003","500","1000000","62cd481e-b62f-4af6-8d34-8ea0aabed7af","No"
"twitter","twitter-Comments","1","smmwiz","Twitter Random Comments [Real] [World Wide] [1K/D] [0-1/H]","32.928","23.52","9.407999999999998","1","15000","0109ed51-1501-4c97-830c-13026053a312","No"
"twitter","twitter-Comments","2","smmwiz","Twitter random positive comments 🆕","33.6","24","9.600000000000001","5","50000","9f30dd41-bd9c-405e-8cde-8ddd97146fae","No"
"twitter","twitter-Comments","3","smmwiz","X - Twitter Nigeria Comments [10K]🇳🇬","34.818","24.87","9.947999999999997","25","10000","39bc24b3-462d-4b3f-8d92-84bc091fbd26","No"
"twitter","twitter-Comments","4","smmwiz","X - Twitter Nigeria Comments [5K] [UNIQUE VOTES]🇳🇬","41.776","29.84","11.936000000000003","50","5000","baee309b-9bec-4b71-b9e8-aa802eb4a3b4","No"
"twitter","twitter-Comments","5","smmwiz","Twitter Random Comments [500-1K/D] [0-1/H]","52.206","37.29","14.916000000000004","3","1000","a6c4ac2d-b5d7-4cde-9a9a-5b800803058c","No"
"twitter","twitter-Czech","1","smmwiz","Czech Republic Traffic from Twitter [LQ]","0.238","0.17","0.06799999999999998","88","88888888","7fe9e7bc-bad4-4ad3-8421-cabd477011e0","No"
"twitter","twitter-Czech","2","smmwiz","Czech Republic Traffic from Twitter","0.56","0.4","0.16000000000000003","500","1000000","dfc9535b-4d61-4cfd-8f87-ae1460c525be","No"
"twitter","twitter-Egypt","1","smmwiz","Egypt Traffic from Twitter","0.56","0.4","0.16000000000000003","500","1000000","d6992977-2d7c-4ed9-a2b4-63c810d46ae6","No"
"twitter","twitter-Egypt","2","jap","Egypt Traffic from Twitter","0.665","0.475","0.19000000000000006","500","1000000","b01761c7-d3fc-4c3e-b95e-029ef7c9843d","No"
"twitter","twitter-Engagement","1","jap","Twitter Impression + Profile Visits + Engagement [Refill: No] [Max: 100M] [Start Time: 0-1 Hr] [Speed: 10M/D] 💧","0.07","0.05","0.020000000000000004","100","2147483647","7ced7a17-e402-4991-af29-504bc334c5da","Yes"
"twitter","twitter-Finland","1","smmwiz","Finland Traffic from Twitter","0.56","0.4","0.16000000000000003","500","1000000","f8a09776-f8d6-4038-8ab8-771fea4160a9","No"
"twitter","twitter-Followers","1","jap","Twitter Followers","1.5","1","0.5","100","100000","1dcf3c35-4f92-4dbe-830c-e0c870616cc2","No"
"twitter","twitter-Followers","4","smmwiz","Twitter Followers [Low Drop] [Guarantee: 30 Days] [20-40K/D] [0-1/H]","11.55","8.25","3.3000000000000007","10","100000","64454c73-5163-4178-a2aa-d217524e2f5d","No"
"twitter","twitter-Followers","5","smmwiz","Twitter NFT Followers [Cancel Enabled] [1K/D] [0-1/H]","13.44","9.6","3.84","10","1000","d01e982f-b9b6-46f1-aad9-dd655246c318","No"
"twitter","twitter-Followers","2","smmwiz","Twitter Followers [No Drop So Far] [50K/D] [Instant]","4.256","3.04","1.2160000000000002","10","100000","880d8563-74be-4e13-82f3-10e5857f673b","No"
"twitter","twitter-Followers","3","smmwiz","🇺🇸 Twitter USA Followers | Max 100K ⎜100% HQ Users⎜R90 | Non Drop | 2K/D ⛔","8.064","5.76","2.3040000000000003","10","100000","475b537e-9f17-4a5d-afcf-5a78fd08e787","No"
"twitter","twitter-France","1","smmwiz","France Traffic from Twitter [LQ]","0.238","0.17","0.06799999999999998","88","88888888","b1dbc4cb-2788-4654-acd4-108d4ba700bf","No"
"twitter","twitter-France","2","smmwiz","France Traffic from Twitter","0.56","0.4","0.16000000000000003","500","1000000","58bb41e6-620d-4cdd-8069-09f2b6e47ca4","No"
"twitter","twitter-Germany","1","smmwiz","Germany Traffic from Twitter [LQ]","0.238","0.17","0.06799999999999998","88","88888888","abd48f36-5f5c-429d-829f-13e6903aa954","No"
"twitter","twitter-Germany","2","smmwiz","Germany Traffic from Twitter","0.56","0.4","0.16000000000000003","500","1000000","a4a5f616-c062-465e-b4bc-d61bbb0b4cb2","No"
"twitter","twitter-Hong","1","smmwiz","Hong Kong Traffic from Twitter","0.56","0.4","0.16000000000000003","500","1000000","72c35269-197a-4eb9-85ed-96cb6a80566e","No"
"twitter","twitter-Impressions","1","smmwiz","Twitter Impressions [Lifetime] [Instant]","0.028","0.02","0.008","100","100000000","cceac8e4-009a-4656-860a-fb5b3a7cc40b","No"
"twitter","twitter-Impressions","2","smmwiz","Twitter Impressions Engagements [Instant]","0.0336","0.024","0.009599999999999997","100","2147483647","999c9d11-9156-4bda-a363-1513f7d0e8b3","No"
"twitter","twitter-Impressions","3","smmwiz","Twitter Retweets + Impressions [From Super Models] [Organic] [5K/D] [0-1/H]","201.6","144","57.599999999999994","100","5000","68cf1568-7911-450f-b3e4-6338f4c29c6c","No"
"twitter","twitter-India","1","smmwiz","India Traffic from Twitter [LQ]","0.238","0.17","0.06799999999999998","88","88888888","f6045fc7-8cb7-4af3-b81f-97740f023c3e","No"
"twitter","twitter-India","2","smmwiz","India Traffic from Twitter","0.56","0.4","0.16000000000000003","500","1000000","f9d71347-31de-4986-9902-806a23f7523a","No"
"twitter","twitter-Indonesia","1","smmwiz","Indonesia Traffic from Twitter","0.56","0.4","0.16000000000000003","500","1000000","10aba914-2dd1-415f-a9d4-17d3673501c1","No"
"twitter","twitter-Iran","1","smmwiz","Iran Traffic from Twitter","0.56","0.4","0.16000000000000003","500","1000000","afd9e67c-53b3-4994-a93b-3abebe2ef72e","No"
"twitter","twitter-Ireland","1","smmwiz","Ireland Traffic from Twitter","0.56","0.4","0.16000000000000003","500","1000000","a672ccfe-05cd-4814-afc1-a5f3ff97c458","No"
"twitter","twitter-Israel","1","smmwiz","Israel Traffic from Twitter","0.56","0.4","0.16000000000000003","500","1000000","a7e7b1bf-88bb-4c31-ade9-37e14f4049bc","No"
"twitter","twitter-Italy","1","smmwiz","Italy Traffic from Twitter [LQ]","0.238","0.17","0.06799999999999998","88","88888888","fa7be58f-9f8f-4bf6-888c-abea7da86118","No"
"twitter","twitter-Italy","2","smmwiz","Italy Traffic from Twitter","0.56","0.4","0.16000000000000003","500","1000000","61646ca5-0e26-4ae8-a91a-5424eafcdbee","No"
"twitter","twitter-Japan","1","smmwiz","Japan Traffic from Twitter [LQ]","0.238","0.17","0.06799999999999998","88","88888888","35ad026c-298f-4720-8cd1-cdbdf14a46dd","No"
"twitter","twitter-Japan","2","smmwiz","Japan Traffic from Twitter","0.56","0.4","0.16000000000000003","500","1000000","74642b0d-aed3-4d66-9596-fbe28218bc6a","No"
"twitter","twitter-Likes","1","smmwiz","Twitter Real Likes - [ Max - 5K ] [ High Quality ] [ LOW DROP ] ALWAYS INSTANT","1.316","0.94","0.3760000000000001","20","5000","f415613a-f47a-4d6e-abf1-dce4a220af76","No"
"twitter","twitter-Likes","2","smmwiz","Twitter Likes [High Speed] [50K/D] [Instant] [Different Service]","1.316","0.94","0.3760000000000001","20","5000","d2acf553-b885-405e-b874-2099e9c5ef7a","No"
"twitter","twitter-Likes","3","smmwiz","Twitter Likes | Max 10K | 100% Real HQ | Less Drop | Daily 3K","4.242","3.03","1.2120000000000002","10","10000","76880a9b-4d11-4e0f-b51a-afc784c3b304","No"
"twitter","twitter-Likes","4","smmwiz","Twitter Likes - Update Special | INSTANT","4.732","3.38","1.3520000000000003","10","5000","586fcbe7-b4fe-4a73-9aa3-67cf8a28d576","No"
"twitter","twitter-Likes","5","smmwiz","Twitter Likes [High Speed] [10K/D] [Instant] [Different Service]","4.872","3.48","1.392","10","10000","890a6502-dfb7-4601-9792-de1625de4980","No"
"twitter","twitter-Mexico","1","smmwiz","Mexico Traffic from Twitter","0.56","0.4","0.16000000000000003","500","1000000","81578b5c-096a-470c-b406-3acc18ab1825","No"
"twitter","twitter-Moldova","1","smmwiz","Moldova Traffic from Twitter","0.77","0.55","0.21999999999999997","1000","1000000","f6b89f1f-83d8-487a-b623-4375dd0cbc92","No"
"twitter","twitter-Netherlands","1","smmwiz","Netherlands Traffic from Twitter [LQ]","0.238","0.17","0.06799999999999998","88","88888888","addd3636-205d-461b-b220-590cfc707ddd","No"
"twitter","twitter-Netherlands","2","smmwiz","Netherlands Traffic from Twitter","0.56","0.4","0.16000000000000003","500","1000000","8aeeb191-b894-4b64-bf17-63e855b7273c","No"
"twitter","twitter-NEW","1","smmwiz","NEW -- Twitter  Tweet Bundle ORGANİC Impression ","0.28","0.2","0.08000000000000002","100","100000000","b71592ca-e08e-4c70-8127-31b0aaad8baa","No"
"twitter","twitter-Pakistan","1","smmwiz","Pakistan Traffic from Twitter [LQ]","0.238","0.17","0.06799999999999998","88","88888888","475befdd-eaf0-4744-ba8c-f92cae64d4bc","No"
"twitter","twitter-Pakistan","2","smmwiz","Pakistan Traffic from Twitter","0.56","0.4","0.16000000000000003","500","1000000","9c0156c5-dd38-4fd2-b8fe-011a7ae01866","No"
"twitter","twitter-Pakistan","3","jap","Pakistan Traffic from Twitter","0.6125","0.4375","0.17500000000000004","500","1000000","f3d8805c-54d0-439b-aaf2-b350190409c8","No"
"twitter","twitter-Philippines","1","smmwiz","Philippines Traffic from Twitter","0.56","0.4","0.16000000000000003","500","1000000","a08b5d25-120e-45df-8902-6343791ad0a5","No"
"twitter","twitter-Poland","1","smmwiz","Poland Traffic from  Twitter","0.56","0.4","0.16000000000000003","500","1000000","d1c1b319-a824-4618-999f-551b6d28e665","No"
"twitter","twitter-Portugal","1","smmwiz","Portugal Traffic from Twitter","0.56","0.4","0.16000000000000003","500","1000000","3f70b4bc-89ba-406c-b214-9330d9a44870","No"
"twitter","twitter-Portugal","2","jap","Portugal Traffic from Twitter","0.6125","0.4375","0.17500000000000004","500","1000000","554973f6-660c-482a-a7bc-45c0aced5b2c","No"
"twitter","twitter-Romania","1","smmwiz","Romania Traffic from Twitter [LQ]","0.238","0.17","0.06799999999999998","88","88888888","9c134685-ddad-4932-90ba-08a328644dbc","No"
"twitter","twitter-Romania","2","smmwiz","Romania Traffic from Twitter","0.56","0.4","0.16000000000000003","500","1000000","68f75179-3271-4e5f-9ee0-52d53796a069","No"
"twitter","twitter-Romania","3","jap","Romania Traffic from Twitter","0.6125","0.4375","0.17500000000000004","500","1000000","54434f2f-cdfc-4edf-9cf5-d835d6389e24","No"
"twitter","twitter-Russia","1","smmwiz","Russia Traffic from Twitter [LQ]","0.238","0.17","0.06799999999999998","88","88888888","f5fe9e5c-3151-4414-8f1b-4b5ed81d316f","No"
"twitter","twitter-Russia","2","smmwiz","Russia Traffic from Twitter","0.56","0.4","0.16000000000000003","500","1000000","63785034-fe37-4adf-919b-4be22466dd5d","No"
"twitter","twitter-Singapore","1","smmwiz","Singapore Traffic from Twitter","0.56","0.4","0.16000000000000003","500","1000000","29e744fd-ecee-4ef7-bf05-5dd3e5ff7004","No"
"twitter","twitter-South","1","smmwiz","South Korea Traffic from Twitter [LQ]","0.238","0.17","0.06799999999999998","88","88888888","ec91c69e-001e-4d2c-84e7-99a5972ec63a","No"
"twitter","twitter-South","3","smmwiz","South Korea Traffic from Twitter","0.56","0.4","0.16000000000000003","500","1000000","6cfbc791-92b3-43ed-b472-40d3ed2d5bbf","No"
"twitter","twitter-South","2","smmwiz","South Africa Traffic from Twitter","0.56","0.4","0.16000000000000003","500","1000000","35262450-fea7-448d-951b-4b77882238d3","No"
"twitter","twitter-South","4","smmwiz","South Korea Social Shares from Twitter","1.414","1.01","0.4039999999999999","100","100000","a651775b-0606-497c-8d7f-ee0f9900940c","No"
"twitter","twitter-Spain","1","smmwiz","Spain Traffic from Twitter [LQ]","0.238","0.17","0.06799999999999998","88","88888888","370db611-46f2-46a4-95ae-c16d0c277f4b","No"
"twitter","twitter-Spain","2","smmwiz","Spain Traffic from Twitter","0.56","0.4","0.16000000000000003","500","1000000","1496ace0-dc4e-4dc9-a69d-79ecd06651ee","No"
"twitter","twitter-Sweden","1","smmwiz","Sweden Traffic from Twitter","0.77","0.55","0.21999999999999997","1000","1000000","5be78e64-9bd8-4037-88a4-e58bd64ffb0d","No"
"twitter","twitter-Switzerland","1","smmwiz","Switzerland Traffic from Twitter","0.882","0.63","0.252","1000","1000000","5b3354cd-38ec-457d-8faf-1bc457b69879","No"
"twitter","twitter-Taiwan","1","smmwiz","Taiwan Traffic from Twitter [LQ]","0.238","0.17","0.06799999999999998","88","88888888","662c1430-144d-451e-b61c-2b9cfe11d80c","No"
"twitter","twitter-Taiwan","2","smmwiz","Taiwan Traffic from Twitter","0.56","0.4","0.16000000000000003","500","1000000","c196a00b-7ae6-496c-a5ff-a5f30834da27","No"
"twitter","twitter-Thailand","1","smmwiz","Thailand Traffic from Twitter [LQ]","0.238","0.17","0.06799999999999998","88","88888888","72c6c40b-fc03-44b9-898e-d3aa0e54965a","No"
"twitter","twitter-Thailand","2","smmwiz","Thailand Traffic from Twitter","0.56","0.4","0.16000000000000003","500","1000000","5973881a-a5ed-4fe6-8e33-63d06bcd7101","No"
"twitter","twitter-Turkey","1","smmwiz","Turkey Traffic from Twitter [LQ]","0.238","0.17","0.06799999999999998","88","88888888","018192cf-fe4a-4c99-a89a-ea24614a1cd1","No"
"twitter","twitter-Turkey","2","smmwiz","Turkey Traffic from Twitter","0.56","0.4","0.16000000000000003","500","1000000","f25443cb-b96a-4ad6-b998-41c7149e93dd","No"
"twitter","twitter-Twitter","1","smmwiz","Twitter - X Profile Click","0.0126","0.009","0.0036000000000000008","100","2147483647","e038c653-2128-40f6-9506-4981950af941","No"
"twitter","twitter-Twitter","5","smmwiz","Twitter Hashtag Click [Instant]","0.014","0.01","0.004","100","100000000","cb1fdc90-0eda-4147-af20-f94002af1138","No"
"twitter","twitter-Twitter","4","smmwiz","Twitter Profile Click [Instant]","0.014","0.01","0.004","100","100000000","a1e39e04-f418-4032-87eb-8103094091bf","No"
"twitter","twitter-Twitter","3","smmwiz","Twitter Link Click [Instant]","0.014","0.01","0.004","100","100000000","5e82396f-af44-4655-a6a8-a888c8616aaa","No"
"twitter","twitter-Twitter","2","smmwiz","Twitter Media View [Instant]","0.014","0.01","0.004","100","100000000","f9a9f132-2f47-45ee-ad3e-d9fc822f513c","No"
"twitter","twitter-TwitterX","1","smmwiz","Twitter-X  Detail Click","0.007","0.005","0.002","100","2147483647","6f093255-dc0e-4cb3-93b3-e1184c4ffdbb","No"
"twitter","twitter-UK","1","smmwiz","UK Traffic from Twitter [LQ]","0.238","0.17","0.06799999999999998","88","88888888","846ce0c1-9c6a-4fd4-a5c1-63e1290d67c3","No"
"twitter","twitter-UK","2","smmwiz","UK Traffic from Twitter","0.56","0.4","0.16000000000000003","500","1000000","999f5f06-5182-472d-8a4c-63be01b3156c","No"
"twitter","twitter-Ukraine","1","smmwiz","Ukraine Traffic from Twitter","0.56","0.4","0.16000000000000003","500","1000000","87105a03-77e5-445d-91b3-fcd3486c785d","No"
"twitter","twitter-USA","1","smmwiz","USA Traffic from Twitter [LQ]","0.238","0.17","0.06799999999999998","88","88888888","c7650db2-a3d0-49cc-adc1-a176eeb5a1c1","No"
"twitter","twitter-USA","2","smmwiz","USA Traffic from Twitter","0.56","0.4","0.16000000000000003","500","1000000","bd1f8aee-2dd8-4229-9b13-aa3031fd9d00","No"
"twitter","twitter-USA","3","smmwiz","USA Social Shares from Twitter","1.106","0.79","0.31600000000000006","100","100000","6bd901cd-7c8f-46b4-9f11-48df5c85403a","No"
"twitter","twitter-Vietnam","1","smmwiz","Vietnam Traffic from Twitter [LQ]","0.238","0.17","0.06799999999999998","88","88888888","cef4e871-34d3-4b7d-94f7-c185b60a48be","No"
"twitter","twitter-Vietnam","2","smmwiz","Vietnam Traffic from Twitter","0.56","0.4","0.16000000000000003","500","1000000","d6ec4e94-de72-4bdb-a94c-1d1bd9f9d3c1","No"
"twitter","twitter-Views","1","jap","Twitter Tweet/Video Views + Impressions + Engagements + Details + Profile Visits [No Drop] [Max: 10M] [Start Time: 0-1H] [Speed: 1M/Day]","0.0063","0.0045","0.0018000000000000004","100","100000000","d06b3c75-d6cf-42f1-a645-b9a4050b3748","No"
"twitter","twitter-Views","2","smmwiz","Twitter Tweet Views [Instant] [Most Stable Service in Market]","0.014","0.01","0.004","100","100000000","86074853-be1a-425b-8c78-a958adbcb37a","No"
"twitter","twitter-Views","5","smmwiz","Twitter Video Views + Impressions + Profile Clicks [Fast]","0.014","0.01","0.004","100","217545811","80295a59-e4dc-4126-ace1-9501c76279fb","No"
"twitter","twitter-Views","4","smmwiz","Twitter Tweet Views - İmpression","0.014","0.01","0.004","100","2147483647","2e2ef835-bc6b-407d-87ac-c01fe72b2367","No"
"twitter","twitter-Views","3","smmwiz","Twitter Tweet/Video Views + Impressions + Engagements + Details + Profile Visits | Instant | Day 100M","0.014","0.01","0.004","100","100000000","c39b54f2-b056-4339-8988-0430edd076b8","No"
"twitter","twitter-Website","1","jap","Website Traffic From Twitter [WW] [Refill: No] [Max: 1M] [Start Time: 0 - 12 Hour] [Speed: 50K/Day] 💧","0.245","0.175","0.07","88","88888888","8b1b9172-edbb-47fe-a548-6031f2d179bf","Yes"
"twitter","twitter-Worldwide","1","smmwiz","Worldwide Traffic from Twitter [LQ]","0.238","0.17","0.06799999999999998","88","88888888","19963efd-206b-49f7-8e9f-1d8b58ebb1ed","No"
"twitter","twitter-Worldwide","2","smmwiz","WorldWide Traffic from Twitter","0.294","0.21","0.08399999999999999","500","1000000","c0a43e3b-7ac5-478c-8837-d4e5658ac355","No"
"twitter","twitter-X","1","smmwiz","X - Twitter Nigeria Retweets [5K]🇳🇬","34.818","24.87","9.947999999999997","50","5000","04c5bd06-90e2-45e1-b0c3-4839a61471f4","No"
"twitter","twitter-X","2","smmwiz","X - Twitter Nigeria Bookmarks [5K]🇳🇬","41.776","29.84","11.936000000000003","50","5000","debc94c7-7f22-413a-9888-3f0704cb36e3","No"
"youtube","youtube-▶️","1","smmwiz","▶️ Youtube View Native Ads | Min 100k | NON DROP | Speed 150-500k+/Day","1.162","0.83","0.33199999999999996","100000","50000000","c8298088-15e9-4fe9-a0c3-2def093411da","No"
"youtube","youtube-▶️","2","smmwiz","▶️ Youtube View Native 𝑨𝐝𝘀 | G60-Min 30k [Real Users] Speed 1M+/D | NON DROP 🔥","1.316","0.94","0.3760000000000001","30000","10000000","587f1de0-1c7d-4d48-9a6b-86d3be1753a4","No"
"youtube","youtube-▶️","3","smmwiz","▶️ Youtube View Native 𝑨𝐝𝘀 [Real Users] Min 40k | NON DROP | Speed 1M+/D","1.33","0.95","0.3800000000000001","40000","20000000","b0f35cc3-ca2f-4018-bdbe-51fc1457556b","No"
"youtube","youtube-▶️","4","smmwiz","▶️  Youtube View Native 𝑨𝐝𝘀 | G30 - Min 10k [Real Users] ⭐NON DROP⭐ 🔥","1.582","1.13","0.4520000000000002","10000","3000000","838621e3-2df2-472c-981d-5b4209effea4","No"
"youtube","youtube-▶️","5","smmwiz","▶️  Youtube View Native 𝑨𝐝𝘀 [Real Users] Min 5k | speed 1M+/D ⭐NON DROP⭐ 🔥","1.848","1.32","0.528","5000","20000000","c1947aef-696c-431a-811b-932e0a9a36dc","No"
"youtube","youtube-▶️▶️Youtube","1","smmwiz","▶️▶️Youtube View Native Ads | Min 500k | NON DROP | Speed 150-500k+/Day","1.12","0.8","0.32000000000000006","500000","50000000","24f04f16-d3b8-4eef-874f-b5a1e24a0be1","No"
"youtube","youtube-♛","3","smmwiz","♛ YouTube Social Shares from Email 💎","0.882","0.63","0.252","100","500000","bff41dea-2794-4507-89ae-fe27ae7c99d0","No"
"youtube","youtube-♛","2","smmwiz","♛ YouTube Social Shares from 16 Sources! [High-Speed] 💎","0.882","0.63","0.252","100","500000","d243d97b-4804-469c-b7aa-ced89e22bfe0","No"
"youtube","youtube-♛","5","smmwiz","♛ YouTube Social Shares from Pinterest","0.882","0.63","0.252","100","500000","3a47b1b7-ab9b-4a00-83fc-fe83ea6b024e","No"
"youtube","youtube-♛","1","smmwiz","♛ YouTube Social Shares from 카카오스토리 - KakaoTalk 💎","0.882","0.63","0.252","100","500000","5071222b-7b10-4d13-b498-4d20116006f5","No"
"youtube","youtube-♛","4","smmwiz","♛ YouTube Social Shares from Vkontakte","0.882","0.63","0.252","100","500000","301e9ff8-156a-4d25-bce8-c49c219efa15","No"
"youtube","youtube-🇦🇪","2","smmwiz","🇦🇪 YouTube Social Shares [ UAE ]","2.072","1.48","0.5920000000000001","50","100000","db40283d-a5ce-40b7-ad28-9ff48b30f258","No"
"youtube","youtube-🇦🇪","1","smmwiz","🇦🇪 YouTube Social Shares [ UAE ]","2.072","1.48","0.5920000000000001","50","100000","245a60c7-0cea-43f7-aadb-3ed57d7ef412","No"
"youtube","youtube-🇦🇱","1","smmwiz","🇦🇱 YouTube Social Shares [ Albania ]","2.072","1.48","0.5920000000000001","50","100000","8ea4bb6b-5258-4c81-8f5a-ad357fb44bf1","No"
"youtube","youtube-🇦🇱","2","smmwiz","🇦🇱 YouTube Social Shares [ Albania ]","2.072","1.48","0.5920000000000001","50","100000","21a52897-16fd-47e4-9562-6ecc480322bc","No"
"youtube","youtube-🇦🇲","1","smmwiz","🇦🇲 YouTube Unique Viewers - Armenia [TRU™ Titan - Targeted Real Users]","10.892","7.78","3.111999999999999","500","100000","645540a4-7c62-494e-b7b5-5f789f069953","No"
"youtube","youtube-🇦🇴","1","smmwiz","🇦🇴 YouTube Social Shares [ Angola ]","2.072","1.48","0.5920000000000001","50","10000","421d955a-cea8-42c8-aa83-b436d63a68ac","No"
"youtube","youtube-🇦🇴","2","smmwiz","🇦🇴 YouTube Social Shares [ Angola ]","2.072","1.48","0.5920000000000001","50","10000","a84f7464-8182-4efa-8f3b-e9c8c875e186","No"
"youtube","youtube-🇦🇷","2","smmwiz","🇦🇷 YouTube Social Shares [ Argentina ]","2.072","1.48","0.5920000000000001","50","100000","eae2343c-e490-4d08-b3d1-3700beeac95e","No"
"youtube","youtube-🇦🇷","1","smmwiz","🇦🇷 YouTube Social Shares [ Argentina ]","2.072","1.48","0.5920000000000001","50","100000","2551241c-23fe-4ff7-b8f6-275c35f9514a","No"
"youtube","youtube-🇦🇹","1","smmwiz","🇦🇹 YouTube Unique Viewers - Austria [TRU™ Titan - Targeted Real Users]","10.892","7.78","3.111999999999999","500","100000","b2786e48-a36d-44c6-9395-d126eeb58dfa","No"
"youtube","youtube-🇦🇺","1","smmwiz","🇦🇺 YouTube Social Shares [ Australia ]","2.072","1.48","0.5920000000000001","50","10000","70d626a0-b563-4013-ad41-8e0be05570b1","No"
"youtube","youtube-🇦🇺","2","smmwiz","🇦🇺 YouTube Social Shares [ Australia ]","2.072","1.48","0.5920000000000001","50","10000","9c8743c3-29ad-45e0-b140-491a4aa4208f","No"
"youtube","youtube-🇦🇿","1","smmwiz","🇦🇿 YouTube Unique Viewers - Azerbaijan [TRU™ Titan - Targeted Real Users]","10.892","7.78","3.111999999999999","500","100000","75a4ab2e-7b88-4741-bf3f-df85b8d34b3c","No"
"youtube","youtube-🇧🇦","1","smmwiz","🇧🇦 YouTube Social Shares [ Bosnia and Herzegovina ]","2.072","1.48","0.5920000000000001","50","10000","00c75fd5-ae06-4e5d-92b9-54607110d746","No"
"youtube","youtube-🇧🇦","2","smmwiz","🇧🇦 YouTube Social Shares [ Bosnia and Herzegovina ]","2.072","1.48","0.5920000000000001","50","10000","e0a2f07b-574d-4b4e-9ca4-60129f9395b4","No"
"youtube","youtube-🇧🇩","3","smmwiz","🇧🇩 YouTube Unique Viewers - Bangladesh [TRU™ Titan - Targeted Real Users]","10.892","7.78","3.111999999999999","500","100000","67060d39-20b5-48c8-b836-e42c9c0c9a64","No"
"youtube","youtube-🇧🇩","2","smmwiz","🇧🇩 YouTube Social Shares [ Bangladesh ]","2.072","1.48","0.5920000000000001","50","100000","6e4ef239-fa86-40aa-908c-6529c21a649c","No"
"youtube","youtube-🇧🇩","1","smmwiz","🇧🇩 YouTube Social Shares [ Bangladesh ]","2.072","1.48","0.5920000000000001","50","100000","2230c138-b87b-4f5c-a603-62589255f577","No"
"youtube","youtube-🇧🇪","3","smmwiz","🇧🇪 YouTube Unique Viewers - Belgium [TRU™ Titan - Targeted Real Users]","10.892","7.78","3.111999999999999","500","100000","3b4f18d5-ebb0-497e-bcfc-41ff20bc5a8b","No"
"youtube","youtube-🇧🇪","2","smmwiz","🇧🇪 YouTube Social Shares [ Belgium ]","2.072","1.48","0.5920000000000001","50","100000","fe5dea83-d7c5-449c-b4ec-aaba302430b1","No"
"youtube","youtube-🇧🇪","1","smmwiz","🇧🇪 YouTube Social Shares [ Belgium ]","2.072","1.48","0.5920000000000001","50","100000","6bb0afe7-a719-4caf-b654-627c5ad36531","No"
"youtube","youtube-🇧🇬","2","smmwiz","🇧🇬 YouTube Social Shares [ Bulgaria ]","2.072","1.48","0.5920000000000001","50","100000","7e915476-2f04-4890-bd9e-5428aecb831c","No"
"youtube","youtube-🇧🇬","1","smmwiz","🇧🇬 YouTube Social Shares [ Bulgaria ]","2.072","1.48","0.5920000000000001","50","100000","29454d35-8dde-4add-bb36-4f6ca2f60f33","No"
"youtube","youtube-🇧🇴","2","smmwiz","🇧🇴 YouTube Social Shares [ Bolivia ]","2.072","1.48","0.5920000000000001","50","10000","6f25f9ee-4d75-4b48-9b52-376883fc953f","No"
"youtube","youtube-🇧🇴","1","smmwiz","🇧🇴 YouTube Social Shares [ Bolivia ]","2.072","1.48","0.5920000000000001","50","10000","37781879-52dd-40a8-b382-4039c865ddfb","No"
"youtube","youtube-🇧🇷","3","smmwiz","🇧🇷 YouTube Unique Viewers - Brazil [TRU™ Titan - Targeted Real Users]","10.892","7.78","3.111999999999999","500","100000","df984b6f-5cc3-453c-8a2f-8981b5529b56","No"
"youtube","youtube-🇧🇷","1","smmwiz","🇧🇷 YouTube Social Shares [ Brazil ]","2.072","1.48","0.5920000000000001","50","100000","2ad8537a-71fd-48fb-a1b3-2ec6844eea36","No"
"youtube","youtube-🇧🇷","2","smmwiz","🇧🇷 YouTube Social Shares [ Brazil ]","2.072","1.48","0.5920000000000001","50","100000","824a60e2-2e7c-4d1c-809c-4e1f878abaa3","No"
"youtube","youtube-🇧🇷Brazil","1","jap","🇧🇷Brazil Traffic from YouTube [Refill: No] [Max: 1M] [Start Time: 12 Hours] [Speed: 10K/Day]","0.245","0.175","0.07","88","88888888","8ea93283-f834-4224-9404-d07b9398dc94","Yes"
"youtube","youtube-🇨🇦","2","smmwiz","🇨🇦 YouTube Social Shares [ Canada ]","2.072","1.48","0.5920000000000001","50","100000","4b9988d3-33f4-4a5a-bcec-bd05c10adbb7","No"
"youtube","youtube-🇨🇦","1","smmwiz","🇨🇦 YouTube Social Shares [ Canada ]","2.072","1.48","0.5920000000000001","50","100000","3ac7c6e6-96da-439a-941d-5f6d1fe793e0","No"
"youtube","youtube-🇨🇦Canada","1","jap","🇨🇦Canada Traffic from YouTube [No Refill] [Max: 1M] [Start Time: 12 Hours] [Speed: 10K/Day]","0.6125","0.4375","0.17500000000000004","500","1000000","68778d84-349d-400f-b631-b213ff7e0370","Yes"
"youtube","youtube-🇨🇭","2","smmwiz","🇨🇭 YouTube Social Shares [ Switzerland ]","2.072","1.48","0.5920000000000001","50","100000","7742c2e6-54b9-44c1-a774-393e55a667e7","No"
"youtube","youtube-🇨🇭","1","smmwiz","🇨🇭 YouTube Social Shares [ Switzerland ]","2.072","1.48","0.5920000000000001","50","100000","63df88ba-d9b0-40a5-bf0e-92fa44348bc3","No"
"youtube","youtube-🇨🇱","1","smmwiz","🇨🇱 YouTube Social Shares [ Chile ]","2.072","1.48","0.5920000000000001","50","10000","c098ad28-f29d-4633-b0ce-1d5d70096def","No"
"youtube","youtube-🇨🇱","2","smmwiz","🇨🇱 YouTube Social Shares [ Chile ]","2.072","1.48","0.5920000000000001","50","10000","ca624408-55c3-4557-8a95-d60499cad362","No"
"youtube","youtube-🇨🇳China","1","jap","🇨🇳China Traffic from YouTube [No Refill] [Max: 1M] [Start Time: 12 Hours] [Speed: 10K/Day]","0.6125","0.4375","0.17500000000000004","500","1000000","76891ab7-ad5c-4a47-b002-dac955fa8ac9","Yes"
"youtube","youtube-🇨🇴","1","smmwiz","🇨🇴 YouTube Social Shares [ Colombia ]","2.072","1.48","0.5920000000000001","50","100000","458c1f4f-b740-447c-a876-8729531f3344","No"
"youtube","youtube-🇨🇴","2","smmwiz","🇨🇴 YouTube Social Shares [ Colombia ]","2.072","1.48","0.5920000000000001","50","100000","6c4684f6-c0fe-4811-80f8-d448abe8ef58","No"
"youtube","youtube-🇨🇿","3","smmwiz","🇨🇿 YouTube Unique Viewers - Czech Republic [TRU™ Titan - Targeted Real Users]","10.892","7.78","3.111999999999999","500","100000","6d2283f0-46e9-4f24-942a-1f7f2d5c5992","No"
"youtube","youtube-🇨🇿","1","smmwiz","🇨🇿 YouTube Social Shares [ Czech Republic ]","2.072","1.48","0.5920000000000001","50","100000","adb71fe5-dcd7-4a64-b3ca-f4cb1ff080ff","No"
"youtube","youtube-🇨🇿","2","smmwiz","🇨🇿 YouTube Social Shares [ Czech Republic ]","2.072","1.48","0.5920000000000001","50","100000","968f76c0-aeef-43fc-b726-c9362888b0ba","No"
"youtube","youtube-🇨🇿Czech","1","jap","🇨🇿Czech Republic Traffic from YouTube [No Refill] [Max: 1M] [Start Time: 12 Hours] [Speed: 10K/Day]","0.6125","0.4375","0.17500000000000004","500","1000000","eaa3e894-edec-4e63-bb37-36adfdbece09","Yes"
"youtube","youtube-🇩🇪","2","smmwiz","🇩🇪 YouTube Social Shares [ Germany ]","2.072","1.48","0.5920000000000001","50","100000","1b10f05d-68ac-45f2-8821-2de77ef7261a","No"
"youtube","youtube-🇩🇪","1","smmwiz","🇩🇪 YouTube Social Shares [ Germany ]","2.072","1.48","0.5920000000000001","50","100000","07c44188-0f9a-44fc-8523-3ae5fe405383","No"
"youtube","youtube-🇩🇪Germany","1","jap","🇩🇪Germany Traffic from YouTube [No Refill] [Max: 1M] [Start Time: 12 Hours] [Speed: 10K/Day]","0.245","0.175","0.07","88","88888888","60152448-2b4b-45f0-9412-396c1caf8a55","Yes"
"youtube","youtube-🇩🇴","1","smmwiz","🇩🇴 YouTube Social Shares [ Dominican Republic ]","2.072","1.48","0.5920000000000001","50","10000","b5287f55-fdcc-4d6b-8614-b080b9a44209","No"
"youtube","youtube-🇩🇴","2","smmwiz","🇩🇴 YouTube Social Shares [ Dominican Republic ]","2.072","1.48","0.5920000000000001","50","10000","e1f96a39-f601-48e8-91c1-e9ac356503a1","No"
"youtube","youtube-🇩🇿","1","smmwiz","🇩🇿 YouTube Social Shares [ Algeria ]","2.072","1.48","0.5920000000000001","50","100000","20c5e675-edb4-4449-8e39-968fe03d5d6c","No"
"youtube","youtube-🇩🇿","2","smmwiz","🇩🇿 YouTube Social Shares [ Algeria ]","2.072","1.48","0.5920000000000001","50","100000","2be92a4b-0d02-4abe-aa89-4a5230144dd6","No"
"youtube","youtube-🇪🇨","2","smmwiz","🇪🇨 YouTube Social Shares [ Ecuador ]","2.072","1.48","0.5920000000000001","50","100000","8a20d012-ea66-4d79-aa4c-e04e2b9600e6","No"
"youtube","youtube-🇪🇨","1","smmwiz","🇪🇨 YouTube Social Shares [ Ecuador ]","2.072","1.48","0.5920000000000001","50","100000","1b3e9114-a2cc-4cbd-a359-e82b0624a860","No"
"youtube","youtube-🇪🇬","2","smmwiz","🇪🇬 YouTube Social Shares [ Egypt ]","2.072","1.48","0.5920000000000001","50","100000","d512038e-d269-437c-8440-435863abdecf","No"
"youtube","youtube-🇪🇬","1","smmwiz","🇪🇬 YouTube Social Shares [ Egypt ]","2.072","1.48","0.5920000000000001","50","100000","29626071-5499-43d4-bbd8-7401ad603950","No"
"youtube","youtube-🇪🇸","2","smmwiz","🇪🇸 YouTube Social Shares [ Spain ]","2.072","1.48","0.5920000000000001","50","100000","75aa7157-97be-4b7e-a8ac-75becb180529","No"
"youtube","youtube-🇪🇸","1","smmwiz","🇪🇸 YouTube Social Shares [ Spain ]","2.072","1.48","0.5920000000000001","50","100000","52eecd46-1425-4928-b05b-ee6da00e43ae","No"
"youtube","youtube-🇪🇸Spain","1","jap","🇪🇸Spain Traffic from YouTube [No Refill] [Max: 1M] [Start Time: 12 Hours] [Speed: 10K/Day]","0.6125","0.4375","0.17500000000000004","500","1000000","a6eb4b13-1491-4443-8433-7a89dc16fe9f","Yes"
"youtube","youtube-🇫🇮","1","smmwiz","🇫🇮 YouTube Unique Viewers - Finland [TRU™ Titan - Targeted Real Users]","10.892","7.78","3.111999999999999","500","100000","286d53f9-d7e0-46de-a0d5-fadfa73fe8fa","No"
"youtube","youtube-🇫🇷","2","smmwiz","🇫🇷 YouTube Social Shares [ France ]","2.072","1.48","0.5920000000000001","50","100000","dc381caf-afcd-4e92-896f-62f613460905","No"
"youtube","youtube-🇫🇷","1","smmwiz","🇫🇷 YouTube Social Shares [ France ]","2.072","1.48","0.5920000000000001","50","100000","72413b84-0677-4d51-befe-2a400a5fab9f","No"
"youtube","youtube-🇫🇷France","1","jap","🇫🇷France Traffic from YouTube [No Refill] [Max: 1M] [Start Time: 12 Hours] [Speed: 10K/Day]","0.35","0.25","0.09999999999999998","100","1000000","3b57de7c-ec54-4359-9119-fa676bb214ef","Yes"
"youtube","youtube-🇬🇧","1","smmwiz","🇬🇧 YouTube Social Shares [ UK ]","2.072","1.48","0.5920000000000001","50","100000","924946c9-9942-4334-ad9e-5425ff82f09a","No"
"youtube","youtube-🇬🇧","2","smmwiz","🇬🇧 YouTube Social Shares [ UK ]","2.072","1.48","0.5920000000000001","50","100000","3dcc0597-cbae-4b8a-b54e-01de4c3c3768","No"
"youtube","youtube-🇬🇧UK","1","jap","🇬🇧UK Traffic from YouTube [Refill: No] [Max: 1M] [Start Time: 12 Hours] [Speed: 10K/Day] 💧","0.245","0.175","0.07","88","88888888","a43adf93-c20f-4bf8-b395-99b78e73ab00","Yes"
"youtube","youtube-🇬🇷","2","smmwiz","🇬🇷 YouTube Social Shares [ Greece ]","2.072","1.48","0.5920000000000001","100","100000","1069979f-1d21-4669-b7c6-3c1080060bc7","No"
"youtube","youtube-🇬🇷","1","smmwiz","🇬🇷 YouTube Social Shares [ Greece ]","2.072","1.48","0.5920000000000001","100","100000","1b6117b5-8960-426f-bca0-d4b9c974c230","No"
"youtube","youtube-🇬🇹","2","smmwiz","🇬🇹 YouTube Social Shares [ Guatemala ]","2.072","1.48","0.5920000000000001","50","10000","f6a70d1c-6279-4828-84e8-9266621e5194","No"
"youtube","youtube-🇬🇹","1","smmwiz","🇬🇹 YouTube Social Shares [ Guatemala ]","2.072","1.48","0.5920000000000001","50","10000","7a897788-1237-4613-b9d5-e3bc8ce7ecac","No"
"youtube","youtube-🇭🇳","2","smmwiz","🇭🇳 YouTube Social Shares [ Honduras ]","2.072","1.48","0.5920000000000001","50","10000","b2cd7618-d476-4250-b0fc-dda2124068f6","No"
"youtube","youtube-🇭🇳","1","smmwiz","🇭🇳 YouTube Social Shares [ Honduras ]","2.072","1.48","0.5920000000000001","50","10000","2c5c90f2-ba7b-433f-b51b-2d5fa1bb36a9","No"
"youtube","youtube-🇭🇷","1","smmwiz","🇭🇷 YouTube Social Shares [ Croatia ]","2.072","1.48","0.5920000000000001","100","100000","761ccb05-9407-4649-9f53-141ffacbcbd2","No"
"youtube","youtube-🇭🇷","2","smmwiz","🇭🇷 YouTube Social Shares [ Croatia ]","2.072","1.48","0.5920000000000001","100","100000","bcae0018-ad70-4640-8ec2-0abfdd63fbea","No"
"youtube","youtube-🇭🇺","2","smmwiz","🇭🇺 YouTube Social Shares [ Hungary ]","2.072","1.48","0.5920000000000001","50","100000","f5e0827a-bd60-41c0-a2b3-a7229029e6ef","No"
"youtube","youtube-🇭🇺","1","smmwiz","🇭🇺 YouTube Social Shares [ Hungary ]","2.072","1.48","0.5920000000000001","50","100000","2def933d-34c7-4297-956a-bf80d7f4ea49","No"
"youtube","youtube-🇮🇩","4","smmwiz","🇮🇩 YouTube Unique Viewers - Indonesia [TRU™ Titan - Targeted Real Users]","10.892","7.78","3.111999999999999","500","100000","1ef95929-558c-4fcb-bb6d-4ea17ccfc1f2","No"
"youtube","youtube-🇮🇩","3","smmwiz","🇮🇩 YouTube Unique Viewers - Indonesia [TRU™ Titan - Targeted Real Users]","10.892","7.78","3.111999999999999","500","100000","4165f053-9327-4acb-9f2d-3b502e9ae346","No"
"youtube","youtube-🇮🇩","5","smmwiz","🇮🇩 YouTube Unique Viewers - Indonesia [TRU™ Titan - Targeted Real Users]","11.34","8.1","3.24","500","100000","d182a873-fc59-4047-90e6-ad9c242e5b0d","No"
"youtube","youtube-🇮🇩","2","smmwiz","🇮🇩 YouTube Social Shares [ Indonesia ]","2.072","1.48","0.5920000000000001","50","100000","37ece0f2-1603-4a9d-9f50-a6ec9dea298e","No"
"youtube","youtube-🇮🇩","1","smmwiz","🇮🇩 YouTube Social Shares [ Indonesia ]","2.072","1.48","0.5920000000000001","50","100000","0e006abe-880a-4f9b-adbe-d1c16e236fde","No"
"youtube","youtube-🇮🇩Indonesia","1","jap","🇮🇩Indonesia Traffic from YouTube [Refill: No] [Max: 1M] [Start Time: 12 Hours] [Speed: 10K/Day]","0.35","0.25","0.09999999999999998","100","1000000","8e57f14c-a420-4741-8272-b218c20f2408","Yes"
"youtube","youtube-🇮🇱","2","smmwiz","🇮🇱 YouTube Social Shares [ Israel ]","2.072","1.48","0.5920000000000001","50","100000","4eaa347a-6408-488b-9479-6f06442ed87b","No"
"youtube","youtube-🇮🇱","1","smmwiz","🇮🇱 YouTube Social Shares [ Israel ]","2.072","1.48","0.5920000000000001","50","100000","0ba56c18-88c9-4230-bec0-629574309cd6","No"
"youtube","youtube-🇮🇳","3","smmwiz","🇮🇳 YouTube Unique Viewers - India [TRU™ Titan - Targeted Real Users]","10.892","7.78","3.111999999999999","500","100000","3330cc2f-e7ae-4d4a-8154-186c08eaa256","No"
"youtube","youtube-🇮🇳","2","smmwiz","🇮🇳 YouTube Social Shares [ India ]","2.072","1.48","0.5920000000000001","50","10000","d06b133a-762c-42fd-ba55-692cee1fd456","No"
"youtube","youtube-🇮🇳","1","smmwiz","🇮🇳 YouTube Social Shares [ India ]","2.072","1.48","0.5920000000000001","50","10000","9e6dff10-8aa9-4ecc-94c4-37a0289388e2","No"
"youtube","youtube-🇮🇳India","1","jap","🇮🇳India Traffic from YouTube [Refill: No] [Max: 1M] [Start Time: 12 Hours] [Speed: 10K/Day]","0.245","0.175","0.07","88","88888888","fd54572f-cb0c-4408-b27e-1781048e501f","Yes"
"youtube","youtube-🇮🇶","4","smmwiz","🇮🇶 YouTube Social Shares [ Iraq ]","2.072","1.48","0.5920000000000001","50","10000","056e0de3-9db1-4076-a2a4-6ed0fba0eaae","No"
"youtube","youtube-🇮🇶","1","smmwiz","🇮🇶 YouTube Social Shares [ Iraq ]","2.072","1.48","0.5920000000000001","50","10000","55f70201-64df-4f5f-a82b-5f1cd1f88d72","No"
"youtube","youtube-🇮🇶","3","smmwiz","🇮🇶 YouTube Social Shares [ Iraq ]","2.072","1.48","0.5920000000000001","50","10000","0344699e-ff9d-425a-9f91-b23c681215a3","No"
"youtube","youtube-🇮🇶","2","smmwiz","🇮🇶 YouTube Social Shares [ Iraq ]","2.072","1.48","0.5920000000000001","50","10000","788bdcf9-cb90-40b6-9af2-6993daca65c7","No"
"youtube","youtube-🇮🇷","1","smmwiz","🇮🇷 YouTube Social Shares [ Iran ]","2.072","1.48","0.5920000000000001","50","100000","80726dae-f1bb-4c3f-a9ad-156223378501","No"
"youtube","youtube-🇮🇷","2","smmwiz","🇮🇷 YouTube Social Shares [ Iran ]","2.072","1.48","0.5920000000000001","50","100000","9a71808d-7fe5-47f2-8249-66b27b1c0be3","No"
"youtube","youtube-🇮🇹","3","smmwiz","🇮🇹 YouTube Unique Viewers - Italy [TRU™ Titan - Targeted Real Users]","10.892","7.78","3.111999999999999","500","100000","6e01e3bc-9562-4a48-a700-0e3108f420fb","No"
"youtube","youtube-🇮🇹","2","smmwiz","🇮🇹 YouTube Social Shares [ Italy ]","2.072","1.48","0.5920000000000001","50","100000","b9db6d20-df16-4d05-a208-47d57041c8ac","No"
"youtube","youtube-🇮🇹","1","smmwiz","🇮🇹 YouTube Social Shares [ Italy ]","2.072","1.48","0.5920000000000001","50","100000","1c95768e-58b6-405c-80c1-918d3fb74b98","No"
"youtube","youtube-🇮🇹Italy","1","jap","🇮🇹Italy Traffic from YouTube [No Refill] [Max: 1M] [Start Time: 12 Hours] [Speed: 10K/Day]","0.665","0.475","0.19000000000000006","500","1000000","ff5d9c48-0b97-4b92-8422-1d271b009af8","Yes"
"youtube","youtube-🇯🇴","1","smmwiz","🇯🇴 YouTube Social Shares [ Jordan ]","2.072","1.48","0.5920000000000001","50","10000","a1fa5a3e-acab-4d71-8ebe-3a2439f5d32e","No"
"youtube","youtube-🇯🇴","2","smmwiz","🇯🇴 YouTube Social Shares [ Jordan ]","2.072","1.48","0.5920000000000001","50","10000","dc20a861-6bde-4301-9b2b-bd9442c68e7c","No"
"youtube","youtube-🇯🇵","3","smmwiz","🇯🇵 YouTube Unique Viewers - Japan [TRU™ Titan - Targeted Real Users]","10.892","7.78","3.111999999999999","500","100000","84ebb997-f2c3-4cad-8918-8eb608852451","No"
"youtube","youtube-🇯🇵","2","smmwiz","🇯🇵 YouTube Social Shares [ Japan ]","2.072","1.48","0.5920000000000001","50","100000","f73fbc49-2bdb-4174-a08a-3ebdbb69d2af","No"
"youtube","youtube-🇯🇵","1","smmwiz","🇯🇵 YouTube Social Shares [ Japan ]","2.072","1.48","0.5920000000000001","50","100000","9491ae73-5fa9-4652-90fa-074f9d5d2796","No"
"youtube","youtube-🇯🇵Japan","1","jap","🇯🇵Japan Traffic from YouTube [Refill: No] [Max: 1M] [Start Time: 12 Hours] [Speed: 10K/Day]","0.6125","0.4375","0.17500000000000004","500","1000000","f746b6e0-242f-42dc-a551-abf40b62b133","Yes"
"youtube","youtube-🇰🇪","1","smmwiz","🇰🇪 YouTube Social Shares [ Kenya ]","2.072","1.48","0.5920000000000001","50","100000","5413d42b-3c7e-478a-aa1a-4f9cab76de3b","No"
"youtube","youtube-🇰🇪","2","smmwiz","🇰🇪 YouTube Social Shares [ Kenya ]","2.072","1.48","0.5920000000000001","50","100000","8d92adb4-eda6-41eb-811b-641012d886fc","No"
"youtube","youtube-🇰🇷","3","smmwiz","🇰🇷 YouTube Unique Viewers - South Korea [TRU™ Titan - Targeted Real Users]","16.128","11.52","4.6080000000000005","500","100000","86817216-49c6-4e9b-9345-b4db38acd1d4","No"
"youtube","youtube-🇰🇷","2","smmwiz","🇰🇷 YouTube Social Shares [ South Korea ]","2.072","1.48","0.5920000000000001","50","100000","8c705a54-85d2-4522-90ee-b0076aae7e0a","No"
"youtube","youtube-🇰🇷","1","smmwiz","🇰🇷 YouTube Social Shares [ South Korea ]","2.072","1.48","0.5920000000000001","50","100000","c0afa960-1ad0-48b5-99e0-b40c7b3f3322","No"
"youtube","youtube-🇰🇷South","1","jap","🇰🇷South Korea Traffic from YouTube [Refill: No] [Max: 1M] [Start Time: 12 Hours] [Speed: 10K/Day]","0.245","0.175","0.07","88","88888888","15033e39-d3ed-4892-b228-e25f6db22243","Yes"
"youtube","youtube-🇱🇧","2","smmwiz","🇱🇧 YouTube Social Shares [ Lebanon ]","2.072","1.48","0.5920000000000001","50","10000","fc79852f-2a37-4344-a39b-0f76776f11a1","No"
"youtube","youtube-🇱🇧","1","smmwiz","🇱🇧 YouTube Social Shares [ Lebanon ]","2.072","1.48","0.5920000000000001","50","10000","d3b951cd-8a57-45f3-8a2d-c2cd9da6d9d6","No"
"youtube","youtube-🇱🇰","2","smmwiz","🇱🇰 YouTube Social Shares [ Sri Lanka ]","2.072","1.48","0.5920000000000001","100","100000","a1d3203c-12f4-4bba-9739-45a0af4689ac","No"
"youtube","youtube-🇱🇰","1","smmwiz","🇱🇰 YouTube Social Shares [ Sri Lanka ]","2.072","1.48","0.5920000000000001","100","100000","777021ba-537c-477c-8aad-c34ba00e4a5b","No"
"youtube","youtube-🇲🇦","1","smmwiz","🇲🇦 YouTube Social Shares [ Morocco ]","2.072","1.48","0.5920000000000001","50","100000","7a47ec6c-6707-41b5-92cb-5793de516b90","No"
"youtube","youtube-🇲🇦","2","smmwiz","🇲🇦 YouTube Social Shares [ Morocco ]","2.072","1.48","0.5920000000000001","50","100000","e57fdc03-5dc5-4e4a-a93f-f7ef72441b3c","No"
"youtube","youtube-🇲🇩","1","smmwiz","🇲🇩 YouTube Unique Viewers - Moldova [TRU™ Titan - Targeted Real Users]","10.892","7.78","3.111999999999999","500","100000","c1a6af03-5e20-4442-b52d-2383e0f841de","No"
"youtube","youtube-🇲🇰","2","smmwiz","🇲🇰 YouTube Social Shares [ North Macedonia ]","2.072","1.48","0.5920000000000001","50","100000","65812ba1-9842-4987-bdf5-a1c927bb6f2f","No"
"youtube","youtube-🇲🇰","1","smmwiz","🇲🇰 YouTube Social Shares [ North Macedonia ]","2.072","1.48","0.5920000000000001","50","100000","4cb1dc48-69e7-4a34-bd3b-304f24cb3448","No"
"youtube","youtube-🇲🇲","1","smmwiz","🇲🇲 YouTube Social Shares [ Myanmar ]","2.072","1.48","0.5920000000000001","50","10000","b21f2bd9-c554-4fb4-af6d-c523047741d8","No"
"youtube","youtube-🇲🇲","2","smmwiz","🇲🇲 YouTube Social Shares [ Myanmar ]","2.072","1.48","0.5920000000000001","50","10000","faf8c385-176c-4703-8909-1a8e6349f5a8","No"
"youtube","youtube-🇲🇹","1","smmwiz","🇲🇹 YouTube Unique Viewers - Malta [TRU™ Titan - Targeted Real Users]","10.892","7.78","3.111999999999999","500","100000","ca569e01-f9e9-49b8-abb6-b947d4c197a9","No"
"youtube","youtube-🇲🇺","1","smmwiz","🇲🇺 YouTube Social Shares [ Mauritius ]","2.072","1.48","0.5920000000000001","50","10000","a9644267-1f4d-43fe-a2bc-074d9a0b03a6","No"
"youtube","youtube-🇲🇺","2","smmwiz","🇲🇺 YouTube Social Shares [ Mauritius ]","2.072","1.48","0.5920000000000001","50","10000","fb26774e-ae8a-42e3-beb2-c60db4b5692b","No"
"youtube","youtube-🇲🇽","1","smmwiz","🇲🇽 YouTube Social Shares [ Mexico ]","2.072","1.48","0.5920000000000001","50","100000","31e0e64d-8e74-42d3-9a8e-8b8c13aca772","No"
"youtube","youtube-🇲🇽","2","smmwiz","🇲🇽 YouTube Social Shares [ Mexico ]","2.072","1.48","0.5920000000000001","50","100000","72217769-c72f-474c-b426-72443cde7208","No"
"youtube","youtube-🇲🇽Mexico","1","jap","🇲🇽Mexico Traffic from YouTube [No Refill] [Max: 1M] [Start Time: 12 Hours] [Speed: 10K/Day]","0.6125","0.4375","0.17500000000000004","500","1000000","8be297ed-2641-4f06-8191-3de1d39f6857","Yes"
"youtube","youtube-🇲🇾","1","smmwiz","🇲🇾 YouTube Social Shares [ Malaysia ]","2.072","1.48","0.5920000000000001","50","100000","a3d366e0-e09c-47c0-a54c-fac9854a1c24","No"
"youtube","youtube-🇲🇾","2","smmwiz","🇲🇾 YouTube Social Shares [ Malaysia ]","2.072","1.48","0.5920000000000001","50","100000","ded95aae-98e0-4ca6-9ae2-731368d50804","No"
"youtube","youtube-🇳🇬","1","smmwiz","🇳🇬 YouTube Social Shares [ Nigeria ]","2.072","1.48","0.5920000000000001","50","10000","22442eb9-02c2-4050-aabf-2209a6a3eb47","No"
"youtube","youtube-🇳🇬","2","smmwiz","🇳🇬 YouTube Social Shares [ Nigeria ]","2.072","1.48","0.5920000000000001","50","10000","0c574faa-b34d-4be7-b5fe-3a7b860fed6c","No"
"youtube","youtube-🇳🇱","2","smmwiz","🇳🇱 YouTube Social Shares [ Netherlands ]","2.072","1.48","0.5920000000000001","50","100000","d45a2708-5124-4bc6-a92b-18a2f9e8e7c2","No"
"youtube","youtube-🇳🇱","1","smmwiz","🇳🇱 YouTube Social Shares [ Netherlands ]","2.072","1.48","0.5920000000000001","50","100000","a6cdeecd-8a0a-4d53-a546-976a0f25cfa0","No"
"youtube","youtube-🇳🇱Netherlands","1","jap","🇳🇱Netherlands Traffic from YouTube [No Refill] [Max: 1M] [Start Time: 12 Hours] [Speed: 10K/Day]","0.6125","0.4375","0.17500000000000004","500","1000000","2256206f-ed23-4f46-9754-d023e79adfa5","Yes"
"youtube","youtube-🇳🇵","1","smmwiz","🇳🇵 YouTube Social Shares [ Nepal ]","2.072","1.48","0.5920000000000001","50","10000","4f821e99-9637-4ad2-a2a1-d0db1cc9aa76","No"
"youtube","youtube-🇳🇵","2","smmwiz","🇳🇵 YouTube Social Shares [ Nepal ]","2.072","1.48","0.5920000000000001","50","10000","2132131b-9dcc-4393-8ac0-82d45472818f","No"
"youtube","youtube-🇴🇲","1","smmwiz","🇴🇲 YouTube Social Shares [ Oman ]","2.072","1.48","0.5920000000000001","50","10000","8bfb60f5-95c8-421b-bfed-52f423bdafaa","No"
"youtube","youtube-🇴🇲","2","smmwiz","🇴🇲 YouTube Social Shares [ Oman ]","2.072","1.48","0.5920000000000001","50","10000","9bd4e42b-bad9-4c82-b7f7-53b1a4466686","No"
"youtube","youtube-🇵🇪","1","smmwiz","🇵🇪 YouTube Social Shares [ Peru ]","2.072","1.48","0.5920000000000001","50","10000","8595cbb4-67d3-48c1-a468-000ccd5414cf","No"
"youtube","youtube-🇵🇪","2","smmwiz","🇵🇪 YouTube Social Shares [ Peru ]","2.072","1.48","0.5920000000000001","50","10000","363da735-46f0-45cf-8334-527d14264b02","No"
"youtube","youtube-🇵🇭","3","smmwiz","🇵🇭 YouTube Unique Viewers - Philippines [TRU™ Titan - Targeted Real Users]","10.892","7.78","3.111999999999999","500","100000","9fe67dbe-0ef2-4a5c-84c2-98ccb0f4a47a","No"
"youtube","youtube-🇵🇭","2","smmwiz","🇵🇭 YouTube Social Shares [ Philippines ]","2.072","1.48","0.5920000000000001","50","100000","cf53ece4-4464-4c78-bf66-8b0b608a4ebe","No"
"youtube","youtube-🇵🇭","1","smmwiz","🇵🇭 YouTube Social Shares [ Philippines ]","2.072","1.48","0.5920000000000001","50","100000","c36b18f1-fc52-4a02-9968-b8e3507b5ed6","No"
"youtube","youtube-🇵🇰","3","smmwiz","🇵🇰 YouTube Unique Viewers - Pakistan [TRU™ Titan - Targeted Real Users]","10.892","7.78","3.111999999999999","500","100000","e7ed3104-7cbf-4922-87ad-4ec53fa80e40","No"
"youtube","youtube-🇵🇰","2","smmwiz","🇵🇰 YouTube Social Shares [ Pakistan ]","2.072","1.48","0.5920000000000001","50","100000","7ddb6767-94ae-48ce-800d-ef944470ad3d","No"
"youtube","youtube-🇵🇰","1","smmwiz","🇵🇰 YouTube Social Shares [ Pakistan ]","2.072","1.48","0.5920000000000001","50","100000","2d914a47-d689-411f-abc9-dd8731485e16","No"
"youtube","youtube-🇵🇱","2","smmwiz","🇵🇱 YouTube Social Shares [ Poland ]","2.072","1.48","0.5920000000000001","50","100000","dca56950-57b8-4efc-b73f-9441e8cc0dab","No"
"youtube","youtube-🇵🇱","1","smmwiz","🇵🇱 YouTube Social Shares [ Poland ]","2.072","1.48","0.5920000000000001","50","100000","5cf8a723-c07a-435c-91c8-04df65693745","No"
"youtube","youtube-🇵🇱Poland","1","jap","🇵🇱Poland Traffic from YouTube [No Refill] [Max: 1M] [Start Time: 12 Hours] [Speed: 10K/Day]","0.6125","0.4375","0.17500000000000004","500","1000000","01264cac-bf8d-4a6c-b113-a6e0455dd6e1","Yes"
"youtube","youtube-🇵🇹","1","smmwiz","🇵🇹 YouTube Social Shares [ Portugal ]","2.072","1.48","0.5920000000000001","50","100000","2a867ea8-5406-4bc1-a2af-576567cc3657","No"
"youtube","youtube-🇵🇹","2","smmwiz","🇵🇹 YouTube Social Shares [ Portugal ]","2.072","1.48","0.5920000000000001","50","100000","2d828776-5436-4bcd-b672-b6b9d22d8ad8","No"
"youtube","youtube-🇵🇾","1","smmwiz","🇵🇾 YouTube Social Shares [ Paraguay ]","2.072","1.48","0.5920000000000001","50","10000","9d7d8882-3275-4855-981f-5897df51c55d","No"
"youtube","youtube-🇵🇾","2","smmwiz","🇵🇾 YouTube Social Shares [ Paraguay ]","2.072","1.48","0.5920000000000001","50","10000","f6d7df82-7725-4302-bc59-609dbbcea3ea","No"
"youtube","youtube-🇶🇦","1","smmwiz","🇶🇦 YouTube Social Shares [ Qatar ]","2.072","1.48","0.5920000000000001","50","10000","9f07b8c4-fe63-43e5-9958-a4c7e482ebd5","No"
"youtube","youtube-🇶🇦","2","smmwiz","🇶🇦 YouTube Social Shares [ Qatar ]","2.072","1.48","0.5920000000000001","50","10000","725d403b-8b6e-4dc9-b9c2-becd7ea00d7f","No"
"youtube","youtube-🇷🇴","1","smmwiz","🇷🇴 YouTube Social Shares [ Romania ]","2.072","1.48","0.5920000000000001","50","100000","45b6129b-0ace-45e0-b03e-936bd735679d","No"
"youtube","youtube-🇷🇴","2","smmwiz","🇷🇴 YouTube Social Shares [ Romania ]","2.072","1.48","0.5920000000000001","50","100000","d2882fdb-c9af-4bdf-aee0-6732aa16426c","No"
"youtube","youtube-🇷🇸","3","smmwiz","🇷🇸 YouTube Unique Viewers - Serbia [TRU™ Titan - Targeted Real Users]","10.892","7.78","3.111999999999999","500","100000","e6fa632e-42db-4988-acbe-12651dd1ac2c","No"
"youtube","youtube-🇷🇸","2","smmwiz","🇷🇸 YouTube Social Shares [ Serbia ]","2.072","1.48","0.5920000000000001","50","100000","f73fd5fa-0a36-4140-a4a9-778f33873645","No"
"youtube","youtube-🇷🇸","1","smmwiz","🇷🇸 YouTube Social Shares [ Serbia ]","2.072","1.48","0.5920000000000001","50","100000","0fad7b51-d727-492a-915f-3c72d5c34994","No"
"youtube","youtube-🇷🇺","1","smmwiz","🇷🇺 YouTube Social Shares [ Russia ]","2.072","1.48","0.5920000000000001","50","100000","060505ce-ec98-4f62-9099-42f8e5f818b2","No"
"youtube","youtube-🇷🇺","2","smmwiz","🇷🇺 YouTube Social Shares [ Russia ]","2.072","1.48","0.5920000000000001","50","100000","8a1311f2-c1e2-4fc8-9168-25168158bd1d","No"
"youtube","youtube-🇷🇺Russia","1","jap","🇷🇺Russia Traffic from YouTube [No Refill] [Max: 1M] [Start Time: 12 Hours] [Speed: 10K/Day]","0.6125","0.4375","0.17500000000000004","500","1000000","085c99c6-d53f-43a2-98b3-c008b38df278","Yes"
"youtube","youtube-🇸🇦","1","smmwiz","🇸🇦 YouTube Social Shares [ Saudi Arabia ]","2.072","1.48","0.5920000000000001","50","100000","38f363c2-fe3a-4891-ab9a-a3efba47904f","No"
"youtube","youtube-🇸🇦","2","smmwiz","🇸🇦 YouTube Social Shares [ Saudi Arabia ]","2.072","1.48","0.5920000000000001","50","100000","cd09815f-d641-4238-94ec-371e35509413","No"
"youtube","youtube-🇸🇬","1","smmwiz","🇸🇬 YouTube Social Shares [ Singapore ]","2.072","1.48","0.5920000000000001","50","100000","44820ad4-39ad-46e1-ba39-f8427e3de491","No"
"youtube","youtube-🇸🇬","2","smmwiz","🇸🇬 YouTube Social Shares [ Singapore ]","2.072","1.48","0.5920000000000001","50","100000","6bb20560-34ca-4b54-9cb0-62917de8b21d","No"
"youtube","youtube-🇸🇬Singapore","1","jap","🇸🇬Singapore Traffic from YouTube [No Refill] [Max: 1M] [Start Time: 12 Hours] [Speed: 10K/Day]","0.6125","0.4375","0.17500000000000004","500","1000000","65a6cf42-dac0-468c-a5a8-171f0519d5f4","Yes"
"youtube","youtube-🇸🇳","2","smmwiz","🇸🇳 YouTube Social Shares [ Senegal ]","2.072","1.48","0.5920000000000001","50","10000","9ecb4577-6bb1-44a2-8b97-3b53fff9a613","No"
"youtube","youtube-🇸🇳","1","smmwiz","🇸🇳 YouTube Social Shares [ Senegal ]","2.072","1.48","0.5920000000000001","50","10000","7573ae32-c6d7-409f-8b39-d9316925541e","No"
"youtube","youtube-🇸🇻","1","smmwiz","🇸🇻 YouTube Social Shares [ El Salvador ]","2.072","1.48","0.5920000000000001","50","10000","78dd37ab-3218-4f11-b764-4b272b753e6c","No"
"youtube","youtube-🇸🇻","2","smmwiz","🇸🇻 YouTube Social Shares [ El Salvador ]","2.072","1.48","0.5920000000000001","50","10000","049ca167-ba3b-49a2-9c59-e428823d538f","No"
"youtube","youtube-🇸🇾","1","smmwiz","🇸🇾 YouTube Social Shares [ Syria ]","2.072","1.48","0.5920000000000001","50","10000","875191de-0b47-4cf2-88e5-692498395cfd","No"
"youtube","youtube-🇸🇾","2","smmwiz","🇸🇾 YouTube Social Shares [ Syria ]","2.072","1.48","0.5920000000000001","50","10000","5f8d9c27-6fd9-4ffe-9aec-4a37406e09ff","No"
"youtube","youtube-🇹🇬","2","smmwiz","🇹🇬 YouTube Social Shares [ Togo ]","2.072","1.48","0.5920000000000001","50","10000","b31f6fc0-da1e-4643-9212-c50b580c501f","No"
"youtube","youtube-🇹🇬","1","smmwiz","🇹🇬 YouTube Social Shares [ Togo ]","2.072","1.48","0.5920000000000001","50","10000","2de57107-c71e-438f-97ab-1d8f00ba506f","No"
"youtube","youtube-🇹🇭","3","smmwiz","🇹🇭 YouTube Unique Viewers - Thailand [TRU™ Titan - Targeted Real Users]","10.892","7.78","3.111999999999999","500","100000","16881620-91cb-436a-bef5-f8243bbcddf4","No"
"youtube","youtube-🇹🇭","1","smmwiz","🇹🇭 YouTube Social Shares [ Thailand ]","2.072","1.48","0.5920000000000001","50","100000","22b2d048-8a18-4be9-b0e6-f228e271bc74","No"
"youtube","youtube-🇹🇭","2","smmwiz","🇹🇭 YouTube Social Shares [ Thailand ]","2.072","1.48","0.5920000000000001","50","100000","2d694bf9-c678-4ca7-8e24-3f021327b046","No"
"youtube","youtube-🇹🇭Thailand","1","jap","🇹🇭Thailand Traffic from YouTube [No Refill] [Max: 1M] [Start Time: 12 Hours] [Speed: 10K/Day]","0.6125","0.4375","0.17500000000000004","500","1000000","be3554e6-94a2-4941-811f-1dd2e608f2c4","Yes"
"youtube","youtube-🇹🇳","1","smmwiz","🇹🇳 YouTube Social Shares [ Tunisia ]","2.072","1.48","0.5920000000000001","50","100000","679388d5-2492-4a04-a958-9e0d8d265651","No"
"youtube","youtube-🇹🇳","2","smmwiz","🇹🇳 YouTube Social Shares [ Tunisia ]","2.072","1.48","0.5920000000000001","50","100000","ecda7fae-07b0-470b-a9ad-66038024b227","No"
"youtube","youtube-🇹🇷","3","smmwiz","🇹🇷 YouTube Unique Viewers - Turkey [TRU™ Titan - Targeted Real Users]","10.892","7.78","3.111999999999999","500","100000","38d25def-3963-496a-bd7e-84472865c4ad","No"
"youtube","youtube-🇹🇷","1","smmwiz","🇹🇷 YouTube Social Shares [ Turkey ]","2.072","1.48","0.5920000000000001","50","100000","c212926b-bc25-4275-b75f-dd009a3b39bb","No"
"youtube","youtube-🇹🇷","2","smmwiz","🇹🇷 YouTube Social Shares [ Turkey ]","2.072","1.48","0.5920000000000001","50","100000","cf060478-4f6c-476b-b7fb-309d27172ae0","No"
"youtube","youtube-🇹🇷Turkey","1","jap","🇹🇷Turkey Traffic from YouTube [No Refill] [Max: 1M] [Start Time: 12 Hours] [Speed: 10K/Day]","0.6125","0.4375","0.17500000000000004","500","1000000","5fde0a7c-01cc-4201-a912-df63993fb910","Yes"
"youtube","youtube-🇹🇼","1","smmwiz","🇹🇼 YouTube Social Shares [ Taiwan ]","2.072","1.48","0.5920000000000001","50","100000","00312edd-ac5c-4441-b9e6-7f1b7453b63c","No"
"youtube","youtube-🇹🇼","2","smmwiz","🇹🇼 YouTube Social Shares [ Taiwan ]","2.072","1.48","0.5920000000000001","50","100000","00312edd-ac5c-4441-b9e6-7f1b7453b63c","No"
"youtube","youtube-🇹🇼","3","smmwiz","🇹🇼 YouTube Social Shares [ Taiwan ]","2.072","1.48","0.5920000000000001","50","100000","00312edd-ac5c-4441-b9e6-7f1b7453b63c","No"
"youtube","youtube-🇹🇼","4","smmwiz","🇹🇼 YouTube Social Shares [ Taiwan ]","2.072","1.48","0.5920000000000001","50","100000","05b9ca6d-356c-487e-950e-38bf9fe12d19","No"
"youtube","youtube-🇹🇼","5","smmwiz","🇹🇼 YouTube Social Shares [ Taiwan ]","2.072","1.48","0.5920000000000001","50","100000","00312edd-ac5c-4441-b9e6-7f1b7453b63c","No"
"youtube","youtube-🇹🇼Taiwan","1","jap","🇹🇼Taiwan Traffic from YouTube [No Refill] [Max: 1M] [Start Time: 12 Hours] [Speed: 10K/Day]","0.6125","0.4375","0.17500000000000004","500","1000000","3f375f01-1dd6-4c43-a130-a4713f5dff05","Yes"
"youtube","youtube-🇺🇦","2","smmwiz","🇺🇦 YouTube Social Shares [ Ukraine ]","2.072","1.48","0.5920000000000001","50","100000","4f0befef-9210-44b3-ac2f-7ec06e6b92ae","No"
"youtube","youtube-🇺🇦","1","smmwiz","🇺🇦 YouTube Social Shares [ Ukraine ]","2.072","1.48","0.5920000000000001","50","100000","2dd687f7-9df7-488a-9f0d-8881042de3f5","No"
"youtube","youtube-🇺🇦Ukraine","1","jap","🇺🇦Ukraine Traffic from YouTube [No Refill] [Max: 1M] [Start Time: 12 Hours] [Speed: 10K/Day]","0.6125","0.4375","0.17500000000000004","500","1000000","9e27b930-67d6-45d9-97ed-86dbe5afcec0","Yes"
"youtube","youtube-🇺🇸","4","jap","🇺🇸 YouTube USA Social Shares [Refill: Lifetime] [Max: 10K] [Start Time: 0 - 1 Hour] [Speed: 10K/Day]","0.35","0.25","0.09999999999999998","100","100000","07bad16a-91fc-4e81-ae4b-d825b3e3685c","Yes"
"youtube","youtube-🇺🇸","5","jap","🇺🇸 YouTube USA Social Shares [From Facebook] [Refill: Lifetime] [Max: 10K] [Start Time: 0 - 1 Hour] [Speed: 10K/Day]","0.35","0.25","0.09999999999999998","100","100000","71c0ba4b-f033-43ee-b276-0eb2f39c0e3d","Yes"
"youtube","youtube-🇺🇸","1","smmwiz","🇺🇸 YouTube USA AUTO Social Shares from 16 Sources! [High-Speed]","1.26","0.9","0.36","100","100000","e2c0b399-4e43-4db9-8ac0-fc7b7d13ac39","No"
"youtube","youtube-🇺🇸","3","smmwiz","🇺🇸 YouTube Unique Viewers - USA [TRU™ Titan - Targeted Real Users]","16.128","11.52","4.6080000000000005","500","100000","822ae416-5445-46da-8f6b-207bdbc92b1d","No"
"youtube","youtube-🇺🇸","2","smmwiz","🇺🇸 YouTube Social Shares [ USA ]","2.072","1.48","0.5920000000000001","50","100000","24ac5cdb-fc1d-4acf-a54d-aec9b3b2deef","No"
"youtube","youtube-🇺🇸USA","1","jap","🇺🇸USA Traffic from YouTube [Refill: No] [Max: 1M] [Start Time: 0 - 12 Hours] [Speed: 10K/Day] 💧","0.245","0.175","0.07","88","88888888","8a3c9c75-a6bc-421f-8a72-31d37ff389fe","Yes"
"youtube","youtube-🇺🇸YouTube","1","jap","🇺🇸YouTube Comment Reply [CUSTOM] [USA] [LIFETIME GUARANTEED] [Max: 2K] [Start Time: 0-1 Hour] [Speed: 2K/Day] ⚡⭐ ♻️","70","50","20","10","2000","b0796459-c21c-460b-b9c5-77d37f2cfb16","Yes"
"youtube","youtube-🇺🇾","1","smmwiz","🇺🇾 YouTube Social Shares [ Uruguay ]","2.072","1.48","0.5920000000000001","50","10000","09d10206-7572-43b9-a5e3-e383ec7f25b0","No"
"youtube","youtube-🇺🇾","2","smmwiz","🇺🇾 YouTube Social Shares [ Uruguay ]","2.072","1.48","0.5920000000000001","50","10000","4624e43b-7f75-429b-a51f-0fc371644fa3","No"
"youtube","youtube-🇺🇿","1","smmwiz","🇺🇿 YouTube Unique Viewers - Uzbekistan [TRU™ Titan - Targeted Real Users]","10.892","7.78","3.111999999999999","500","100000","a5c7ec6d-06e6-4a5e-9203-83dfbc3e7b29","No"
"youtube","youtube-🇻🇪","1","smmwiz","🇻🇪 YouTube Social Shares [ Venezuela ]","2.072","1.48","0.5920000000000001","50","100000","93bc0b34-47af-42b5-a8ef-75144d6faac7","No"
"youtube","youtube-🇻🇪","2","smmwiz","🇻🇪 YouTube Social Shares [ Venezuela ]","2.072","1.48","0.5920000000000001","50","100000","a9c88285-07cf-40e9-b6e8-0a4adde14ee6","No"
"youtube","youtube-🇻🇳","3","smmwiz","🇻🇳 YouTube Unique Viewers - Viet Nam [TRU™ Titan - Targeted Real Users]","10.892","7.78","3.111999999999999","500","100000","a53e07ff-1103-4828-a65d-cd87a8bfabdc","No"
"youtube","youtube-🇻🇳","1","smmwiz","🇻🇳 YouTube Social Shares [ Vietnam ]","2.072","1.48","0.5920000000000001","50","100000","6a44c415-c654-41ba-b76d-f3563e405ccd","No"
"youtube","youtube-🇻🇳","2","smmwiz","🇻🇳 YouTube Social Shares [ Vietnam ]","2.072","1.48","0.5920000000000001","50","100000","a4384915-2df9-4ceb-87d6-a16ff729d680","No"
"youtube","youtube-🇻🇳Vietnam","1","jap","🇻🇳Vietnam Traffic from YouTube [No Refill] [Max: 1M] [Start Time: 12 Hours] [Speed: 10K/Day]","0.6125","0.4375","0.17500000000000004","500","1000000","7a7d6535-ca56-4e97-9b7f-d7029724a860","Yes"
"youtube","youtube-🇽🇰","1","smmwiz","🇽🇰 YouTube Unique Viewers - Kosovo [TRU™ Titan - Targeted Real Users]","10.892","7.78","3.111999999999999","500","100000","fd94387b-509d-4541-9aa8-99c29439eb34","No"
"youtube","youtube-🇿🇦","1","smmwiz","🇿🇦 YouTube Social Shares [ South Africa ]","2.072","1.48","0.5920000000000001","100","100000","0e26af40-c2d5-4ea1-85c7-56628b94352a","No"
"youtube","youtube-🇿🇦","2","smmwiz","🇿🇦 YouTube Social Shares [ South Africa ]","2.072","1.48","0.5920000000000001","100","100000","81c04970-c8ba-493b-a084-af9884bbe155","No"
"youtube","youtube-🏆","1","smmwiz","🏆 YouTube Authority Stack - 16 Premium Video Embeds &amp;amp; Backlinks [Cloud • EDU • Web 2.0 • DA 70-95+] [Custom Keywords]","423.36","302.4","120.96000000000004","1","1","143f40fd-6714-4590-86ae-89865644352d","No"
"youtube","youtube-🔺","1","smmwiz","🔺 Youtube Watchtime [1K = 1000 Hours] [Minimum 60 Minutes Video - R30] [ New speed 500/Day]","29.82","21.3","8.52","100","4000","56f1ec94-48be-4a8d-bd2e-15120701a577","No"
"youtube","youtube-🗣️","4","smmwiz","🗣️ YouTube Unique Viewers - Spanish Speakers [TRU™ Titan - Targeted Real Users]","10.892","7.78","3.111999999999999","500","100000","b1370c5a-c021-42cc-ae4d-f5fdb05d7d85","No"
"youtube","youtube-🗣️","5","smmwiz","🗣️ YouTube Unique Viewers - German Speakers [TRU™ Titan - Targeted Real Users]","10.892","7.78","3.111999999999999","500","100000","fec28ee5-c47d-4a92-be7d-5391366ad94a","No"
"youtube","youtube-🗣️","1","smmwiz","🗣️ YouTube Unique Viewers - Arabic Speakers [TRU™ Titan - Targeted Real Users]","10.892","7.78","3.111999999999999","500","100000","21fb276a-86bd-4f67-9efb-ee424723114e","No"
"youtube","youtube-🗣️","2","smmwiz","🗣️ YouTube Unique Viewers - Portuguese Speakers [TRU™ Titan - Targeted Real Users]","10.892","7.78","3.111999999999999","500","100000","b7b286b4-5240-4635-a6e0-7dab335945a5","No"
"youtube","youtube-🗣️","3","smmwiz","🗣️ YouTube Unique Viewers - French Speakers [TRU™ Titan - Targeted Real Users]","10.892","7.78","3.111999999999999","500","100000","8393c06b-b77b-4585-bfad-27c0f60ead92","No"
"youtube","youtube-Allinone","2","smmwiz","All-in-one Youtube (with subscription)","132.72","94.8","37.92","50","5000","4024676f-6b2d-4d92-961e-832cc6f9a5b0","No"
"youtube","youtube-Allinone","1","smmwiz","All-in-one Youtube (without a subscription)","68.88","49.2","19.679999999999993","50","5000","ec6351a0-6edf-44bf-a799-5c96f8538af8","No"
"youtube","youtube-Argentina","1","smmwiz","Argentina Traffic from YouTube","0.56","0.4","0.16000000000000003","500","1000000","5f71cdc3-1688-4b7b-a1b7-b1aea143683c","No"
"youtube","youtube-Australia","1","smmwiz","Australia Traffic from YouTube","0.56","0.4","0.16000000000000003","500","1000000","869e5ec8-613f-45fd-940a-9ea20969fca8","No"
"youtube","youtube-Bangladesh","1","smmwiz","Bangladesh Traffic from YouTube","0.56","0.4","0.16000000000000003","500","1000000","d33cb418-28fe-4890-aec1-ca271b3f995e","No"
"youtube","youtube-Brazil","1","smmwiz","Brazil Traffic from YouTube [LQ]","0.238","0.17","0.06799999999999998","88","88888888","c1882bc5-3ede-42b5-a421-36c56898fa26","No"
"youtube","youtube-Brazil","2","smmwiz","Brazil Traffic from YouTube","0.56","0.4","0.16000000000000003","500","1000000","59c2d97d-3f29-4322-935a-4edeb6d9f153","No"
"youtube","youtube-Canada","1","smmwiz","Canada Traffic from YouTube [LQ]","0.238","0.17","0.06799999999999998","88","88888888","ab0739ca-1aba-4a9a-91aa-08dff05f80c5","No"
"youtube","youtube-Canada","2","smmwiz","Canada Traffic from YouTube","0.56","0.4","0.16000000000000003","500","1000000","25c0933b-d4b5-489b-a664-3e22528284d4","No"
"youtube","youtube-China","1","smmwiz","China Traffic from YouTube","0.56","0.4","0.16000000000000003","500","1000000","234cab7a-cc77-40ce-9466-8b368ed5c4b9","No"
"youtube","youtube-Colombia","1","smmwiz","Colombia Traffic from YouTube","0.56","0.4","0.16000000000000003","500","1000000","1a066e20-1637-41e1-bd9d-35b76ef99a1d","No"
"youtube","youtube-Comments","2","jap","Youtube Arab Comments [10 HQ Random Comments] [Max: 10] [Start Time: 0-1 Hour] [Finishes in 3 Hours]","1.75","1.25","0.5","1000","1000","8d8b57c1-1366-4d25-a9b9-d4026cebad7b","No"
"youtube","youtube-Comments","1","jap","Youtube Comments [10 HQ Random Comments] [Max: 10] [Start Time: 0-1 Hour] [Finishes in 3 Hours]","1.75","1.25","0.5","1000","1000","e9d7d709-d614-4202-be97-b3067c254ced","No"
"youtube","youtube-Comments","3","smmwiz","Youtube Costum Comments [World Wide] [R30] [1-5K/D] [0-1/H]","2.352","1.68","0.6719999999999999","5","1000","683a5cd5-b8bf-4a1b-b46c-6b0e2ae56c55","No"
"youtube","youtube-Comments","5","smmwiz","Youtube Live Chat Custom Comments [Live Stream / Premiere / Video Waiting To Be Published] [USA]","3.318","2.37","0.948","5","5000","5f9bb24c-b46d-4839-8ef2-d9526ffcf879","No"
"youtube","youtube-Comments","4","smmwiz","Youtube Live Chat Custom Comments [Live Stream / Premiere / Video Waiting To Be Published] [Brazil]","3.318","2.37","0.948","5","7500","cd909ce4-e185-4329-9ba8-1ca6d35da697","No"
"youtube","youtube-Czech","1","smmwiz","Czech Republic Traffic from YouTube [LQ]","0.238","0.17","0.06799999999999998","88","88888888","02f74a81-af3e-4dd4-a300-cde0ba07636e","No"
"youtube","youtube-Czech","2","smmwiz","Czech Republic Traffic from YouTube","0.56","0.4","0.16000000000000003","500","1000000","5e0a7bb9-2a1f-4246-a86f-f95cba2cbd7e","No"
"youtube","youtube-Egypt","1","smmwiz","Egypt Traffic from YouTube","0.56","0.4","0.16000000000000003","500","1000000","a6ddc8a5-f575-4515-89e3-adfab80fe202","No"
"youtube","youtube-Egypt","2","jap","Egypt Traffic from YouTube","0.665","0.475","0.19000000000000006","500","1000000","ef447de2-41a6-40fa-a413-e3bbcfe22ae5","No"
"youtube","youtube-Engagement","1","smmwiz","Youtube Organic Monthly Engagement","69160","49400","19760","1","12","87c8cef1-b5d3-4157-9cca-a452964c59c1","No"
"youtube","youtube-Finland","1","smmwiz","Finland Traffic from YouTube","0.56","0.4","0.16000000000000003","500","1000000","e29e5ff0-17d5-491c-90ce-b1159fc02d13","No"
"youtube","youtube-France","1","smmwiz","France Traffic from YouTube [LQ]","0.238","0.17","0.06799999999999998","88","88888888","c45b1a4f-be85-416b-aee6-8bc8eef0a5dc","No"
"youtube","youtube-France","2","smmwiz","France Traffic from YouTube","0.56","0.4","0.16000000000000003","500","1000000","6cb4498d-59b1-4560-84fe-53f4ffe2b0f2","No"
"youtube","youtube-Germany","1","smmwiz","Germany Traffic from YouTube [LQ]","0.238","0.17","0.06799999999999998","88","88888888","0c230948-5826-482d-845e-6520b33b86e8","No"
"youtube","youtube-Germany","2","smmwiz","Germany Traffic from YouTube","0.56","0.4","0.16000000000000003","500","1000000","a8563e5b-c550-4b74-80a8-6e697eea8bbf","No"
"youtube","youtube-Hong","1","smmwiz","Hong Kong Traffic from YouTube","0.56","0.4","0.16000000000000003","500","1000000","a8411390-5e41-49c8-880f-c180580e3060","No"
"youtube","youtube-India","1","smmwiz","India Traffic from YouTube [LQ]","0.238","0.17","0.06799999999999998","88","88888888","16e27eec-57e2-4b1d-8598-bf6b4d373865","No"
"youtube","youtube-India","2","smmwiz","India Traffic from YouTube","0.56","0.4","0.16000000000000003","500","1000000","89f4a939-e95f-420c-8422-ec13801e213f","No"
"youtube","youtube-Indonesia","1","smmwiz","Indonesia Traffic from YouTube","0.56","0.4","0.16000000000000003","500","1000000","403693eb-998f-45c5-90ab-ec37731f068a","No"
"youtube","youtube-Iran","1","smmwiz","Iran Traffic from YouTube","0.56","0.4","0.16000000000000003","500","1000000","7691c6c6-bfef-441a-aa06-4eaa6fb90b43","No"
"youtube","youtube-Ireland","1","smmwiz","Ireland Traffic from YouTube","0.56","0.4","0.16000000000000003","500","1000000","9b999768-4c22-4fde-826c-40f7a676fe18","No"
"youtube","youtube-Israel","1","smmwiz","Israel Traffic from YouTube","0.56","0.4","0.16000000000000003","500","1000000","c76b8e64-c8d5-48db-8aab-c9ffbcbd0402","No"
"youtube","youtube-Italy","1","smmwiz","Italy Traffic from YouTube [LQ]","0.238","0.17","0.06799999999999998","88","88888888","36d19c9c-13b4-410c-87b1-e3a62ba98d48","No"
"youtube","youtube-Italy","2","smmwiz","Italy Traffic from YouTube","0.56","0.4","0.16000000000000003","500","1000000","e3cb6c0c-0d38-4eea-8107-71f7eb8bb2b5","No"
"youtube","youtube-Japan","1","smmwiz","Japan Traffic from YouTube [LQ]","0.238","0.17","0.06799999999999998","88","88888888","ee9ed4ed-edfb-4a1c-a8e7-58ff85a8848c","No"
"youtube","youtube-Japan","2","smmwiz","Japan Traffic from YouTube","0.56","0.4","0.16000000000000003","500","1000000","a836ec58-81e4-435b-b6b8-4c461f677c57","No"
"youtube","youtube-Likes","1","smmwiz","Youtube Live Stream Views + Likes [15 Minutes]","0.084","0.06","0.024000000000000007","50","5000000","639c6b82-9976-4593-ab48-94257e811a15","No"
"youtube","youtube-Likes","2","smmwiz","Youtube Live Stream Views + Likes [30 Minutes]","0.154","0.11","0.044","50","5000000","8810bb77-1b38-4e22-8934-31a969b0ef6c","No"
"youtube","youtube-Likes","3","smmwiz","Youtube Likes [R30] [1K/H] [Instant]","0.168","0.12","0.048000000000000015","10","20000","872e13d9-3b76-4005-ac0c-410cb4037c84","No"
"youtube","youtube-Likes","4","smmwiz","Youtube Live Stream Views + Likes [60 Minutes]","0.308","0.22","0.088","50","5000000","a6989546-4c88-4e4d-99dc-928cd48ccc5f","No"
"youtube","youtube-Likes","5","smmwiz","Youtube Live Stream Views + Likes [90 Minutes]","0.462","0.33","0.132","50","5000000","0c2dc054-966c-4af9-afe9-260485b45d0e","No"
"youtube","youtube-Mexico","1","smmwiz","Mexico Traffic from YouTube","0.56","0.4","0.16000000000000003","500","1000000","88e0be24-2ebb-40c1-9ecd-0b2d68ef98d8","No"
"youtube","youtube-Moldova","1","smmwiz","Moldova Traffic from YouTube","0.77","0.55","0.21999999999999997","1000","1000000","004e57ee-e5da-4163-9dcd-3694a933347f","No"
"youtube","youtube-Netherlands","1","smmwiz","Netherlands Traffic from YouTube [LQ]","0.238","0.17","0.06799999999999998","88","88888888","ccbe60cf-335f-4311-900c-1c974a95e053","No"
"youtube","youtube-Netherlands","2","smmwiz","Netherlands Traffic from YouTube","0.56","0.4","0.16000000000000003","500","1000000","9adfc1bf-05a9-4960-852b-dc0ac52d4317","No"
"youtube","youtube-NEW","1","smmwiz","NEW - YouTube Live Stream [✔ 15 Minute Concurrent Viewers] [Super Cheap] INSTANT","0.252","0.18","0.07200000000000001","10","500000","546e1807-70db-466d-8827-b51084d89ebc","No"
"youtube","youtube-NEW","2","smmwiz","NEW - YouTube Live Stream [✔ 30 Minute Concurrent Viewers] [Super Cheap] INSTANT","0.504","0.36","0.14400000000000002","10","500000","9221dab8-14f6-4a3d-82ca-9b5994b7ed5e","No"
"youtube","youtube-NEW","3","smmwiz","NEW - YouTube Live Stream [✔ 60 Minute Concurrent Viewers] [Super Cheap] INSTANT","0.994","0.71","0.28400000000000003","10","500000","5e5ab007-9d26-4a73-858f-52da222be483","No"
"youtube","youtube-NEW","4","smmwiz","NEW - YouTube Live Stream [✔ 3 Hours Concurrent Viewers] [Super Cheap] INSTANT","2.954","2.11","0.8440000000000003","10","500000","02e76016-ccc4-44dc-9294-922f5fb91d3c","No"
"youtube","youtube-NEW","5","smmwiz","NEW - YouTube Live Stream [✔ 6 Hours Concurrent Viewers] [Super Cheap] INSTANT","5.88","4.2","1.6799999999999997","10","500000","61de5674-8af4-4d32-961e-5c04797a24d1","No"
"youtube","youtube-Pakistan","1","smmwiz","Pakistan Traffic from YouTube [LQ]","0.238","0.17","0.06799999999999998","88","88888888","344b90fe-9f31-4588-9f6a-44c7dfcfdba6","No"
"youtube","youtube-Pakistan","2","smmwiz","Pakistan Traffic from YouTube","0.56","0.4","0.16000000000000003","500","1000000","57a70401-ba81-4961-8862-3538d3a3dcc7","No"
"youtube","youtube-Pakistan","3","jap","Pakistan Traffic from YouTube","0.6125","0.4375","0.17500000000000004","500","1000000","d19f831e-9c41-4b47-915c-8746dfbaea14","No"
"youtube","youtube-Philippines","1","smmwiz","Philippines Traffic from YouTube","0.56","0.4","0.16000000000000003","500","1000000","6c40c462-b996-47a0-90a1-def4d3688794","No"
"youtube","youtube-Poland","1","smmwiz","Poland Traffic from YouTube","0.56","0.4","0.16000000000000003","500","1000000","a47415a5-4f3e-4b79-b972-60034d2f27ea","No"
"youtube","youtube-Portugal","1","smmwiz","Portugal Traffic from YouTube","0.56","0.4","0.16000000000000003","500","1000000","96b7077b-8daf-434e-bdc9-b8911081e5f9","No"
"youtube","youtube-Portugal","2","jap","Portugal Traffic from YouTube","0.6125","0.4375","0.17500000000000004","500","1000000","1e7e35b2-82a3-4c4b-acd7-ab56d9b9e120","No"
"youtube","youtube-Romania","1","smmwiz","Romania Traffic from YouTube [LQ]","0.238","0.17","0.06799999999999998","88","88888888","9d71418c-c8b1-4d5e-8682-cefae2838b6b","No"
"youtube","youtube-Romania","2","smmwiz","Romania Traffic from YouTube","0.56","0.4","0.16000000000000003","500","1000000","750d273d-f057-4e8a-8080-f4b406131156","No"
"youtube","youtube-Romania","3","jap","Romania Traffic from YouTube","0.6125","0.4375","0.17500000000000004","500","1000000","57cc3b2e-af03-4984-9e93-570cc6656463","No"
"youtube","youtube-Russia","1","smmwiz","Russia Traffic from YouTube [LQ]","0.238","0.17","0.06799999999999998","88","88888888","9f6e6ace-996b-447f-93aa-a59fbbdd1f2d","No"
"youtube","youtube-Russia","2","smmwiz","Russia Traffic from YouTube","0.56","0.4","0.16000000000000003","500","1000000","29c3e35e-b243-4158-acee-6f6215891c37","No"
"youtube","youtube-Singapore","1","smmwiz","Singapore Traffic from YouTube","0.56","0.4","0.16000000000000003","500","1000000","ca5dc96c-0818-4943-8f9c-d38573282a14","No"
"youtube","youtube-South","1","smmwiz","South Korea Traffic from YouTube [LQ]","0.238","0.17","0.06799999999999998","88","88888888","40ffb3a9-3150-4e61-a1a2-e331638a0a85","No"
"youtube","youtube-South","2","smmwiz","South Africa Traffic from YouTube","0.56","0.4","0.16000000000000003","500","1000000","d8a4b6a7-6be5-431b-b698-4e6db86345b1","No"
"youtube","youtube-South","3","smmwiz","South Korea Traffic from YouTube","0.56","0.4","0.16000000000000003","500","1000000","ee2d99c4-2944-43aa-a760-eb72c4660354","No"
"youtube","youtube-Spain","1","smmwiz","Spain Traffic from YouTube [LQ]","0.238","0.17","0.06799999999999998","88","88888888","6a90f8f6-0b8b-45a2-b4fb-73a541d75187","No"
"youtube","youtube-Spain","2","smmwiz","Spain Traffic from YouTube","0.56","0.4","0.16000000000000003","500","1000000","799ecc4d-7392-4a60-875a-f1006777c1bc","No"
"youtube","youtube-Subscribers","2","jap","Youtube Subscribers [100K] [R30] [12H - 100-500/Day] 🆕🆕🆕","27.6675","19.7625","7.905000000000001","100","1000000","065b69c6-7b75-4b0d-aae1-6d6c5e4a8590","No"
"youtube","youtube-Subscribers","1","jap","YouTube Subscribers","3","2","1","100","50000","d95d139b-7d65-4d1d-b341-d2f9d8526787","No"
"youtube","youtube-Subscribers","3","smmwiz","Youtube Subscribers [Speed 1000+/D] [Guarantee: Lifetime] [0-12/H]","35","25","10","1000","1000000","312fc36d-7b2c-49d8-90a4-b1f076ff4954","No"
"youtube","youtube-Subscribers","4","smmwiz","Youtube Real Subscribers [From Real Tasks] [No Drop] [Lifetime Guarantee] [3-10K/D] [0-24/H]","35.28","25.2","10.080000000000002","100","100000","b5d82c02-6854-435f-9d35-4c865f126db2","No"
"youtube","youtube-Subscribers","5","smmwiz","Youtube Subscribers [Real] [No Drop] [Lifetime Guarantee] [100-200/D] [0-24/H]","50.4","36","14.399999999999999","100","1000000","1e20d419-e09c-4a8d-80b4-ce4fa86161c5","No"
"youtube","youtube-Sweden","1","smmwiz","Sweden Traffic from YouTube","0.77","0.55","0.21999999999999997","1000","1000000","05cf60f9-fb72-431b-86a0-224f0d273282","No"
"youtube","youtube-Switzerland","1","smmwiz","Switzerland Traffic from YouTube","0.882","0.63","0.252","1000","1000000","7b355c52-afff-44b2-b3f9-e9cc2d930488","No"
"youtube","youtube-Taiwan","1","smmwiz","Taiwan Traffic from YouTube [LQ]","0.238","0.17","0.06799999999999998","88","88888888","786ca72e-cc71-42b3-ad94-2b2d0dc5481b","No"
"youtube","youtube-Taiwan","2","smmwiz","Taiwan Traffic from YouTube","0.56","0.4","0.16000000000000003","500","1000000","64849648-08b3-461d-b674-8fc0a55fd2de","No"
"youtube","youtube-Thailand","1","smmwiz","Thailand Traffic from YouTube [LQ]","0.238","0.17","0.06799999999999998","88","88888888","1b882621-ab76-48c1-bca7-b08fe5fb1f93","No"
"youtube","youtube-Thailand","2","smmwiz","Thailand Traffic from YouTube","0.56","0.4","0.16000000000000003","500","1000000","9fd20b42-f263-475d-bde4-175757637d40","No"
"youtube","youtube-Turkey","1","smmwiz","Turkey Traffic from YouTube [LQ]","0.238","0.17","0.06799999999999998","88","88888888","cb616e0f-0d71-4a19-b607-92120144bd49","No"
"youtube","youtube-Turkey","2","smmwiz","Turkey Traffic from YouTube","0.56","0.4","0.16000000000000003","500","1000000","cd270361-f143-4e6b-b749-c12d6f10dfee","No"
"youtube","youtube-UK","1","smmwiz","UK Traffic from YouTube [LQ]","0.238","0.17","0.06799999999999998","88","88888888","30c3a016-afdb-4f74-aae5-88300801ab00","No"
"youtube","youtube-UK","2","smmwiz","UK Traffic from YouTube","0.56","0.4","0.16000000000000003","500","1000000","89ee728e-04ba-404b-842c-6ae19558cf2c","No"
"youtube","youtube-Ukraine","1","smmwiz","Ukraine Traffic from YouTube","0.56","0.4","0.16000000000000003","500","1000000","a04e0024-a116-454c-a736-41eab7f24acd","No"
"youtube","youtube-USA","1","smmwiz","USA Traffic from YouTube [LQ]","0.238","0.17","0.06799999999999998","88","88888888","ebbbee4a-1938-4f9e-9a10-bedd2c12afdf","No"
"youtube","youtube-USA","2","smmwiz","USA Traffic from YouTube","0.56","0.4","0.16000000000000003","500","1000000","38085b89-52ec-45c7-bd3f-5eacbb378c0d","No"
"youtube","youtube-Vietnam","1","smmwiz","Vietnam Traffic from YouTube [LQ]","0.238","0.17","0.06799999999999998","88","88888888","abe547f9-9e80-43c1-ad9a-e232c5169685","No"
"youtube","youtube-Vietnam","2","smmwiz","Vietnam Traffic from YouTube","0.56","0.4","0.16000000000000003","500","1000000","c4b8136f-0c7e-4730-9071-153131215111","No"
"youtube","youtube-Views","1","smmwiz","Youtube Live Stream Views [15 Minutes]","0.056","0.04","0.016","50","50000","7003266f-27d8-4b2f-b94e-b6ff50853430","No"
"youtube","youtube-Views","2","jap","Youtube Live Stream Views [Max: 50K] [Start Time: Instant] [Speed: For 15 Minutes]","0.0665","0.0475","0.019000000000000003","50","100000","8da2ee80-ed48-4cd6-91d3-4400dbf27c45","No"
"youtube","youtube-Views","3","jap","Youtube Live Stream Views [HQ] [Max: 500K] [Start Time: Instant] [Speed: For 15 Minutes]","0.079","0.0564","0.022600000000000002","50","400000","59812f72-cce9-4bf0-8dbb-06c22ac87340","No"
"youtube","youtube-Views","4","smmwiz","Youtube Livestream Views - [ 15 Minutes Stable Concurrent Viewers ]","0.084","0.06","0.024000000000000007","10","100000","46c1f14a-c557-4c3b-a7f5-2fc829c0a5ad","No"
"youtube","youtube-Views","5","jap","Youtube Live Stream Views [Max: 300K] [Start Time: Instant] [Speed: For 15 Minutes]","0.0924","0.066","0.026399999999999993","20","600000","5fde2b42-c07e-4d36-b5c3-a6c982d2f34d","No"
"youtube","youtube-Website","1","jap","Website Traffic From Youtube [WW] [Refill: No] [Max: 1M] [Start Time: 0 - 12 Hours] [Speed: 50K/Day] 💧","0.245","0.175","0.07","88","88888888","9df7fabf-6f61-4f1d-a277-2bd7298f31e3","Yes"
"youtube","youtube-WorldWide","1","smmwiz","Worldwide Traffic from YouTube [LQ]","0.238","0.17","0.06799999999999998","88","88888888","d2f0bcfd-29a3-45ce-a0a9-b4b02dc64a8a","No"
"youtube","youtube-WorldWide","2","smmwiz","WorldWide Traffic from YouTube","0.294","0.21","0.08399999999999999","500","1000000","c76b3dc9-8450-4455-ba38-f98c11b37dca","No"
"youtube","youtube-YouTube","1","smmwiz","Youtube Live Stream [30 Minutes] [ Concurrent ] [ Cheapest In Market ]","0.252","0.18","0.07200000000000001","50","50000","ea8e74d1-9f6b-493f-9322-edbe9e0c17e8","No"
"youtube","youtube-YouTube","3","smmwiz","YouTube Live Stream - (15-Minute Concurrent Viewers) (20K Max) (Instant)","0.28","0.2","0.08000000000000002","10","500000","d45891a3-fa9b-4dfe-83ee-b45e7f44a05b","No"
"youtube","youtube-YouTube","2","smmwiz","Youtube Live Stream [15 Minutes] [ Concurrent ] [ Cheapest In Market ]","0.28","0.2","0.08000000000000002","50","50000","5f63a34d-d71c-47d7-adae-e08491a0eadb","No"
"youtube","youtube-YouTube","4","smmwiz","Youtube Live Stream [100% Concurrent] [15 Minutes]","0.294","0.21","0.08399999999999999","100","100000","b70324c4-f56e-45d3-bba0-d2e50fcbb6d4","No"
"youtube","youtube-YouTube","5","smmwiz","Youtube Live Stream [ 100% Concurrent - 60 Minutes ] Lowest Rate","0.336","0.24","0.09600000000000003","50","500000","a7a3b289-9565-4230-9e20-d9e22d8b1bc6","No"
