"platform","name","rate_per_1k","cost_per_1k","min_qty","max_qty","provider","id"
"twitter","🇨🇦 Binance Square - Canada Post Views [Redirected from Twitter/X]","2.212","1.58","1000","490000","wizsmm","02a00b39-f091-415c-aa14-bc0fae8e977f"
"twitter","X - Twitter Nigeria Retweets [5K]🇳🇬","34.818","24.87","50","5000","wizsmm","04c5bd06-90e2-45e1-b0c3-4839a61471f4"
"twitter","🇯🇵Twitter Comments [CUSTOM] [JAPAN] [Refill: No] [Max: 100] [Start Time: 0-12 Hours] [Speed: 100/Day]","70","50","10","250","wizsmm","0797dcfa-09f2-41f2-86bb-5424d82ddb92"
"twitter","Twitter Likes [Refill: No] [Max: 50K] [Start Time: 0-2 Hrs] [Speed: Up to 20K/D] 💧","5.25","3.75","10","10000","wizsmm","0de5d2c5-b498-4c39-bf81-96cb42980669"
"twitter","Twitter Tweets (0-2 Hr)","19.656","14.04","10","1000","wizsmm","0e22e70d-174f-46f1-b8dc-c8508923dafe"
"twitter","Twitter Retweets (Real always working)","36.96","26.4","10","500","wizsmm","0f086559-c537-4261-82d3-0e6e584369b3"
"twitter","Twitter Retweets [Super High Speed] [Big Base] [No Refill] [100K/D] [Instant]","3.024","2.16","100","1000000","wizsmm","13c0909d-476c-4e39-ad73-65c559569076"
"twitter","Twitter Followers [High Speed] [30 Days Refill] [100K/D] [Instant]","20.16","14.4","100","1000000","wizsmm","17249709-7fb7-490e-b854-f66fc86e955a"
"twitter","Twitter Real NFT Bookmarks [2K/D] [0-1/H]","4.746","3.39","10","10000","wizsmm","18923e74-1bd7-4c30-9a04-cf1c65600c57"
"twitter","Worldwide Traffic from Twitter [LQ]","0.238","0.17","88","88888888","wizsmm","19963efd-206b-49f7-8e9f-1d8b58ebb1ed"
"twitter","Twitter Retweets [Refill: No] [Max: 15K] [Start Time: 0 - 1 Hr] [Speed: 15K/Day] 💧","0.175","0.125","10","1000000","wizsmm","1ab4af23-f8f3-4ddf-98e5-a336aea8d615"
"twitter","Twitter Retweets (Real always working)","38.5","27.5","10","500","wizsmm","1f25661a-2f47-4aed-a977-6714dff89a9c"
"twitter","Twitter Video Views","0.0336","0.024","100","2147483647","wizsmm","238f55bc-baca-4c24-8596-8c23843408ee"
"twitter","🇺🇸Twitter Tweets [USA] [Refill: No] [Max: 200] [Start Time: 0-12 Hours] [Speed: 100/Day]","105","75","20","200","wizsmm","24a72b71-7854-4afe-9928-43af0d09060a"
"twitter","Twitter Followers [ Japanese 🇯🇵 ] | HQ  | No Drop | 30 Days Auto Refill ♻️","70.56","50.4","10","10000","wizsmm","289223eb-75d9-4942-90ab-b077ff49d28a"
"twitter","Singapore Traffic from Twitter","0.56","0.4","500","1000000","wizsmm","29e744fd-ecee-4ef7-bf05-5dd3e5ff7004"
"twitter","🌎 Binance Square - Worldwide Post Views [Redirected from Twitter/X]","1.722","1.23","1000","3000000","wizsmm","2adc0394-47b8-4d3c-87cc-63cd3418f111"
"twitter","Twitter Brazil Views","0.028","0.02","100","100000000","wizsmm","2ae19733-1997-4501-bc7a-25ab33b02b4b"
"twitter","Twitter Likes HQ","13.44","9.6","10","10000","wizsmm","2b3157b6-c869-4610-8127-d7fa04209b9b"
"twitter","South Africa Traffic from Twitter","0.56","0.4","500","1000000","wizsmm","35262450-fea7-448d-951b-4b77882238d3"
"twitter","Japan Traffic from Twitter [LQ]","0.238","0.17","88","88888888","wizsmm","35ad026c-298f-4720-8cd1-cdbdf14a46dd"
"twitter","Spain Traffic from Twitter [LQ]","0.238","0.17","88","88888888","wizsmm","370db611-46f2-46a4-95ae-c16d0c277f4b"
"twitter","Twitter Tweet/Video Views + Impressions + Engagements + Details + Profile Visits [Lifetime Guaranteed]","0.014","0.01","100","100000000","wizsmm","3b8e4161-74c2-40a0-9f07-1774efc1a771"
"twitter","Portugal Traffic from Twitter","0.56","0.4","500","1000000","wizsmm","3f70b4bc-89ba-406c-b214-9330d9a44870"
"twitter","Twitter Likes [Refill: No] [Max: 10K] [Start Time: 0-1 Hrs] [Speed: Up to 10K/D] 💧","1.89","1.35","10","10000","wizsmm","451b9501-c782-46ce-abcf-187f81477387"
"twitter","Х - Twitter Likes","15.12","10.8","20","5000","wizsmm","4bdcfc51-e4b9-4c8b-b850-253e743d870e"
"twitter","Twitter Likes - Update Special | INSTANT","4.732","3.38","10","5000","wizsmm","586fcbe7-b4fe-4a73-9aa3-67cf8a28d576"
"twitter","France Traffic from Twitter","0.56","0.4","500","1000000","wizsmm","58bb41e6-620d-4cdd-8069-09f2b6e47ca4"
"twitter","Thailand Traffic from Twitter","0.56","0.4","500","1000000","wizsmm","5973881a-a5ed-4fe6-8e33-63d06bcd7101"
"twitter","Twitter Real NFT Likes [500/D] [0-1/H]","13.104","9.36","20","500","wizsmm","599dba25-7d5a-4ee6-8d50-438d069905b9"
"twitter","Twitter Arabic Views","0.028","0.02","100","100000000","wizsmm","5ad3ce48-5594-4f51-b111-f3f5f388ec69"
"twitter","Twitter Likes [High Speed] [No Refill] [10-20K/D] [Instant]","5.922","4.23","10","100000","wizsmm","5b32a4a9-f832-4bd6-aec7-3e20da1ef2cf"
"twitter","Twitter Link Click [Instant]","0.014","0.01","100","100000000","wizsmm","5e82396f-af44-4655-a6a8-a888c8616aaa"
"twitter","🇮🇹Italy Traffic from Twitter [No Refill] [Max: 1M] [Start Time: 12 Hours] [Speed: 10K/Day]","0.665","0.475","500","1000000","wizsmm","5e839f4e-9398-4417-b51d-fa687f9a0659"
"twitter","Italy Traffic from Twitter","0.56","0.4","500","1000000","wizsmm","61646ca5-0e26-4ae8-a91a-5424eafcdbee"
"twitter","Twitter Tweet/Video Views + Impressions + Engagements + Details + Profile Visits | Instant | Day 100M","0.014","0.01","100","100000000","wizsmm","62bc17bf-c4ce-48cf-b554-a5695a35e9c0"
"twitter","Colombia Traffic from Twitter","0.56","0.4","500","1000000","wizsmm","62cd481e-b62f-4af6-8d34-8ea0aabed7af"
"twitter","Taiwan Traffic from Twitter [LQ]","0.238","0.17","88","88888888","wizsmm","662c1430-144d-451e-b61c-2b9cfe11d80c"
"twitter","Canada Traffic from Twitter","0.56","0.4","500","1000000","wizsmm","67a9bb80-c622-4279-a25a-4d8b85b80a4d"
"twitter","Twitter Retweets + Impressions [From Super Models] [Organic] [5K/D] [0-1/H]","201.6","144","100","5000","wizsmm","68cf1568-7911-450f-b3e4-6338f4c29c6c"
"twitter","Romania Traffic from Twitter","0.56","0.4","500","1000000","wizsmm","68f75179-3271-4e5f-9ee0-52d53796a069"
"twitter","USA Social Shares from Twitter","1.106","0.79","100","100000","wizsmm","6bd901cd-7c8f-46b4-9f11-48df5c85403a"
"twitter","South Korea Traffic from Twitter","0.56","0.4","500","1000000","wizsmm","6cfbc791-92b3-43ed-b472-40d3ed2d5bbf"
"twitter","Hong Kong Traffic from Twitter","0.56","0.4","500","1000000","wizsmm","72c35269-197a-4eb9-85ed-96cb6a80566e"
"twitter","Thailand Traffic from Twitter [LQ]","0.238","0.17","88","88888888","wizsmm","72c6c40b-fc03-44b9-898e-d3aa0e54965a"
"twitter","Japan Traffic from Twitter","0.56","0.4","500","1000000","wizsmm","74642b0d-aed3-4d66-9596-fbe28218bc6a"
"twitter","Argentina Traffic from Twitter","0.56","0.4","500","1000000","wizsmm","7db3099a-dafd-4398-930d-35a7abacb6b2"
"twitter","UK Traffic from Twitter [LQ]","0.238","0.17","88","88888888","wizsmm","846ce0c1-9c6a-4fd4-a5c1-63e1290d67c3"
"twitter","Twitter NFT Likes [200/D] [0-2/H]","17.388","12.42","50","200","wizsmm","8508c30c-0461-444c-8448-e868ba6e36e9"
"twitter","Twitter Likes [ Japanese 🇯🇵 ] | HQ  | No Drop  | 30 Days Auto Refill ♻️","18.48","13.2","10","10000","wizsmm","868ead5c-eb7d-435d-b521-ad00c117c2b1"
"twitter","Twitter - Retweets - Max 30k - Refill 30 D - Speed 1k-5k/day","9.8","7","50","50000","wizsmm","88d21504-b7bd-432d-9ee7-d213a7d7369e"
"twitter","Netherlands Traffic from Twitter","0.56","0.4","500","1000000","wizsmm","8aeeb191-b894-4b64-bf17-63e855b7273c"
"twitter","UK Traffic from Twitter","0.56","0.4","500","1000000","wizsmm","999f5f06-5182-472d-8a4c-63be01b3156c"
"twitter","Pakistan Traffic from Twitter","0.56","0.4","500","1000000","wizsmm","9c0156c5-dd38-4fd2-b8fe-011a7ae01866"
"twitter","Twitter - Likes - Real - Max 15k Refill 30D - 15k/Day","4.2","3","10","15000","wizsmm","9cd57deb-f10b-45e6-88f2-e89d3ea9d961"
"twitter","Twitter Tweet Views [Instant]","0.014","0.01","100","100000000","wizsmm","a132854e-66c1-49cb-9a11-68604db15e9e"
"twitter","Twitter Profile Click [Instant]","0.014","0.01","100","100000000","wizsmm","a1e39e04-f418-4032-87eb-8103094091bf"
"twitter","X - Twitter Nigeria Followers [5K]🇳🇬","41.776","29.84","100","5000","wizsmm","a2e08eee-dfb3-4c99-bbf4-ec7473d2676c"
"twitter","Twitter Likes [Real] [Low Drop] [500-1K/D] [0-1/H]","6.272","4.48","10","20000","wizsmm","a60ffaf0-db47-4f7a-8c34-76b8667037ff"
"twitter","South Korea Social Shares from Twitter","1.414","1.01","100","100000","wizsmm","a651775b-0606-497c-8d7f-ee0f9900940c"
"twitter","Ireland Traffic from Twitter","0.56","0.4","500","1000000","wizsmm","a672ccfe-05cd-4814-afc1-a5f3ff97c458"
"twitter","Twitter Comments [CUSTOM] [Crypto] [Refill: No] [Max: 2K] [Start Time: 0-12 Hours] [Speed: 1K/Day]","49","35","3","1000","wizsmm","aa52a2db-10f5-4d04-be22-909ea0447737"
"twitter","X - Twitter Nigeria Likes [5K]🇳🇬","27.846","19.89","50","5000","wizsmm","ac4c04cb-1356-452d-a441-b0cc74cbbbfe"
"twitter","Twitter Followers (Real always working)","73.92","52.8","20","2000","wizsmm","ac51d75f-81ea-42c9-987e-28d9e2b3cfa2"
"twitter","Netherlands Traffic from Twitter [LQ]","0.238","0.17","88","88888888","wizsmm","addd3636-205d-461b-b220-590cfc707ddd"
"twitter","Iran Traffic from Twitter","0.56","0.4","500","1000000","wizsmm","afd9e67c-53b3-4994-a93b-3abebe2ef72e"
"twitter","USA Traffic from Twitter","0.56","0.4","500","1000000","wizsmm","bd1f8aee-2dd8-4229-9b13-aa3031fd9d00"
"twitter","WorldWide Traffic from Twitter","0.294","0.21","500","1000000","wizsmm","c0a43e3b-7ac5-478c-8837-d4e5658ac355"
"twitter","Twitter Followers 30D refill","26.25","18.75","50","20000","wizsmm","c24c56fb-294b-45d2-a7a7-9f170bbd59f3"
"twitter","Twitter Likes [High Speed] [30 Days Refill] [100K/D] [Instant]","10.08","7.2","100","1000000","wizsmm","cc5c0da3-2b4b-4618-aab8-718581cc5734"
"twitter","Twitter Retweet [High Speed] [10K/D] [Instant] [Different Service]","2.52","1.8","100","10000","wizsmm","cd8a6f3a-b3e7-460a-920e-5c5e11040670"
"twitter","Turkey Traffic from Twitter","0.56","0.4","500","1000000","wizsmm","f25443cb-b96a-4ad6-b998-41c7149e93dd"
"twitter","Twitter  Mentions [USER FOLLOWERS] [Max: 5K] [Refill: No] [Start Time: 0 - 24 Hours] [Speed: 2K/Day]","5.25","3.75","100","50000000","wizsmm","014222bf-99e7-4cc2-a9f5-453920f8cd49"
"twitter","Twitter Five Person Mentions [Custom List] [Start Time: 0 - 1 Hour] [Speed: 1K/Day]","26.25","18.75","20","50000","wizsmm","014d4d31-1c39-482e-93be-67aa46a691e8"
"twitter","Twitter Video Views [Refill: No Drop] [Max: 100M] [Start Time: 15 Minutes] [Speed: 10M/Day]","0.035","0.025","100","100000000","wizsmm","01b3d626-bece-4279-a9dc-21e6e4de92c6"
"twitter","Twitter Space Listeners [180 Minutes] [Max: 20K] [Start Time: 0 - 1 Hour] [Speed: 2K/Hour]","2.3114","1.651","50","10001","wizsmm","01d5f6d5-a36b-43b7-bd11-3d18ada44c68"
"twitter","Twitter Followers [SOUTH AFRICA] [LOW DROP] [Refill: No] [Max: 2K] [Start Time: 10-30 Mins] [Speed: 24 Hours Delivery]","67.2","48","100","5000","wizsmm","033705db-142b-45ef-a906-ba930b87149d"
"twitter","Twitter Five Person Mentions [Username] [Start Time: 0 - 1 Hour] [Speed: 1K/Day]","17.5","12.5","20","50000","wizsmm","04e6e2f7-45fa-403f-b25b-d4207da42a1e"
"twitter","Twitter Video Views [Refill: 45 Days] [Max: 10M] [Start Time: 0-1 Hour] [Speed: 200K/Hour] ♻️","0.0875","0.0625","100","50000000","wizsmm","07f7b2bb-a48e-4d67-ba68-1f48af8ea8c7"
"twitter","🇺🇸 Twitter Share [HQ] [Refill: 100 Days] [Max: 1K] [Start Time: 0-4 Hours] [Speed: 1K/Day] ♻️","83.125","59.375","5","1000","wizsmm","0999440e-8211-42af-aaa3-360a34a28525"
"twitter","Twitter Views [NIGERIA &amp; GHANA] [Non Drop] [Max: 1K] [Start Time: 10-30 Mins] [Speed: 1K/Day]","7.056","5.04","500","500000","wizsmm","0aa58ef9-205a-4e67-bf84-c11a37ec091b"
"twitter","Twitter Likes [Max: 2.5K] [Refill: No] [Start Time: 0 - 12 Hours] [Speed 2.5K/Day]","2.6256","1.8754","10","10000","wizsmm","0ad2232e-f30e-40fe-8fc9-d0132e755b9c"
"twitter","Twitter Retweets [Max: 350K] [Refill:NO] [Start Time: 0 - 1 Hour] [Speed: 50K/Day] 💧♻️","2.4413","1.7438","100","100000","wizsmm","0c60f79d-4911-4405-b49e-525796bdc6ef"
"twitter","Twitter Likes [Refill: No] [Max: 1M] [Start Time: 0-1 Hrs] [Speed: Up to 100K/D] 💧","1.2513","0.8938","10","20000","wizsmm","0cb85285-ae5e-4622-a228-cec765e0a501"
"twitter","Twitter Followers [Refill: No] [Max: 5M] [Start Time: 0-3 Hrs] [Speed: 1M/D] 💧","1.4196","1.014","100","50000","wizsmm","0cfbcff8-f822-486e-834d-678aa2b863f4"
"twitter","Twitter Followers [Refill: No] [Max: 1M] [Start Time: 0 - 1 Hr] [Speed: 200K/Day] 💧","7","5","100","1000000","wizsmm","0d03d108-2b92-4b5f-baab-f0461e964ae9"
"twitter","🇳🇬🇬🇭Twitter Likes [NIGERIA &amp; GHANA] [Refill: No] [Max: 2K] [Start Time: 5-10 Mins] [Speed: 2K/Day]","35","25","50","5000","wizsmm","0dcb99fe-bc64-4b17-82d3-75f413d79af5"
"twitter","Twitter Comments [CUSTOM] [Refill: No] [Max: 50K] [Start Time: 0-1 Hr] [Speed: 1K/D]","46.4481","33.1772","5","10000","wizsmm","0ecdffd6-2a04-4db7-9f10-f302195fd1d1"
"twitter","🇬🇭🇳🇬Twitter Retweets [NIGERIA &amp; GHANA] [Refill: No] [Max: 3K] [Start Time: 5-10 Mins] [Speed: 1K/Day]","43.75","31.25","50","5000","wizsmm","1075b6e1-0a0d-400b-89cb-670b8110e74d"
"twitter","Twitter Comments [RANDOM] [Crypto] [Refill: No] [Max: 2K] [Start Time: 0-12 Hours] [Speed: 1K/Day]","43.75","31.25","3","1000","wizsmm","1153d63c-bedf-4223-a129-bfb666400e3e"
"twitter","Twitter Followers [CRYPTO - HQ] [4K Package] [Refill: No] [Start Time: 0 - 24 Hours] [Speed: 0 - 72 Hours to Complete]","350","250","1","1","wizsmm","14761024-d9fe-4e59-a517-92c577564f1a"
"twitter","Twitter Asia Followers [JAPAN / KOREA / HK] [Refill: No] [Max: 50K] [Start Time: 0 - 3 Hours] [Speed: 5K/Day] ⛔💧","35","25","100","50000","wizsmm","15187079-3c8c-4ac8-9412-0ff39df1ac6b"
"twitter","🇯🇵Japan Traffic from Twitter [Refill: No] [Max: 1M] [Start Time: 12 Hours] [Speed: 10K/Day]","0.6125","0.4375","500","1000000","wizsmm","15a33bb0-d633-45d0-a5c2-d267226caadd"
"twitter","Twitter Retweets [USA 🇺🇸] [Refill: 30D] [Max: 5K] [Start Time: 0-1 Hrs] [Speed: Up to 5K/D] 💧","7.0875","5.0625","100","5000","wizsmm","15cb0eea-5f1c-41d9-9260-cd2ebac35627"
"twitter","Twitter Likes [Refill: 30D] [Max: 15K] [Start Time: 0 - 1 Hr] [Speed: 15K/Day] 💧♻️","4.375","3.125","10","10000","wizsmm","15cfbed5-0c8a-4482-9a7d-6f594ccafa6c"
"twitter","Twitter Link Click [Refill: 30 Days] [Max: 10M] [Start Time: 0-1 Hour] [Speed: 10M/Day] 💧 ♻️","0.2793","0.1995","100","100000000","wizsmm","15e29ebe-892c-4d12-8740-78078546f944"
"twitter","Twitter Followers  [100K] [Refill:30D] [Start Time: 0 - 1 Hr] [Speed: 5K/D]","25.2","18","20","5000","wizsmm","166863b1-8ee5-4d36-a9a4-a48dc3088688"
"twitter","Twitter Mentions [CUSTOM LIST] [Max: 20K] [Refill: No] [Start Time: 24 - 72 Hours] [Speed: 5K/Day]","5.075","3.625","50","10000000","wizsmm","16ad390e-47f8-440f-bd14-245f8d92dabe"
"twitter","Twitter Likes [HQ] [Refill: No] [Max: 50K] [Start Time: 0-1 Hrs] [Speed: Up to 20K/D] 💧","1.638","1.17","100","50000","wizsmm","1921530d-5e03-4fc7-bbdc-0e5ce1cdb2da"
"twitter","🇬🇧Twitter Comments [RANDOM] [UK] [Refill: No] [Max: 100] [Start Time: 0-12 Hours] [Speed: 100/Day]","52.5","37.5","10","250","wizsmm","19554b0b-5019-44fb-a458-fbaf15e76e9e"
"twitter","Twitter Followers [NFT Female] [Max: 100K] [Refill: No] [Start Time: 0 - 1 Hour] [Speed: 3K/Day] ⛔","14.875","10.625","100","100000","wizsmm","1aecf0e1-797b-4d54-a792-0ace3f79e528"
"twitter","Twitter Space Listeners [120 Minutes] [Max: 20K] [Start Time: 0 - 1 Hour] [Speed: 2K/Hour]","1.5469","1.1049","50","10001","wizsmm","1bf4e7b0-3674-445f-86fb-cb0b38f06611"
"twitter","Twitter Followers [Refill: 30D] [Max: 350K] [Start Time: 0-3 Hours] [Speed: 40K/Day] 💧♻️","8.4875","6.0625","10","20000","wizsmm","1c454ceb-922d-4db7-94b4-e39e430ccd8d"
"twitter","🇬🇧 Twitter USA Followers [Refill: No] [Max: 1M] [Start Time: 0 - 1 Hr] [Speed: 200K/Day] 💧♻️","1.015","0.725","100","1000000","wizsmm","1ccc65cd-bde3-4504-824e-f73ef973f94f"
"twitter","Twitter Followers [Max: 20K] [Refill: No] [Start Time: 0 - 1 Hour] [Speed: 20K/Day] 🛑","2.1875","1.5625","50","100000","wizsmm","1ce0dc7c-cbd0-4962-a1b4-95ed7c2cd4e5"
"twitter","Twitter Likes [Refill: 30D] [Max: 40K] [Start Time: 0-1 Hrs] [Speed: Up to 40K/D] 💧♻️","2.9453","2.1038","10","40000","wizsmm","1d7507b2-65c0-4723-afa4-fb29f2dbdd94"
"twitter","Twitter Likes [Refill: No] [Max: 350K] [Start Time: 0 - 1 Hour] [Speed: 50K/Day] 💧","1.4438","1.0313","10","15000","wizsmm","1e1bea30-4cff-405a-af2d-6504350f083e"
"twitter","Twitter Followers [10M] [Refill: No] [LESS DROP] [Start Time: 0 - 1 Hour] [Speed: 10K/Day]","2.8854","2.061","10","20000","wizsmm","1e7d48ba-d668-4094-b664-101ebd3152a6"
"twitter","Twitter Likes [HQ] [Refill: 7D] [Max: 50K] [Start Time: 0-1 Hrs] [Speed: Up to 20K/D] 💧⛔️♻️","2.002","1.43","100","50000","wizsmm","1efb762d-453f-4a98-bc8d-db5ac27dc1e7"
"twitter","Twitter Followers [JP 🇯🇵] [Refill: 7D] [Max: 100K] [Start Time: 0-1 Hrs] [Speed: Up to 100K/D] 💧♻️","12.6","9","100","100000","wizsmm","215afc04-bde6-427f-8832-0cce07f64139"
"twitter","Twitter Followers [Max: 50K] [Refill: 15D] [Start Time: 0 - 1 Hour] [Speed: 50K/Day]","10.108","7.22","100","200000","wizsmm","22d8ef2c-a56c-43ad-b5d9-c9f8e85f80dd"
"twitter","Twitter Followers [Refill: No] [Max: 350K] [Start Time: 0-3 Hours] [Speed: 40K/Day] 💧","1.4196","1.014","100","50000","wizsmm","2301b34f-5a82-4c28-b1eb-4c6b454eaae9"
"twitter","Twitter Space Listeners [30 Minutes] [Max: 2.5K] [Start Time: 0 - 1 Hour] [Speed: 2.5K/Hour]","3.15","2.25","100","2500","wizsmm","24e9292e-8a64-428b-ad20-51fb0c0d05e9"
"twitter","Twitter Space Listeners [240 Minutes] [Max: 20K] [Start Time: 0 - 1 Hour] [Speed: 2K/Hour]","15.75","11.25","50","100000","wizsmm","2590bd47-f0e4-4c91-93e7-c94dc4b7110d"
"twitter","Twitter Live Views [45 Minutes] [Max: 2.5K] [Start Time: 0 - 1 Hour] [Speed: 2.5K/Hour]","15.12","10.8","100","2500","wizsmm","25f5a3eb-b011-42e3-90ce-5d07f62d93e6"
"twitter","Twitter Likes [Refill:30 DAYS] [Max: 1K] [Start Time: 0 - 1 Hours] [Speed: 1K/Day]","11.375","8.125","10","100000","wizsmm","26a9c577-4cf1-4d98-8b5d-553498a17bac"
"twitter","Twitter Likes [Refill: 30D] [Max: 10K] [Start Time: 0 - 1 Hr] [Speed: 5K/Day] 💧","4.9","3.5","100","10000","wizsmm","273e1d9f-37d4-4742-b117-89e536fe94ad"
"twitter","🇺🇸Twitter Comments [USA - Custom] [Max: 150] [Refill: 100 Days] [Start Time: 0 - 4 Hours] [Speed: 150/Day]","51.87","37.05","5","5000","wizsmm","2a3864e9-4c1d-4d41-b1b0-6d2bbca849a8"
"twitter","Twitter Likes [Refill: 30 Days] [Max: 10K] [Start Time: 8 Hours] [Speed: 200-500/Day] ♻️","12.6","9","10","10000","wizsmm","2ad5cc1f-8eaf-4af2-b211-3348083d65e9"
"twitter","Twitter Likes [Refill: No] [Max: 2K] [HQ] [Start Time: 1 Hour] [Speed: 2K/Day]","5.25","3.75","10","5000","wizsmm","2ddc3204-fc30-4525-a824-e9f9fc249e2a"
"twitter","Twitter Followers [CRYPTO - HQ] [3K Package] [Refill: No] [Start Time: 0 - 24 Hours] [Speed: 0 - 72 Hours to Complete]","262.5","187.5","1","1","wizsmm","2e60d7b0-9d50-4293-89c2-ee0618261a29"
"twitter","Twitter Poll Votes [Refill: 30 Days] [Max: 500K] [Start Time: 0-1 Hour] [Speed: 500K/Day] 💧 ♻️","3.325","2.375","10","500000","wizsmm","2ff9cf77-e993-43e0-93f2-992c20afabf3"
"twitter","🇮🇳Twitter Comments [CUSTOM] [INDIAN] [Refill: No] [Max: 100] [Start Time: 0-12 Hours] [Speed: 100/Day]","70","50","10","250","wizsmm","30839708-04af-412e-afa4-0f0cd7ac5616"
"twitter","Twitter Likes [Refill: 30D] [Max: 1M] [Start Time: 0-1 Hrs] [Speed: Up to 100K/D] 💧♻️","2.45","1.75","10","20000","wizsmm","319fddda-499e-4f96-8e91-fb936f15e094"
"twitter","Twitter Likes [HQ] [Refill: 15D] [Max: 50K] [Start Time: 0-1 Hrs] [Speed: Up to 20K/D] 💧⛔️♻️","2.366","1.69","100","50000","wizsmm","31b86692-1144-4117-8e72-2ffc11eaf879"
"twitter","🇺🇸Twitter Comments [USA] [CUSTOM] [Refill: No] [Max: 250] [Start Time: 0-1 Hour] [Speed: 250/Day]⚡️","70","50","10","250","wizsmm","31c3fa9c-419e-410e-9f89-e4687a651b97"
"twitter","🇧🇷Twitter [BRAZIL] [100 Retweet 200 Likes 25 Comments] [HQ Profiles] [Refill: 15 Days] [Start Time: 0-6 Hours] [Speed: 24 Hours Delivery] ♻️","5.25","3.75","1","1","wizsmm","31d8dc86-cbbf-494a-991a-96e6fc17fb0a"
"twitter","Twitter Followers [Refill: 30 Days] [Max: 60K] [Start Time: 1 Hour] [Speed: 20/Day] ♻️","12.25","8.75","50","60000","wizsmm","322a39cf-78e8-4bbb-bb31-d31449afe510"
"twitter","🇪🇬 Twitter Female Random Comments [Refill: 30 Days] [Max: 1K] [Start Time: 0-24 Hours] [Speed: 1K/Day]","87.5","62.5","10","1000","wizsmm","325cd6ef-60d8-4447-b932-2a70ef4f16a3"
"twitter","Twitter Poll Votes [Refill: No] [Max: 100K] [Start Time: 0 - 1 Hours] [Speed: 20K/Day]","0.2275","0.1625","100","100000","wizsmm","337e6ceb-818c-455a-ae19-f83327f96c02"
"twitter","Twitter Profile Click [Refill: 30 Days] [Max: 10M] [Start Time: 0-1 Hour] [Speed: 10M/Day] 💧 ♻️","0.2793","0.1995","100","100000000","wizsmm","366dcc5f-25a9-413e-96eb-a1bb3e650647"
"twitter","Twitter Video Views [Refill: No Drop] [Max: 10M] [Start Time: 0 - 1 Hr] [Speed: 10M/Day]","0.007","0.005","100","100000000","wizsmm","369196ea-3816-4033-8859-3c2c96a68372"
"twitter","Twitter Likes [Refill: No] [Max: 10K] [Start Time: 0 - 2 Hrs] [Speed: 10K/Day] ⛔💧","0.1575","0.1125","50","10000","wizsmm","375d5842-4376-495c-a59b-7927aa83b43d"
"twitter","Twitter Space Listeners [45 Minutes] [Max: 2.5K] [Start Time: 0 - 1 Hour] [Speed: 2.5K/Hour]","4.725","3.375","100","2500","wizsmm","383e9d2c-73d1-448d-8c13-69b5a56212e5"
"twitter","Twitter Retweets [Max: 350K] [Refill: No] [Start Time: 0 - 1 Hour] [Speed: 50K/Day] 💧","2.2939","1.6385","100","1000","wizsmm","39446f21-26c3-4f7a-99ff-f846c8f55f33"
"twitter","🇰🇷South Korea Traffic from Twitter [Refill: No] [Max: 1M] [Start Time: 12 Hours] [Speed: 10K/Day]","0.245","0.175","88","88888888","wizsmm","3b3149f0-823f-428f-b872-6e6e5df2bc79"
"twitter","Twitter Space Listeners [120 Minutes] [Max: 2.5K] [Start Time: 0 - 1 Hour] [Speed: 2.5K/Hour]","12.6","9","100","2500","wizsmm","3b5a5742-53c6-4093-8658-77f5a61d4f2a"
"twitter","Twitter Likes [NFT Accounts] [Max: 20K] [Refill: No] [Start Time: 0 - 1 Hour] [Speed: 20K/Day]","19.25","13.75","10","2500","wizsmm","3cacd7d4-71bb-4396-9233-b1b545282c4e"
"twitter","🇹🇷Turkey Traffic from Twitter [No Refill] [Max: 1M] [Start Time: 12 Hours] [Speed: 10K/Day]","0.6125","0.4375","500","1000000","wizsmm","3d826daa-f4c4-4641-a915-cf4d9dc16a67"
"twitter","Twitter Comments [CUSTOM] [Crypto] [Refill: No] [Max: 2K] [Start Time: 0-12 Hours] [Speed: 1K/Day]","43.75","31.25","3","1000","wizsmm","3dc03c66-55aa-43bc-85a3-a3f70b606ba6"
"twitter","Twitter Retweets [BR 🇧🇷] [Refill: No] [Max: 5K] [Start Time: 0-1 Hrs] [Speed: Up to 5K/D] 💧","2.2838","1.6313","100","5000","wizsmm","3de05402-f93c-4046-8d83-e1f8f6e8aa87"
"twitter","Twitter Space Listeners [90 Minutes] [Max: 2.5K] [Start Time: 0 - 1 Hour] [Speed: 2.5K/Hour]","9.45","6.75","100","2500","wizsmm","3f97ac35-99a9-4e5d-a134-64dbfc878436"
"twitter","🇪🇸Spain Traffic from Twitter [No Refill] [Max: 1M] [Start Time: 12 Hours] [Speed: 10K/Day]","0.6125","0.4375","500","1000000","wizsmm","3ffea3f6-01f5-4cb4-a984-934c402c4876"
"twitter","Twitter Retweets [Refill: 30D] [Max: 15K] [Start Time: 0 - 1 Hr] [Speed: 15K/Day] 💧♻️","0.7","0.5","10","1000000","wizsmm","44e6e6d9-92ec-464c-a9de-bbf5ad996ecd"
"twitter","Twitter Comments [NFT Accounts] [CUSTOM] [Max: 200] [Refill: 100 Days] [Start Time: 1 Hour] [Speed: 200/Day]","111.72","79.8","10","200","wizsmm","45cbe747-c669-4264-a1c1-c034a2059e62"
"twitter","Twitter Retweets [Refill: 30 Days] [Max: 10K] [Start Time: 8 Hours] [Speed: 200-500/Day] ♻️","8.4","6","10","1000000","wizsmm","46c732c4-c8f3-4797-922a-6e26da7388eb"
"twitter","Twitter Space Listeners [120 Minutes] [Max: 50K] [Start Time: 0 - 1 Hour] [Speed: 50K/Hour]","2.415","1.725","50","5000","wizsmm","49c6ef71-9071-4fa3-bd5a-5df7fd6d483b"
"twitter","Twitter Likes [OLD DATA] [Max: 1M] [Refill: 30D] [Start Time: 0 - 1 Hr] [Speed: 100K/Day]","5.586","3.99","10","10000","wizsmm","4af7a371-c707-455f-a163-95a1bfd10719"
"twitter","Twitter Live Views [30 Minutes] [Max: 2.5K] [Start Time: 0 - 1 Hour] [Speed: 2.5K/Hour]","12.6","9","100","2500","wizsmm","4b07eb67-2a58-439d-b5f0-5779b5a1ee59"
"twitter","Twitter Poll Votes [Refill: 30D] [Max: 1M] [Start Time: 0 - 1 Hr] [Speed: 200K/Day]","0.6125","0.4375","100","1000000","wizsmm","4cbc4e57-fa80-45e9-a125-cc8321dd0825"
"twitter","Twitter Tweet Views [Refill: No Drop] [Max: 100M] [Start Time: 0 - 1 Hr] [Speed: 50K/D] 💧⛔","0.014","0.01","100","2147483647","wizsmm","4d123c3f-cd60-41bd-8145-0202f8803c01"
"twitter","Twitter Followers [Max: 500K] [Refill: 30 Days] [Start Time: 0 - 1 Hour] [Speed: 30K/Day]💧♻️","1.05","0.75","100","500000","wizsmm","4efa7c1c-dee0-48f5-bd04-b2bce93c8608"
"twitter","🇪🇬 Twitter Random Comments [Refill: 30 Days] [Max: 1K] [Start Time: 0-24 Hours] [Speed: 1K/Day]","87.5","62.5","10","1000","wizsmm","4f5dee91-3b8e-4655-a26a-e5af9e5ae4b6"
"twitter","Twitter Followers [Refill: 30D] [Max: 6M] [Start Time: 0-2 Hrs] [Speed: Up to 200K/D] 💧","7","5","10","20000","wizsmm","4f6a7243-44c8-4dad-8abd-61ff30027434"
"twitter","Twitter Space Listeners [60 Minutes] [Max: 2.5K] [Start Time: 0 - 1 Hour] [Speed: 2.5K/Hour]","6.3","4.5","100","2500","wizsmm","4fa147d6-ff4a-468a-b733-900a9d5d9460"
"twitter","Twitter Likes [Max: 1K] [Refill: 30 Days] [Start Time: 0 - 1 Hr] [Speed: 1K/D] 💧","4.725","3.375","10","5000","wizsmm","50fa315f-86da-426e-af94-db59d7ee4877"
"twitter","Twitter Video Views [ARAB] [Refill: 30 Days] [Max: 1M] [Start Time: 0-1 Hour] [Speed: 1M/Day] 💧 ♻️","0.315","0.225","250","50000000","wizsmm","510898fc-d471-4345-854a-e3faa23a847d"
"twitter","🇮🇳Twitter Video Views [INDIA] [Refill: 30 Days] [Max: 1M] [Start Time: 0-1 Hour] [Speed: 1M/Day] 💧 ♻️","0.315","0.225","250","50000000","wizsmm","5142822c-a3dc-4de1-98f5-f1d93b0bb4ac"
"twitter","Twitter Followers [Refill: 30D] [Max: 100K] [Start Time: 0-2 Hrs] [Speed: 10K/D] 💧⛔♻️","7.35","5.25","10","20000","wizsmm","5221a8d1-a831-4799-adae-1e08cfc96cdc"
"twitter","Twitter Followers [Max: 500K] [Refill: 15D] [Start Time: 0 - 1 Hour] [Speed: 3K/Day] 💧⛔️♻️","19.25","13.75","100","500000","wizsmm","52ea03eb-f2f6-400b-aa14-126027d22a46"
"twitter","Romania Traffic from Twitter","0.6125","0.4375","500","1000000","wizsmm","54434f2f-cdfc-4edf-9cf5-d835d6389e24"
"twitter","Portugal Traffic from Twitter","0.6125","0.4375","500","1000000","wizsmm","554973f6-660c-482a-a7bc-45c0aced5b2c"
"twitter","🇩🇪Germany Traffic from Twitter [Refill: No] [Max: 1M] [Start Time: 12 Hours] [Speed: 10K/Day]","0.245","0.175","88","88888888","wizsmm","55c72a1e-108b-43f5-bdb9-6799e2d36235"
"twitter","Twitter Comments [NFT Accounts] [RANDOM] [Max: 200] [Refill: 100 Days] [Start Time: 1 Hour] [Speed: 200/Day]","95.76","68.4","10","200","wizsmm","56f04a62-ce0f-4a30-a4db-4c6cff5b7558"
"twitter","Twitter Likes [Max: 10K] [Refill: 30] [Start Time: 0 - 1 Hour] [Speed: 10K/Day]","3.4125","2.4375","10","2500","wizsmm","56fbd9e3-037b-4f37-95e4-144588f50e1b"
"twitter","Twitter Followers [Refill: 7D] [Max: 100K] [Start Time: 0-1 Hrs] [Speed: Up to 100K/D] 💧♻️","5.8118","4.1513","100","100000","wizsmm","57a75a6c-7166-40b1-8f05-777f1fe9a8d8"
"twitter","Twitter Likes [Refill: 30 Days] [Max: 60K] [Start Time: 1 Hour] [Speed: 100/Day] 💧 ♻️","12.25","8.75","50","60000","wizsmm","58702e79-b3db-438d-a34d-e5f42785e632"
"twitter","Twitter Followers [Refill: 7D] [Max: 10K] [Start Time: 0-3 Hrs] [Speed: 5K/D] 💧♻️","0.875","0.625","10","1000000","wizsmm","59178490-51c3-48a4-ad42-a1a3353fbead"
"twitter","Twitter Followers [Refill: 30D] [Max: 1K] [Start Time: 0-1 Hrs] [Speed: Up to 1K/D] 💧♻️","7.875","5.625","10","20000","wizsmm","59a30b20-82e5-451e-bc42-6b1c4a8df20c"
"twitter","🇸🇬Singapore Traffic from Twitter [No Refill] [Max: 1M] [Start Time: 12 Hours] [Speed: 10K/Day]","0.6125","0.4375","500","1000000","wizsmm","5b7806f3-d387-4db5-b165-262387e08810"
"twitter","Twitter Impression [Refill: 45 Days] [Max: 100M] [Start Time: 0-1 Hour] [Speed: 10M/Day] 💧 ♻️","0.035","0.025","100","100000000","wizsmm","5bc50e19-d4d1-41d0-8f38-64602f62e00b"
"twitter","Twitter Likes [Max: 50K] [Refill: No] [Start Time: 0 - 1 Hour] [Speed: 20K/Day] 🛑","2.6992","1.928","10","50000","wizsmm","5d2a392a-0953-42b9-a726-a2f429ba6297"
"twitter","Twitter Mentions [TWEET RETWEETERS] [Max: 1K] [Refill: No] [Start Time: 24 - 72 Hours] [Speed: 1K/Day]","3.2375","2.3125","100","5000","wizsmm","5e12cc0d-1895-4436-9feb-ab267bbfa7df"
"twitter","🇺🇸 Twitter USA Followers [Refill: No] [Max: 1M] [Start Time: 0 - 1 Hr] [Speed: 200K/Day] 💧","1.015","0.725","100","1000000","wizsmm","5f3656ab-74b7-452b-af1f-c095b829d69b"
"twitter","Twitter Followers [Max: 1M] [Refill: 30D] [Start Time: 0 - 1 Hour] [Speed: Up to 50K/Day] 💧⛔️","6.65","4.75","100","200000","wizsmm","5f5b8bc1-77f9-427e-999d-0a3d2d6d0a00"
"twitter","Twitter Followers [Refill:  30D] [Max: 6M] [Start Time: 0-2 Hrs] [Speed: Up to 2K/D] 💧","14","10","10","3000","wizsmm","6162abaa-76a3-4694-b98f-7bfbd2806f5f"
"twitter","Twitter Followers [Refill: No] [Max: 200K] [Start Time: 0-2 Hrs] [Speed: Up to 100K/D] 💧","1.05","0.75","100","50000","wizsmm","61a42de0-4be4-45ca-ae88-5518bb9018ce"
"twitter","🇨🇿Czech Republic Traffic from Twitter [No Refill] [Max: 1M] [Start Time: 12 Hours] [Speed: 10K/Day]","0.6125","0.4375","500","1000000","wizsmm","621ecf08-14ce-44e9-88ec-6c55a23a11f3"
"twitter","Twitter Followers [Refill: 7D] [Max: 2.5K] [Start Time: 0-2 Hours] [Speed: 2.5K/Day] 💧","0.525","0.375","10","2500","wizsmm","6294e46d-3aef-4835-a81b-bbde76dc2ea2"
"twitter","Twitter Details Click [Refill: 45 Days] [Max: 100M] [Start Time: 0-1 Hour] [Speed: 100M/Day] 💧","0.035","0.025","100","100000000","wizsmm","62d019a9-eb4f-4a31-ba8e-7f68900d03e5"
"twitter","Twitter Tweet Views [Refill: No Drop] [Max: 500M] [Start Time: 0 - 1 Hr] [Speed: 1M/Day]","0.0088","0.0063","100","100000000","wizsmm","63dab067-bf8a-45f1-8c99-736f2d5949b3"
"twitter","Twitter Retweets [HQ] [Refill: No] [Max: 5K] [Start Time: 0 - 2 Hours] [Speed: 2K/Day] ⛔💧","5.8118","4.1513","10","40000","wizsmm","6461d25c-8598-49f8-afcc-4abcc8be156c"
"twitter","🇬🇧Twitter Comments [CUSTOM] [UK] [Refill: No] [Max: 100] [Start Time: 0-12 Hours] [Speed: 100/Day]","70","50","10","250","wizsmm","6472ffcd-95a7-486e-93f7-9648849b92a6"
"twitter","Twitter Followers [Refill: 30D] [Max: 1M] [Start Time: 0 - 1 Hr] [Speed: 200K/Day] 💧♻️","21","15","100","1000000","wizsmm","64f29332-6d3b-47d0-bfca-5922cd0ff021"
"twitter","Twitter Followers [Refill: 15D] [Max: 100K] [Start Time: 0-1 Hrs] [Speed: Up to 100K/D] 💧♻️","7.371","5.265","100","100000","wizsmm","6586e9bd-769e-416a-a8a9-bdb4c25867e2"
"twitter","🇸🇦Twitter Followers [Refill: 30D] [Max: 10K] [Start Time: 0-3 Hrs] [Speed: 500/D] 💧","22.75","16.25","10","50000","wizsmm","6598a5aa-3782-41d3-8e31-aac4ead37b74"
"twitter","🇹🇷 Twitter Followers [Turkey] [Refill: No] [Max: 10K] [Start Time: 0-3 Hrs] [Speed: 5K/D] 💧","1.1375","0.8125","10","1000000","wizsmm","659a9767-3989-4c9a-9e56-6e77d325d8b9"
"twitter","Twitter Video Views [Refill: No Drop] [Max: 100M] [Start Time: 5 Minutes] [Speed: 100M/Day]","0.014","0.01","50","100000000","wizsmm","687fe59d-d1a0-4249-ad51-5832d9550804"
"twitter","🇪🇬 Twitter Custom Comments [Refill: 30 Days] [Max: 1K] [Start Time: 0-24 Hours] [Speed: 1K/Day]","87.5","62.5","10","1000","wizsmm","69d0a791-d2a0-4d81-9bc0-56b7d78cee63"
"twitter","Twitter Likes [Max: 10M] [NO REFILL] [Start Time: 0 - 1 Hours] [Speed 1K/Day]","0.35","0.25","10","20000","wizsmm","6a24afa2-88ad-46f1-a105-31e47c5157c0"
"twitter","Twitter Retweets [Refill: No] [Max: 5K] [Start Time: 0-1 Hrs] [Speed: Up to 5K/D] 💧","1.386","0.99","100","5000","wizsmm","6bf5f0c2-5e10-4ba3-963c-fc0a03032c07"
"twitter","Twitter Asia Followers [JAPAN / KOREA / HK] [Refill: 15D] [Max: 50K] [Start Time: 0 - 3 Hours] [Speed: 5K/Day]  ⛔💧♻️","39.375","28.125","100","50000","wizsmm","6c24fadf-7750-4b65-a433-81fe5ede109e"
"twitter","Twitter Followers [CRYPTO - HQ] [2K Package] [Refill: No] [Start Time: 0 - 24 Hours] [Speed: 0 - 72 Hours to Complete]","175","125","1","1","wizsmm","6d828c0a-64dd-40f1-87af-91b97fac3add"
"twitter","Twitter Retweets [No Drop] [Max: 6M] [Refill: 10D] [Start Time: 0 - 1 Hour] [Speed: 50/D] 💧","8.4","6","10","10000","wizsmm","6f9459d3-9171-4418-bd78-a40dca527505"
"twitter","Twitter Followers [Max: 500K] [Refill: 30D] [Start Time: 0 - 1 Hour] [Speed: 3K/Day] 💧⛔️♻️","23.625","16.875","100","500000","wizsmm","714d6ea1-4d98-464b-a179-91893190c33a"
"twitter","Twitter Likes [HQ] [Refill: 30D] [Max: 50K] [Start Time: 0-1 Hrs] [Speed: Up to 20K/D] 💧⛔️♻️","2.73","1.95","100","20000","wizsmm","715a5536-4ef6-49f6-b36f-c9da9fb05118"
"twitter","Twitter Followers [NFT] [Refill: 7D] [Max: 2.5K] [Start Time: 0-2 Hours] [Speed: 2.5K/Day] 💧","0.875","0.625","10","2500","wizsmm","718505de-c44a-40cc-8ac4-d8e942fed9cd"
"twitter","Twitter Followers [JP 🇯🇵] [Refill: No] [Max: 10K] [Start Time: 0-1 Hrs] [Speed: Up to 10K/D] 💧","6.3","4.5","100","10000","wizsmm","72605ea9-86cb-4ae7-8945-06b12762698a"
"twitter","Twitter Followers [Refill: 30D] [Max: 20K] [Start Time: 0-2 Hrs] [Speed: Up to 10K/D] ⛔💧♻️","7.28","5.2","10","20000","wizsmm","72b17025-a4b1-40d3-b750-bcd400f3a8dc"
"twitter","Turkey Traffic from Twitter [LQ]","0.238","0.17","88","88888888","wizsmm","018192cf-fe4a-4c99-a89a-ea24614a1cd1"
"twitter","Twitter Likes [Refill: No] [Max: 200K] [Start Time: 0 - 2 Hrs] [Speed: Up to 100K/Day] 💧","1.4438","1.0313","10","15000","wizsmm","72dbc1bc-159e-4f58-b9df-ff4abcaebde0"
"twitter","Twitter Live Views [15 Minutes] [Max: 2.5K] [Start Time: 0 - 1 Hour] [Speed: 2.5K/Hour]","6.3","4.5","100","2500","wizsmm","7445f143-ec62-48d6-92c6-a229e8c998a9"
"twitter","🇧🇷Brazil Traffic from Twitter [Refill: No] [Max: 1M] [Start Time: 12 Hours] [Speed: 10K/Day]","0.245","0.175","88","88888888","wizsmm","74a1fc1f-16f6-481f-a75d-ab319ecff682"
"twitter","🇯🇵Twitter Comments [RANDOM] [JAPAN] [Refill: No] [Max: 100] [Start Time: 0-12 Hours] [Speed: 100/Day]","52.5","37.5","10","250","wizsmm","74b6a7d7-285a-437f-94e6-b6c7addeac2e"
"twitter","Twitter Followers [Refill: No] [Max: 6M] [Start Time: 0-2 Hrs] [Speed: Up to 200K/D] 💧","1.4742","1.053","100","50000","wizsmm","74e28f6d-4f8d-428c-92e7-0ab2bc48a07f"
"twitter","🇵🇱Poland Traffic from Twitter [No Refill] [Max: 1M] [Start Time: 12 Hours] [Speed: 10K/Day]","0.6125","0.4375","500","1000000","wizsmm","74f16e76-45d5-4972-84c9-bbfa1e009575"
"twitter","Twitter [ARAB] [100 Retweets 200 Likes 25 Comments] [PACKAGE HQ] [24 Hours Delivery]","5.25","3.75","1","1","wizsmm","75009a40-b0e8-486b-8f7e-d04cbebcf7a5"
"twitter","Twitter Impression [Refill: 30 Days] [Max: 10M] [Start Time: 0-1 Hour] [Speed: 10M/Day] 💧 ♻️","0.2421","0.1729","100","50000000","wizsmm","750e3111-2bb4-497a-966d-9f6ba292990d"
"twitter","Twitter Likes [Refill: No] [Max: 1K] [Start Time: 0-1 Hrs] [Speed: Up to 1K/D] 💧","1.512","1.08","10","1000","wizsmm","7641aaba-49a0-48b1-bcbd-28b8a9d1e3c1"
"twitter","Twitter Space Listeners [90 Minutes] [Max: 20K] [Start Time: 0 - 1 Hour] [Speed: 2K/Hour]","1.1735","0.8382","50","10001","wizsmm","79780b4e-2e70-45a8-b8f4-6c7c7873db97"
"twitter","Twitter Retweets [Refill: No] [Max: 10K] [Start Time: 0-1 Hrs] [Speed: Up to 10K/D] 💧","1.5593","1.1138","100","10000","wizsmm","7a95eeab-0a81-40f1-8338-7b8a06a09fdb"
"twitter","Twitter Bookmarks [Refill: No] [Max: 250] [Start Time: 0-1 Hour] [Speed: 250/Day] 💧","14","10","100","100000","wizsmm","7b41dc8f-8c77-469c-81fc-1657aa8e9946"
"twitter","Twitter Followers [HQ] [Refill: No] [Max: 5K] [Start Time: 0 - 2 Hours] [Speed: 2K/Day] ⛔💧","10.8846","7.7747","10","10000","wizsmm","7ba705ed-c138-408a-8a59-481fa2bddc78"
"twitter","Twitter Impression + Profile Visits + Engagement [Refill: No] [Max: 100M] [Start Time: 0-1 Hr] [Speed: 10M/D] 💧","0.07","0.05","100","2147483647","wizsmm","7ced7a17-e402-4991-af29-504bc334c5da"
"twitter","Twitter Followers [NFT Female] [Max: 100K] [Refill: No] [Start Time: 0 - 1 Hour] [Speed: 3K/Day] ⛔","14.875","10.625","100","100000","wizsmm","7e2537be-37fd-4618-aa9b-127eac3d2cb0"
"twitter","Twitter Followers [Refill: No] [Max: 50K] [Start Time: 0-2 Hrs] [Speed: Up to 15K/D] 💧","8.7325","6.2375","10","50000","wizsmm","805c6a97-f6a4-4d19-a0be-74a0c81f9ffb"
"twitter","Twitter Profile Click [Refill: 45 Days] [Max: 100M] [Start Time: 0-1 Hour] [Speed: 100M/Day] 💧","0.035","0.025","100","100000000","wizsmm","80dbfbcc-43af-46b7-b19d-e8c9d75b6ec8"
"twitter","Twitter Live Views [60 Minutes] [Max: 2.5K] [Start Time: 0 - 1 Hour] [Speed: 2.5K/Hour]","25.2","18","100","2500","wizsmm","81016807-137d-48b2-9d59-a63a86b1554b"
"twitter","Twitter Followers Package [10K] [ASIA/AFRICA] [NON DROP] [Start Time: 0 - 12 Hr] [Speed: 1K/D]","490","350","1","1","wizsmm","817fa26c-7c31-4868-a760-0d78d76b6838"
"twitter","Twitter Likes [Refill: No] [Max: 15K] [Start Time: 0 - 1 Hr] [Speed: 15K/Day] 💧","3.325","2.375","10","10000","wizsmm","838e3129-47dc-48d0-8594-fd82b415af5e"
"twitter","🇨🇳 Twitter Comments [CUSTOM] [CHINA] [Refill: No] [Max: 1K] [Start Time: 0-12 Hours] [Speed: 1K/Day]","43.75","31.25","3","1000","wizsmm","83df569a-c81f-4209-ae95-f29f6db95562"
"twitter","Twitter Followers [HQ] [Max: 500K] [Refill: 30D] [Start Time: 0 - 1 Hour] [Speed: 15K/Day] 💧","10.4825","7.4875","10","50000","wizsmm","840ef11d-b98d-47e5-9eea-a64b1f6b06fb"
"twitter","Twitter Likes [Refill: 30D] [Max: 50K] [Start Time: 0-2 Hrs] [Speed: Up to 15K/D] 💧♻️","5.25","3.75","10","10000","wizsmm","860b0418-b966-4d49-93c1-4d51846a0a5e"
"twitter","Twitter Followers [Refill: No] [Max: 100K] [Start Time: 0-1 Hrs] [Speed: Up to 50K/D] 💧","2.079","1.485","100","100000","wizsmm","86ea55d2-81db-4ff8-9e55-c1207c1f2845"
"twitter","🇺🇦Ukraine Traffic from Twitter [No Refill] [Max: 1M] [Start Time: 12 Hours] [Speed: 10K/Day]","0.6125","0.4375","500","1000000","wizsmm","874dcf1a-f3b0-4e88-a4a4-381cd7096f6b"
"twitter","Twitter Likes [Refill: 7D] [Max: 2.5K] [Start Time: 0-2 Hours] [Speed: 2.5K/Day] 💧","0.385","0.275","10","2500","wizsmm","8752810a-3329-489b-958c-62753c644991"
"twitter","Twitter Hashtag Click [Refill: 30 Days] [Max: 10M] [Start Time: 0-1 Hour] [Speed: 10M/Day] 💧 ♻️","0.2793","0.1995","100","100000000","wizsmm","87ede69c-b890-475c-b031-9c71c68d46ef"
"twitter","🇹🇷 Twitter Followers [Turkey] [Refill: 15D] [Max: 10K] [Start Time: 0-3 Hrs] [Speed: 5K/D] 💧♻️","1.4","1","10","1000000","wizsmm","89027c3b-3db1-4f34-b604-636861b56bc6"
"twitter","Twitter Video Views [Refill: 30 Days] [Max: 10M] [Start Time: 0-1 Hour] [Speed: 10M/Day] 💧 ♻️","0.133","0.095","100","50000000","wizsmm","89508651-e3a0-4d76-b8d6-41217ab9d895"
"twitter","🇬🇧Twitter [UK] [100 Retweets 200 Likes 25 Comments] [PACKAGE HQ] [Speed: 24 Hours Delivery]","5.25","3.75","1","1","wizsmm","8ac0e4fc-325f-41e4-ad94-f8553607ee07"
"twitter","Website Traffic From Twitter [WW] [Refill: No] [Max: 1M] [Start Time: 0 - 12 Hour] [Speed: 50K/Day] 💧","0.245","0.175","88","88888888","wizsmm","8b1b9172-edbb-47fe-a548-6031f2d179bf"
"twitter","Twitter Followers [Refill: 10D] [Max: 50K] [Start Time: 0-2 Hrs] [Speed: Up to 10K/D] ⛔💧♻️","5.46","3.9","10","20000","wizsmm","8bd197ec-aebd-4181-839b-5d4024c50fa1"
"twitter","Twitter Tweet Views [Refill: No Drop] [Max: 50M] [Start Time: 0 - 1 Hours] [Speed: 5M/Day]","0.014","0.01","100","1000000","wizsmm","8d25f43f-2bf7-4c58-b4d0-edcb118697b6"
"twitter","🇺🇸Twitter [USA] [100 Retweets 200 Likes 25 Comments] [PACKAGE HQ] [Speed: 24 Hours Delivery]","5.25","3.75","1","1","wizsmm","8e571828-37f1-48e8-a40e-fe3a4528bb13"
"twitter","Twitter Followers [Max: 50K] [Refill: No] [Start Time: 0 - 1 Hour] [Speed: 50K/Day]","25.5892","18.278","100","100000","wizsmm","8ea5c980-e94a-4872-bb09-604ade377061"
"twitter","Twitter Video Views + Impressions + Profile Clicks [Refill: No] [Max: 50M] [Start Time: 0 - 1 Hours] [Speed: 10M/Day]","0.028","0.02","100","100000000","wizsmm","8ef709b0-86ea-41b2-8b16-278966946742"
"twitter","🇺🇸 Twitter Comments [USA - Random] [Max: 150] [Refill: 100 Days] [Start Time: 0 - 4 Hours] [Speed: 150/Day]","43.225","30.875","5","5000","wizsmm","91084fa7-e400-4089-b8cf-4cf491fecb62"
"twitter","🇮🇳India Traffic from Twitter [Refill: No] [Max: 1M] [Start Time: 12 Hours] [Speed: 10K/Day]","0.245","0.175","88","88888888","wizsmm","937166af-a04e-4b5a-b8a5-b25edc232687"
"twitter","Twitter Retweets [USA 🇺🇸] [Refill: No] [Max: 5K] [Start Time: 0-1 Hrs] [Speed: Up to 5K/D] 💧","4.725","3.375","100","5000","wizsmm","96837007-12e2-4949-93c8-27f711e4f2bc"
"twitter","Twitter Comments [CUSTOM] [ARAB] [Refill: No] [Max: 100] [Start Time: 0-12 Hours] [Speed: 100/Day]","70","50","10","250","wizsmm","99d3fe7e-ee18-4e4e-ab35-504f8b2e2f26"
"twitter","🇺🇸Twitter Comments [USA] [SUPER QUALITY] [Refill: No] [Max: 250] [Start Time: 0-1 Hour] [Speed: 250/Day]⚡️ 💧","52.5","37.5","10","250","wizsmm","9ae15d3b-dd1e-4ad7-8eaa-8bf30e072641"
"twitter","🇲🇽Mexico Traffic from Twitter [No Refill] [Max: 1M] [Start Time: 12 Hours] [Speed: 10K/Day]","0.6125","0.4375","500","1000000","wizsmm","9ae1b759-299c-458f-82dd-64f14fae36a6"
"twitter","Twitter Followers [JP 🇯🇵] [Refill: 15D] [Max: 100K] [Start Time: 0-1 Hrs] [Speed: Up to 100K/D] 💧♻️","15.75","11.25","100","100000","wizsmm","9bfb4948-a3fa-4e1b-b53e-417d4d7be6e9"
"twitter","Twitter Tweet Views [Refill: No Drop] [Max: 50M] [Start Time: 0 - 1 Hours] [Speed: 1M/Day]","0.0067","0.0048","100","50000000","wizsmm","9c31ae12-f5ed-4bb5-9785-5a907576aec2"
"twitter","Twitter Retweets [Max: 5k] [NO Refill ] [Start Time: 0 - 1 Hour] [Speed: 1k/D] 💧","0.35","0.25","100","1000","wizsmm","9cf902dd-4666-4b01-b339-b5ff3689bbea"
"twitter","🇷🇺Russia Traffic from Twitter [No Refill] [Max: 1M] [Start Time: 12 Hours] [Speed: 10K/Day]","0.6125","0.4375","500","1000000","wizsmm","9cfded7f-a75f-4087-a26b-1c1b597edc59"
"twitter","Twitter Followers [Through Ads] [Refill:No] [Start Time: 1 - 24 Hr] [Speed: 3K/Day]","77.9625","55.6875","3000","40000","wizsmm","9d88778d-7c2a-4953-9c60-66830d93550d"
"twitter","Twitter Followers [Less Drop] [Refill: 30D] [Max: 6M] [Start Time: 0-2 Hrs] [Speed: Up to 200K/D] 💧","14","10","10","3000","wizsmm","9ff147eb-53ec-403a-9949-9d60bcc6e860"
"twitter","🇧🇷Twitter Comments [CUSTOM] [BRAZIL] [Refill: No] [Max: 100] [Start Time: 0-12 Hours] [Speed: 100/Day]","70","50","10","250","wizsmm","a04c557c-3c4a-4466-95a3-595d8407ac03"
"twitter","Twitter Space Listeners [15 Minutes] [Max: 2.5K] [Start Time: 0 - 1 Hour] [Speed: 2.5K/Hour]","1.575","1.125","100","2500","wizsmm","a06e6fb1-f0d6-4f74-a60c-95adccc0b820"
"twitter","Twitter Followers [Refill: 30D] [Max: 100K] [Start Time: 0-1 Hrs] [Speed: Up to 100K/D] 💧⛔♻️","7.875","5.625","10","20000","wizsmm","a0f15b45-6458-4704-aaf1-a6b8ce2b81e6"
"twitter","Twitter Tweet Views [Refill: No Drop] [Max: 100M] [Start Time: 0 - 1 Hours] [Speed: 5M/Day]","0.007","0.005","100","100000000","wizsmm","a19d1d47-41d1-456c-af8d-88f55ef8294c"
"twitter","Twitter Followers [Refill: No] [Max: 20K] [Start Time: 0-1 Hrs] [Speed: Up to 20K/D] 💧","1.0238","0.7313","100","20000","wizsmm","a1f6ac18-8eca-4c69-a167-c03b91c34d40"
"twitter","Twitter Details Click [Refill: No] [Max: 100M] [Start Time: 0-1 Hour] [Speed: 10M/Day] 💧","0.056","0.04","100","100000000","wizsmm","a23b8dc7-4feb-4c32-bd9e-230ee5505102"
"twitter","Twitter Comments [RANDOM] [Refill: No] [Max: 1M] [Start Time: 0-1 Hr] [Speed: 10K/D]","43.75","31.25","25","10000","wizsmm","a30265b8-2ee1-4b97-805f-948b7476c88a"
"twitter","Twitter Followers [JP 🇯🇵] [Refill: No] [Max: 100K] [Start Time: 0-1 Hrs] [Speed: Up to 100K/D] 💧","7.875","5.625","100","25000","wizsmm","a3af24ec-9494-48a0-93a2-720e17aaa32d"
"twitter","Twitter Likes [Max: 50K] [Refill: No][Start Time: 0 - 1 Hr] [Speed: Up to 20K/D] 💧","5.25","3.75","10","5000","wizsmm","a4ba79fc-b0dc-4092-ad0f-c52af6022ce1"
"twitter","Twitter Retweets [Refill: No] [Max 50K] [Start Time: 0 - 1 Hour] [Speed: 10K/Day]","2.3436","1.674","100","100000","wizsmm","a58e5a0a-f4a1-4331-9cfc-1c00ed0d16ad"
"twitter","Twitter Video Views [Refill: No Drop] [Max: 10M] [Start Time: 0 - 1 Hr] [Speed: 10M/Day]","0.007","0.005","100","100000000","wizsmm","a636f1b0-496b-4083-995e-ae4e3e5a96c2"
"twitter","Twitter Mentions [TWEET LIKERS] [Max: 1K] [Refill: No] [Start Time: 24 - 72 Hours] [Speed: 1K/Day]","8.75","6.25","100","5000","wizsmm","a811d005-e4e2-44c3-834c-91db876ca9e2"
"twitter","🇹🇷Twitter Followers [Refill: 30D] [Max: 10K] [Start Time: 0 - 1 Hr] [Speed: 500/Day] 💧♻️","22.75","16.25","10","50000","wizsmm","a9080e0b-641b-46c2-a694-29cf6ed49c06"
"twitter","Twitter Single Person Mention [Custom List] [Start Time: 0 - 1 Hour] [Speed: 1K/Day]","26.25","18.75","20","50000","wizsmm","aa0baecb-ec3f-4d98-80d3-0d0ebbfa5323"
"twitter","Twitter Retweets [ARAB] [Refill: No] [Max: 1K] [Start Time: 12 Hours] [Speed: 1K/Day]","16.892","12.0657","50","1000","wizsmm","aa18b683-5cf3-429c-980b-c1116a382e6c"
"twitter","Twitter Followers [Refill: 30D] [Max: 100K] [Start Time: 0-1 Hrs] [Speed: Up to 100K/D] 💧♻️","10.395","7.425","100","100000","wizsmm","ab74a2c6-7fa1-4e61-8c6c-483532b8e8db"
"twitter","🇳🇬🇬🇭Twitter Followers [NIGERIA &amp; GHANA] [LOW DROP] [Refill: No] [Max: 2K] [Start Time: 10-30 Mins] [Speed: 24 Hours Delivery]","67.2","48","100","5000","wizsmm","ac2806ff-67e8-41de-bd6a-91ffd5c5ba7b"
"twitter","Twitter Media Views [Refill: No Drop] [Max: 100M] [Start Time: 15 Minutes] [Speed: 10M/Day]","0.035","0.025","100","100000000","wizsmm","ad8749f6-f05e-49c3-904c-e952915fae56"
"twitter","Twitter Space Listeners [60 Minutes] [Max: 20K] [Start Time: 0 - 1 Hour] [Speed: 2K/Hour]","0.8225","0.5875","50","10001","wizsmm","ae0b9821-0e71-4c47-a328-bfd53a706a95"
"twitter","Twitter Likes [JP 🇯🇵]  [Refill: No] [Max: 5K] [Start Time: 0-1 Hrs] [Speed: Up to 5K/D] 💧","3.9375","2.8125","10","5000","wizsmm","ae1c5946-a223-412f-bcb9-bc5cf5a9475a"
"twitter","🇹🇼Taiwan Traffic from Twitter [No Refill] [Max: 1M] [Start Time: 12 Hours] [Speed: 10K/Day]","0.6125","0.4375","500","1000000","wizsmm","ae2cfb64-9b22-41fd-852b-44fbf75f4bf4"
"twitter","Twitter Space Listeners [15 Minutes] [Max: 20K] [Start Time: 0 - 1 Hour] [Speed: 2K/Hour]","0.1903","0.1359","50","10001","wizsmm","aec25d8f-f265-414e-9cf2-6bdd6bcd2f76"
"twitter","Egypt Traffic from Twitter","0.665","0.475","500","1000000","wizsmm","b01761c7-d3fc-4c3e-b95e-029ef7c9843d"
"twitter","Twitter Followers [Refill: No] [Max: 1K] [Start Time: 0-1 Hrs] [Speed: Up to 100K/D] 💧","1.365","0.975","100","50000","wizsmm","b096123f-34fc-4231-aa75-e3b3c8154982"
"twitter","Twitter Poll Votes [Refill: 30D] [Max: 20K] [Start Time: 0-2 Hours] [Speed: 20K/Day]","0.14","0.1","100","20000","wizsmm","b0cb8d52-34f9-495d-94fe-051aed12b622"
"twitter","Twitter Followers [Refill: 15D] [Max: 10K] [Start Time: 0-3 Hrs] [Speed: 5K/D] 💧♻️","0.9625","0.6875","10","1000000","wizsmm","b11339c1-b31f-4aec-9732-47214fd4545c"
"twitter","Twitter Followers [CRYPTO/BOT] [Refill: 30D] [Max: 5K] [Start Time: 0 - 6 Hrs] [Speed: 1K/D]","14","10","10","3000","wizsmm","b18c09dd-5dd4-4b2a-a4b6-51ba9f9b6ad3"
"twitter","Twitter Custom Comments [Auto Refill: 30D] [Max: 500K] [Start Time: 0 - 1 Hr] [Speed: 50K/D] 💧♻️","700","500","20","500000000","wizsmm","b2991442-a911-40be-91cd-d1003349dc55"
"twitter","Twitter Followers [Refill: 30D] [Max: 10K] [Start Time: 0-3 Hrs] [Speed: 5K/D] 💧♻️","1.05","0.75","10","1000000","wizsmm","b44ddfee-7d5f-46e9-9ad1-7624eedd3eb6"
"twitter","Twitter Tweet Views [Refill: No] [Max: 50M] [Start Time: 0-4 Hours] [Speed: 5M/Day]","0.0263","0.0188","100","2147483647","wizsmm","b45fabbf-83a4-43bc-abf5-5fd95b2cfad4"
"twitter","Twitter Followers [CRYPTO - HQ] [5K Package] [Refill: No] [Start Time: 0 - 24 Hours] [Speed: 0 - 72 Hours to Complete]","437.5","312.5","1","1","wizsmm","b4707f85-b20f-48fb-84bc-2847d96d9a34"
"twitter","Twitter Space Listeners [30 Minutes] [Max: 20K] [Start Time: 0 - 1 Hour] [Speed: 2K/Hour]","0.4089","0.2921","50","10001","wizsmm","b4ea8d34-dbab-4dd4-bb8a-bd987c872b1f"
"twitter","🇺🇸Twitter Tweets [USA] [Max: 1K] [Refill: 100 Days] [Start Time: 0 - 4 Hours] [Speed: 1K/Day]","69.16","49.4","5","1000","wizsmm","b5699116-c430-4845-954f-843253c2c317"
"twitter","Twitter Followers [Max: 50K] [Refill: No] [Start Time: 0 - 1 Hr] [Speed: 50K/Day] 💧","1.6184","1.156","10","20000","wizsmm","b5d1ff3c-7177-4059-97d7-7d561ff83596"
"twitter","Twitter Likes [HQ] [Refill: No] [Max: 5K] [Start Time: 0 - 2 Hours] [Speed: 2K/Day] ⛔💧","4.41","3.15","10","10000","wizsmm","b60ab8ce-c9b7-4602-9e55-d701d8fcbbf4"
"twitter","Twitter Link Click [Refill: 45 Days] [Max: 100M] [Start Time: 0-1 Hour] [Speed: 100M/Day] 💧","0.035","0.025","100","100000000","wizsmm","b843ad90-9278-4e54-9360-7c3df866faa9"
"twitter","🇧🇷Twitter Comments [RANDOM] [BRAZIL] [Refill: No] [Max: 100] [Start Time: 0-12 Hours] [Speed: 100/Day]","52.5","37.5","10","250","wizsmm","b8944a99-c2d4-4b81-a377-e507dcbcbae5"
"twitter","Twitter Space Listeners [90 Minutes] [Max: 50K] [Start Time: 0 - 1 Hour] [Speed: 50K/Hour]","1.68","1.2","50","10000","wizsmm","b8c4c4d2-3cbf-4933-bf18-a4968ecd0da7"
"twitter","🇺🇸 Twitter USA Followers [Refill: 30D] [Max: 50K] [Start Time: 0 - 3 Hours] [Speed: 5K/Day] ⛔💧♻️","43.75","31.25","100","50000","wizsmm","b8d3ddb2-0edf-4987-92d1-46d21a58e365"
"twitter","Twitter Followers [HQ] [Max: 1M] [Refill: No] [Start Time: 0 - 1 Hour] [Speed: 15K/Day] 💧","10.4825","7.4875","10","50000","wizsmm","bbdb6071-709b-4b41-acd1-cadf024802f2"
"twitter","Twitter Tweet Views [Refill: 365D] [Max: 100M] [Start Time: 0 - 1 Hr] [Speed: 50M/D]","0.007","0.005","100","100000000","wizsmm","bc1fcbe0-43dc-4811-80ad-80841c0e2765"
"twitter","Twitter Retweets [Refill: No] [Max: 50K] [Start Time: 0 - 2 Hrs] [Speed: 10K/Day] ⛔💧","1.4875","1.0625","50","50000","wizsmm","bc808f7b-bf7a-40ff-860c-16a1986cba9a"
"twitter","Twitter Followers [NO DROP] [Max: 5K] [Refill: 30D] [Start Time: 0 - 1 Hr] [Speed: 100/D] 💧","52.5","37.5","100","5000","wizsmm","bdbda96f-201c-4bd3-a80b-e64365e30b5c"
"twitter","🇨🇦Canada Traffic from Twitter [No Refill] [Max: 1M] [Start Time: 12 Hours] [Speed: 10K/Day]","0.6125","0.4375","500","1000000","wizsmm","beb61c67-b0e1-4b0e-a005-0072107bf389"
"twitter","Twitter Likes [Refill: 15D] [Max: 40K] [Start Time: 0-1 Hrs] [Speed: Up to 40K/D] 💧♻️","2.52","1.8","10","40000","wizsmm","bef20f03-549b-416a-a51b-3bfa43fac198"
"twitter","Twitter Mentions [HASHTAGS] [Max: 5K] [Refill: No] [Start Time: 0 - 24 Hours] [Speed: 2K/Day]","8.75","6.25","200","50000","wizsmm","bf68959d-26e2-4dd2-984b-37584640f2db"
"twitter","Twitter Followers [HQ] [Refill: 30D] [Max: 3K] [Start Time: 0-2 Hrs] [Speed: Up to 3K/D] 💧♻️","12.25","8.75","50","3000","wizsmm","bfbe0f69-1421-465f-9807-15b15a648982"
"twitter","Twitter Hashtag Click [Refill: 45 Days] [Max: 100M] [Start Time: 0-1 Hour] [Speed: 10M/Day] 💧","0.035","0.025","100","100000000","wizsmm","c01a119a-29cb-4d28-bf24-322f7bc43aa6"
"twitter","Twitter Retweets [JP 🇯🇵] [Refill: 30D] [Max: 5K] [Start Time: 0-1 Hrs] [Speed: Up to 5K/D] 💧","7.56","5.4","100","5000","wizsmm","c0da1cc4-8689-48af-af1a-1899e64a1d9c"
"twitter","Twitter Retweets [Refill: No] [Max: 60K] [Start Time: 1 Hour] [Speed: 100/Day] 💧 ♻️","12.25","8.75","50","60000","wizsmm","c1002def-0057-45d1-b6c1-4aebe7eeaeaf"
"twitter","Twitter Followers [Refill: 30D] [Max: 100K] [Start Time: 0-2 Hrs] [Speed: Up to 1K/D] 💧♻️","4.9875","3.5625","100","100000","wizsmm","c119930f-9b38-4a37-a21a-afe19ac9a2c0"
"twitter","🇮🇳Twitter Comments [RANDOM] [INDIAN] [Refill: No] [Max: 100] [Start Time: 0-12 Hours] [Speed: 100/Day]","52.5","37.5","10","250","wizsmm","c1cc4c61-6847-4886-9b9b-c9f3810658d8"
"twitter","Twitter Retweets [Refill:10 Days] [Max: 10K] [Start Time: 0-1 Hour] [Speed: 10/Day]","7","5","10","10000","wizsmm","c2985d87-972e-42ef-8ab3-799f3da0f800"
"twitter","🇺🇸 Twitter USA Followers [Refill: 15D] [Max: 50K] [Start Time: 0 - 3 Hours] [Speed: 5K/Day] ⛔💧♻️","39.375","28.125","100","50000","wizsmm","c435d2ac-a592-49bb-912a-dc63f275e69d"
"twitter","Twitter Likes [NFT] [Refill: 7D] [Max: 2.5K] [Start Time: 0-2 Hours] [Speed: 2.5K/Day] 💧","1.4","1","10","2500","wizsmm","c47efbcd-154b-41a3-9c61-06e78b629b1f"
"twitter","Twitter Followers [Refill: No] [Max: 10K] [Start Time: 0-3 Hrs] [Speed: 5K/D] 💧","0.7","0.5","10","1000000","wizsmm","c4b2311d-2798-47bb-a711-08256505a0c8"
"twitter","Twitter Likes [Max: 400K] [Refill: No] [Start Time: 0 - 1 Hr] [Speed: 400K/D] 💧","1.7325","1.2375","10","20000","wizsmm","c4d225b2-32ab-4031-b36a-4e6b73502d29"
"twitter","Twitter Likes [Refill:10 Days] [Max: 10K] [Start Time: 0-1 Hour] [Speed: 10/Day]","7","5","10","10000","wizsmm","c5ea4ef6-3392-4382-810f-567417702f56"
"twitter","Twitter Video Views [Refill: No Drop] [Max: 10M] [Start Time: 15 Minutes] [Speed: 1M/Day]","0.0057","0.0041","100","99999999","wizsmm","c7b02cc2-2a27-43b7-ab6d-fb3ae3985ac6"
"twitter","🇺🇸 Twitter USA Followers [Refill: 30D] [Max: 1M] [Start Time: 0 - 1 Hr] [Speed: 200K/Day] 💧♻️","1.19","0.85","100","1000000","wizsmm","c903d4f9-cfbf-41ac-9f70-e63510abeabc"
"twitter","Twitter Likes [NO DROP] [Refill: 30D] [Max: 5K] [Start Time: 0 - 1 Hr] [Speed: 1K/D] 💧","35","25","50","5000","wizsmm","c9d56302-10ca-4a3c-a4a1-b12b8d883787"
"twitter","Twitter Retweets [JP 🇯🇵] [Refill: No] [Max: 5K] [Start Time: 0-1 Hrs] [Speed: Up to 5K/D] 💧","4.725","3.375","100","10000","wizsmm","cbb0a128-4a7e-4ff2-b46b-072198f66980"
"twitter","Twitter Followers [Refill: No] [Max: 5K] [Start Time: 0-1 Hrs] [Speed: Up to 5K/D] 💧","1.5593","1.1138","50","5000","wizsmm","cbcf6f19-8a91-4e8e-badd-466bacb3f0c5"
"twitter","🇹🇭Thailand Traffic from Twitter [No Refill] [Max: 1M] [Start Time: 12 Hours] [Speed: 10K/Day]","0.6125","0.4375","500","1000000","wizsmm","cc25e6c5-d552-4e89-9d5b-370a77b1e14b"
"twitter","Twitter Followers Package [5K] [EUROPE/AMERICA] [NON DROP] [Start Time: 0 - 12 Hr] [Speed: 1K/D]","315","225","1","1","wizsmm","cc8e0248-54c3-402c-b7dd-f13de8d8f277"
"twitter","Twitter Followers [Max: 250K] [Refill: 25D] [Start Time: 0 - 1 Hr] [Speed: 50K/Day] 💧","8.4875","6.0625","10","20000","wizsmm","cd1993c8-1166-4f5a-baa1-b78074a6a9cf"
"twitter","Twitter Likes [Refill: 30D] [Max: 6M] [Start Time: 0 - 2 Hrs] [Speed: 200K/D] 💧","2.646","1.89","10","20000","wizsmm","ce39ce4f-4dd3-4ebf-9996-db7602b91832"
"twitter","Twitter Bookmarks [10K] [EXCLUSIVE - 1K/Day]","1.365","0.975","100","10000","wizsmm","c855bbdf-31d0-4037-9d22-c87e62cb92c5"
"twitter","🇳🇱Netherlands Traffic from Twitter [No Refill] [Max: 1M] [Start Time: 12 Hours] [Speed: 10K/Day]","0.6125","0.4375","500","1000000","wizsmm","cfc933be-2a19-438e-8d98-2bfac67c61a5"
"twitter","Twitter Tweet/Video Views + Impressions + Engagements + Details + Profile Visits [No Drop] [Max: 10M] [Start Time: 0-1H] [Speed: 1M/Day]","0.0063","0.0045","100","100000000","wizsmm","d06b3c75-d6cf-42f1-a645-b9a4050b3748"
"twitter","🇻🇳Vietnam Traffic from Twitter [No Refill] [Max: 1M] [Start Time: 12 Hours] [Speed: 10K/Day]","0.6125","0.4375","500","1000000","wizsmm","d18290e0-dedd-4b46-ae5f-98d422e80cb1"
"twitter","🇺🇸 Twitter Followers [USA] [Max: 10K] [Refill: 30 Days] [Start Time: 1 Hour] [Speed: 1K/Day] ♻️","3.85","2.75","100","100000","wizsmm","d36636f0-785d-4a6a-8b87-3f427b52ab0a"
"twitter","Twitter Followers [Refill: 30 Days] [Max: 60K] [Start Time: 1 Hour] [Speed: 200/Day] ♻️","17.5","12.5","50","60000","wizsmm","d619557d-af87-4ed0-b4c9-76d91b594b9a"
"twitter","Twitter Asia Followers [JAPAN / KOREA / HK] [Refill: 30D] [Max: 50K] [Start Time: 0 - 3 Hours] [Speed: 5K/Day]  ⛔💧♻️","43.75","31.25","100","50000","wizsmm","d663ed0e-92d8-49ea-a197-6e558af5f64b"
"twitter","Twitter Quote Tweet [Random] [Max: 1K] [Refill: No] [Start Time: 0 - 1 Hour] [Speed: 1K/Day]","42","30","3","500","wizsmm","d72e5580-b514-4e13-869f-5b2e1f9521c7"
"twitter","Twitter Retweets [Max: 5K] [Refill: No] [Start Time: 0 - 1 Hour] [Speed: 5K/Day] 💧","1.9775","1.4125","100","1000","wizsmm","d738775e-75ae-4c94-8c12-8b70d6b006b2"
"twitter","Twitter Likes [Refill: 30D] [Max: 10K] [Start Time: 0 - 2 Hrs] [Speed: 10K/Day] 💧♻️","4.9875","3.5625","10","10000","wizsmm","d87d85f3-3ff0-4a79-8468-cace2176ad4a"
"twitter","Twitter Video Views [Refill: No Drop] [Max: 10M] [Start Time: 0 - 1 Hr] [Speed: 10M/Day]","0.8575","0.6125","10","100000","wizsmm","d9594f34-64a3-437e-b5cc-35093f30495a"
"twitter","Twitter Likes [Refill: 30D] [Max: 6M] [Start Time: 0 - 2 Hrs] [Speed: 200K/D] 💧","2.744","1.96","10","20000","wizsmm","d966f881-dd35-4c2c-b245-ee82823d6814"
"twitter","🇬🇧UK Traffic from Twitter [Refill: No] [Max: 1M] [Start Time: 12 Hours] [Speed: 10K/Day] 💧","0.245","0.175","88","88888888","wizsmm","d9f289a5-a2e6-4ce8-b95e-865a4b24800a"
"twitter","Twitter Followers [CRYPTO - HQ] [10K Package] [Refill: No] [Start Time: 0 - 24 Hours] [Speed: 0 - 72 Hours to Complete]","525","375","1","1","wizsmm","db9d3951-7aac-4cb0-b16e-6a7f5dc39829"
"twitter","🇮🇩Indonesia Traffic from Twitter [Refill: No] [Max: 1M] [Start Time: 12 Hours] [Speed: 10K/Day]","0.35","0.25","100","1000000","wizsmm","dc21dfc5-d1ff-41ad-a97c-b052eca32d0a"
"twitter","Twitter Media Interaction / Media Views [Refill: 30 Days] [Max: 10M] [Start Time: 0-1 Hour] [Speed: 10M/Day] 💧 ♻️","0.2793","0.1995","100","100000000","wizsmm","dc6bd685-9f1f-4944-9fb8-3c2c8b94f00c"
"twitter","🇧🇷Twitter Video Views [BRAZIL] [Refill: 30 Days] [Mx: 1M] [Start Time: 0-1 Hour] [Speed: 1M/Day] 💧 ♻️","0.315","0.225","250","50000000","wizsmm","dc9493bb-877b-4e00-9a61-abf01ad6e2ad"
"twitter","🇹🇷 Twitter Followers [Turkey] [Refill: 7D] [Max: 10K] [Start Time: 0-3 Hrs] [Speed: 5K/D] 💧♻️","1.3125","0.9375","10","1000000","wizsmm","dd675f6e-7ea0-4bee-87db-19370b5af726"
"twitter","Twitter Tweets [NFT Accounts] [Max: 200] [Refill: 100 Days] [Start Time: 4 Hours] [Speed: 200/Day]","127.68","91.2","10","200","wizsmm","dd95684f-a966-4e21-8df4-237fa6ed87e6"
"twitter","🇫🇷France Traffic from Twitter [No Refill] [Max: 1M] [Start Time: 12 Hours] [Speed: 10K/Day]","0.35","0.25","100","1000000","wizsmm","e04d9b0d-1e22-4619-a816-296d4751321f"
"twitter","🇹🇷 Twitter Followers [Turkey] [Refill: 30D] [Max: 10K] [Start Time: 0-3 Hrs] [Speed: 5K/D] 💧♻️","1.4875","1.0625","10","1000000","wizsmm","e074d73c-7fe8-4e5c-80c4-10144c0388af"
"twitter","Twitter Followers [Refill: No] [Max: 50K] [Start Time: 0-2 Hrs] [Speed: Up to 10K/D] ⛔💧","4.004","2.86","10","20000","wizsmm","e0ba5e84-267f-4d17-ad1d-2716c61ca39f"
"twitter","Twitter Followers [Max: 10K] [Refill: No] [Start Time: 0-1 Hour] [Speed: 5K/Day]","19.159","13.685","100","100000","wizsmm","e1122cb7-09bd-4803-b7d9-391a1ddb960a"
"twitter","Twitter Impression [Refill: No] [Max: 100M] [Start Time: 0-1 Hr] [Speed: 10M/D] 💧","0.0056","0.004","50","100000000","wizsmm","e1d22d3c-d432-49f6-9208-4d4f1e4b898e"
"twitter","Twitter Retweets [NO DROP] [Refill: 30D] [Max: 5K] [Start Time: 0 - 1 Hr] [Speed: 1K/D] 💧","43.75","31.25","50","5000","wizsmm","e20aeec0-0d88-44dd-91c7-a999a4e3633a"
"twitter","Twitter Followers [Max: 10K] [Refill: 30] [Start Time: 0 - 1 Hr] [Speed: 1K/Day] 💧","22.75","16.25","10","100000","wizsmm","e23b3a5e-1d79-4b4e-b6aa-77d2541c91d3"
"twitter","Twitter Retweets [BR 🇧🇷] [Refill: 30D] [Max: 5K] [Start Time: 0-1 Hrs] [Speed: Up to 5K/D] 💧","2.835","2.025","100","5000","wizsmm","e27891f9-e4b8-4350-b84f-d5e59a2a91a0"
"twitter","Twitter Quote Tweet [Custom] [Max: 1K] [Refill: No] [Start Time: 0 - 1 Hour] [Speed: 1K/Day]","42","30","3","500","wizsmm","e71d608f-c1c3-400e-955f-cc53543aad5f"
"twitter","Twitter Followers [CRYPTO/BOT] [Refill: No] [Max: 5K] [Start Time: 0 - 6 Hrs] [Speed: 1K/D]","10.5","7.5","10","3000","wizsmm","e77d139b-1155-4c21-b0cc-c089c17fe0ab"
"twitter","🇺🇸USA Traffic from Twitter [Refill: No] [Max: 1M] [Start Time: 0 - 12 Hours] [Speed: 10K/Day] 💧","0.245","0.175","88","88888888","wizsmm","ea9e12b5-0939-4a02-85f0-31c51411ca3e"
"twitter","Twitter Likes [Max: 50K] [Refill: No] [Start Time: 0 - 1 Hours] [Speed 25K/Day]","3.325","2.375","10","50000","wizsmm","eb909a5b-19fe-48fe-992f-b4623a994879"
"twitter","Twitter [INDIA] [100 Retweet 200 Likes 25 Comments] [HQ Profiles]","5.25","3.75","1","1","wizsmm","ec90ba9d-5762-4314-8480-e28dc535f377"
"twitter","Twitter Followers [Refill: 30D] [Max: 5M] [Start Time: 0-3 Hrs] [Speed: 1M/D] 💧♻️","8.4875","6.0625","10","20000","wizsmm","ed887dc2-6f33-48f5-85c5-66527a0092d3"
"twitter","Twitter Comments [RANDOM] [ARAB] [Refill: No] [Max: 100] [Start Time: 0-12 Hours] [Speed: 100/Day]","52.5","37.5","10","250","wizsmm","ed9267a7-ed01-4ca3-b7b4-1187e5145d45"
"twitter","Twitter Likes [Refill: 30D] [Max: 350K] [Start Time: 0 - 1 Hour] [Speed: 50K/Day] 💧♻️","5.3865","3.8475","10","10000","wizsmm","ef64599f-6615-4fdd-9b18-fe0d661d7d60"
"twitter","Twitter Comments [CUSTOM] [Refill: 30D] [Max: 350K] [Start Time: 0 - 3 Hrs] [Speed: 50K/Day]","35","25","50","35000000","wizsmm","ef6d0464-0351-4e8a-aa27-f30041bf93a5"
"twitter","Twitter Followers [Refill: No] [Max: 10K] [Start Time: 0-1 Hrs] [Speed: Up to 10K/D] 💧","1.715","1.225","100","10000","wizsmm","f092e312-9297-4ae9-a7c3-a051b174d6d6"
"twitter","Twitter Followers [CRYPTO - HQ] [15K Package] [Refill: No] [Start Time: 0 - 24 Hours] [Speed: 0 - 72 Hours to Complete]","612.5","437.5","1","1","wizsmm","f0ef67b1-6944-4ee0-8a87-38a08083e990"
"twitter","Twitter Comments [CUSTOM] [GULF 🇦🇪 🇸🇦 🇰🇼] [Max: 20K] [Refill: No] [Start Time: 0 - 6 Hrs] [Speed: 5K/D]","63","45","5","5000","wizsmm","f193b886-1417-4060-806f-77e7e1dd2fcb"
"twitter","Twitter Bookmarks [Refill: No] [Max: 1K] [Start Time: 0-1 Hour] [Speed: 500/Day]","2.8","2","10","600","wizsmm","f35e9aaf-c664-4a7f-b536-2c8f158b855c"
"twitter","Pakistan Traffic from Twitter","0.6125","0.4375","500","1000000","wizsmm","f3d8805c-54d0-439b-aaf2-b350190409c8"
"twitter","Twitter Retweets [Refill: No] [Max 100K] [Start Time: 0-1 Hour] [Speed: 50K/Day]","0.0525","0.0375","10","2147483647","wizsmm","f413e320-6a67-4803-ae02-0253673d51a3"
"twitter","Twitter Space Listeners [5 Minutes] [Max: 2.5K] [Start Time: 0 - 1 Hour] [Speed: 2.5K/Hour]","0.525","0.375","100","2500","wizsmm","f51b8fb9-03fb-41ab-bd3b-8196a7d354f0"
"twitter","Twitter Followers [Refill: No] [Max: 60K] [Start Time: 1 Hour] [Speed: 400/Day] 💧","10.5","7.5","50","30000","wizsmm","f84c378a-7305-466c-a09c-38dd845bf691"
"twitter","Twitter Followers [Refill: 30D] [Max: 50K] [Start Time: 0-2 Hrs] [Speed: Up to 15K/D] 💧♻️","10.4825","7.4875","10","50000","wizsmm","f9961d96-b240-4511-9d78-4705dca16d66"
"twitter","🇬🇧 Twitter USA Followers [Refill: 30D] [Max: 1M] [Start Time: 0 - 1 Hr] [Speed: 200K/Day] 💧♻️","1.19","0.85","100","1000000","wizsmm","fbe9658e-292b-4179-951a-87fcb19b5795"
"twitter","Twitter Poll Votes [Refill: No] [Max: 30K] [Start Time: 0 - 1 Hr] [Speed: 30K/Day]","8.085","5.775","10","50000","wizsmm","fc3816e6-3b62-4adf-81d6-eaeb48203cf1"
"twitter","Twitter Likes [Refill: No] [Max: 5K] [HQ] [Start Time: 1 Hour] [Speed: 5K/Day]","5.0631","3.6165","10","5000","wizsmm","fcd1d072-8327-4125-b03e-5247469224e2"
"twitter","Twitter Followers [Refill: 30D] [LESS DROP] [Max: 5M] [Start Time: 0-3 Hrs] [Speed: 1M/D] 💧♻️","15.12","10.8","10","3000","wizsmm","fdc9d9c4-ec07-4007-b17f-db5716e63848"
"twitter","Twitter Likes [Refill: No] [Max: 40K] [Start Time: 0-1 Hrs] [Speed: Up to 40K/D] 💧","2.1735","1.5525","10","40000","wizsmm","fe11258f-4a33-4130-94cd-45930b069609"
"twitter","Twitter Profile Click [Refill: No] [Max: 500M] [Start Time: 0-1 Hour] [Speed: 100M/Day] 💧","0.056","0.04","100","100000000","wizsmm","fe27b9a1-5951-4de3-bc35-ff35613cd003"
"twitter","Twitter Likes [Low Drop] [Guarantee: 30 Days] [20-40K/D] [0-1/H]","11.256","8.04","100","100000","wizsmm","085c0905-858c-4c4e-bac1-cce2cfe6430c"
"twitter","Twitter Custom Comments | Max 500 | Daily 150","64.876","46.34","5","5000","wizsmm","0db05da6-262c-4f01-add9-9e5f4dd2bc6a"
"twitter","Indonesia Traffic from Twitter","0.56","0.4","500","1000000","wizsmm","10aba914-2dd1-415f-a9d4-17d3673501c1"
"twitter","X (Twitter) Engagement Pack - 150 Followers + 30 Days Active Engagement","604.8","432","1","1","wizsmm","139c30a2-47a7-4d7f-a851-cec907cc067f"
"twitter","Spain Traffic from Twitter","0.56","0.4","500","1000000","wizsmm","1496ace0-dc4e-4dc9-a69d-79ecd06651ee"
"twitter","🌎 CoinMarketCap Worldwide Post Views [Redirected from Twitter/X]","0.378","0.27","1000","3000000","wizsmm","26de1d55-38f4-4e4d-a4c4-c1f31586e427"
"twitter","Twitter USA Followers [High Quality] [No Drop Currently] [Refill: 60 Days] [5K/D] [0-1/H]","15.96","11.4","10","5000","wizsmm","2d3c7631-6dff-4579-a713-70921ed6ae14"
"twitter","Twitter Bundle Impression ( Views - Impression - Detail Expand- Profile Click  )","0.084","0.06","100","2147483647","wizsmm","349d824a-3641-44cd-bce3-f1fd1c113be3"
"twitter","Twitter Followers [Low Drop] [No Refill] [20K/D] [Instant]","2.1","1.5","10","20000","wizsmm","3659220a-576d-47b1-99ef-2f0199db4b83"
"twitter","Twitter Space Listeners [60 Minutes]","3.248","2.32","10","100000","wizsmm","263752e2-69b5-4fac-8707-7b21ed4e4803"
"twitter","Twitter Real NFT Followers [500/D] [0-1/H]","268.8","192","5","10000","wizsmm","38d3b3d4-90c8-464e-9cbc-86d5a033381c"
"twitter","X - Twitter Nigeria Comments [10K]🇳🇬","34.818","24.87","25","10000","wizsmm","39bc24b3-462d-4b3f-8d92-84bc091fbd26"
"twitter","Twitter Retweets [High Speed] [30 Days Refill] [100K/D] [Instant]","20.16","14.4","100","1000000","wizsmm","43897b11-9e67-4d15-9577-d6f2a74b296c"
"twitter","Pakistan Traffic from Twitter [LQ]","0.238","0.17","88","88888888","wizsmm","475befdd-eaf0-4744-ba8c-f92cae64d4bc"
"twitter","Brazil Traffic from Twitter [LQ]","0.238","0.17","88","88888888","wizsmm","485e8d9e-c774-4d61-a86e-459a0a4db7c3"
"twitter","🇺🇸 Binance Square - USA Post Views [Redirected from Twitter/X]","2.212","1.58","1000","880000","wizsmm","4dcb745c-67d6-4e81-be37-a04a7f2d4811"
"twitter","Twitter Comments [CUSTOM] [Refill: 30D] [Max: 350K] [Start Time: 0 - 3 Hrs] [Speed: 50K/Day]","39.2","28","50","35000000","wizsmm","54146edb-7c93-4f20-a02b-b81a49761c6c"
"twitter","Switzerland Traffic from Twitter","0.882","0.63","1000","1000000","wizsmm","5b3354cd-38ec-457d-8faf-1bc457b69879"
"twitter","Sweden Traffic from Twitter","0.77","0.55","1000","1000000","wizsmm","5be78e64-9bd8-4037-88a4-e58bd64ffb0d"
"twitter","🇪🇺 CoinMarketCap EU Post Views [Redirected from Twitter/X]","0.532","0.38","1000","630000","wizsmm","60d0cff2-bc06-4571-a1b1-914156775267"
"twitter","Russia Traffic from Twitter","0.56","0.4","500","1000000","wizsmm","63785034-fe37-4adf-919b-4be22466dd5d"
"twitter","Twitter Followers [Low Drop] [Guarantee: 30 Days] [20-40K/D] [0-1/H]","11.55","8.25","10","100000","wizsmm","64454c73-5163-4178-a2aa-d217524e2f5d"
"twitter","Twitter Asia Views","0.028","0.02","100","100000000","wizsmm","65a19c9a-b404-4ad3-aa3a-f641f76f0415"
"twitter","Twitter Followers","1.5","1","100","100000","wizsmm","1dcf3c35-4f92-4dbe-830c-e0c870616cc2"
"twitter","Twitter Likes","87.5","62.5","50","500000","wizsmm","5531624c-3e66-4206-a901-ed3fe341a096"
"twitter","Twitter Likes [Super High Speed] [Big Base] [No Refill] [100K/D] [Instant]","3.024","2.16","100","1000000","wizsmm","6b83f0a6-908c-468a-8edd-26b53d1299f0"
"twitter","Twitter-X  Detail Click","0.007","0.005","100","2147483647","wizsmm","6f093255-dc0e-4cb3-93b3-e1184c4ffdbb"
"twitter","Twitter Likes | Max 10K | 100% Real HQ | Less Drop | Daily 3K","4.242","3.03","10","10000","wizsmm","76880a9b-4d11-4e0f-b51a-afc784c3b304"
"twitter","Twitter Likes [Low Drop] [Fast Delivery] [1-3K/D] [0-1/H]","10.976","7.84","20","5000","wizsmm","781e48f5-8342-42cd-a347-fe728b78c5c1"
"twitter","Czech Republic Traffic from Twitter [LQ]","0.238","0.17","88","88888888","wizsmm","7fe9e7bc-bad4-4ad3-8421-cabd477011e0"
"twitter","Mexico Traffic from Twitter","0.56","0.4","500","1000000","wizsmm","81578b5c-096a-470c-b406-3acc18ab1825"
"twitter","X (Twitter) Engagement Pack - 300 Followers + 30 Days Active Engagement","1209.6","864","1","1","wizsmm","8203e069-29f3-4e47-a0c1-3de6a1c05d9b"
"twitter","Twitter Tweet Views [Instant] [Most Stable Service in Market]","0.014","0.01","100","100000000","wizsmm","86074853-be1a-425b-8c78-a958adbcb37a"
"twitter","Twitter Followers [Low Drop] [30 Days Refill] [50K/D] [Instant]","5.88","4.2","100","100000","wizsmm","86120b6c-dd61-4397-9fea-03c1610a34e3"
"twitter","Ukraine Traffic from Twitter","0.56","0.4","500","1000000","wizsmm","87105a03-77e5-445d-91b3-fcd3486c785d"
"twitter","Twitter Likes [High Speed] [10K/D] [Instant] [Different Service]","4.872","3.48","10","10000","wizsmm","890a6502-dfb7-4601-9792-de1625de4980"
"twitter","Brazil Traffic from Twitter","0.56","0.4","500","1000000","wizsmm","89322b92-e5e6-4338-8e44-a70fadce0c33"
"twitter","Twitter Followers 30D refill","25.2","18","50","20000","wizsmm","8a07b3be-0ba2-4f8b-ad64-39e4269d4993"
"twitter","Bangladesh Traffic from Twitter","0.56","0.4","500","1000000","wizsmm","8a8adcc7-e71d-4a0f-bbcc-49c841302c56"
"twitter","Twitter Retweets [Low Drop] [Fast Delivery] [1K/D] [0-1/H]","12.096","8.64","10","1000","wizsmm","949a839e-95c6-4ea0-95f7-ffa7f4655155"
"twitter","Twitter Impressions Engagements [Instant]","0.0336","0.024","100","2147483647","wizsmm","999c9d11-9156-4bda-a363-1513f7d0e8b3"
"twitter","Canada Traffic from Twitter [LQ]","0.238","0.17","88","88888888","wizsmm","9a6176ba-4f12-4721-9822-575ecc02cb03"
"twitter","Romania Traffic from Twitter [LQ]","0.238","0.17","88","88888888","wizsmm","9c134685-ddad-4932-90ba-08a328644dbc"
"twitter","Philippines Traffic from Twitter","0.56","0.4","500","1000000","wizsmm","a08b5d25-120e-45df-8902-6343791ad0a5"
"twitter","Germany Traffic from Twitter","0.56","0.4","500","1000000","wizsmm","a4a5f616-c062-465e-b4bc-d61bbb0b4cb2"
"twitter","Israel Traffic from Twitter","0.56","0.4","500","1000000","wizsmm","a7e7b1bf-88bb-4c31-ade9-37e14f4049bc"
"twitter","Twitter Bookmarks [Low Drop] [Fast Delivery] [1K/D] [0-1/H]","12.096","8.64","10","1000","wizsmm","a9983558-675b-439e-a199-1513fda79e69"
"twitter","Germany Traffic from Twitter [LQ]","0.238","0.17","88","88888888","wizsmm","abd48f36-5f5c-429d-829f-13e6903aa954"
"twitter","Х - Twitter Likes ","15.75","11.25","20","5000","wizsmm","ac151694-483a-4921-a387-9b20cee80392"
"twitter","France Traffic from Twitter [LQ]","0.238","0.17","88","88888888","wizsmm","b1dbc4cb-2788-4654-acd4-108d4ba700bf"
"twitter","NEW -- Twitter  Tweet Bundle ORGANİC Impression ","0.28","0.2","100","100000000","wizsmm","b71592ca-e08e-4c70-8127-31b0aaad8baa"
"twitter","Twitter Comments [CUSTOM] [Refill: No] [Max: 50K] [Start Time: 0-1 Hr] [Speed: 1K/D]","52.024","37.16","5","10000","wizsmm","b994bf73-4039-45ef-9726-713208e9b42c"
"twitter","X - Twitter Nigeria Comments [5K] [UNIQUE VOTES]🇳🇬","41.776","29.84","50","5000","wizsmm","baee309b-9bec-4b71-b9e8-aa802eb4a3b4"
"twitter","Twitter Africa Views","0.028","0.02","100","100000000","wizsmm","bff364e6-e6bf-46be-bba7-af34d76753e1"
"twitter","Taiwan Traffic from Twitter","0.56","0.4","500","1000000","wizsmm","c196a00b-7ae6-496c-a5ff-a5f30834da27"
"twitter","Twitter Tweet/Video Views + Impressions + Engagements + Details + Profile Visits | Instant | Day 100M","0.014","0.01","100","100000000","wizsmm","c39b54f2-b056-4339-8988-0430edd076b8"
"twitter","Australia Traffic from Twitter","0.56","0.4","500","1000000","wizsmm","c3b25884-e42f-4bca-af4c-f426d2ad4d27"
"twitter","Poland Traffic from  Twitter","0.56","0.4","500","1000000","wizsmm","d1c1b319-a824-4618-999f-551b6d28e665"
"twitter","USA Traffic from Twitter [LQ]","0.238","0.17","88","88888888","wizsmm","c7650db2-a3d0-49cc-adc1-a176eeb5a1c1"
"twitter","Twitter Tweet Views","0.0294","0.021","100","2147483647","wizsmm","c796c5db-4d7a-4031-b0e7-e3ac63a779b2"
"twitter","Twitter Likes - [ Max - 10k ] [ 5k-10k/day ] [ High Quality, 30 Days Refill ] INSTANT","6.594","4.71","10","10000","wizsmm","c7ff9c85-466d-4f74-97c7-f8aebe6b93a0"
"twitter","Twitter Hashtag Click [Instant]","0.014","0.01","100","100000000","wizsmm","cb1fdc90-0eda-4147-af20-f94002af1138"
"twitter","Twitter Detail Click [Instant]","0.014","0.01","100","100000000","wizsmm","ce106de5-f657-44eb-87d5-b8ed51ca3b39"
"twitter","Twitter Views - [ Provider Service ] INSTANT","0.0294","0.021","100","2147483647","wizsmm","0382ebe4-a523-4703-a723-2a774dc17178"
"twitter","Twitter Comments [RANDOM] [UNITED STATES]","55.51","39.65","10","250","wizsmm","96c5cb2e-58f0-496d-9667-e08c9f9e6b8d"
"twitter","Twitter Comments [CUSTOM] [UNITED STATES]","74.018","52.87","10","250","wizsmm","b4777446-0ccb-45f1-9ca4-89166cad22c6"
"twitter","Twitter Comments [RANDOM] [ARAB]","55.51","39.65","10","250","wizsmm","da1e77b7-17c8-4b5b-82c5-37e00cc15ad8"
"twitter","Twitter Comments [CUSTOM] [ARAB]","74.018","52.87","10","250","wizsmm","7a355fa6-e112-468c-abb8-e55323fe542a"
"twitter","Twitter Comments [CUSTOM][100][UK]","74.018","52.87","10","250","wizsmm","7966ae32-ec78-450c-9840-de1e39484849"
"twitter","Twitter Comments [RANDOM] [100] [BRAZIL]","55.51","39.65","10","250","wizsmm","b04800ca-20fc-4d28-ac30-73a042ed7fb6"
"twitter","Twitter Comments [RANDOM][100][UK]","55.51","39.65","10","250","wizsmm","2857d955-7b2c-494c-8f09-14f8bcc93d01"
"twitter","Twitter Comments [RANDOM] [100] [JAPAN]","55.51","39.65","10","250","wizsmm","b5b598bd-ea09-4663-ad12-7f070fdc6ad1"
"twitter","Twitter Comments [CUSTOM] [100] [JAPAN]","74.018","52.87","10","250","wizsmm","98985b1a-665a-43c5-a3e8-9dc287bea07d"
"twitter","Twitter Re-tweets  HQ ✅","22.4","16","50","25000","wizsmm","06802086-d325-408a-8d55-418dfe34b7db"
"twitter","Twitter Re-tweets  NR ✅","18.2","13","50","10000","wizsmm","e5d3069b-aca4-44fe-9ba4-d1a9569009dd"
"twitter","Twitter Followers NR ✅","16.8","12","50","2000","wizsmm","5858c9db-bf17-4fad-8fe3-612e0ebb0a46"
"twitter","Twitter Followers  R30 ✅","29.4","21","50","2000","wizsmm","e9b53794-2c88-4ca9-be03-397de1b8c8ad"
"twitter","Twitter Likes  NR ✅","10.08","7.2","50","10000","wizsmm","3822ded7-4493-46ce-b4a9-d3348eed6180"
"twitter","Twitter Costum  Comments ✅","364","260","5","1000","wizsmm","061b23c4-cc47-4499-a9a3-1648497617a0"
"twitter","Twitter Tweets ✅","67.2","48","50","10000","wizsmm","3901e75e-094a-49cc-9021-8765ee08217b"
"twitter","Twitter Followers  HQ ✅","25.2","18","50","25000","wizsmm","aeae802b-e829-4e9c-8413-00a9f12f7902"
"twitter","Twitter Likes/Favorites HQ ✅","21","15","50","10000","wizsmm","d6d14eb9-0cb6-4be7-98e5-203c2f14edff"
"twitter","Twitter Comments Likes  HQ 🔝","21","15","50","5000","wizsmm","eea2837a-4acd-475c-a272-c35219b4c9ce"
"twitter","Twitter random positive comments 🆕","33.6","24","5","50000","wizsmm","9f30dd41-bd9c-405e-8cde-8ddd97146fae"
"twitter","NEW - Twitter Organic Views","0.028","0.02","100","100000000","wizsmm","19bde162-dbe3-4c59-a561-18940b9897bf"
"twitter","Twitter =  (  impression Eng - Detail Expand- Profile Click )","0.056","0.04","100","2147483647","wizsmm","6e4308f7-442a-47aa-8a3f-12163c043c1a"
"twitter","Twitter views cheap services -  0-1 mn completed","0.014","0.01","100","2147483647","wizsmm","e0c5ac1c-7d79-4b4a-b405-74798b876f7b"
"twitter","Twitter Tweet Views - İmpression","0.014","0.01","100","2147483647","wizsmm","2e2ef835-bc6b-407d-87ac-c01fe72b2367"
"twitter","Twitter  LİKE- FAV   (0-5 Min)  (🆂🆄🅿🅴🆁🅵🅰🆂🆃)","1.358","0.97","10","15000","wizsmm","8a426ed1-e35a-466d-a34b-1efd3fd7f02a"
"twitter","Twitter 5 K Favorite","4.606","3.29","10","20000","wizsmm","24f60ee1-d42e-4daa-9638-5d39f5edbab6"
"twitter","Twitter FAVORİ - Organic","5.138","3.67","10","20000","wizsmm","c47d5c81-8274-4321-9911-56c219a1d3b6"
"twitter","Twitter Real Likes | Start: 0-1 Minutes | SuperFast |","5.418","3.87","10","20000","wizsmm","e146d002-04ca-4cd5-8b1f-4835db1b3cb5"
"twitter","Twitter likes - Fast","5.74","4.1","10","20000","wizsmm","3bb34f7e-43db-44d7-967d-322f04ecbbe7"
"twitter","Twitter iNSTANT | FAST FAVORİ","5.418","3.87","10","20000","wizsmm","2c6b6659-8a3e-4c53-b58b-439ed7c60ad6"
"twitter","Twitter RT - Non Dop","3.206","2.29","100","5000","wizsmm","e43c80ad-a623-4eb7-a3ce-0776a02331d2"
"twitter","Twitter ReTweet ( 0-5 Min)  (🆂🆄🅿🅴🆁🅵🅰🆂🆃)","1.862","1.33","100","1000","wizsmm","e42dd974-4571-4ca5-bbff-b7be75f1d395"
"twitter","Twitter ReTweet","3.206","2.29","100","10000","wizsmm","c48e140f-69a9-4b49-8a37-383422f4d69e"
"twitter","Twitter Comment - Fast  [No Refil]","16.38","11.7","5","1000","wizsmm","6ca7ea43-a398-4236-b3bf-e4654f22e76e"
"twitter","Twitter Quete Retweet","4.914","3.51","10","1000","wizsmm","70b3536f-9f87-4159-a414-88bf6a03b8ad"
"twitter","Twitter Views Max 1M / 0-15 Min","0.028","0.02","100","100000000","wizsmm","f1e548b0-a809-4050-88c1-a9d534c57497"
"twitter","Twitter Quete Retweet + (Username)","5.74","4.1","50","50000","wizsmm","c127cc48-62d2-40a6-a878-57903845f14a"
"twitter","Twitter Video Views + Impressions + Profile Clicks [Fast]","0.014","0.01","100","217545811","wizsmm","80295a59-e4dc-4126-ace1-9501c76279fb"
"twitter","Twitter Impressions [Lifetime] [Instant]","0.028","0.02","100","100000000","wizsmm","cceac8e4-009a-4656-860a-fb5b3a7cc40b"
"twitter","Twitter Hashtag Click [Lifetime] [Instant]","0.378","0.27","100","10000000","wizsmm","e683dd0f-a927-4bff-8e37-a49c39cb959a"
"twitter","Twitter Livestream Views [5 Min]","1.75","1.25","100","9999","wizsmm","70234f0f-d635-4b06-bc23-37fc81138609"
"twitter","Twitter Livestream Views [15 Min]","5.054","3.61","100","9999","wizsmm","4b3679e8-269b-4b8e-8b0e-9e7458e2b42f"
"twitter","Twitter Livestream Views [30 Min]","9.716","6.94","100","9999","wizsmm","cfdad14b-47b9-40b5-ac5c-005c6575c94c"
"twitter","Twitter Livestream Views [45 Min]","14.378","10.27","100","9999","wizsmm","cd3e84ad-fcdb-4453-b0ed-f9c4bc54ee24"
"twitter","Twitter Livestream Views [60 Min]","18.648","13.32","100","9999","wizsmm","aeb77367-a487-4110-8813-49209f37c54e"
"twitter","Twitter Livestream Views [90 Min]","27.188","19.42","100","9999","wizsmm","26459572-1722-44da-8b0a-0dcd25efa581"
"twitter","Twitter Livestream Views [120 Min]","36.512","26.08","100","9999","wizsmm","04b01d07-1283-4f44-b118-4dd114952686"
"twitter","🐥 S25 - Twitter NFT Female Followers | Max 1K | 100% NFT Users | 300 per Day","15.176","10.84","10","1000","wizsmm","8f1ebf42-a31b-4402-8d0b-a97da30249e5"
"twitter","🐥 S25 - Twitter NFT Followers | Max 5K | 100% NFT Users | 300 per Day","15.652","11.18","10","5000","wizsmm","a0adab23-dbd9-4e71-9d2c-52c5c8369636"
"twitter","🐥 S25 - Twitter NFT Followers | Max 100K | 100% NFT Users | 200 per Day","16.114","11.51","10","100000","wizsmm","d14ac819-0dea-425a-bdeb-3c025f3bb8aa"
"twitter","🐥 S25 - Twitter NFT Follower | Max 100K | 30 Days Refill ♻️ | Max 100K | Cancel Button | 300 per Day","25.606","18.29","100","100000","wizsmm","9923d8c4-e4d8-4506-b2fa-8ff1638b0f00"
"twitter","🐥 S67 - Twitter NFT Like | 7 Days Automatic Refill ♻️ | Max 2500 | 100% NFT Users | Quick Starts","2.282","1.63","10","2500","wizsmm","ba350c6b-dfb7-452c-a24d-b0f1162b1cc5"
"twitter","🐥 S91 - Twitter NFT Likes | Max 2K | Users with NFT Profile Picture | 100 per hour","58.66","41.9","100","2000","wizsmm","a0f230c1-af88-4dc0-ae73-eebe8e237fa7"
"twitter","🐥 S34 - Twitter NFT Likes | Max 500 | Users with NFT Profile Picture | 100 per hour","34.132","24.38","10","4000","wizsmm","fcc33a54-5508-4091-af27-d7ec1671d3b5"
"twitter","🐥 S91 - Twitter NFT Retweet | Max 2K | Users with NFT Profile Picture | 500 per day","89.894","64.21","100","2000","wizsmm","9c67235e-aa15-4daf-b690-bace3cdd20c6"
"twitter","🐥 S34 - Twitter NFT Likes + 25% Retweet | Max 500 | 100% NFT Users | No guarantee | Fast Starts","44.94","32.1","10","4000","wizsmm","be59793f-8e3c-4bbd-86f7-2effe136d691"
"twitter","🐥 S34 - Twitter NFT Likes + 50% Retweet | Max 500 | 100% NFT Users | No guarantee | Fast Starts","56.882","40.63","10","4000","wizsmm","79dcfcbf-7409-4ed0-9f36-00a77f315c16"
"twitter","🐥 S34 - Twitter NFT Follower | 100% Female Users | Max 500 | No guarantee | Quick Starts | 5K per day","66.36","47.4","10","4000","wizsmm","a1616f3c-0e08-42fc-9b77-e0201f5ea554"
"twitter","🐥 S34 - Twitter NFT Follower | 100% NFT Users | Max 500 | No guarantee | Quick Starts | 5K per day","77.728","55.52","10","4000","wizsmm","a87bedee-547f-4b07-b7f4-87f1efc9290f"
"twitter","🐥 S27 - Twitter NFT Custom Comment | Max 5K | Global Users | Starts in 0-12 Hours | No Refill","59.248","42.32","3","1000","wizsmm","f190d720-c7b1-45ff-92da-dc8c0d21d278"
"twitter","🐥 S3 - Twitter NFT Special Comment | Max 1K | Real NFT Users | Instant Starts","265.412","189.58","1","1000","wizsmm","a63b668d-c13e-47e1-9282-9d1e9c13f18b"
"twitter","Twitter Retweets | Active Users 100% REAL | Lifetime Warranty","16.002","11.43","10","100000","wizsmm","cee467aa-7f81-4307-98b0-a93d2ee28fab"
"twitter","🇺🇸 Twitter USA Followers | Max 100K ⎜100% HQ Users⎜R90 | Non Drop | 2K/D ⛔","8.064","5.76","10","100000","wizsmm","475b537e-9f17-4a5d-afcf-5a78fd08e787"
"twitter","🇺🇸 Twitter USA Like | Max 100K ⎜100% HQ Users⎜R90 | Non Drop | 2K/D ⛔","1.974","1.41","100","5000","wizsmm","194e3be5-249c-4d6b-9237-d0984d61cd91"
"twitter","🇺🇸 Twitter USA Retweet | Max 100K ⎜100% HQ Users⎜R90 | Non Drop | 2K/D ⛔","1.96","1.4","100","2000","wizsmm","ae2063a9-efa8-4825-b754-f36cd9a77619"
"twitter","Twitter Followers [Real] [World Wide] [1K/D] [0-1/H]","43.68","31.2","1","15000","wizsmm","e22f94a0-53bf-4835-9442-9594c1d31185"
"twitter","Twitter Likes [Real] [World Wide] [1K/D] [0-1/H]","7.896","5.64","1","15000","wizsmm","32206669-8fc6-4d22-90f2-e2d42103e7a5"
"twitter","Twitter Retweets [Real] [World Wide] [1K/D] [0-1/H]","60.48","43.2","1","15000","wizsmm","cc2d45e4-1402-463a-a677-4e5968eb7b8d"
"twitter","Twitter Random Comments [Real] [World Wide] [1K/D] [0-1/H]","32.928","23.52","1","15000","wizsmm","0109ed51-1501-4c97-830c-13026053a312"
"twitter","Twitter Join Community [Real] [World Wide] [1K/D] [0-1/H]","43.68","31.2","1","15000","wizsmm","d575d8d1-a98d-4f0d-8ee6-2f21100f8db2"
"twitter","Twitter Post / Profile Views [Real] [World Wide] [1K/D] [0-1/H]","7.896","5.64","1","15000","wizsmm","0cb70e5b-64c3-4c35-af1f-5e00e1cd8d44"
"twitter","Twitter Shares [Real] [World Wide] [1K/D] [0-1/H]","57.96","41.4","1","15000","wizsmm","c80c3826-1750-42c8-aeb5-f23f24105089"
"twitter","Twitter Real Followers [Low Drop] [30 Days Refill] [50K/D] [0-1/H]","7.728","5.52","10","100000","wizsmm","c829ccad-06cc-4189-8b85-34f59557222a"
"twitter","🇺🇸 CoinMarketCap USA Post Views [Redirected from Twitter/X]","0.532","0.38","1000","880000","wizsmm","03ba9347-40e5-4842-83bf-fbb3d86ed112"
"twitter","Twitter Followers [English Speakers] [Real] [1K/D] [0-1/H]","43.68","31.2","1","4000","wizsmm","1f61a983-de3c-4542-9a1c-60cd3f2d8945"
"twitter","Twitter Followers [Russian Speakers] [Real] [1K/D] [0-1/H]","43.68","31.2","1","1000","wizsmm","d2754594-64ff-4433-b8af-775f78d7ea92"
"twitter","Twitter Followers [Arabic Speakers] [Real] [1K/D] [0-1/H]","43.68","31.2","1","2500","wizsmm","21e603aa-1976-45fe-a255-defd18105add"
"twitter","Twitter Followers [Spanish Speakers] [Real] [1K/D] [0-1/H]","43.68","31.2","1","2000","wizsmm","a32d470e-0d78-4b51-ad68-cc1e1507aa34"
"twitter","Twitter Followers [French Speakers] [Real] [1K/D] [0-1/H]","43.68","31.2","1","1000","wizsmm","68b0e964-0c13-452e-8ee2-359c0dba445e"
"twitter","Twitter Followers [European] [Real] [1K/D] [0-1/H]","43.68","31.2","1","1500","wizsmm","76e015ec-59ef-4fea-a6ac-80052c51a7b6"
"twitter","Twitter Followers [African] [Real] [1K/D] [0-1/H]","43.68","31.2","1","2500","wizsmm","6b975f61-f7f9-4c79-899f-fbdfebb483b9"
"twitter","Twitter Followers [Indian] [Real] [1K/D] [0-1/H]","43.68","31.2","1","1500","wizsmm","85eb7101-68f2-4a28-940c-69d03bd3aabf"
"twitter","Twitter Followers [Latin] [Real] [1K/D] [0-1/H]","43.68","31.2","1","1500","wizsmm","809b161c-9b70-4a2a-bb62-464ea91eb33e"
"twitter","Twitter Followers [USA] [Real] [1K/D] [0-1/H]","43.68","31.2","1","1000","wizsmm","f8634cd2-a88f-4ba3-ac58-e804e9eea761"
"twitter","Twitter Followers [Pakistan] [Real] [1K/D] [0-1/H]","43.68","31.2","1","1500","wizsmm","4927679d-0b7e-4423-8885-beb28781ffdc"
"twitter","Twitter Likes [No Refill] [500-1K/D] [0-1/H]","6.384","4.56","10","30","wizsmm","0f7445ef-b11e-459b-a049-6f8b9b781273"
"twitter","Twitter Likes [30 Days Refill] [500-1K/D] [0-1/H]","7.392","5.28","10","30","wizsmm","4288af44-ebcc-4e54-91b1-f63ccd146cec"
"twitter","Twitter Retweets [No Refill] [500-1K/D] [0-1/H]","20.328","14.52","10","200","wizsmm","66f41db6-4829-4f62-be0f-b64461cea020"
"twitter","Twitter Retweets [30 Days Refill] [500-1K/D] [0-1/H]","27.72","19.8","10","200","wizsmm","71b2eb67-5dcf-427b-a4cc-fe701ee2bb8e"
"twitter","Twitter Likes + Retweets [30 Days Refill] [500-1K/D] [0-1/H]","21.252","15.18","10","200","wizsmm","494a05e0-b4fb-4a17-9b9c-2d468f1c44aa"
"twitter","Twitter Followers [Low Drop] [No Refill] [500-1K/D] [0-1/H]","12.754","9.11","10","10000","wizsmm","90aebfc1-2cfc-44c4-8e95-5ec7261b04db"
"twitter","Twitter Costum Comments [500-1K/D] [0-1/H]","52.206","37.29","3","1000","wizsmm","144e5704-c244-4c69-95e2-3aa25ea6b5b5"
"twitter","Twitter Random Comments [500-1K/D] [0-1/H]","52.206","37.29","3","1000","wizsmm","a6c4ac2d-b5d7-4cde-9a9a-5b800803058c"
"twitter","Twitter Tweet Views [2M++/DAY] [FAST] [INSTANT]","0.014","0.01","100","100000000","wizsmm","975e255b-412c-4fa5-aeb6-b96b4abcd2e6"
"twitter","Twitter Tweet Views [Last 5 Tweets] [2M++/DAY] [FAST] [INSTANT]","0.07","0.05","100","100000000","wizsmm","01e71065-e05a-4498-8408-79f9c09a7bf0"
"twitter","Twitter Tweet Views [Last 10 Tweets] [2M++/DAY] [FAST] [INSTANT]","0.126","0.09","100","100000000","wizsmm","d11ea339-bfd5-411c-92e4-d7ac7ca6d202"
"twitter","Twitter Tweet Views [Last 20 Tweets] [2M++/DAY] [FAST] [INSTANT]","0.238","0.17","100","100000000","wizsmm","4a586664-8ec0-40fe-a9c9-d3d998f39362"
"twitter","Twitter Tweet Views [Last 50 Tweets] [2M++/DAY] [FAST] [INSTANT]","0.462","0.33","100","100000000","wizsmm","f623a6c1-a28b-4a33-b906-3ecef6c15699"
"twitter","Twitter Tweet Views [Last 100 Tweets] [2M++/DAY] [FAST] [INSTANT]","0.924","0.66","100","100000000","wizsmm","5ac0a84d-ca4f-44ee-a08c-ad026abed1c2"
"twitter","Twitter Tweet Views [Last 200 Tweets] [2M++/DAY] [FAST] [INSTANT]","1.918","1.37","100","100000000","wizsmm","4d62293b-07d8-4b30-b786-db2593678bae"
"twitter","Vietnam Traffic from Twitter [LQ]","0.238","0.17","88","88888888","wizsmm","cef4e871-34d3-4b7d-94f7-c185b60a48be"
"twitter","Twitter Monetizatible Views [Millions Daily] [Instant]","0.084","0.06","100","100000000","wizsmm","110fafee-04c3-466e-8297-9612c312df50"
"twitter","Twitter Monetizatible Views [Min 1M] [Millions Daily] [Instant]","0.042","0.03","1000000","100000000","wizsmm","27fb5ade-8067-44c8-81b3-98fa5d29cf07"
"twitter","Twitter Monetizatible Views [Min 500K] [Millions Daily] [Instant]","0.028","0.02","5000000","100000000","wizsmm","4d75f6df-93aa-437a-86b2-c5d6cf7efcc2"
"twitter","Twitter Likes [World Wide] [Refill: No] [Max: 100K] [Start Time: INSTANT] [Speed: Up to 100K/D]","3.024","2.16","100","100000","wizsmm","ccb7acc6-95c8-48b6-8d0e-4bc8c1550557"
"twitter","Twitter Followers [World Wide] [Refill: 30 Days] [Max: 5K] [Start Time: INSTANT] [Speed: Up to 1K/D]","4.788","3.42","10","5000","wizsmm","9191fe7e-86d1-4ef4-b8fb-f05a6894b2ac"
"twitter","Twitter Likes [Real Global - High Quality] [Almost No Drop] [30 Days Guarantee] [1K/D] [Instant]","30.24","21.6","10","5000","wizsmm","ea4b0af6-da44-4ab9-afd7-18a3e90003c5"
"twitter","Twitter Followers [Real Global - High Quality] [Almost No Drop] [30 Days Guarantee] [1K/D] [Instant]","47.04","33.6","10","5000","wizsmm","89471796-a6b9-4957-812d-367c1c64bbfd"
"twitter","Twitter USA Followers [Cancel Enabled] [1K/D] [0-1/H]","31.92","22.8","10","1000","wizsmm","ededbe79-071b-4f48-9b9e-9f61a96eadd1"
"twitter","Twitter USA Followers [Cancel Enabled] [1K/D] [0-1/H]","32.76","23.4","10","5000","wizsmm","db075a46-3ee3-45bf-9a1a-6aa3f6556196"
"twitter","Twitter USA Followers [Cancel Enabled] [1K/D] [0-1/H]","33.6","24","10","50000","wizsmm","ba04a57c-e8cc-45c4-b3b0-7e56ee9275b0"
"twitter","Twitter USA Followers [30 Days Refill] [Cancel Enabled] [1K/D] [0-1/H]","42","30","100","50000","wizsmm","4a393317-2bbc-4147-bca4-4a0aafba987f"
"twitter","Twitter NFT Followers [Cancel Enabled] [1K/D] [0-1/H]","13.44","9.6","10","1000","wizsmm","d01e982f-b9b6-46f1-aad9-dd655246c318"
"twitter","Twitter NFT Followers [Cancel Enabled] [1K/D] [0-1/H]","13.86","9.9","10","5000","wizsmm","4dfde56e-e641-4a39-a91b-7b3593a3e891"
"twitter","Twitter NFT Followers [Cancel Enabled] [1K/D] [0-1/H]","14.28","10.2","10","100000","wizsmm","e1e03ae5-2397-406e-83c9-ccda8438dc61"
"twitter","Twitter NFT Followers [30 Days Refill] [1K/D] [0-1/H]","22.68","16.2","100","100000","wizsmm","69335e4e-a782-435f-9f59-3fb149d27eea"
"twitter","Twitter Followers [East Asia] [Japan &amp;amp; Hong Kong &amp;amp; Korea] [Cancel Enabled] [1K/D] [Instant]","31.92","22.8","10","1000","wizsmm","b4e79e27-e1d5-4025-93d6-7dcdef586866"
"twitter","Twitter Followers [East Asia] [Japan &amp;amp; Hong Kong &amp;amp; Korea] [Cancel Enabled] [1K/D] [Instant]","32.76","23.4","10","5000","wizsmm","599f695a-1140-4053-963e-ec86050fa307"
"twitter","Twitter Followers [East Asia] [Japan &amp;amp; Hong Kong &amp;amp; Korea] [Cancel Enabled] [1K/D] [Instant]","33.6","24","10","50000","wizsmm","7b81edd6-c3d0-4527-96af-8b1fcf807b03"
"twitter","Twitter Followers [East Asia] [Japan &amp;amp; Hong Kong &amp;amp; Korea] [30 Days Refill] [Cancel Enabled] [1K/D] [Instant]","42","30","100","50000","wizsmm","04d31979-170f-4c7c-8445-fc8f739ae463"
"twitter","Twitter (X) | Followers [👤 Real Users]","80.64","57.6","1","1500","wizsmm","f25b2561-09f2-40f9-a3fa-04a9aaab4c7b"
"twitter","Twitter (X) | Followers [NFT Interest] [👤 Real Users]","80.64","57.6","1","1000","wizsmm","59892a91-a287-420b-aaf6-5a6376c58d06"
"twitter","Twitter (X) | Followers [Crypto Interest] [👤 Real Users]","80.64","57.6","1","1000","wizsmm","37358e69-e799-4c41-8483-d531e4b076ec"
"twitter","Twitter (X) | Followers [Men] [👤 Real Users]","80.64","57.6","1","500","wizsmm","d2177fc4-91d9-470c-8445-974862a1d0c8"
"twitter","Twitter (X) | Followers [Women] [👤 Real Users]","80.64","57.6","1","500","wizsmm","d99ba7dc-1c21-4a17-940a-05b34a5d69da"
"twitter","Twitter (X) | Followers [USA 🇺🇸] [👤 Real Users]","107.562","76.83","1","50","wizsmm","636721bf-fe91-4860-9869-7433715222d7"
"twitter","Twitter (X) | Followers [UK 🇬🇧] [👤 Real Users]","107.562","76.83","1","50","wizsmm","e0b95b5f-ad52-4909-892d-b35580a04efb"
"twitter","Twitter (X) | Followers [Australia 🇦🇺] [👤 Real Users]","107.562","76.83","1","50","wizsmm","9e018489-d7b6-4534-acb6-c1fd2b1e8771"
"twitter","Twitter (X) | Followers [France 🇫🇷]  [👤 Real Users]","107.562","76.83","1","50","wizsmm","a2dbf30c-f604-4be5-a9db-08918121176d"
"twitter","Twitter (X) | Followers [Brazil 🇧🇷] [👤 Real Users]","107.562","76.83","1","50","wizsmm","290af932-e1e8-4ddc-ae22-5f6a4962b5aa"
"twitter","Twitter (X) | Followers [Russia 🇷🇺] [👤 Real Users]","107.562","76.83","1","500","wizsmm","d061289f-b579-4db0-99fe-aa716d30d8ef"
"twitter","Twitter (X) | Likes [👤 Real Users]","48.384","34.56","1","1500","wizsmm","c5cda1d5-4e30-4161-9bcf-90b58569795d"
"twitter","Twitter (X) | Likes [Men] [👤 Real Users]","48.384","34.56","1","500","wizsmm","3ec08a76-c10c-4869-b37a-90afb7ec0b11"
"twitter","Twitter (X) | Likes [Women] [👤 Real Users]","48.384","34.56","1","500","wizsmm","f3dda990-3689-4863-9f4d-e95e94119b8b"
"twitter","Twitter (X) | Likes [NFT Interest] [👤 Real Users]","56.448","40.32","1","300","wizsmm","ee7fa5f8-6517-46ae-84bd-86d2c89e72d9"
"twitter","Twitter (X) | Likes [Crypto Interest] [👤 Real Users]","56.448","40.32","1","200","wizsmm","5e672853-00d5-4528-8637-c94048a8b493"
"twitter","Twitter (X) | Likes [USA 🇺🇸] [👤 Real Users]","56.448","40.32","1","500","wizsmm","6fe93637-6585-4dda-bca6-18908169dc12"
"twitter","Twitter (X) | Likes [UK 🇬🇧] [👤 Real Users]","56.448","40.32","1","500","wizsmm","8a4c8ad8-ce64-4729-a303-944a4fd4cf05"
"twitter","Twitter (X) | Likes [Australia 🇦🇺] [👤 Real Users]","56.448","40.32","1","500","wizsmm","f9bcb792-af41-4766-9142-dafa0e71a268"
"twitter","Twitter (X) | Likes [Germany 🇩🇪] [👤 Real Users]","56.448","40.32","1","500","wizsmm","f3d11cd5-4b78-47f6-9d48-3dd44801240c"
"twitter","Twitter (X) | Likes [France 🇫🇷] [👤 Real Users]","56.448","40.32","1","500","wizsmm","4fab7867-75ec-4b7d-9b01-e02d76b85a3c"
"twitter","Twitter (X) | Likes [Italy 🇮🇹] [👤 Real Users]","56.448","40.32","1","500","wizsmm","ae55b300-f203-4840-8163-4c83d24a8379"
"twitter","Twitter (X) | Likes [UAE 🇦🇪] [👤 Real Users]","56.448","40.32","1","500","wizsmm","5c3999d1-2a11-4e1f-9b51-54e6f2ce2e90"
"twitter","Twitter (X) | Likes [Brazil 🇧🇷] [👤 Real Users]","56.448","40.32","1","500","wizsmm","7dc8ee21-4bef-4943-899b-2268916c404b"
"twitter","Twitter (X) | Likes [India 🇮🇳] [👤 Real Users]","56.448","40.32","1","500","wizsmm","090d4923-e106-4dfa-9b54-d03e1e4dfbc0"
"twitter","Twitter (X) | Likes [Russia 🇷🇺] [👤 Real Users]","56.448","40.32","1","500","wizsmm","2f41fae4-6fec-4888-98fb-f8e426722acb"
"twitter","Twitter (X) | Reposts (Retweets) [👤 Real Users]","96.768","69.12","1","1500","wizsmm","f264b44d-7109-4a85-b05e-67495eeff895"
"twitter","Twitter (X) | Reposts (Retweets) [Men] [👤 Real Users]","96.768","69.12","1","500","wizsmm","70f5d9dc-30fd-4ad6-b6d0-f0eeda0b5334"
"twitter","Twitter (X) | Reposts (Retweets) [Women] [👤 Real Users]","96.768","69.12","1","500","wizsmm","df27764f-6835-4c87-8c50-1a0d28b2097b"
"twitter","Twitter (X) | Reposts (Retweets) [NFT Interest] [👤 Real Users]","96.768","69.12","1","200","wizsmm","4c45cdad-0080-40ec-9cd4-d1bec1d7dbf5"
"twitter","Twitter (X) | Reposts (Retweets) [Crypto Interest] [👤 Real Users]","96.768","69.12","1","150","wizsmm","4d9a4c99-a978-4652-9e1f-d426cfc81102"
"twitter","Twitter (X) | Reposts (Retweets) [USA 🇺🇸] [👤 Real Users]","96.768","69.12","1","500","wizsmm","faecae85-8f06-4a75-a66e-ebae36bbb2fe"
"twitter","Twitter (X) | Reposts (Retweets) [Australia 🇦🇺] [👤 Real Users]","96.768","69.12","1","500","wizsmm","17d8cd06-da18-413b-8fa4-e142c45c13ca"
"twitter","Twitter (X) | Reposts (Retweets) [Germany 🇩🇪] [👤 Real Users]","96.768","69.12","1","500","wizsmm","66ba5fdd-3174-44b5-aafa-356bf0176fc8"
"twitter","Twitter (X) | Reposts (Retweets) [Brazil 🇧🇷] [👤 Real Users]","96.768","69.12","1","500","wizsmm","50504d60-607f-4da4-8867-4ea3553ef215"
"twitter","Twitter (X) | Reposts (Retweets) [Russia 🇷🇺] [👤 Real Users]","96.768","69.12","1","500","wizsmm","40ecd461-9573-40f1-968d-843dcc7bab0f"
"twitter","Twitter Space Listeners [5 Minutes]","0.196","0.14","10","100000","wizsmm","e7c1d16a-8eb4-4fa9-af3f-cb2361333b74"
"twitter","Twitter Space Listeners [15 Minutes]","0.518","0.37","10","100000","wizsmm","283c976b-354d-4972-acb7-8fa341a87f09"
"twitter","Twitter Space Listeners [30 Minutes]","1.288","0.92","10","100000","wizsmm","44c6753c-5747-4ea7-9f28-a2c65907cbba"
"twitter","Twitter Space Listeners [45 Minutes]","2.114","1.51","10","100000","wizsmm","e3efe1c5-5d59-4cc4-bc4b-3ea4003c2465"
"twitter","Twitter Space Listeners [90 Minutes]","4.872","3.48","10","100000","wizsmm","46d26bbb-c7e3-46f4-b342-56c21a15e782"
"twitter","Twitter Space Listeners [120 Minutes]","6.3","4.5","10","100000","wizsmm","326b17db-61eb-4d60-aad4-b72a29df0d19"
"twitter","Twitter Space Listeners [180 Minutes]","8.694","6.21","10","100000","wizsmm","d729919b-52cc-4112-8497-cb49d6fddf92"
"twitter","Twitter Space Listeners [5 Minutes]","0.322","0.23","10","20000","wizsmm","8f674efa-69d1-4a7d-973f-0f67bc91c89a"
"twitter","Twitter Space Listeners [15 Minutes]","0.63","0.45","10","20000","wizsmm","3504411f-44e2-4b68-bee4-686c4a3eab4d"
"twitter","Twitter Space Listeners [30 Minutes]","1.26","0.9","10","20000","wizsmm","0c632dd4-2b5d-4786-bf40-7c12a82830c8"
"twitter","Twitter Space Listeners [45 Minutes]","1.89","1.35","10","20000","wizsmm","f39c5248-8e58-4a8b-b522-a77b2f75fe40"
"twitter","Twitter Space Listeners [60 Minutes]","2.52","1.8","10","20000","wizsmm","1687177a-9043-4135-b4cf-663e7ef626a8"
"twitter","Twitter Space Listeners [90 Minutes]","3.78","2.7","10","20000","wizsmm","164433a3-c8b4-4895-af4f-89acbc9f9e68"
"twitter","Twitter Space Listeners [120 Minutes]","5.04","3.6","10","20000","wizsmm","059b000d-5c11-458d-839d-373a47bc5de7"
"twitter","4743 - Twitter Space Listeners [5 Min]","0.14","0.1","50","10001","wizsmm","56642490-8fa2-41ab-84c4-f9e5c53dc1ab"
"twitter","4744 - Twitter Space Listeners [15 Min]","0.196","0.14","50","10001","wizsmm","e1e8889b-b7a3-43ed-8895-9bae26322f39"
"twitter","4745 - Twitter Space Listeners [30 Min]","0.406","0.29","50","10001","wizsmm","029546e7-99db-439f-9252-bb76f96c4d6b"
"twitter","4746 - Twitter Space Listeners [45 Min]","0.588","0.42","50","10001","wizsmm","96748d81-c34f-4fa7-abe0-f4e71f6f1371"
"twitter","4747 - Twitter Space Listeners [60 Min]","0.84","0.6","50","10001","wizsmm","34d7c879-5a79-45aa-91d1-03b6e114172b"
"twitter","4748 - Twitter Space Listeners [90 Min]","1.26","0.9","50","10001","wizsmm","4bf3d71c-0214-4948-b4a2-6277a4e1bc34"
"twitter","4749 - Twitter Space Listeners [120 Min]","1.582","1.13","50","10001","wizsmm","0a7a638f-6e7e-485b-9991-98f8f341d161"
"twitter","6565 - Twitter Space Listeners [180 Min]","12.012","8.58","50","20000","wizsmm","1d8bd2b7-5461-4082-a747-bf7f42d9cee8"
"twitter","6566 - Twitter Space Listeners [240 Min]","15.624","11.16","50","20000","wizsmm","50adbdd4-630f-491a-9b2e-727074665eed"
"twitter","Twitter Space Listeners [5 Min]","0.812","0.58","10","100000","wizsmm","83786972-351b-4bc2-a21b-fc1224f300c5"
"twitter","Twitter Space Listeners [10 Min]","1.414","1.01","10","100000","wizsmm","ef1b7a58-73f4-4b22-b69a-a0b926931fe8"
"twitter","Twitter Space Listeners [15 Min]","2.016","1.44","10","100000","wizsmm","0f73d256-1a84-43f6-b705-8b7d153f1943"
"twitter","Twitter Space Listeners [30 Min]","4.032","2.88","10","100000","wizsmm","1ca6111f-d957-4c23-8bdb-63006df95aa9"
"twitter","Twitter Space Listeners [45 Min]","6.048","4.32","10","100000","wizsmm","b33c4410-90e1-4871-9dec-001af2eb5766"
"twitter","Twitter Space Listeners [60 Min]","8.064","5.76","10","100000","wizsmm","ff8a32eb-25a8-4195-984b-bb725ddd35c4"
"twitter","Twitter Space Listeners [90 Min]","12.096","8.64","10","100000","wizsmm","ac7011f3-89ac-4db7-b5b7-35bd105dca29"
"twitter","Twitter Space Listeners [120 Min]","16.128","11.52","10","100000","wizsmm","ee564807-e0c4-4d49-a178-0dbbd4d64dae"
"twitter","Twitter Space Listeners [150 Min]","20.16","14.4","50","100000","wizsmm","e174b6ce-268a-4af8-8894-d40b99339759"
"twitter","Twitter Space Listeners [180 Min]","24.192","17.28","50","100000","wizsmm","8f5758ae-c4f0-4f54-a884-c49d4a0e4ba7"
"twitter","Twitter Space Listeners [210 Min]","28.224","20.16","50","100000","wizsmm","97ef7145-d7d9-445d-8569-36f086cac537"
"twitter","Twitter Space Listeners [240 Min]","32.256","23.04","50","100000","wizsmm","11a7b64a-f605-4bb8-9251-648026e21143"
"twitter","Twitter Tweet Views [Instant]","0.014","0.01","100","100000000","wizsmm","f4fc693f-e332-4234-9d47-e5c30fdd08e3"
"twitter","Twitter Likes [Low Drop] [30 Days Refill] [20K/D] [Instant]","4.536","3.24","10","20000","wizsmm","ceea6127-58a5-4c8b-9063-9c34b9ad73be"
"twitter","Twitter Retweets [Low Drop] [30 Days Refill] [20K/D] [Instant]","6.048","4.32","10","20000","wizsmm","3f372ad8-6c52-474b-b142-1079dfb351b0"
"twitter","Twitter Tweet Views [Instant]","0.014","0.01","100","1000000000","wizsmm","f72a481d-1414-427f-a077-775a8545d378"
"twitter","Twitter Tweet Views [Last 5 Posts] [Instant]","0.084","0.06","100","100000000","wizsmm","f4ecc008-9f13-4e15-a6b0-5321767767d9"
"twitter","Twitter Tweet Views [Last 10 Posts] [Instant]","0.154","0.11","100","100000000","wizsmm","feb8cff7-51eb-4aa1-bc06-e6d646999963"
"twitter","Twitter Tweet Views [Last 20 Posts] [Instant]","0.294","0.21","100","100000000","wizsmm","0bba16ce-1e31-47e2-ac0c-e2f1b49d6fd1"
"twitter","Twitter Tweet Views [Last 50 Posts] [Instant]","0.714","0.51","100","100000000","wizsmm","6f1f3525-6c99-4f11-921f-42397f88b47b"
"twitter","Twitter Tweet Views [Last 100 Posts] [Instant]","1.414","1.01","100","100000000","wizsmm","04ca3d2e-6ee9-4906-9a50-59daaa288113"
"twitter","Twitter Tweet Views [Last 200 Posts] [Instant]","2.828","2.02","100","100000000","wizsmm","e4588488-2c89-4a27-8f6b-446f2ae29821"
"twitter","Twitter Tweet Views [1 Month Auto Views] [Instant]","3.234","2.31","100","100000000","wizsmm","15f9483c-7845-4829-9ae4-47ab328c3fd6"
"twitter","Twitter Tweet Views [5M++/DAY] [SUPERFAST] [INSTANT]⚡","0.014","0.01","100","100000000","wizsmm","745fcab6-dc87-443c-858b-31916b78e782"
"twitter","Twitter Tweet Views + Shares + Impressions + Engagements + Detail Expand + Profile Visits [INSTANT]","0.014","0.01","100","100000000","wizsmm","09788bcd-6fe6-495a-aab4-16cc480b6ab1"
"twitter","Twitter Split Tweet Views [Views Spreaded to Your Tweets] [INSTANT]","0.028","0.02","1000","100000000","wizsmm","789dc9aa-7fff-4809-866d-1ae4610e8160"
"twitter","Twitter Gradual Tweet Views [Smart Gradual Organic Looking Delivery] [INSTANT START]","0.056","0.04","1000","100000000","wizsmm","e9a3dffa-a120-4283-baa9-a7577d548591"
"twitter","Twitter Exclusive Views [Last 5 POST] [Views + Shares + All Statistics] [5M++/Day]","0.098","0.07","100","100000000","wizsmm","e8379550-f033-48d0-bcea-c00dbdeea6fa"
"twitter","Twitter Exclusive Views [Last 10 POST] [Views + Shares + All Statistics] [5M++/Day]","0.196","0.14","100","100000000","wizsmm","55357a83-6658-4fda-8070-7abbb94b91ea"
"twitter","Twitter Exclusive Views [Last 20 POST] [Views + Shares + All Statistics] [5M++/Day]","0.378","0.27","100","100000000","wizsmm","856b57d3-a0c8-4e22-b1e5-08c1880a67d8"
"twitter","Twitter Exclusive Views [Last 50 POST] [Views + Shares + All Statistics] [5M++/Day]","0.924","0.66","100","100000000","wizsmm","11fbb932-ba87-439f-b5d1-72600b2eb0a5"
"twitter","Twitter Exclusive Views [Last 100 POST] [Views + Shares + All Statistics] [5M++/Day]","1.848","1.32","100","100000000","wizsmm","931f48b2-a6f8-475d-a327-5ff81b579220"
"twitter","Twitter Exclusive Views [Last 200 POST] [Views + Shares + All Statistics] [5M++/Day]","3.696","2.64","100","100000000","wizsmm","a7be452d-c38a-4396-9ba1-91d9c0b378be"
"twitter","Twitter Likes [CRYPTO] [Refill: No] [Max: 1K] [Start Time: 0-1 Hours] [Speed: 1K/Day]","16.128","11.52","10","1000","wizsmm","ca0476a3-d06b-4862-b4ad-3cd0a858bf30"
"twitter","Twitter Retweets [CRYPTO] [Refill: No] [Max: 1K] [Start Time: 0-1 Hours] [Speed: 1K/Day]","16.128","11.52","10","1000","wizsmm","17e8d2bd-fe58-4089-ae4d-cc2cbe0e2abb"
"twitter","Twitter Followers [CRYPTO] [Refill: No] [Max: 4K] [Start Time: 0-1 Hour] [Speed: 1K/D]","36.288","25.92","1","4000","wizsmm","76388ee9-a040-4fe0-90ce-b801596ec956"
"twitter","Twitter Custom Comments [CRYPTO] [Refill: No] [Max: 1K] [Start Time: 0-2 Hours] [Speed: 250/Day]","49.392","35.28","1","1000","wizsmm","54a9840e-af34-4449-82f8-61449d7b9cc6"
"twitter","Twitter Followers [No Drop So Far] [50K/D] [Instant]","4.256","3.04","10","100000","wizsmm","880d8563-74be-4e13-82f3-10e5857f673b"
"twitter","Twitter Followers [No Drop So Far] [Refill: 15 Days Working Button] [50K/D] [Instant]","5.46","3.9","10","100000","wizsmm","090350ca-19c3-47df-89a4-b3b0c614f4ee"
"twitter","Twitter Followers [No Drop So Far] [Refill: 30 Days Working Button] [50K/D] [Instant]","7.56","5.4","10","100000","wizsmm","c83c77b8-87ae-4596-a96a-d98283870ee0"
"twitter","Twitter NFT Retweets [500/D] [0-2/H]","19.32","13.8","50","5000","wizsmm","cfaba30d-0839-4e00-a852-ed3103c2dd9b"
"twitter","🇨🇦 CoinMarketCap Canada Post Views [Redirected from Twitter/X]","0.532","0.38","1000","490000","wizsmm","d17564c7-8329-4732-ba50-960f2e01e50a"
"twitter","Twitter Likes [High Speed] [50K/D] [Instant] [Different Service]","1.316","0.94","20","5000","wizsmm","d2acf553-b885-405e-b874-2099e9c5ef7a"
"twitter","Twitter Followers No Refill","10.5","7.5","50","50000","wizsmm","d3e447bb-b11f-44f9-aa2e-d0a2720937dd"
"twitter","Vietnam Traffic from Twitter","0.56","0.4","500","1000000","wizsmm","d6ec4e94-de72-4bdb-a94c-1d1bd9f9d3c1"
"twitter","Twitter EUROPE Views","0.028","0.02","100","100000000","wizsmm","dc4ebfad-d502-4c94-8274-68367d46f514"
"twitter","Czech Republic Traffic from Twitter","0.56","0.4","500","1000000","wizsmm","dfc9535b-4d61-4cfd-8f87-ae1460c525be"
"twitter","Twitter - X Profile Click","0.0126","0.009","100","2147483647","wizsmm","e038c653-2128-40f6-9506-4981950af941"
"twitter","Twitter Tweet Views [Organic] [Update in Analytics] [INSTANT] [Unlimited]","0.014","0.01","100","100000000","wizsmm","e721ac81-e8ea-4545-b16e-c94d2120ab45"
"twitter","Twitter Followers No Refill","10.08","7.2","50","50000","wizsmm","d45afe1a-adc1-461b-8c6d-5cffe9e260fe"
"twitter","Egypt Traffic from Twitter","0.56","0.4","500","1000000","wizsmm","d6992977-2d7c-4ed9-a2b4-63c810d46ae6"
"twitter","X - Twitter Nigeria Bookmarks [5K]🇳🇬","41.776","29.84","50","5000","wizsmm","debc94c7-7f22-413a-9888-3f0704cb36e3"
"twitter","Twitter Followers [Super High Speed] [Big Base] [No Refill] [100K/D] [Instant]","4.032","2.88","100","1000000","wizsmm","e97ab91f-27bb-484f-9543-82f5497c5fb5"
"twitter","Twitter Likes [Low Drop] [Fast Delivery] [1K/D] [0-1/H]","18.144","12.96","10","1000","wizsmm","eba95380-8328-404d-a140-733a7cfbc463"
"twitter","South Korea Traffic from Twitter [LQ]","0.238","0.17","88","88888888","wizsmm","ec91c69e-001e-4d2c-84e7-99a5972ec63a"
"twitter","Twitter Real NFT Costum Comments [500/D] [0-1/H]","171.36","122.4","1","5000","wizsmm","ed75bb40-9d12-4543-9364-a2c4d3832db4"
"twitter","Twitter Followers [High Speed] [No Refill] [500K/D] [Instant]","3.864","2.76","100","1000000","wizsmm","f1d1c569-8da6-4a0b-a82b-0552950597cd"
"twitter","Twitter Real Likes - [ Max - 5K ] [ High Quality ] [ LOW DROP ] ALWAYS INSTANT","1.316","0.94","20","5000","wizsmm","f415613a-f47a-4d6e-abf1-dce4a220af76"
"twitter","Moldova Traffic from Twitter","0.77","0.55","1000","1000000","wizsmm","f6b89f1f-83d8-487a-b623-4375dd0cbc92"
"twitter","Twitter Media View [Instant]","0.014","0.01","100","100000000","wizsmm","f9a9f132-2f47-45ee-ad3e-d9fc822f513c"
"twitter","India Traffic from Twitter","0.56","0.4","500","1000000","wizsmm","f9d71347-31de-4986-9902-806a23f7523a"
"twitter","Italy Traffic from Twitter [LQ]","0.238","0.17","88","88888888","wizsmm","fa7be58f-9f8f-4bf6-888c-abea7da86118"
"twitter","🇪🇺 Binance Square - EU Post Views [Redirected from Twitter/X]","2.212","1.58","1000","630000","wizsmm","fc48d150-478e-4464-bfc9-54c9e317b290"
"twitter","Twitter Likes [Refill: 30 Days] [Start Time: INSTANT] [Speed: Up to 2K/D]","3.36","2.4","10","5000","wizsmm","ffce3925-1c6e-4044-8978-4e3eb7621e5d"
"twitter","Twitter Impression [NEW FOLLOWERS] [Refill: No] [Max: 100M] [Start Time: 0-1 Hr] [Speed: 10M/D] 💧","0.056","0.04","100","100000000","wizsmm","ffce6bdd-5bf3-4a06-b73b-2cff8fc5e961"
"twitter","Twitter Japan Followers [Low Drop] [Guarantee: 30 Days Automatic] [500-1K/D] [0-1/H]","81.144","57.96","10","10000","wizsmm","ea9a3320-6cd0-43ae-9d1c-97ca8e82264a"
"twitter","Russia Traffic from Twitter [LQ]","0.238","0.17","88","88888888","wizsmm","f5fe9e5c-3151-4414-8f1b-4b5ed81d316f"
"twitter","India Traffic from Twitter [LQ]","0.238","0.17","88","88888888","wizsmm","f6045fc7-8cb7-4af3-b81f-97740f023c3e"
"twitter","Twitter Real NFT Retweets [500/D] [0-1/H]","18.48","13.2","50","5000","wizsmm","f760c5a9-9aa8-4aec-8d99-a99eb3324992"
"twitter","Finland Traffic from Twitter","0.56","0.4","500","1000000","wizsmm","f8a09776-f8d6-4038-8ab8-771fea4160a9"
"twitter","Twitter Retweets [Real Global - High Quality] [Almost No Drop] [30 Days Guarantee] [1K/D] [Instant]","58.8","42","10","5000","wizsmm","fc7675e9-319c-4d89-843b-89801d7af626"
"twitter","Twitter USA Views","0.028","0.02","100","100000000","wizsmm","fe211cc6-c410-4c5d-a72e-c110875c90aa"
