"platform","name","rate_per_1k","cost_per_1k","min_qty","max_qty","provider","id"
"youtube","Moldova Traffic from YouTube","0.77","0.55","1000","1000000","smmwiz","004e57ee-e5da-4163-9dcd-3694a933347f"
"youtube","YouTube Live Stream - (4-Hours Concurrent Viewers) (20K Max) (Instant)","4.088","2.92","10","500000","smmwiz","0053e116-9af9-4e2c-b9b6-4566e4c67588"
"youtube","🇺🇸 YouTube Unique Views - USA [RAV-MTS™ - High Monetization Views]","14.42","10.3","500","100000","smmwiz","0058fb04-cafe-44a7-b938-a2aad572d73f"
"youtube","🇲🇪 YouTube Unique Views - Montenegro [RAV™ - Real &amp; Active Views]","4.956","3.54","500","100000","smmwiz","014765f5-9f49-46d2-80c6-0fb7b5c3e3a5"
"youtube","🇦🇴 YouTube Unique Views - Angola [RAV™ - Real &amp; Active Views]","4.956","3.54","500","100000","smmwiz","01a4b153-effe-4b04-8271-02d1bfd5b4ce"
"youtube","Youtube Subscribers -   [ 200/Day ] [ 30 Days Refill ] [ Non Drop ] INSTANT","34.216","24.44","50","50000","smmwiz","020ec6c3-589c-4aa9-80b6-0c87173735a4"
"youtube","YouTube Live Stream Viewers - [Concurrent Viewers for 150 Mins+] [Stable, Fastest, Cheapest] INSTANT","18.354","13.11","50","40000","smmwiz","02939a82-624c-4522-8bac-acbaeb27f155"
"youtube","Youtube Native ADS Views - [ 100k-300k/day ] [ Min - 500k ] [ Lifetime Refill ] INSTANT","0.882","0.63","500000","100000000","smmwiz","037c59f7-f4ae-416b-b301-dd7de26b0161"
"youtube","♛ YouTube Social Shares [ ~𝟕𝟓𝟎 𝐏𝐞𝐫 𝐃𝐚𝐲 ]","1.694","1.21","500","100000","smmwiz","04c3fe31-ae5c-45a2-9b39-1238225e756e"
"youtube","Youtube AdWords Views - [ Min - 1M ] [ Speed - 100k/day ] [ Life Time Guaranteed ] 6-24 HRS","0.602","0.43","1000000","2147483647","smmwiz","061850d5-602c-4114-8c5e-526cf8c2cf66"
"youtube","Youtube Live Stream Views - [Min - 5K] [1440+ Minutes - Live Concurrent] [High Watching; Reliable] 𝗜𝗡𝗦𝗧𝗔𝗡𝗧","75.264","53.76","5000","1000000","smmwiz","063170cf-5218-4ccd-8566-b701b410715f"
"youtube","🇦🇪 Youtube UAE Social Ads Views - [ 50k/day ] [ Non Drop, 30 Days Guaranteed ] 6-12 HRS","11.144","7.96","10000","10000000","smmwiz","07b381f6-2d26-4922-9ecf-a6d42f6c8dbd"
"youtube","Youtube Native ADS Views - [ 100k-300k/day ] [ Min - 30k ] [ Lifetime Refill ] INSTANT","0.98","0.7","30000","100000000","smmwiz","07b78ad3-d3fc-47fe-9794-e91e48971703"
"youtube","🇩🇪 YouTube Social Shares [ Germany ]","2.072","1.48","50","100000","smmwiz","07c44188-0f9a-44fc-8523-3ae5fe405383"
"youtube","YouTube Live Viewers - [ Stay 4 Hour ] [ ⭐Direct Provider ] ⚡ Fast Increase","7.84","5.6","20","20000","smmwiz","0913b00d-8861-4d25-ad49-2629a8ccee7a"
"youtube","🇨🇦 YouTube Unique Views - Canada [RAV™ - Real &amp; Active Views]","4.956","3.54","500","100000","smmwiz","094fbddb-163e-410f-8c6e-40cb30363eb5"
"youtube","🇺🇾 YouTube Social Shares [ Uruguay ]","2.072","1.48","50","10000","smmwiz","09d10206-7572-43b9-a5e3-e383ec7f25b0"
"youtube","🇲🇪 YouTube Unique Views - Montenegro [RAV-GS™ - Real &amp; Active Views]","4.788","3.42","500","100000","smmwiz","09d97a50-745c-43be-bb26-d8f931809bfa"
"youtube","🇮🇳 Youtube India Social Ads Views - [ 50k/day ] [ Non Drop, 30 Days Guaranteed ] 6-12 HRS","1.974","1.41","10000","20000000","smmwiz","0a2c524e-c627-4c62-b295-3b5302863258"
"youtube","🇲🇳 YouTube Unique Views - Mongolia [RAV-GS™ - Real &amp; Active Views]","4.788","3.42","500","100000","smmwiz","0a45ba82-6e9d-488d-b550-2c073d9cbfd2"
"youtube","♛ YouTube Social Shares [ ~𝟏𝟎𝟎 𝐏𝐞𝐫 𝐃𝐚𝐲 ]","1.694","1.21","50","5000","smmwiz","0a66a206-24ce-422f-9460-fabc27c010ac"
"youtube","🇧🇩 YouTube Unique Views - Bangladesh [RAV-MTS™ - High Monetization Views]","9.562","6.83","500","100000","smmwiz","0a859e5b-efd4-42e7-b8b7-fdd16d15c4e8"
"youtube","🇮🇱 YouTube Social Shares [ Israel ]","2.072","1.48","50","100000","smmwiz","0ba56c18-88c9-4230-bec0-629574309cd6"
"youtube","Germany Traffic from YouTube [LQ]","0.238","0.17","88","88888888","smmwiz","0c230948-5826-482d-845e-6520b33b86e8"
"youtube","Youtube Live Stream Views + Likes [90 Minutes]","0.462","0.33","50","5000000","smmwiz","0c2dc054-966c-4af9-afe9-260485b45d0e"
"youtube","Youtube Livestream Views - [ 30 Minutes Stable Concurrent Viewers ]","0.154","0.11","10","100000","smmwiz","0dfeb5f7-1c0b-4567-adca-a6d70604a0bc"
"youtube","🇮🇩 YouTube Social Shares [ Indonesia ]","2.072","1.48","50","100000","smmwiz","0e006abe-880a-4f9b-adbe-d1c16e236fde"
"youtube","🇿🇦 YouTube Social Shares [ South Africa ]","2.072","1.48","100","100000","smmwiz","0e26af40-c2d5-4ea1-85c7-56628b94352a"
"youtube","🇩🇪 Youtube Germany Google Ads Views - [ 50k/day ] [ Non Drop, 30 Days Guaranteed ] 6-12 HRS","16.38","11.7","10000","20000000","smmwiz","0e2f2760-6e19-4e0d-a374-f65801f686f4"
"youtube","🇭🇳 YouTube Unique Views - Honduras [RAV™ - Real &amp; Active Views]","4.956","3.54","500","100000","smmwiz","103593a1-9a82-483a-8221-dd4d4ceca935"
"youtube","♛ YouTube Social Shares [ ~𝟐𝟓𝟎 𝐏𝐞𝐫 𝐃𝐚𝐲 ]","1.694","1.21","100","15000","smmwiz","103f5946-e2b4-49ca-8d2c-2d387ab24edc"
"youtube","Youtube Live Stream [120 Minute] [ 70-100% Concurrent ] [ Cheapest In Market ]","0.574","0.41","50","50000","smmwiz","11115fc7-9c85-4a3a-bd59-4c48f83cd16f"
"youtube","🇮🇳 Youtube AdWords Views - [ Min - 500k ] [ Speed - 100k/day ] [ Life Time Guaranteed ] 24-72 HRS","0.882","0.63","500000","2147483647","smmwiz","125a89c0-306e-432e-b3e8-55d28e6774fe"
"youtube","🇦🇫 YouTube Unique Views - Afghanistan [RAV-GS™ - Real &amp; Active Views]","4.788","3.42","500","100000","smmwiz","12871a90-9364-4ab1-b56f-c24405fcad4a"
"youtube","🏆 YouTube Authority Stack - 16 Premium Video Embeds &amp;amp; Backlinks [Cloud • EDU • Web 2.0 • DA 70-95+] [Custom Keywords]","423.36","302.4","1","1","smmwiz","143f40fd-6714-4590-86ae-89865644352d"
"youtube","🇹🇭 YouTube Unique Viewers - Thailand [TRU™ Titan - Targeted Real Users]","10.892","7.78","500","100000","smmwiz","16881620-91cb-436a-bef5-f8243bbcddf4"
"youtube","India Traffic from YouTube [LQ]","0.238","0.17","88","88888888","smmwiz","16e27eec-57e2-4b1d-8598-bf6b4d373865"
"youtube","Colombia Traffic from YouTube","0.56","0.4","500","1000000","smmwiz","1a066e20-1637-41e1-bd9d-35b76ef99a1d"
"youtube","📱 YouTube Mobile Views [ TRU™ Mobile ] [ 🇺🇸 USA ] [ No-Ads Videos ] ⚡","6.048","4.32","1000","1000000","smmwiz","1ad467ff-6016-4265-9902-52eaa5940b3e"
"youtube","Youtube CUSTOM Russian Comments","64.764","46.26","10","250","smmwiz","1b02623a-a52a-4ccf-98e4-b7d6ac1355a5"
"youtube","🇩🇪 YouTube Social Shares [ Germany ]","2.072","1.48","50","100000","smmwiz","1b10f05d-68ac-45f2-8821-2de77ef7261a"
"youtube","🇪🇨 YouTube Social Shares [ Ecuador ]","2.072","1.48","50","100000","smmwiz","1b3e9114-a2cc-4cbd-a359-e82b0624a860"
"youtube","🇬🇷 YouTube Social Shares [ Greece ]","2.072","1.48","100","100000","smmwiz","1b6117b5-8960-426f-bca0-d4b9c974c230"
"youtube","Thailand Traffic from YouTube [LQ]","0.238","0.17","88","88888888","smmwiz","1b882621-ab76-48c1-bca7-b08fe5fb1f93"
"youtube","Youtube Random Comments [ English ] [ 30 Days Refill ] 0-6 HRS","3.528","2.52","50","1000","smmwiz","1c22e9ea-77a1-4a08-afae-6aaffc08924f"
"youtube","🇮🇹 YouTube Social Shares [ Italy ]","2.072","1.48","50","100000","smmwiz","1c95768e-58b6-405c-80c1-918d3fb74b98"
"youtube","Youtube AdWords Views - [ Min - 100k ] [ Speed - 100k/day ] [ Life Time Guaranteed ] 6-24 HRS","0.952","0.68","100000","2147483647","smmwiz","1d826121-74f5-4dbf-b03e-5772aca57f29"
"youtube","Youtube Custom Comments - [ High Quality ] [ Lifetime Guaranteed ] 0-8 HRS","28.56","20.4","1","500","smmwiz","1dc523d5-6c60-4cf2-839e-3bc27342b14f"
"youtube","Youtube Livestream Views [120 Minutes Stable Concurrent Viewers]","0.616","0.44","10","100000","smmwiz","1f40f2c1-77fc-44d9-80c9-7707a6a65dd5"
"youtube","🇮🇳 Youtube India Google Ads Views - [ 50k/day ] [ Non Drop, 30 Days Guaranteed ] 6-12 HRS","2.954","2.11","10000","20000000","smmwiz","1f420bf6-7d14-4d57-be77-cda082f31fae"
"youtube","Youtube Live Stream [100% Concurrent] [180 Minutes]","3.388","2.42","100","100000","smmwiz","20112e1d-9a44-4f8d-b21c-f70fe69c2ad3"
"youtube","🗣️ YouTube Unique Viewers - Arabic Speakers [TRU™ Titan - Targeted Real Users]","10.892","7.78","500","100000","smmwiz","21fb276a-86bd-4f67-9efb-ee424723114e"
"youtube","🇧🇩 YouTube Social Shares [ Bangladesh ]","2.072","1.48","50","100000","smmwiz","2230c138-b87b-4f5c-a603-62589255f577"
"youtube","🇮🇱 YouTube Unique Views - Israel [RAV-GS™ - Real &amp; Active Views]","4.788","3.42","500","100000","smmwiz","223faf65-873b-40a4-8605-6e7c86933291"
"youtube","🇳🇬 YouTube Social Shares [ Nigeria ]","2.072","1.48","50","10000","smmwiz","22442eb9-02c2-4050-aabf-2209a6a3eb47"
"youtube","🇩🇪 Youtube Germany Social Ads Views - [ 50k/day ] [ Non Drop, 30 Days Guaranteed ] 6-12 HRS","11.634","8.31","10000","10000000","smmwiz","225e10d6-8adc-4bd1-a81a-d0bbb450a205"
"youtube","China Traffic from YouTube","0.56","0.4","500","1000000","smmwiz","234cab7a-cc77-40ce-9466-8b368ed5c4b9"
"youtube","🇰🇪 YouTube Unique Views - Kenya [RAV™ - Real &amp; Active Views]","4.956","3.54","500","100000","smmwiz","237cbe85-6274-4bd7-8133-1e0ba9913aea"
"youtube","YouTube Live Stream Views - [ Premium Quality ] [ Good For Ranking ] [ 12 Hours Live Watching ] INSTANT","15.68","11.2","50","500000","smmwiz","23810cef-44ff-4d7b-9383-762b1941d0ab"
"youtube","🇺🇸 YouTube Social Shares [ USA ]","2.072","1.48","50","100000","smmwiz","24ac5cdb-fc1d-4acf-a54d-aec9b3b2deef"
"youtube","🇵🇰 YouTube Unique Views - Pakistan [RAV-GS™ - Real &amp; Active Views]","4.788","3.42","500","100000","smmwiz","24d3fc08-e894-4a6d-9e9c-d84f455a7144"
"youtube","▶️▶️Youtube View Native Ads | Min 500k | NON DROP | Speed 150-500k+/Day","1.12","0.8","500000","50000000","smmwiz","24f04f16-d3b8-4eef-874f-b5a1e24a0be1"
"youtube","YouTube Live Stream Views S5 - [ 720 Mins Live Watching ] INSTANT","17.248","12.32","50","500000","smmwiz","2502bced-de9f-47ef-99ba-e2556a154e76"
"youtube","Youtube Live Stream [100% Concurrent] [360 Minutes]","6.776","4.84","50","100000","smmwiz","25b63f03-b9e9-4392-9fb9-d69a206616f8"
"youtube","Canada Traffic from YouTube","0.56","0.4","500","1000000","smmwiz","25c0933b-d4b5-489b-a664-3e22528284d4"
"youtube","🇰🇭 YouTube Unique Views - Cambodia [RAV-GS™ - Real &amp; Active Views]","4.788","3.42","500","100000","smmwiz","25ea31df-82b3-4836-96cf-1542a5f78d19"
"youtube","🇮🇩 YouTube Unique Views - Indonesia [RAV™ - Real &amp; Active Views]","4.956","3.54","500","100000","smmwiz","25efe67c-bfc0-4a6b-98b4-614b090a907d"
"youtube","🇹🇹 YouTube Unique Views - Trinidad and Tobago [RAV™ - Real &amp; Active Views]","4.956","3.54","500","100000","smmwiz","273a4525-cdfa-438f-90fd-3f19779d1fbf"
"youtube","Youtube Live Stream Views + Likes [180 Minutes]","0.91","0.65","50","5000000","smmwiz","286b74a3-4fb9-4ea6-999a-24adc3106221"
"youtube","🇫🇮 YouTube Unique Viewers - Finland [TRU™ Titan - Targeted Real Users]","10.892","7.78","500","100000","smmwiz","286d53f9-d7e0-46de-a0d5-fadfa73fe8fa"
"youtube","🇧🇷 YouTube Unique Views - Brazil [RAV™ - Real &amp; Active Views]","4.956","3.54","500","100000","smmwiz","28eb2171-3d2a-4389-b119-c954f94adcd4"
"youtube","🇧🇬 YouTube Social Shares [ Bulgaria ]","2.072","1.48","50","100000","smmwiz","29454d35-8dde-4add-bb36-4f6ca2f60f33"
"youtube","🇪🇬 YouTube Social Shares [ Egypt ]","2.072","1.48","50","100000","smmwiz","29626071-5499-43d4-bbd8-7401ad603950"
"youtube","🇸🇮 YouTube Unique Views - Slovenia [RAV™ - Real &amp; Active Views]","4.956","3.54","500","100000","smmwiz","2993db00-08b7-46ed-93fa-bbedc3424e37"
"youtube","Russia Traffic from YouTube","0.56","0.4","500","1000000","smmwiz","29c3e35e-b243-4158-acee-6f6215891c37"
"youtube","Youtube Views [No Drop] [30-60 Seconds Retention] [Lifetime Guaranteed] [300-500/D] [0-12/H] [Cheapest in the Market]","0.84","0.6","100","10000000","smmwiz","2c257831-0173-42e0-bee0-e317b86822cf"
"youtube","🇭🇳 YouTube Social Shares [ Honduras ]","2.072","1.48","50","10000","smmwiz","2c5c90f2-ba7b-433f-b51b-2d5fa1bb36a9"
"youtube","🇵🇰 YouTube Social Shares [ Pakistan ]","2.072","1.48","50","100000","smmwiz","2d914a47-d689-411f-abc9-dd8731485e16"
"youtube","YouTube Native Ads Views | Speed: 100K+/day | Min 10K | Lifetime Refill","1.358","0.97","10000","100000000","smmwiz","2dbb85af-ffb2-4d3d-98f5-3cb3de62d9a4"
"youtube","🇺🇦 YouTube Social Shares [ Ukraine ]","2.072","1.48","50","100000","smmwiz","2dd687f7-9df7-488a-9f0d-8881042de3f5"
"youtube","Youtube Comment Likes [No Drop] [30 Days Refill] [5K/D] [Instant]","1.764","1.26","10","100000","smmwiz","2de36273-3bdf-45db-b94c-cd698807dc02"
"youtube","🇹🇬 YouTube Social Shares [ Togo ]","2.072","1.48","50","10000","smmwiz","2de57107-c71e-438f-97ab-1d8f00ba506f"
"youtube","🇭🇺 YouTube Social Shares [ Hungary ]","2.072","1.48","50","100000","smmwiz","2def933d-34c7-4297-956a-bf80d7f4ea49"
"youtube","♛ YouTube Social Shares from Vkontakte","0.882","0.63","100","500000","smmwiz","301e9ff8-156a-4d25-bce8-c49c219efa15"
"youtube","Youtube Live Stream Views - [Min - 5K] [180+ Minutes - Live Concurrent] [High Watching; Reliable] 𝗜𝗡𝗦𝗧𝗔𝗡𝗧","9.408","6.72","5000","1000000","smmwiz","306efee1-8390-44bd-b60f-496859a3a0cc"
"youtube","Youtube Live Stream Views [30 Minutes]","0.112","0.08","50","200000","smmwiz","30715988-cc84-48e8-b47b-ed60b8b514a0"
"youtube","Youtube Native Ads Views [Min 1K] [Lifetime Refill] [10-50K/D] [0-1/H]","1.12","0.8","1000","100000000","smmwiz","307de51c-ac66-4bd5-82da-d0c78413307d"
"youtube","Youtube Subscribers [Speed 1000+/D] [Guarantee: Lifetime] [0-12/H]","35","25","1000","1000000","smmwiz","312fc36d-7b2c-49d8-90a4-b1f076ff4954"
"youtube","🇬🇹 YouTube Unique Views - Guatemala [RAV-GS™ - Real &amp; Active Views]","4.788","3.42","500","100000","smmwiz","3153e657-46e4-432c-911b-9f853355530c"
"youtube","🇦🇷 YouTube Unique Views - Argentina [RAV-GS™ - Real &amp; Active Views]","4.788","3.42","500","100000","smmwiz","31880869-76b1-4fd8-9ef1-265b7c17a28d"
"youtube","🇲🇾 YouTube Unique Views - Malaysia [RAV-GS™ - Real &amp; Active Views]","4.788","3.42","500","100000","smmwiz","318d8e4d-c852-4cb3-a65e-e64652f08fcd"
"youtube","🇲🇽 YouTube Social Shares [ Mexico ]","2.072","1.48","50","100000","smmwiz","31e0e64d-8e74-42d3-9a8e-8b8c13aca772"
"youtube","🇭🇳 YouTube Unique Views - Honduras [RAV-GS™ - Real &amp; Active Views]","4.788","3.42","500","100000","smmwiz","33f07797-7936-46c9-8a03-4d35eb6ee1bf"
"youtube","Youtube Live Stream Views - [Min - 5K] [150+ Minutes - Live Concurrent] [High Watching; Reliable] 𝗜𝗡𝗦𝗧𝗔𝗡𝗧","7.84","5.6","5000","1000000","smmwiz","3526fb8a-efd6-435f-9ecd-58b7d16a3c70"
"youtube","Italy Traffic from YouTube [LQ]","0.238","0.17","88","88888888","smmwiz","36d19c9c-13b4-410c-87b1-e3a62ba98d48"
"youtube","Youtube AdWords Views - [ Min - 300k ] [ Speed - 100k/day ] [ Life Time Guaranteed ] 6-24 HRS","0.882","0.63","300000","2147483647","smmwiz","372bd328-aeae-4925-8bd8-cd3e0a916b67"
"youtube","Youtube Native Ads Views [Min 40K] [Lifetime Guarantee] [200-500K/D] [0-12/H]","1.134","0.81","40000","100000000","smmwiz","37bf9c71-b126-441d-b2bd-dfd0c47e3010"
"youtube","🇮🇩 YouTube Social Shares [ Indonesia ]","2.072","1.48","50","100000","smmwiz","37ece0f2-1603-4a9d-9f50-a6ec9dea298e"
"youtube","USA Traffic from YouTube","0.56","0.4","500","1000000","smmwiz","38085b89-52ec-45c7-bd3f-5eacbb378c0d"
"youtube","Youtube Native ADS Views - [ 100k-300k/day ] [ Min - 20k ] [ Lifetime Refill ] INSTANT","1.022","0.73","20000","100000000","smmwiz","3917e7c3-8d77-407b-8ece-d5f9b477ad79"
"youtube","🇻🇳 YouTube Unique Views - Viet Nam [RAV™ - Real &amp; Active Views]","4.956","3.54","500","100000","smmwiz","3a1ac9da-c4d2-4622-a651-c5ea66f9dcbf"
"youtube","♛ YouTube Social Shares from Pinterest","0.882","0.63","100","500000","smmwiz","3a47b1b7-ab9b-4a00-83fc-fe83ea6b024e"
"youtube","🇨🇦 YouTube Social Shares [ Canada ]","2.072","1.48","50","100000","smmwiz","3ac7c6e6-96da-439a-941d-5f6d1fe793e0"
"youtube","🇪🇬 YouTube Unique Views - Egypt [RAV™ - Real &amp; Active Views]","4.956","3.54","500","100000","smmwiz","3b04fa1d-900e-42bb-b00c-7c3494aeffba"
"youtube","🇧🇴 YouTube Unique Views - Bolivia [RAV-GS™ - Real &amp; Active Views]","4.788","3.42","500","100000","smmwiz","3bd5366f-f6d9-454b-b54e-ebcc41ac5d19"
"youtube","🇦🇿 YouTube Unique Views - Azerbaijan [RAV-GS™ - Real &amp; Active Views]","4.788","3.42","500","100000","smmwiz","3ccadf02-2095-4682-8d7d-c51c036226ec"
"youtube","Youtube Subscribers [No Refill] [1-5K/D] [0-1/H]","0.588","0.42","10","100000","smmwiz","09967946-df22-4159-9918-3ae288a1758d"
"youtube","🇹🇹 YouTube Unique Views - Trinidad and Tobago [RAV-GS™ - Real &amp; Active Views]","4.788","3.42","500","100000","smmwiz","3dec66d1-b21b-4ca2-87e1-ddb610fd0444"
"youtube","🇬🇧 YouTube Unique Views - Great Britain [RAV-MTS™ - High Monetization Views]","9.562","6.83","500","100000","smmwiz","3e31f53c-fcf3-4689-ae1e-37e4ee96bdea"
"youtube","South Korea Traffic from YouTube [LQ]","0.238","0.17","88","88888888","smmwiz","40ffb3a9-3150-4e61-a1a2-e331638a0a85"
"youtube","Youtube Live Stream [ 100% Concurrent - 15 Minutes ] Lowest Rate","0.378","0.27","50","500000","smmwiz","4124848d-6af7-468d-a63c-5c4b119e6ca8"
"youtube","🇮🇩 YouTube Unique Viewers - Indonesia [TRU™ Titan - Targeted Real Users]","10.892","7.78","500","100000","smmwiz","4165f053-9327-4acb-9f2d-3b502e9ae346"
"youtube","🇳🇵 YouTube Unique Views - Nepal [RAV™ - Real &amp; Active Views]","4.956","3.54","500","100000","smmwiz","43c056d5-42de-437c-9fc1-d1eacd66e76e"
"youtube","♛ YouTube Views – S3 [ 1k/Day ] [ Non Drop ] [ 30 Days Guaranteed ] INSTANT","1.372","0.98","10","2000000","smmwiz","44091545-74b8-472b-8bf6-a8d20f0f5ac6"
"youtube","🇸🇬 YouTube Social Shares [ Singapore ]","2.072","1.48","50","100000","smmwiz","44820ad4-39ad-46e1-ba39-f8427e3de491"
"youtube","ID 3208 Youtube Ultra Native Fast Views|20-50 k daily||Start 0-3  h | Lifetime Guaranteed|Min 10k","0.952","0.68","10000","1000000","smmwiz","455558ef-564e-4a8d-9ed2-d34a7f4080f4"
"youtube","Youtube Livestream Views - [ 15 Minutes Stable Concurrent Viewers ]","0.084","0.06","10","100000","smmwiz","46c1f14a-c557-4c3b-a7f5-2fc829c0a5ad"
"youtube","🎵 YouTube Music Views [ TRU™ Studio ] [ 🌍 Worldwide ] [ Multi-Source ] ⚡💰","5.656","4.04","500","1000000","smmwiz","46c75d1f-4705-4860-ba19-f848a012eb96"
"youtube","Youtube Livestream Views [15 Minutes]","0.28","0.2","100","100000","smmwiz","46dfb139-c917-48b9-b188-ac702b6ee005"
"youtube","🎵 YouTube Music Views [ TRU™ Studio ] [ 🌍 Worldwide ] [ Direct Ads ] ⚡💰","9.688","6.92","500","1000000","smmwiz","48cd4e03-443e-4d46-baf0-2c98590dbae5"
"youtube","YouTube Live Stream - (90-Minute Concurrent Viewers) (20K Max) (Instant)","1.54","1.1","10","500000","smmwiz","4b3bde1b-ea94-42e8-a34b-0990fbde0a28"
"youtube","🇰🇪 YouTube Unique Views - Kenya [RAV-GS™ - Real &amp; Active Views]","4.788","3.42","500","100000","smmwiz","4bb48bc8-f109-4f8a-a961-cef65fccff7c"
"youtube","Youtube Native ADS Views - [ 100k-300k/day ] [ Min - 3k ] [ Lifetime Refill ] INSTANT","1.372","0.98","3000","100000000","smmwiz","4c801ebc-1691-4b19-a772-691d8d76d783"
"youtube","🇮🇱 YouTube Social Shares [ Israel ]","2.072","1.48","50","100000","smmwiz","4eaa347a-6408-488b-9479-6f06442ed87b"
"youtube","Youtube Live Stream Views - [Min - 5K] [60+ Minutes - Live Concurrent] [High Watching; Reliable] 𝗜𝗡𝗦𝗧𝗔𝗡𝗧","3.136","2.24","5000","1000000","smmwiz","4eaf89da-7b5d-47d6-8814-78e03bbba934"
"youtube","🇦🇷 YouTube Unique Views - Argentina [RAV™ - Real &amp; Active Views]","4.956","3.54","500","100000","smmwiz","4ec122c9-661c-4222-95ad-58e75c303b32"
"youtube","🇮🇳 YouTube Unique Views - India [RAV™ - Real &amp; Active Views]","4.956","3.54","500","100000","smmwiz","4f7471b5-2ec1-46f9-a782-321c4184f6ad"
"youtube","🇳🇵 YouTube Social Shares [ Nepal ]","2.072","1.48","50","10000","smmwiz","4f821e99-9637-4ad2-a2a1-d0db1cc9aa76"
"youtube","Youtube Live Stream [100% Concurrent] [90 Minutes]","1.694","1.21","100","100000","smmwiz","504b6ec4-b517-43de-bb7e-b9bf2fb941f4"
"youtube","🇵🇰 YouTube Unique Views - Pakistan [RAV™ - Real &amp; Active Views]","4.956","3.54","500","100000","smmwiz","514f0b56-7688-4406-a45b-685715aaf777"
"youtube","🇷🇴 YouTube Unique Views - Romania [RAV™ - Real &amp; Active Views]","4.956","3.54","500","100000","smmwiz","5204a412-45d7-49b6-a37b-a860c6532437"
"youtube","YouTube Live Stream Views S5 - [ 30 Mins Live Watching ] INSTANT","0.952","0.68","50","50000","smmwiz","526d80e6-1818-46ba-98cd-1e9101f1477d"
"youtube","YouTube Unique Views - 𝐄𝐧𝐠𝐥𝐢𝐬𝐡 𝐒𝐩𝐞𝐚𝐤𝐞𝐫𝐬 [RAV-MTS™ - High Monetization Views]","14.42","10.3","500","100000","smmwiz","52708ffd-c060-429d-b606-66f42b012dec"
"youtube","🇪🇸 YouTube Social Shares [ Spain ]","2.072","1.48","50","100000","smmwiz","52eecd46-1425-4928-b05b-ee6da00e43ae"
"youtube","YouTube Live Stream Views S5 - [ 120 Mins Live Watching ] INSTANT","3.766","2.69","50","50000","smmwiz","5394c512-6146-4360-94ab-f432d52b6d97"
"youtube","🇰🇼 YouTube Unique Views - Kuwait [RAV™ - Real &amp; Active Views]","4.956","3.54","500","100000","smmwiz","53a32f5b-f6ef-496e-a8e4-9ac4efc15222"
"youtube","Youtube Views [Extreme Speed] [Retention 30-60 Seconds] [R30] [50-100K/D] [Instant]","1.008","0.72","100","1000000","smmwiz","53cddaad-cb52-41c3-89c0-f7218321336f"
"youtube","NEW - YouTube Live Stream [✔ 15 Minute Concurrent Viewers] [Super Cheap] INSTANT","0.252","0.18","10","500000","smmwiz","546e1807-70db-466d-8827-b51084d89ebc"
"youtube","Youtube Views - [ 2-3 Minute Retention ] [ Lifetime Warranty ] [ 500-1K/day ] 1-6 HRS","4.032","2.88","50","10000000","smmwiz","54b88702-1cf0-4e39-86b2-bd5d5b0d504e"
"youtube","Youtube Likes [No Drop] [30 Days Refill] [10K/H] [Instant]","0.588","0.42","10","10000","smmwiz","557e8a32-f8f3-40da-95a0-37e2b27c298a"
"youtube","Youtube Concurrent - Live Stream Views [1440 MINUTES] [CHEAPEST] [MAX - 50k] INSTANT","45.164","32.26","50","45000","smmwiz","55905392-c9b2-44dc-941b-72f0e5e1b9b2"
"youtube","Youtube Likes - [ Non Drop ] [ 30 Days Refill ] [ 50-100K/day ] INSTANT","5.04","3.6","50","100000","smmwiz","55cd6a7a-f495-4716-8988-f7a935ddd5c3"
"youtube","Youtube Comments [RANDOM] [100] [ARAB]","55.51","39.65","10","250","smmwiz","55e140df-6fe6-4727-ba5c-0df3849ec361"
"youtube","🇮🇶 YouTube Social Shares [ Iraq ]","2.072","1.48","50","10000","smmwiz","55f70201-64df-4f5f-a82b-5f1cd1f88d72"
"youtube","🔺 Youtube Watchtime [1K = 1000 Hours] [Minimum 60 Minutes Video - R30] [ New speed 500/Day]","29.82","21.3","100","4000","smmwiz","56f1ec94-48be-4a8d-bd2e-15120701a577"
"youtube","YouTube Unique Views - 𝐏𝐨𝐫𝐭𝐮𝐠𝐮𝐞𝐬𝐞 𝐒𝐩𝐞𝐚𝐤𝐞𝐫𝐬 [RAV-MTS™ - High Monetization Views]","9.562","6.83","500","100000","smmwiz","58110325-e9bf-4c53-ba2d-790dad383184"
"youtube","ID 3494 Youtube  Suggested mix Views | 3-5 k daily| Instant start|Non drop","0.98","0.7","100","10000000","smmwiz","5837d899-83bd-43d6-bd88-5bff2352f6e8"
"youtube","▶️ Youtube View Native 𝑨𝐝𝘀 | G60-Min 30k [Real Users] Speed 1M+/D | NON DROP 🔥","1.316","0.94","30000","10000000","smmwiz","587f1de0-1c7d-4d48-9a6b-86d3be1753a4"
"youtube","🇺🇸🇨🇦💎 YouTube Unique Views [Real &amp; Active] [Monetization Views] [USA &amp; Canada]⚡️⚡️","21.84","15.6","1000","100000","smmwiz","58b3f0f6-3647-4419-9232-74bcf8ff75b6"
"youtube","🇧🇷 YouTube Unique Views - Portugal [RAV-MTS™ - High Monetization Views]","9.562","6.83","500","100000","smmwiz","5953f737-9c86-48b6-9149-e2d42de359e0"
"youtube","🇩🇪 YouTube Germany Adwords Views – [ Min – 5k ] [ Non Drop ] INSTANT","10.01","7.15","5000","1000000000","smmwiz","59baf747-9d74-408f-95f7-a214666818fd"
"youtube","Brazil Traffic from YouTube","0.56","0.4","500","1000000","smmwiz","59c2d97d-3f29-4322-935a-4edeb6d9f153"
"youtube","🇮🇶 YouTube Unique Views - Iraq [RAV-GS™ - Real &amp; Active Views]","4.788","3.42","500","100000","smmwiz","5aef70bd-07e1-429c-a1d4-a49a864f54a5"
"youtube","🇸🇻 YouTube Unique Views - El Salvador [RAV™ - Real &amp; Active Views]","4.956","3.54","500","100000","smmwiz","5c63ca0a-c222-4c26-a2b6-898e372c4dc7"
"youtube","Youtube Native ADS Views - [ 100k-300k/day ] [ Min - 40k ] [ Lifetime Refill ] INSTANT","0.952","0.68","40000","100000000","smmwiz","5d65e99b-8fee-4059-9a93-7f5f863a1c67"
"youtube","Youtube Views [ NATIVE ADS ] [ Min - 10k ] [ 100k/day ] [ 60 Days Guaranteed ] INSTANT","1.624","1.16","10000","100000000","smmwiz","5d7514c6-a151-4391-a722-7094385094ab"
"youtube","Youtube AdWords Views - [ Min - 500k ] [ Speed - 100k/day ] [ Life Time Guaranteed ] 6-24 HRS","0.686","0.49","500000","2147483647","smmwiz","5ebe8d6e-c308-4804-8252-91c6eddffeee"
"youtube","Youtube Live Stream Views [30 Mins LIVE CONCURRENT] [UPTO 20K VIEWERS/SUPERFAST] INSTANT","2.828","2.02","100","100000","smmwiz","5ebed65b-700f-4d3d-b7f4-bb66ae258664"
"youtube","🇮🇳 Youtube AdWords Views - [ Min - 50k ] [ Speed - 100k/day ] [ Life Time Guaranteed ] 24-72 HRS","1.232","0.88","50000","2147483647","smmwiz","60001416-c1c4-42b4-9d8e-d572576aa3ab"
"youtube","Youtube Live Stream Views [360 Minutes]","1.4","1","50","50000","smmwiz","6032dd31-4906-4c13-903b-19224a6d2ec0"
"youtube","YouTube Views - [ Real &amp; Active ] [ Organic - From External Ads ] INSTANT","3.066","2.19","10000","80000000","smmwiz","60476495-d83f-40fd-bbe4-bea7d31df757"
"youtube","🇸🇬 YouTube Unique Views - Singapore [RAV-GS™ - Real &amp; Active Views]","4.788","3.42","500","100000","smmwiz","61d294c3-57db-42c3-b117-63dc7c5ea730"
"youtube","NEW - YouTube Live Stream [✔ 6 Hours Concurrent Viewers] [Super Cheap] INSTANT","5.88","4.2","10","500000","smmwiz","61de5674-8af4-4d32-961e-5c04797a24d1"
"youtube","🇦🇿 YouTube Unique Views - Azerbaijan [RAV™ - Real &amp; Active Views]","4.956","3.54","500","100000","smmwiz","62b80c6a-2dcb-4297-a6b1-b4667797ff0d"
"youtube","🇱🇰 YouTube Unique Views - Sri Lanka [RAV-GS™ - Real &amp; Active Views]","4.788","3.42","500","100000","smmwiz","62bd1d6b-5599-4938-ac2b-fee3797e7b07"
"youtube","🇨🇭 YouTube Social Shares [ Switzerland ]","2.072","1.48","50","100000","smmwiz","63df88ba-d9b0-40a5-bf0e-92fa44348bc3"
"youtube","Youtube Performence + Ads click ","32.76","23.4","1000","15000","smmwiz","63e4d272-5ad0-4e27-958e-bd0e58b19655"
"youtube","🇿🇦 YouTube Unique Views - South Africa [RAV™ - Real &amp; Active Views]","4.956","3.54","500","100000","smmwiz","63f5fc48-7bcd-4a3a-abec-f3488478d156"
"youtube","Taiwan Traffic from YouTube","0.56","0.4","500","1000000","smmwiz","64849648-08b3-461d-b674-8fc0a55fd2de"
"youtube","Youtube Likes [Real] [World Wide] [1K/D] [0-1/H]","7.812","5.58","1","15000","smmwiz","6497688f-339e-4472-bb79-d7c459e47be6"
"youtube","💰 YouTube Views [ TRU™ Titan ] [ 🌍 Worldwide ] [ High Monetization ] ⚡🏆","9.688","6.92","500","1000000","smmwiz","64b26c75-3347-468a-8fad-d9c494f86fb9"
"youtube","🇸🇦 YouTube Unique Views - Saudi Arabia [RAV-GS™ - Real &amp; Active Views]","4.788","3.42","500","100000","smmwiz","650d37b5-29a7-43fa-a8a5-c852ae1216a9"
"youtube","🇱🇧 YouTube Unique Views - Lebanon [RAV™ - Real &amp; Active Views]","4.956","3.54","500","100000","smmwiz","6528777d-1784-4b47-8b9c-eda8cc5c0eb6"
"youtube","YouTube Unique Views [RAV-MMS™ - Music Monetization Views] + Engagements, for Channels with ads","8.498","6.07","500","500000","smmwiz","65fc0d31-33b8-4cb3-af16-c11acaadcd52"
"youtube","🇺🇸 YouTube Unique Views - USA [RAV-GS™ - Real &amp; Active Views]","9.912","7.08","500","100000","smmwiz","66679670-47a0-4e57-8bd1-2e6a5df44cb0"
"youtube","🇹🇳 YouTube Social Shares [ Tunisia ]","2.072","1.48","50","100000","smmwiz","679388d5-2492-4a04-a958-9e0d8d265651"
"youtube","Youtube Live Stream Views [120 Mins LIVE CONCURRENT] [UPTO 20K VIEWERS/SUPERFAST] INSTANT","11.298","8.07","100","100000","smmwiz","68d8baac-3e74-4be4-b361-ac42a335597e"
"youtube","🇸🇻 YouTube Unique Views - El Salvador [RAV-GS™ - Real &amp; Active Views]","4.788","3.42","500","100000","smmwiz","69418dea-28b1-4779-b7f3-893b5aae42ca"
"youtube","🇻🇳 YouTube Social Shares [ Vietnam ]","2.072","1.48","50","100000","smmwiz","6a44c415-c654-41ba-b76d-f3563e405ccd"
"youtube","Spain Traffic from YouTube [LQ]","0.238","0.17","88","88888888","smmwiz","6a90f8f6-0b8b-45a2-b4fb-73a541d75187"
"youtube","Youtube Comments - [ Random - Mostly Emojis ] [ High Quality ] INSTANT","16.38","11.7","5","200","smmwiz","6a999a99-ce70-46f8-bc4e-4f3f1aa315f1"
"youtube","🇧🇪 YouTube Social Shares [ Belgium ]","2.072","1.48","50","100000","smmwiz","6bb0afe7-a719-4caf-b654-627c5ad36531"
"youtube","🇸🇬 YouTube Social Shares [ Singapore ]","2.072","1.48","50","100000","smmwiz","6bb20560-34ca-4b54-9cb0-62917de8b21d"
"youtube","🇨🇿 YouTube Unique Viewers - Czech Republic [TRU™ Titan - Targeted Real Users]","10.892","7.78","500","100000","smmwiz","6d2283f0-46e9-4f24-942a-1f7f2d5c5992"
"youtube","Youtube Subscribers -  [100/Day ] [ 30 Days Refill ] [ Non Drop ] INSTANT","26.166","18.69","50","10000","smmwiz","6d3afdc2-10e0-438b-a39e-aa8ecd2f8626"
"youtube","🇧🇩 YouTube Social Shares [ Bangladesh ]","2.072","1.48","50","100000","smmwiz","6e4ef239-fa86-40aa-908c-6529c21a649c"
"youtube","🇬🇧 YouTube UK Adwords Views – [ Min – 5k ] [ Non Drop ] INSTANT","10.01","7.15","5000","1000000000","smmwiz","6f994cd5-a851-4c24-b70b-a3913ad58a95"
"youtube","YouTube Live Stream Viewers - [Concurrent Viewers for 90 Mins+] [Stable, Fastest, Cheapest] INSTANT","10.976","7.84","50","40000","smmwiz","6ff07f19-ceaf-4dde-a86c-72d88c09b000"
"youtube","Youtube Live Stream Views [15 Minutes]","0.056","0.04","50","50000","smmwiz","7003266f-27d8-4b2f-b94e-b6ff50853430"
"youtube","🇦🇺 YouTube Social Shares [ Australia ]","2.072","1.48","50","10000","smmwiz","70d626a0-b563-4013-ad41-8e0be05570b1"
"youtube","Youtube Native Ads Views [Min 100K] [Lifetime Guarantee] [200-500K/D] [0-12/H]","0.938","0.67","100000","100000000","smmwiz","71bfa9b9-ddf5-4b14-8630-3140c94e8a9b"
"youtube","YouTube Live Stream Viewers - [Concurrent Viewers for 360 Mins+] [Stable, Fastest, Cheapest] INSTANT","43.904","31.36","50","40000","smmwiz","72961692-456a-4709-82c8-921f7c9c2b94"
"youtube","Real Humans Youtube MALE Comments - RANDOM | Start: 0-1 hour | Cancel Button Enabled","21","15","5","200","smmwiz","72a229f4-6c66-48b3-880e-14216e704b9f"
"youtube","🇸🇪 YouTube Unique Views - Sweden [RAV-GS™ - Real &amp; Active Views]","4.788","3.42","500","100000","smmwiz","73ecab32-53eb-49b5-9e50-18576f5f48dd"
"youtube","Youtube Live HR Concurrent Views | 120 Minutes | USA &amp; UK Traffic","11.76","8.4","500","30000","smmwiz","7441fd35-8f0d-4f32-9e64-8a18c4c3008b"
"youtube","Youtube Concurrent - Live Stream Views [12 HOURS] [Superfast, Cheapest] INSTANT","6.272","4.48","20","300000","smmwiz","7444dd4d-616f-4064-8475-e4b8e56ff137"
"youtube","🇮🇳 Youtube Native Indian Views - [ 5k-10k/day ] [ Non Drop, 60 Days Guaranteed ] 6-12 HRS","1.568","1.12","20000","50000000","smmwiz","747c3976-f51b-486f-9554-b42453900182"
"youtube","Youtube Likes [No Drop] [30 Days Refill] [5K/D] [Instant]","5.04","3.6","10","100000","smmwiz","74f95ada-b8ff-43b9-a519-4706bacfb72d"
"youtube","Romania Traffic from YouTube","0.56","0.4","500","1000000","smmwiz","750d273d-f057-4e8a-8080-f4b406131156"
"youtube","🇹🇼 YouTube Social Shares [ Taiwan ]","2.072","1.48","50","100000","smmwiz","00312edd-ac5c-4441-b9e6-7f1b7453b63c"
"youtube","🇭🇷 YouTube Social Shares [ Croatia ]","2.072","1.48","100","100000","smmwiz","761ccb05-9407-4649-9f53-141ffacbcbd2"
"youtube","🇨🇭 YouTube Social Shares [ Switzerland ]","2.072","1.48","50","100000","smmwiz","7742c2e6-54b9-44c1-a774-393e55a667e7"
"youtube","🇱🇰 YouTube Social Shares [ Sri Lanka ]","2.072","1.48","100","100000","smmwiz","777021ba-537c-477c-8aad-c34ba00e4a5b"
"youtube","Youtube Likes [30 Days Refill] [No Drop] [5K/D] [Instant]","3.36","2.4","10","20000","smmwiz","782b1cd4-3bb7-4646-9547-fc388cd6a4f7"
"youtube","Taiwan Traffic from YouTube [LQ]","0.238","0.17","88","88888888","smmwiz","786ca72e-cc71-42b3-ad94-2b2d0dc5481b"
"youtube","🇦🇪 YouTube Arab Adwords Views – [ Min – 5k ] [ Non Drop ] INSTANT","10.01","7.15","5000","1000000000","smmwiz","78855780-45e8-4262-8385-da03aaae9af3"
"youtube","🇮🇶 YouTube Social Shares [ Iraq ]","2.072","1.48","50","10000","smmwiz","788bdcf9-cb90-40b6-9af2-6993daca65c7"
"youtube","Youtube Live Stream [100% Concurrent] [30 Minutes]","0.574","0.41","100","100000","smmwiz","789cfb4c-20fb-4539-90e9-4207abfe80e9"
"youtube","🇸🇻 YouTube Social Shares [ El Salvador ]","2.072","1.48","50","10000","smmwiz","78dd37ab-3218-4f11-b764-4b272b753e6c"
"youtube","Spain Traffic from YouTube","0.56","0.4","500","1000000","smmwiz","799ecc4d-7392-4a60-875a-f1006777c1bc"
"youtube","YouTube Unique Views - 𝐄𝐧𝐠𝐥𝐢𝐬𝐡 𝐒𝐩𝐞𝐚𝐤𝐞𝐫𝐬[RAV™ - Real &amp; Active Views]","10.094","7.21","500","100000","smmwiz","79f39853-701c-4923-8bec-62d18d34b533"
"youtube","🇬🇹 YouTube Unique Views - Guatemala [RAV™ - Real &amp; Active Views]","4.956","3.54","500","100000","smmwiz","79f3fed9-b143-4255-b758-ed22e8bd9ff8"
"youtube","🇮🇱  YouTube Unique Views - Israel [RAV-MTS™ - High Monetization Views]","9.562","6.83","500","100000","smmwiz","7a338b41-bd41-400c-b2fc-df154cbb5fef"
"youtube","Youtube Live Chat Custom Comments [Live Stream / Premiere / Video Waiting To Be Published] [India]","3.318","2.37","5","10000","smmwiz","7aeb6c38-3b74-45f8-8aec-0a9bc09b9402"
"youtube","Switzerland Traffic from YouTube","0.882","0.63","1000","1000000","smmwiz","7b355c52-afff-44b2-b3f9-e9cc2d930488"
"youtube","Youtube Watchtime [5-10 Minutes] [Real] [World Wide] [1K/D] [0-1/H]","28.56","20.4","1","15000","smmwiz","7c2f2d8e-bc17-4f19-bf94-2d23608452d2"
"youtube","Youtube Live Stream [100% Concurrent] [120 Minutes]","2.268","1.62","100","100000","smmwiz","7ca3f6b4-8716-4d8d-b5ea-6e288689ad8a"
"youtube","🇹🇿 YouTube Unique Views - Tanzania [RAV-GS™ - Real &amp; Active Views]","4.788","3.42","500","100000","smmwiz","7dc6d8ba-c8d7-439f-af30-b61b219a7beb"
"youtube","🇵🇰 YouTube Social Shares [ Pakistan ]","2.072","1.48","50","100000","smmwiz","7ddb6767-94ae-48ce-800d-ef944470ad3d"
"youtube","🇳🇮 YouTube Unique Views - Nicaragua [RAV-GS™ - Real &amp; Active Views]","4.788","3.42","500","100000","smmwiz","7f1cf895-3617-4c65-8c47-fb1e9dba6f49"
"youtube","Youtube Concurrent - Live Stream Views [30 MINUTES] [CHEAPEST] [MAX - 50k] INSTANT","0.952","0.68","50","50000","smmwiz","7fa638f7-fb32-484d-b53e-fb2e2bf0752e"
"youtube","🇮🇷 YouTube Social Shares [ Iran ]","2.072","1.48","50","100000","smmwiz","80726dae-f1bb-4c3f-a9ad-156223378501"
"youtube","🇮🇳 YouTube Unique Views - India [RAV-MTS™ - High Monetization Views]","9.562","6.83","500","100000","smmwiz","80a02088-93f7-4dc7-95fa-a2be82888ec1"
"youtube","🇮🇳 Youtube Custom Indian Comments - [ Max - 15k ] [ 1k-3k/day ] 0-24 HRS","9.8","7","20","15000","smmwiz","817a9225-ce4f-4aa0-bbb9-624d56e6c0f8"
"youtube","🇿🇦 YouTube Social Shares [ South Africa ]","2.072","1.48","100","100000","smmwiz","81c04970-c8ba-493b-a084-af9884bbe155"
"youtube","🇸🇾 YouTube Unique Views - Syria [RAV™ - Real &amp; Active Views]","4.956","3.54","500","100000","smmwiz","82be04c5-51c1-4308-be17-3ff6e61dfed4"
"youtube","YouTube Live Stream - (6-Hours Concurrent Viewers) (20K Max) (Instant)","6.118","4.37","10","500000","smmwiz","83c9e59d-ccb4-46ba-be8d-89d2c0923ffa"
"youtube","Youtube Likes [Almost No Drop] [10K/H] [Super Instant]","1.4","1","10","100000","smmwiz","85182244-fd19-48d3-9c02-f61bb8824209"
"youtube","📱 YouTube Mobile Views [ TRU™ Mobile ] [ 🌍 Worldwide ] [ No-Ads Videos ] ⚡","2.226","1.59","1000","1000000","smmwiz","858a004c-7096-4c9f-beda-bcd149fdc9f5"
"youtube","🇵🇪 YouTube Social Shares [ Peru ]","2.072","1.48","50","10000","smmwiz","8595cbb4-67d3-48c1-a468-000ccd5414cf"
"youtube","🇰🇷 YouTube Unique Viewers - South Korea [TRU™ Titan - Targeted Real Users]","16.128","11.52","500","100000","smmwiz","86817216-49c6-4e9b-9345-b4db38acd1d4"
"youtube","Australia Traffic from YouTube","0.56","0.4","500","1000000","smmwiz","869e5ec8-613f-45fd-940a-9ea20969fca8"
"youtube","Youtube Live Stream Views + Likes [120 Minutes]","0.616","0.44","50","5000000","smmwiz","86bd704a-99ec-47c2-8ea8-e1166ff5a9bb"
"youtube","🇸🇾 YouTube Social Shares [ Syria ]","2.072","1.48","50","10000","smmwiz","875191de-0b47-4cf2-88e5-692498395cfd"
"youtube","YouTube Live Stream Views S5 - [ 150 Mins Live Watching ] INSTANT","1.106","0.79","50","500000","smmwiz","8768fbda-105c-4853-b12d-413d58a9cd06"
"youtube","YouTube Custom Comments | Non Drop | Lifetime Guaranteed ♻️ | Instant","3.108","2.22","10","50000","smmwiz","87819d91-1ef8-482b-9a50-463cdb322ee2"
"youtube","YouTube Native Views - [ Min - 100 ] [ 10k-30k/day ] [ Non Drop, Lifetime Guaranteed ] INSTANT","1.078","0.77","100","100000000","smmwiz","87c5820e-4e5a-471a-9313-660eb31c72a8"
"youtube","Youtube Organic Monthly Engagement","69160","49400","1","12","smmwiz","87c8cef1-b5d3-4157-9cca-a452964c59c1"
"youtube","🇲🇦 YouTube Unique Views - Morocco [RAV™ - Real &amp; Active Views]","4.956","3.54","500","100000","smmwiz","87ce4987-23ba-497f-94bf-54caee385eec"
"youtube","🇸🇩 YouTube Unique Views - Sudan [RAV™ - Real &amp; Active Views]","4.956","3.54","500","100000","smmwiz","87d35847-462a-4710-b844-538be7ebb615"
"youtube","Mexico Traffic from YouTube","0.56","0.4","500","1000000","smmwiz","88e0be24-2ebb-40c1-9ecd-0b2d68ef98d8"
"youtube","Youtube Live Stream [ 360 Minute ] [ 70-100% Concurrent ] [ Cheapest In Market ]","2.268","1.62","50","50000","smmwiz","89098a6f-5a74-40ab-aed5-24ee406cb31c"
"youtube","🇸🇦 YouTube Unique Views - Saudi Arabia [RAV™ - Real &amp; Active Views]","4.956","3.54","500","100000","smmwiz","899de685-9bc8-405b-b81b-9ca9e0b89dd6"
"youtube","🇪🇨 YouTube Unique Views - Ecuador [RAV-GS™ - Real &amp; Active Views]","4.788","3.42","500","100000","smmwiz","8ad28898-e7e5-43c8-958c-cfe46563ee57"
"youtube","YouTube Live Views [Stay 15 Minutes] [⚡Instant] [⭐Guaranteed Direct]","0.952","0.68","50","500000","smmwiz","8c8b5f1e-41d5-45d5-989d-7dce58b365ad"
"youtube","YouTube Live Stream - (2-Hours Concurrent Viewers) (20K Max) (Instant)","2.044","1.46","10","500000","smmwiz","8c991d2e-7fb2-4b63-b373-074e2397a653"
"youtube","Youtube Views [Retention: 5 Minutes] [Lifetime Warranty] [200-1K/D] [0-6/H]","9.072","6.48","50","10000000","smmwiz","8ce8e85f-9bc9-471d-8a5b-a010d92ff8cc"
"youtube","🇦🇱 YouTube Social Shares [ Albania ]","2.072","1.48","50","100000","smmwiz","8ea4bb6b-5258-4c81-8f5a-ad357fb44bf1"
"youtube","🇻🇳 Youtube Vietnam Native Views - [ 20k-50k/day ] [ Non Drop, 40 Days Guaranteed ] 6-12 HRS","10.654","7.61","10000","20000000","smmwiz","8f7da1d8-1fc0-45ce-bf5b-f0fa45b85dd3"
"youtube","YouTube Live Stream Viewers - [Concurrent Viewers for 180 Mins+] [Stable, Fastest, Cheapest] INSTANT","21.952","15.68","50","40000","smmwiz","90f6770a-20a8-4b01-a7b1-8b80589f2283"
"youtube","Youtube Live Stream [100% Concurrent] [60 Minutes]","1.134","0.81","100","100000","smmwiz","9101332f-dc6f-4938-bc63-9cc971916340"
"youtube","YouTube Unique Views [Real &amp; Active] [High Monetization]","11.298","8.07","500","200000","smmwiz","91b65e02-8169-44c9-ba1f-9241bc28a6e3"
"youtube","🇵🇭 YouTube Unique Views - Philippines [RAV-MTS™ - High Monetization Views]","9.562","6.83","500","100000","smmwiz","91ee540e-6eef-47d8-b5a1-70747996cfbe"
"youtube","NEW - YouTube Live Stream [✔ 30 Minute Concurrent Viewers] [Super Cheap] INSTANT","0.504","0.36","10","500000","smmwiz","9221dab8-14f6-4a3d-82ca-9b5994b7ed5e"
"youtube","YouTube Live Stream Views - [ 240 Mins Live Watching ] INSTANT","1.218","0.87","10","100000","smmwiz","92310d07-7b2e-40c6-8ff3-466c3733d5bc"
"youtube","Youtube Livestream Views | 150-250 Viewers | Valid For All Streams | 180 Minutes","0.896","0.64","100","2000","smmwiz","9239fe64-8513-4084-942b-cf7fb8b7e045"
"youtube","🇬🇧 YouTube Social Shares [ UK ]","2.072","1.48","50","100000","smmwiz","924946c9-9942-4334-ad9e-5425ff82f09a"
"youtube","🇺🇸 YouTube Unique Views - USA [RAV™ - Real &amp; Active Views]","10.094","7.21","500","100000","smmwiz","93f18ab2-0519-4d42-94d5-05e097010234"
"youtube","Youtube Live Stream [ 100% Concurrent - 120 Minutes ] Lowest Rate","0.546","0.39","50","500000","smmwiz","958c95ed-d572-4d1e-85f2-a3a500fa4c4e"
"youtube","Portugal Traffic from YouTube","0.56","0.4","500","1000000","smmwiz","96b7077b-8daf-434e-bdc9-b8911081e5f9"
"youtube","Youtube Live Stream [ 100% Concurrent - 180 Minutes ] Lowest Rate","4.55","3.25","50","500000","smmwiz","97097913-9879-4c2a-bbd6-d1e5580577ca"
"youtube","Youtube Live HR Concurrent Views | 60 Minutes | USA &amp; UK Traffic","7.056","5.04","500","30000","smmwiz","9867fd19-12ab-4ce8-bcf6-f91085139c90"
"youtube","Youtube Live Stream Views [360 Mins LIVE CONCURRENT] [UPTO 20K VIEWERS/SUPERFAST] INSTANT","33.88","24.2","100","100000","smmwiz","987aff68-6a3e-44bc-a7ce-a9da65e01979"
"youtube","♛ YouTube Social Shares from Twitter","0.882","0.63","100","500000","smmwiz","99239714-a357-4eec-8fab-08d2dcadb95b"
"youtube","YouTube Live Stream Viewers - [Concurrent Viewers for 60 Mins+] [Stable, Fastest, Cheapest] INSTANT","7.378","5.27","50","40000","smmwiz","992dabfb-be98-4607-9bd5-2e136975f962"
"youtube","Youtube Native Ads Views [Min 30K] [Lifetime Guarantee] [200-500K/D] [0-12/H]","1.512","1.08","30000","100000000","smmwiz","99a07823-936d-4e2a-b3d6-c764560a32de"
"youtube","Youtube Concurrent - Live Stream Views [24 HOURS] [Superfast, Cheapest] INSTANT","12.544","8.96","50","300000","smmwiz","99d329a1-1a73-4189-a5ac-36b917f94608"
"youtube","🇰🇷 YouTube Unique Views - South Korea [RAV-MTS™ - High Monetization Views][Premium Traffic]","14.42","10.3","500","100000","smmwiz","9a3cd61a-707d-4d54-bfea-63ecc6641e6b"
"youtube","Ireland Traffic from YouTube","0.56","0.4","500","1000000","smmwiz","9b999768-4c22-4fde-826c-40f7a676fe18"
"youtube","🇦🇺 YouTube Social Shares [ Australia ]","2.072","1.48","50","10000","smmwiz","9c8743c3-29ad-45e0-b140-491a4aa4208f"
"youtube","Youtube Likes + %50-100 Views From Google Search [Increase Watchtime] [No Drop] [No Refill] [50K/D] [Instant]","4.2","3","50","100000","smmwiz","9c967d0a-f13a-4a74-bb71-24496ab4644c"
"youtube","Youtube Comments [RANDOM] [100] [KOREA]","46.256","33.04","10","250","smmwiz","9e2cc1ef-bedc-4071-b78e-ddc423b44d06"
"youtube","🇮🇳 YouTube Social Shares [ India ]","2.072","1.48","50","10000","smmwiz","9e6dff10-8aa9-4ecc-94c4-37a0289388e2"
"youtube","🇶🇦 YouTube Social Shares [ Qatar ]","2.072","1.48","50","10000","smmwiz","9f07b8c4-fe63-43e5-9958-a4c7e482ebd5"
"youtube","YouTube Unique Views - 𝐀𝐫𝐚𝐛𝐢𝐜 𝐒𝐩𝐞𝐚𝐤𝐞𝐫𝐬 [RAV-GS™ - Real &amp; Active Views]","4.788","3.42","500","100000","smmwiz","9f151d02-75c0-4362-85f1-412df30a5fbc"
"youtube","Russia Traffic from YouTube [LQ]","0.238","0.17","88","88888888","smmwiz","9f6e6ace-996b-447f-93aa-a59fbbdd1f2d"
"youtube","YouTube Views – [ 3k-5k/Day Speed ] [ Low Drop ] [ Lifetime Guaranteed ] INSTANT","1.092","0.78","100","100000000","smmwiz","a020b599-8da1-4da0-8ec7-9892f4a2dccf"
"youtube","Ukraine Traffic from YouTube","0.56","0.4","500","1000000","smmwiz","a04e0024-a116-454c-a736-41eab7f24acd"
"youtube","YouTube Live Views [Stay 30 Minutes] [⚡Instant] [⭐Guaranteed Direct]","1.89","1.35","50","500000","smmwiz","a1378a87-2612-44ec-b149-abc32f4393a8"
"youtube","🇱🇰 YouTube Social Shares [ Sri Lanka ]","2.072","1.48","100","100000","smmwiz","a1d3203c-12f4-4bba-9739-45a0af4689ac"
"youtube","YouTube Live Stream Views - [ Premium Quality ] [ Good For Ranking ] [ 3 Hours Live Watching ] INSTANT","7.532","5.38","50","500000","smmwiz","a23f9f78-df8b-4013-9754-92e1660d29ae"
"youtube","YouTube Views - [ Real &amp; Active ] [ Mixed Sources - Native Ads ]INSTANT","2.352","1.68","20000","80000000","smmwiz","a24d0ec5-0086-4dd3-a8f5-6d56d9385603"
"youtube","🇦🇱 YouTube Unique Views - Albania [RAV-GS™ - Real &amp; Active Views]","4.788","3.42","500","100000","smmwiz","a27944b3-0081-49aa-9669-368bc7bba02f"
"youtube","🇻🇳 YouTube Unique Views - Viet Nam [RAV-GS™ - Real &amp; Active Views]","4.788","3.42","500","100000","smmwiz","a2fd542c-6e41-4766-bf67-ca853b00016f"
"youtube","Youtube Views - [ NATIVE ADS ] [ Min - 5k ] [ 500k/day ] [ Non Drop ] [ 60 Days Guaranteed ] INSTANT","2.156","1.54","3000","100000000","smmwiz","a3842a1f-39c1-4572-a38b-2b6e0a132b80"
"youtube","YouTube Views [ Suggested Source ] [ Daily 10K ] [ Instant Start ] [ Cancel Button ] [ ♻️30 Days ]","1.162","0.83","100","1000000","smmwiz","a3bdeb3c-db5c-4435-a53b-d15ab829804a"
"youtube","🇲🇾 YouTube Social Shares [ Malaysia ]","2.072","1.48","50","100000","smmwiz","a3d366e0-e09c-47c0-a54c-fac9854a1c24"
"youtube","🇻🇳 YouTube Unique Viewers - Viet Nam [TRU™ Titan - Targeted Real Users]","10.892","7.78","500","100000","smmwiz","a53e07ff-1103-4828-a65d-cd87a8bfabdc"
"youtube","🇵🇬 YouTube Unique Views - Papua New Guinea [RAV™ - Real &amp; Active Views]","4.956","3.54","500","100000","smmwiz","a54b438d-7c74-46b2-b77c-8bdbb3583212"
"youtube","🇧🇷 YouTube Unique Views - Brazil [RAV-GS™ - Real &amp; Active Views]","4.788","3.42","500","100000","smmwiz","a58719ec-da0e-42e6-a7f0-db930de40320"
"youtube","Youtube Live Stream Views + Likes [720 Minutes]","3.696","2.64","50","5000000","smmwiz","a752a53e-ebb2-400e-8dc5-ba5ba85dc3d1"
"youtube","🇸🇪 YouTube Unique Views - Sweden [RAV™ - Real &amp; Active Views]","4.956","3.54","500","100000","smmwiz","aa00dc99-5a42-4cd3-9014-84fcc5075714"
"youtube","🇫🇷 YouTube Unique Views - France [RAV-MTS™ - High Monetization Views]","9.562","6.83","500","100000","smmwiz","ac458278-34db-4b17-90ba-f53094d8f802"
"youtube","🇨🇿 YouTube Social Shares [ Czech Republic ]","2.072","1.48","50","100000","smmwiz","adb71fe5-dcd7-4a64-b3ca-f4cb1ff080ff"
"youtube","🇪🇸 YouTube Unique Views - Spain [RAV-GS™ - Real &amp; Active Views]","4.788","3.42","500","100000","smmwiz","ae7526a3-f3bf-44b3-b84b-452bcdd725ce"
"youtube","Youtube Livestream Views [30 Minutes]","0.504","0.36","100","100000","smmwiz","aebaf208-3619-42a5-9b86-d058252ffebe"
"youtube","📱 YouTube Mobile Views [ TRU™ Mobile ] [ 🇰🇷 South Korea ] [ No-Ads Videos ] ⚡","9.688","6.92","1000","1000000","smmwiz","b0109409-6e8d-4154-b1c4-f7f08dbf30ca"
"youtube","Youtube Live Stream Views - [Min - 5K] [720+ Minutes - Live Concurrent] [High Watching; Reliable] 𝗜𝗡𝗦𝗧𝗔𝗡𝗧","37.632","26.88","5000","1000000","smmwiz","b045c6c5-d95e-41c2-aec4-c2aba7de41ae"
"youtube","🇯🇴 YouTube Unique Views - Jordan [RAV-GS™ - Real &amp; Active Views]","4.788","3.42","500","100000","smmwiz","b04b326c-7ddd-4b3e-8a2b-ce3e26997b5d"
"youtube","Youtube Subscribers [Real People] [No Drop] [R30] [1-2K/D] [0-1/H]","58.8","42","20","20000","smmwiz","b1b35de7-2797-4be4-a368-c5c7d562e418"
"youtube","Youtube Live Stream [ 720 Minute ] [ 70-100% Concurrent ] [ Cheapest In Market ]","10.542","7.53","50","500000","smmwiz","b2af5028-0cf6-4521-a02b-9fdd6d3a01b8"
"youtube","🇭🇳 YouTube Social Shares [ Honduras ]","2.072","1.48","50","10000","smmwiz","b2cd7618-d476-4250-b0fc-dda2124068f6"
"youtube","Youtube Live Stream Views [720 Mins LIVE CONCURRENT] [UPTO 20K VIEWERS/SUPERFAST] INSTANT","67.746","48.39","100","100000","smmwiz","b2edbba8-c27b-4790-97b6-66fdce58c6cc"
"youtube","Youtube Live Stream [ 24 hours Live ] [ 70-100% Concurrent ] [ Cheapest In Market ]","21.084","15.06","50","500000","smmwiz","b3072d4d-e26e-44b7-bfef-6d13641fa128"
"youtube","🇯🇲 YouTube Unique Views - Jamaica [RAV™ - Real &amp; Active Views]","4.956","3.54","500","100000","smmwiz","b42aa6eb-6cc2-4c66-ba19-f4005c5b3df1"
"youtube","Youtube Views 100%, likes 30%, Subscribers 10% + ads clicks ","50.96","36.4","100","15000","smmwiz","b43b6ef5-3d50-4818-a242-58852350b604"
"youtube","🇵🇭 YouTube Unique Views - Philippines [RAV™ - Real &amp; Active Views]","4.956","3.54","500","100000","smmwiz","b44dda44-e570-4dc5-b08e-7aa0a3e5dfd9"
"youtube","Youtube Live Stream Views [60 Mins LIVE CONCURRENT] [UPTO 20K VIEWERS/SUPERFAST] INSTANT","5.656","4.04","100","100000","smmwiz","b473ea79-0ed2-4968-89dc-03ae7c4444a9"
"youtube","🇪🇨 YouTube Unique Views - Ecuador [RAV™ - Real &amp; Active Views]","4.956","3.54","500","100000","smmwiz","b5862a98-42d0-4a86-9f4a-ce5356337e9a"
"youtube","YouTube Live Stream Views - [ Premium Quality ] [ Good For Ranking ] [ 15 Mins Live Watching ] INSTANT","0.63","0.45","20","500000","smmwiz","b5a43c5e-d2b2-494c-8a64-8798aae11a78"
"youtube","🔺 Youtube Views [ Works on all videos! Embed Off/Age Restricted/Slots ] - [ Speed = 5-10K Day] [Max 10M] [R90] [Instant Start]","1.484","1.06","100","1000000","smmwiz","b5b3fc43-b71f-40e6-8da0-f188c7587d5a"
"youtube","🇬🇭 YouTube Unique Views - Ghana [RAV™ - Real &amp; Active Views]","4.956","3.54","500","100000","smmwiz","b6d6426a-797b-467e-af08-4e6ff5daa454"
"youtube","Youtube Live Stream [100% Concurrent] [15 Minutes]","0.294","0.21","100","100000","smmwiz","b70324c4-f56e-45d3-bba0-d2e50fcbb6d4"
"youtube","🇮🇩 YouTube Unique Views - Indonesia [RAV-GS™ - Real &amp; Active Views]","4.788","3.42","500","100000","smmwiz","b714d1a0-6e5b-40ec-aedd-61ff33e133dc"
"youtube","🗣️ YouTube Unique Viewers - Portuguese Speakers [TRU™ Titan - Targeted Real Users]","10.892","7.78","500","100000","smmwiz","b7b286b4-5240-4635-a6e0-7dab335945a5"
"youtube","Youtube Live Stream Concurrent Views [HR] [ 1000 Quantity = 1000 Viewers | [ Stay For 3 hours ] INSTANT","1.694","1.21","10","100000","smmwiz","b7c1c4d2-e29c-4453-b691-915670591a91"
"youtube","🇵🇷 YouTube Unique Views - Puerto Rico [RAV-GS™ - Real &amp; Active Views]","4.788","3.42","500","100000","smmwiz","b835a1bf-2f09-4000-a145-4a838e5fd5d0"
"youtube","🇯🇵 YouTube Custom Comments [Japan]","106.624","76.16","10","250","smmwiz","b84a75d1-6f6f-43c8-a6ee-c4e630469d31"
"youtube","🇴🇲 YouTube Unique Views - Oman [RAV-GS™ - Real &amp; Active Views]","4.788","3.42","500","100000","smmwiz","b8e7e165-c93b-4c01-a0a2-92ae1e0ebc4b"
"youtube","Youtube Views - [ NATIVE ADS ] [ Min - 30k ] [ 500k/day ] [ Non Drop ] [ 60 Days Guaranteed ] INSTANT","1.428","1.02","30000","50000000","smmwiz","b8fa90e5-4f56-4707-80e3-e392a6ec7639"
"youtube","Youtube Livestream Views - [ 60 Minutes Stable Concurrent Viewers ]","0.308","0.22","10","100000","smmwiz","ba63f9a0-96d5-40bc-8bbd-1cda20d3e293"
"youtube","🇹🇼 YouTube Unique Views - Taiwan [RAV-MTS™ - High Monetization Views]","9.562","6.83","500","100000","smmwiz","bc0f67d5-0af9-477f-b066-fbc9b6f521b7"
"youtube","Youtube Livestream Views [180 Minutes Stable Concurrent Viewers]","0.91","0.65","10","100000","smmwiz","bc4bbc07-acc2-48c0-ac0a-b799e7faf19f"
"youtube","🇹🇳 YouTube Unique Views - Tunisia [RAV-GS™ - Real &amp; Active Views]","4.788","3.42","500","100000","smmwiz","be41fcb0-6c34-415e-bd00-6f0d298bcf54"
"youtube","🇵🇹 YouTube Unique Views - Portugal [RAV-GS™ - Real &amp; Active Views]","4.788","3.42","500","100000","smmwiz","be5279fd-ef43-4dcc-b9e0-1e6ee2b22206"
"youtube","Youtube AdWords Views - [ Min - 50k ] [ Speed - 100k/day ] [ Life Time Guaranteed ] 6-24 HRS","1.148","0.82","50000","2147483647","smmwiz","be7290d3-927c-4c6a-88d4-4c2bf771a7b7"
"youtube","Youtube Watchtime [2-3 Minutes] + Dislikes [Real] [World Wide] [1K/D] [0-1/H]","24.528","17.52","1","15000","smmwiz","be732cef-e006-4568-88ad-08337211779e"
"youtube","🇪🇬 YouTube Unique Views - Egypt [RAV-GS™ - Real &amp; Active Views]","4.788","3.42","500","100000","smmwiz","bf8e7157-c9c5-441b-a54b-144a97813323"
"youtube","YouTube Subscribers [ High Quality ] [ Daily 100 ] [ 0-1H Start ] [ ♻️30Days ]","21.182","15.13","100","1000000","smmwiz","bfe360c8-9d60-4a3e-971d-3c827d11b62c"
"youtube","🇨🇱 YouTube Social Shares [ Chile ]","2.072","1.48","50","10000","smmwiz","c098ad28-f29d-4633-b0ce-1d5d70096def"
"youtube","🇨🇴 YouTube Unique Views - Colombia [RAV-GS™ - Real &amp; Active Views]","4.788","3.42","500","100000","smmwiz","c0a576bd-b161-4271-81d4-4168bf5ce68a"
"youtube","🇰🇷 YouTube Social Shares [ South Korea ]","2.072","1.48","50","100000","smmwiz","c0afa960-1ad0-48b5-99e0-b40c7b3f3322"
"youtube","Youtube Comments [CUSTOM]  [INDIAN]","64.764","46.26","10","250","smmwiz","c0c475c1-8910-4c8a-8ecc-253aa356c819"
"youtube","🇲🇩 YouTube Unique Viewers - Moldova [TRU™ Titan - Targeted Real Users]","10.892","7.78","500","100000","smmwiz","c1a6af03-5e20-4442-b52d-2383e0f841de"
"youtube","🇹🇷 YouTube Social Shares [ Turkey ]","2.072","1.48","50","100000","smmwiz","c212926b-bc25-4275-b75f-dd009a3b39bb"
"youtube","🇲🇳 YouTube Unique Views - Mongolia [RAV™ - Real &amp; Active Views]","4.956","3.54","500","100000","smmwiz","c244cdde-96b3-498c-96a9-aee2953cbb3c"
"youtube","🇱🇦 YouTube Unique Views - Laos [RAV™ - Real &amp; Active Views]","4.956","3.54","500","100000","smmwiz","c2e42f4c-e1e6-4505-9365-b87a0908456a"
"youtube","Youtube Livestream Views [360 Minutes Stable Concurrent Viewers]","1.82","1.3","10","100000","smmwiz","c304a288-126c-41fd-aac4-fe76f1450922"
"youtube","France Traffic from YouTube [LQ]","0.238","0.17","88","88888888","smmwiz","c45b1a4f-be85-416b-aee6-8bc8eef0a5dc"
"youtube","Youtube Native Ads Views [Min 1K] [Lifetime Guarantee] [200-500K/D] [0-12/H]","2.268","1.62","1000","100000000","smmwiz","c4987d34-c711-4dc0-80a7-cb447662a685"
"youtube","🇵🇭 YouTube Unique Views - Philippines [RAV-GS™ - Real &amp; Active Views]","4.788","3.42","500","100000","smmwiz","c5719a10-eaa2-4834-ae1b-92adf07bf2d6"
"youtube","YouTube Native Ads Views | Speed: 100K+/day | Min 40K | Lifetime Refill","1.204","0.86","40000","100000000","smmwiz","c5af3b8d-8082-41cb-aab6-7f5b8b399c30"
"youtube","🇮🇹 YouTube Unique Views - Italy [RAV-GS™ - Real &amp; Active Views]","4.788","3.42","500","100000","smmwiz","c5ccc5a2-9b8b-4732-9848-6033bdfa2d95"
"youtube","ID 3209 Youtube Ultra Native Fast Views|20-50 k daily||Start 0-3 h | Lifetime Guaranteed|Min 2k","0.994","0.71","2000","1000000","smmwiz","c6fa9ec5-6bd5-4f2d-afe2-157a4c10ea71"
"youtube","🇮🇹  YouTube Unique Views - Italy [RAV-MTS™ - High Monetization Views]","9.562","6.83","500","100000","smmwiz","c700a6e9-b525-4c49-b589-065bdd3918ef"
"youtube","🇻🇳  Youtube Vietnam Social Ads Views - [ 5k-50k/day ] [ Non Drop, 30 Days Guaranteed ] 6-12 HRS","6.552","4.68","10000","6000000","smmwiz","c71c8dcb-0f8f-4004-a7ba-47b6f0e95800"
"youtube","Youtube Likes [ Max - 175k ] [ Superfast ] [ 30 Days Refill ] INSTANT","8.19","5.85","10","175000","smmwiz","c724a9c9-ceb2-4190-b033-cb8e5fa4d295"
"youtube","▶️ Youtube View Native Ads | Min 100k | NON DROP | Speed 150-500k+/Day","1.162","0.83","100000","50000000","smmwiz","c8298088-15e9-4fe9-a0c3-2def093411da"
"youtube","YouTube Unique Views - 𝐒𝐩𝐚𝐧𝐢𝐬𝐡 𝐒𝐩𝐞𝐚𝐤𝐞𝐫𝐬 [RAV-MTS™ - High Monetization Views]","9.562","6.83","500","100000","smmwiz","c9dab118-8273-4cc5-8f7a-f7a60823689d"
"youtube","🇲🇹 YouTube Unique Viewers - Malta [TRU™ Titan - Targeted Real Users]","10.892","7.78","500","100000","smmwiz","ca569e01-f9e9-49b8-abb6-b947d4c197a9"
"youtube","Singapore Traffic from YouTube","0.56","0.4","500","1000000","smmwiz","ca5dc96c-0818-4943-8f9c-d38573282a14"
"youtube","🇨🇱 YouTube Social Shares [ Chile ]","2.072","1.48","50","10000","smmwiz","ca624408-55c3-4557-8a95-d60499cad362"
"youtube","Turkey Traffic from YouTube [LQ]","0.238","0.17","88","88888888","smmwiz","cb616e0f-0d71-4a19-b607-92120144bd49"
"youtube","🇯🇵 YouTube Unique Views - Japan [RAV™ - Real &amp; Active Views]","4.956","3.54","500","100000","smmwiz","cb70afd5-a0ba-47ea-be22-aedfa1a38603"
"youtube","YouTube Unique Views -  𝐅𝐫𝐞𝐧𝐜𝐡 𝐒𝐩𝐞𝐚𝐤𝐞𝐫𝐬[RAV™ - Real &amp; Active Views]","4.956","3.54","500","100000","smmwiz","cb8ae616-9325-4bdc-93e0-57703d611d23"
"youtube","YouTube Native Ads Views | Speed: 100K+/day | Min 3K | Lifetime Refill","1.512","1.08","3000","100000000","smmwiz","cbcff8d5-46c9-4ae2-ad0e-b60a3922895f"
"youtube","Youtube Livestream Views [1440 Minutes]","36.232","25.88","100","100000","smmwiz","cc5ef39c-8e79-4095-9eac-c8556404d0e5"
"youtube","Youtube Views - [ NATIVE ADS ] [ Min - 2k ] [ 500k/day ] [ Non Drop ] [ 60 Days Guaranteed ] INSTANT","2.548","1.82","2000","50000000","smmwiz","cc723078-e92c-43b6-882f-f51c4d702944"
"youtube","Youtube Live Chat Custom Comments [Live Stream / Premiere / Video Waiting To Be Published] [Brazil]","3.318","2.37","5","7500","smmwiz","cd909ce4-e185-4329-9ba8-1ca6d35da697"
"youtube","Youtube Watchtime [2-3 Minutes] + Likes + Subscribers [Real] [World Wide] [1K/D] [0-1/H]","37.128","26.52","1","15000","smmwiz","ec5dc371-1233-4475-b6e6-9ecc82149fbf"
"youtube","All-in-one Youtube (without a subscription)","68.88","49.2","50","5000","smmwiz","ec6351a0-6edf-44bf-a799-5c96f8538af8"
"youtube","♛ YouTube Social Shares from Naver 💎","4.396","3.14","100","200000","smmwiz","ee7a4f3b-84ef-40ec-92eb-256a7583e62e"
"youtube","Japan Traffic from YouTube [LQ]","0.238","0.17","88","88888888","smmwiz","ee9ed4ed-edfb-4a1c-a8e7-58ff85a8848c"
"youtube","YouTube Live Viewers - [ Stay 3 Hour ] [ ⭐Direct Provider ] ⚡ Fast Increase","5.488","3.92","20","20000","smmwiz","ef53551a-aec1-4492-97fc-9bbd031039a7"
"youtube","YouTube Live Stream Views - [ Premium Quality ] [ Good For Ranking ] [ 24 Hours Live Watching ] INSTANT","31.36","22.4","50","500000","smmwiz","f02eb2b7-7aec-472e-9c07-854afe2a9ed7"
"youtube","🇩🇪 Youtube Native Germany Views - [ 5k-20k/day ] [ 60 Days Guaranteed ] 6-12 HRS","9.016","6.44","5000","500000","smmwiz","f2129cf2-caae-4671-9fe5-f13c27df4d2d"
"youtube","🇹🇼 YouTube Unique Views - Taiwan [RAV-GS™ - Real &amp; Active Views]","4.788","3.42","500","100000","smmwiz","f224fd85-f57d-428e-a1b1-85034eab77c7"
"youtube","🇵🇱Poland Traffic from YouTube [No Refill] [Max: 1M] [Start Time: 12 Hours] [Speed: 10K/Day]","0.6125","0.4375","500","1000000","jap","01264cac-bf8d-4a6c-b113-a6e0455dd6e1"
"youtube","🇦🇪 YouTube Unique Views - United Arab (UAE) [RAV™ - Real &amp; Active Views]","4.956","3.54","500","100000","smmwiz","00a78ced-a0e5-40c6-844e-0f9007e6d704"
"youtube","Youtube Likes - [ Max - 5k ] [ SUPERFAST ] [ 30 Days Refill ] SUPER INSTANT","3.36","2.4","10","100000","smmwiz","00c14428-e0ac-4fff-997a-493f19f4a477"
"youtube","YouTube Unique Views - 𝐏𝐨𝐫𝐭𝐮𝐠𝐮𝐞𝐬𝐞 𝐒𝐩𝐞𝐚𝐤𝐞𝐫𝐬 [RAV-GS™ - Real &amp; Active Views]","4.788","3.42","500","100000","smmwiz","00c60fd8-9457-42df-8810-3e92f9923d99"
"youtube","🇧🇦 YouTube Social Shares [ Bosnia and Herzegovina ]","2.072","1.48","50","10000","smmwiz","00c75fd5-ae06-4e5d-92b9-54607110d746"
"youtube","Youtube Live Stream [ 60 Minutes ] [ Concurrent ] [ Cheapest In Market ]","0.378","0.27","50","50000","smmwiz","02ca1be4-a3d8-4c6a-9da8-d073969b8ed8"
"youtube","NEW - YouTube Live Stream [✔ 3 Hours Concurrent Viewers] [Super Cheap] INSTANT","2.954","2.11","10","500000","smmwiz","02e76016-ccc4-44dc-9294-922f5fb91d3c"
"youtube","Czech Republic Traffic from YouTube [LQ]","0.238","0.17","88","88888888","smmwiz","02f74a81-af3e-4dd4-a300-cde0ba07636e"
"youtube","Youtube Likes [No Drop] [30 Days Refill] [100K/D] [Instant]","0.672","0.48","10","100000","smmwiz","030a05e7-87d1-4432-83cd-728c0cf98467"
"youtube","🇷🇺Russia Traffic from YouTube [No Refill] [Max: 1M] [Start Time: 12 Hours] [Speed: 10K/Day]","0.6125","0.4375","500","1000000","jap","085c99c6-d53f-43a2-98b3-c008b38df278"
"youtube","🇰🇷South Korea Traffic from YouTube [Refill: No] [Max: 1M] [Start Time: 12 Hours] [Speed: 10K/Day]","0.245","0.175","88","88888888","jap","15033e39-d3ed-4892-b228-e25f6db22243"
"youtube","Portugal Traffic from YouTube","0.6125","0.4375","500","1000000","jap","1e7e35b2-82a3-4c4b-acd7-ab56d9b9e120"
"youtube","🇳🇱Netherlands Traffic from YouTube [No Refill] [Max: 1M] [Start Time: 12 Hours] [Speed: 10K/Day]","0.6125","0.4375","500","1000000","jap","2256206f-ed23-4f46-9754-d023e79adfa5"
"youtube","🇫🇷France Traffic from YouTube [No Refill] [Max: 1M] [Start Time: 12 Hours] [Speed: 10K/Day]","0.35","0.25","100","1000000","jap","3b57de7c-ec54-4359-9119-fa676bb214ef"
"youtube","🇹🇼Taiwan Traffic from YouTube [No Refill] [Max: 1M] [Start Time: 12 Hours] [Speed: 10K/Day]","0.6125","0.4375","500","1000000","jap","3f375f01-1dd6-4c43-a130-a4713f5dff05"
"youtube","🇹🇷Turkey Traffic from YouTube [No Refill] [Max: 1M] [Start Time: 12 Hours] [Speed: 10K/Day]","0.6125","0.4375","500","1000000","jap","5fde0a7c-01cc-4201-a912-df63993fb910"
"youtube","🇩🇪Germany Traffic from YouTube [No Refill] [Max: 1M] [Start Time: 12 Hours] [Speed: 10K/Day]","0.245","0.175","88","88888888","jap","60152448-2b4b-45f0-9412-396c1caf8a55"
"youtube","🇸🇬Singapore Traffic from YouTube [No Refill] [Max: 1M] [Start Time: 12 Hours] [Speed: 10K/Day]","0.6125","0.4375","500","1000000","jap","65a6cf42-dac0-468c-a5a8-171f0519d5f4"
"youtube","🇨🇦Canada Traffic from YouTube [No Refill] [Max: 1M] [Start Time: 12 Hours] [Speed: 10K/Day]","0.6125","0.4375","500","1000000","jap","68778d84-349d-400f-b631-b213ff7e0370"
"youtube","🇨🇳China Traffic from YouTube [No Refill] [Max: 1M] [Start Time: 12 Hours] [Speed: 10K/Day]","0.6125","0.4375","500","1000000","jap","76891ab7-ad5c-4a47-b002-dac955fa8ac9"
"youtube","🇻🇳Vietnam Traffic from YouTube [No Refill] [Max: 1M] [Start Time: 12 Hours] [Speed: 10K/Day]","0.6125","0.4375","500","1000000","jap","7a7d6535-ca56-4e97-9b7f-d7029724a860"
"youtube","🇺🇸USA Traffic from YouTube [Refill: No] [Max: 1M] [Start Time: 0 - 12 Hours] [Speed: 10K/Day] 💧","0.245","0.175","88","88888888","jap","8a3c9c75-a6bc-421f-8a72-31d37ff389fe"
"youtube","🇲🇽Mexico Traffic from YouTube [No Refill] [Max: 1M] [Start Time: 12 Hours] [Speed: 10K/Day]","0.6125","0.4375","500","1000000","jap","8be297ed-2641-4f06-8191-3de1d39f6857"
"youtube","🇮🇩Indonesia Traffic from YouTube [Refill: No] [Max: 1M] [Start Time: 12 Hours] [Speed: 10K/Day]","0.35","0.25","100","1000000","jap","8e57f14c-a420-4741-8272-b218c20f2408"
"youtube","🇧🇷Brazil Traffic from YouTube [Refill: No] [Max: 1M] [Start Time: 12 Hours] [Speed: 10K/Day]","0.245","0.175","88","88888888","jap","8ea93283-f834-4224-9404-d07b9398dc94"
"youtube","Website Traffic From Youtube [WW] [Refill: No] [Max: 1M] [Start Time: 0 - 12 Hours] [Speed: 50K/Day] 💧","0.245","0.175","88","88888888","jap","9df7fabf-6f61-4f1d-a277-2bd7298f31e3"
"youtube","🇺🇦Ukraine Traffic from YouTube [No Refill] [Max: 1M] [Start Time: 12 Hours] [Speed: 10K/Day]","0.6125","0.4375","500","1000000","jap","9e27b930-67d6-45d9-97ed-86dbe5afcec0"
"youtube","🇬🇧UK Traffic from YouTube [Refill: No] [Max: 1M] [Start Time: 12 Hours] [Speed: 10K/Day] 💧","0.245","0.175","88","88888888","jap","a43adf93-c20f-4bf8-b395-99b78e73ab00"
"youtube","🇪🇸Spain Traffic from YouTube [No Refill] [Max: 1M] [Start Time: 12 Hours] [Speed: 10K/Day]","0.6125","0.4375","500","1000000","jap","a6eb4b13-1491-4443-8433-7a89dc16fe9f"
"youtube","YouTube AUTO Social Shares from Email","0.952","0.68","100","100000","smmwiz","8b57762a-effc-4daa-97ee-202a1db4fe77"
"youtube","🇹🇭Thailand Traffic from YouTube [No Refill] [Max: 1M] [Start Time: 12 Hours] [Speed: 10K/Day]","0.6125","0.4375","500","1000000","jap","be3554e6-94a2-4941-811f-1dd2e608f2c4"
"youtube","Youtube Views [AUTO R∞] [Max: ∞] [Start Time: 12 Hours] [Speed: 5K/Day] 🔥🔥🔥","4.368","3.12","50","2147483647","jap","01728615-3027-4ba9-8b8c-0b799c22fb0f"
"youtube","🇹🇼 YouTube Social Shares [ Taiwan ]","2.072","1.48","50","100000","smmwiz","00312edd-ac5c-4441-b9e6-7f1b7453b63c"
"youtube","Youtube Views [RAV-MTS™ + Engagement] [Refill: 90 Days] [Max: 500K] [Start Time: 0-1 Hour] [Speed: 2K/Day] ♻️","8.4","6","500","500000","jap","0232dec4-1f6b-4b77-a7d3-9b3a3f441c0d"
"youtube","Youtube Views [Refill: Auto 90D] [Max: 1M] [Start Time: 0 - 12 Hrs] [Speed: Up to 40K/D] 💧♻️⛔","1.4","1","100","500000","jap","04fa353b-75f3-4bd5-b57c-96d92ee3a6cf"
"youtube","🇩🇪Youtube Likes [GERMANY] [Max: 1K] [Refill: 30 Days] [Start Time: 0 - 12 Hours] [Speed: 50/Day]","13.3","9.5","10","200000","jap","05ed0e80-61a5-40e8-8923-777281090aa7"
"youtube","Youtube Subscribers [100K] [R30] [12H - 100-500/Day] 🆕🆕🆕","27.6675","19.7625","100","1000000","jap","065b69c6-7b75-4b0d-aae1-6d6c5e4a8590"
"youtube","Youtube Live Stream Views[Max: 50K] [Start Time: Instant] [Speed: For 90 Minutes]","3.99","2.85","50","50000","jap","06aa98f1-657d-49aa-be6e-d18d8ef5816d"
"youtube","🇫🇷Youtube Views [FRANCE Discovery ADS] [PURE ORGANIC] [ZERO DROP] [Max: 10M] [Start Time: 24 Hours] [Speed: 1M/Day] 🔥","8.316","5.94","10000","10000000","jap","06dc9b8f-1468-4949-851b-76cf3888be73"
"youtube","Youtube Views [ADS] [WW] [Max: 100M] [Min: 100K] [Start Time: 0 - 48 Hours] [Speed: 1M/Day] 🔥","0.665","0.475","100000","1000000","jap","07787d1a-c823-477d-84bb-1c4c82118880"
"youtube","🇺🇸 YouTube USA Social Shares [Refill: Lifetime] [Max: 10K] [Start Time: 0 - 1 Hour] [Speed: 10K/Day]","0.35","0.25","100","100000","jap","07bad16a-91fc-4e81-ae4b-d825b3e3685c"
"youtube","🇰🇷Youtube ADS Views [SOUTH KOREA] [Lifetime Guaranteed] [Max: 10M] [Start Time: 72 Hours] [Speed: 50K/Day] ♻️","9.576","6.84","3000","100000000","jap","09257a6c-aecb-48eb-ace3-a47544414f81"
"youtube","YouTube Pre-Premiere Waitings [APV™ Automated Passive Views] [Startime: Instant] [Refill: No]🔥🔥🔥","1.575","1.125","5000","5000","jap","099b9d0b-5be0-45ce-9e84-0138dd098fe1"
"youtube","Youtube Asia Subscribers [Refill: 30D] [Max: 100K] [Start Time: 0 - 3 Hrs] [Speed: Up to 10K/D] 💧","35.805","25.575","100","1000000","jap","0cd35325-9765-47df-a9e5-8d620e98f123"
"youtube","Youtube Likes [Refill: 30D] [Max: 100K] [Start Time: 0 - 3 Hrs] [Speed: 5K/D] 💧","3.325","2.375","10","20000","jap","0dae0b0c-8baa-4fa5-b600-218a50eff8b5"
"youtube","🇻🇳 YouTube Unique Views - Vietnam [RAV™] [Refill: 90 Days] [Max: 100K] [Start Time: 0-1 Hour] [Speed: 200-1000/Day] ♻️","4.9","3.5","500","100000","jap","0e21044f-1478-43e3-8789-b9348bbb8b8a"
"youtube","🇧🇷Youtube ADS Views [BRAZIL] [Lifetime Guaranteed] [Max: 10M] [Start Time: 72 Hours] [Speed: 50K/Day] ♻️","7.896","5.64","3000","100000000","jap","0e5727f8-0919-4b42-b10e-1e7867c346b1"
"youtube","Youtube Live Stream Views [20-50% concurrent for 10-15 minutes] [Max: 50K] [Start Time: Instant] [Speed: For 15 Minutes]","0.4113","0.2938","50","50000","jap","142d2177-f444-484d-b76e-0b30c8bf8bbf"
"youtube","🇹🇭 YouTube Unique Views - Thailand [RAV™] [Refill: 90 Days] [Max: 100K] [Start Time: 0-1 Hour] [Speed: 200-1000/Day] ♻️","4.9","3.5","500","100000","jap","15b91a2e-0920-41c2-a21c-3fa4a3939f00"
"youtube","🇹🇹 YouTube Unique Views - Trinidad and Tobago [RAV™] [Refill: 90 Days] [Max: 100K] [Start Time: 0-1 Hour] [Speed: 200-1000/Day] ♻️","4.9","3.5","500","100000","jap","191e5e83-d679-475c-9f54-cfd084947046"
"youtube","Youtube Views [ANY CATEGORY] [RESTRICTED LINKS] [Min: 10K] [Start Time: 0 - 12 Hrs] [Speed: 100K/D] 💧","1.925","1.375","10000","2000000000","jap","19a18a2a-89c3-4ed3-85a1-d1cbd2ae8c13"
"youtube","Youtube Shares [USA] [LIFETIME GUARANTEED] [Max: 50K] [Start Time: 0-1 Hour] [Speed: 750/Day] ⚡💧 ♻️","1.925","1.375","50","50000","jap","19b2d6c2-bf3f-4971-b7d4-cc41125d209c"
"youtube","Youtube Live Stream Views [60 Mins] [Max: 75K] [Start Time: Up to 5 Mins] [Speed: For 60 Minutes]","0.3675","0.2625","50","500000","jap","1aefce43-1370-4502-92b8-33f8a20150e5"
"youtube","🇺🇦 Youtube Views [Ukraine] [Refill: Non Drop] [Max: 1M] [Start Time: 1 Hour] [Speed: 20K/Day] ⚡♻️","3.15","2.25","100","300000","jap","1e2e812a-92c9-41aa-93d2-d3964296bb81"
"youtube","Youtube Subscribers [Refill: 30D] [Max: 1M] [Start Time: 0 - 12 Hrs] [Speed: Up to 400/D] 💧","29.12","20.8","50","50000","jap","1f75c8df-2f73-441d-af8d-8ceab81e3c4e"
"youtube","🇲🇽 YouTube Unique Views - Mexico [RAV™] [Refill: 90 Days] [Max: 100K] [Start Time: 0-1 Hour] [Speed: 200-1000/Day] ♻️","4.9","3.5","500","100000","jap","1f771faa-3443-43c8-9ccc-58f890d0dac5"
"youtube","Youtube Live Stream Views [Max: 10K] [Start Time: Instant] [Speed: For 24 Hours]","15.12","10.8","10","700000","jap","1ff336fb-cf94-40d7-abf3-01744991341c"
"youtube","Youtube Live Stream Views [12 Hours] ⚡⚡⚡","4.0425","2.8875","50","2000000","jap","2e6fd049-2b62-4f65-9736-53c8b21c1e6f"
"youtube","Youtube Views [Auto-Refill: 30 D] [Max: 1M] [Retention: ~1 Min] [Start Time: 0-1 Hour] [Speed: 10K/Day] 💧⛔","1.638","1.17","100","10000000","jap","212f63c7-48a5-43e9-86e0-9ba701c44827"
"youtube","Youtube Views [GOOGLE SEARCH] [+Likes &amp; Earnings] [Refill: Lifetime] [1 to 15 Mins Retention] [Max: 1M] [Start Time: 0-4 Hrs] [Speed: Up to 20K/D] 💧","5.5125","3.9375","1000","100000","jap","2172d5bc-5323-4308-a216-e84a8e91d099"
"youtube","🇦🇷 YouTube Unique Views - Argentina [RAV™] [Refill: 90 Days] [Max: 100K] [Start Time: 0-1 Hour] [Speed: 200-1000/Day] ♻️","4.9","3.5","500","100000","jap","222c4e13-b8fa-4607-b987-11ac0af5cafd"
"youtube","Youtube Subscribers [Refill: 30D] [Max: 15K] [Start Time: 6 - 12 Hrs] [Speed: Up to 2K/D] 💧","34.58","24.7","50","50000","jap","222ec2eb-8488-4e94-83cc-873a08563208"
"youtube","🇵🇰Youtube ADS Views [PAKISTAN] [Lifetime Guaranteed] [Max: 10M] [Start Time: 72 Hours] [Speed: 50K/Day] ♻️","5.376","3.84","3000","100000000","jap","23694e41-d485-4227-9b81-2b9d23e7cde3"
"youtube","Youtube Views [Refill: 30D] [1 to 5 Mins Retention] [Max: 10M] [Start Time: 0-2 Hrs] [Speed: Up to 1K/D] 💧","2.8053","2.0038","10","100000","jap","23912d9d-0692-41d2-8306-c8c58aa1c4a1"
"youtube","Youtube Live Stream Views [Max: 50K] [Start Time: Instant] [Speed: For 150 Minutes]","6.65","4.75","50","50000","jap","2399e766-ff71-41c3-8dfd-c137aed88d03"
"youtube","Youtube Likes [Refill: 15D] [Max: 100K] [Start Time: 0-1 Hr] [Speed: 25K/Day] 💧♻️⛔","0.9275","0.6625","10","5000","jap","255e1373-7e76-4732-947e-098bebdec628"
"youtube","Youtube Live Stream Views [360 Mins] [Max: 75K] [Start Time: Instant] [Speed: For 360 Minutes]","10.15","7.25","50","500000","jap","259d5888-9aaa-4625-b05e-255c53592600"
"youtube","Youtube Views [BEST VALUE] [RAV-GS™ + Engagement] [Refill: 90 Days] [Max: 500K] [Start Time: 0-1 Hour] [Speed: 100K+/Day] ♻️🔥🔥","3.57","2.55","60000","500000","jap","260607c0-9079-46cd-b8fd-d9b5bbd413fa"
"youtube","Youtube Custom Comments [Refill: 30 Days] [Max: 5K] [Start Time: 1 Hour] [Speed: 5K/Day]","8.9513","6.3938","10","1000000","jap","277d588e-f97a-4f46-be9a-629b5039db45"
"youtube","Youtube Live Stream Views [HQ] [CONCURRENT] [Max: 50K] [Start Time: Instant] [Speed: For 24 Hrs]","25.2","18","10","2000000","jap","2858a2a0-c3c3-46ef-aeb0-66611169b6e8"
"youtube","🇮🇳Youtube Comments [Random] [INDIA] [NON DROP] [Max: 5K] [Start Time: 1 Hour] [Speed: 5K/Day] 🔥","12.6","9","500","300000","jap","286ce1ac-5ea3-4af0-98c7-0b5aef5d75cf"
"youtube","🇮🇳 Youtube Likes [INDIA] [Refill: 30 Days] [Max: 100K] [Start Time: 0 - 12 Hours] [Speed: 15K/Day]","3.85","2.75","20","5000","jap","298cc5d7-78ad-4392-8d5d-d693e3209b72"
"youtube","Youtube Subscribe [Max: 100K] [Refill: NO, EVEN IF ALL DROP, BE AWARE] [Start Time: 0 - 1 Hour] [Speed: 5K/Day]","5.1618","3.687","10","100000","jap","29d28891-a59c-4e3a-aae0-f38b3b3608f3"
"youtube","YouTube Social Shares from Twitter [Lifetime Guaranteed] [Max: 10K] [Start Time: 1 Hour] [Speed: 300/Day] ♻️","1.05","0.75","100","100000","jap","2a3152d5-11a1-42c4-b16b-56b2dac49423"
"youtube","🇹🇿 YouTube Unique Views - Tanzania [RAV™] [Refill: 90 Days] [Max: 100K] [Start Time: 0-1 Hour] [Speed: 200-1000/Day] ♻️","4.9","3.5","500","100000","jap","2b73e5cc-fb6e-4230-9665-adf2573f5429"
"youtube","Youtube Live Stream Views [Max: 3K] [Start Time: Instant] [Speed: For 15 Minutes]","2.1","1.5","100","3000","jap","2bfb5da7-a958-4b0c-8642-ca706730fcd6"
"youtube","Youtube Live Stream Views [MONETIZABLE] [Max: 500K] [Start Time: INSTANT] ⚡️⭐","5.04","3.6","100","10000000","jap","2d7e3e0a-0580-4e0b-803f-98211271b92f"
"youtube","Youtube Views  [Refill: 365Days] [Max: 50M] [Start Time: 0 - 1 Hour] [Speed: 10K/Day] 💧⚡⛔🔥","1.12","0.8","100","300000","jap","2d82f969-e627-4440-846f-65e82823623f"
"youtube","🇸🇦Youtube ADS Views [SAUDI ARABIA] [Lifetime Guaranteed] [Max: 10M] [Start Time: 72 Hours] [Speed: 50K/Day] ♻️","7.896","5.64","3000","100000000","jap","2d906afc-5057-4d16-8239-2d648ed79944"
"youtube","Youtube Mix Views + 2% Likes [Refill: Lifetime] [Max: 100K] [Start Time: 0 - 1 Hour] [Speed: 5K/Day] 💧🔥","1.54","1.1","100","10000000","jap","2e1a50e7-ed72-42f3-bdde-8885561c92d5"
"youtube","🇱🇾 YouTube Unique Views - Libya [RAV™] [Refill: 90 Days] [Max: 100K] [Start Time: 0-1 Hour] [Speed: 200-1000/Day] ♻️","4.9","3.5","500","100000","jap","2e34957c-da71-49e8-b042-dbfb3da143d9"
"youtube","Youtube USA Views [Retention: 1 - 2 Mins] [Start Time: 0 - 6 Hrs] [Refill: No] [Speed: Up to 10K/D] [Suggestion From MUSIC]","0.7917","0.5655","1000","100000","jap","31ce460d-9761-41a0-a6bd-f91de724bb41"
"youtube","🇬🇭 YouTube Unique Views - Ghana [RAV™] [Refill: 90 Days] [Max: 100K] [Start Time: 0-1 Hour] [Speed: 200-1000/Day] ♻️","4.9","3.5","500","100000","jap","3254f828-9e8e-4ba6-8a28-c5a81de8eb9e"
"youtube","🇺🇦 Youtube Shorts Views [Ukraine] [Refill: 45 Days] [Max: 1M] [Start Time: 1 Hour] [Speed: 20K/Day] ⚡♻️","2.1","1.5","40","300000","jap","38d11daf-7e63-48f2-b90d-b3ded46f3022"
"youtube","🇺🇾 YouTube Unique Views - Uruguay [RAV™] [Refill: 90 Days] [Max: 100K] [Start Time: 0-1 Hour] [Speed: 200-1000/Day] ♻️","4.9","3.5","500","100000","jap","3a9a1a58-d892-4c9b-89a7-557d9b9fb49b"
"youtube","🇬🇹 YouTube Unique Views - Guatemala [RAV™] [Refill: 90 Days] [Max: 100K] [Start Time: 0-1 Hour] [Speed: 200-1000/Day] ♻️","4.9","3.5","500","100000","jap","3abf1da3-59ee-4555-8ca0-00626ca7067a"
"youtube","🇺🇸Youtube Views [USA Discovery ADS] [PURE ORGANIC] [ZERO DROP] [Max: 10M] [Start Time: 24 Hours] [Speed: 1M/Day] 🔥","8.316","5.94","10000","10000000","jap","3cc3195d-1a21-4f22-bd04-c5b64f085f7b"
"youtube","Youtube Views [ADS] [WW] [Max: 1000M] [Min: 1M] [Start Time: 0 - 48 Hours] [Speed: 1M/Day] 🔥","0.3588","0.2563","1000000","10000000","jap","3d6650d8-ee06-4840-afd7-accbf7eb8449"
"youtube","Youtube Live Stream Views [Max: 75K] [Start Time: Instant] [Speed: For 60 Minutes]","1.6625","1.1875","50","500000","jap","3d969195-85ae-4ab1-b10c-958e5a247efd"
"youtube","Youtube Views [Premium Traffic] [Refill: 90 Days] [Max: 10M] [Start Time: 0 - 8 Hours] [Speed: 20K/Day] 🔥","1.6975","1.2125","100","10000000","jap","3f0b6e23-64a7-4d3a-b8e1-e004bfa236eb"
"youtube","Youtube Likes [Refill: 30D] [Max: 5K] [Start Time: 0 - 3 Hrs] [Speed: 5K/D] ♻️💧","2.66","1.9","10","20000","jap","3f1a7141-7634-4f70-8743-45e20e7f2f67"
"youtube","Youtube Native Views [Refill: ∞] [Min: 3K] [Max: 10M] [Start Time: 0 - 6 Hrs] [Speed: Up to 50K/D]","1.575","1.125","1000","100000000","jap","40e2e166-e55d-4617-99f2-9bb6b08055e4"
"youtube","Youtube Comments [USA] [Created by AI] [Max: 10K] [Start Time: 0-1 Hr] [Speed: 10K/D]","24.15","17.25","10","10000","jap","41085a56-9151-4526-b513-d6428e9e9cd2"
"youtube","Youtube Live Stream Views [Max: 300K] [Start Time: Instant] [Speed: For 24 Hours]","8.8771","6.3408","20","600000","jap","44590aad-23a3-42fd-aeaa-a28c2f9fb011"
"youtube","Youtube Live Stream Views [Max: 50K] [Start Time: Instant] [Speed: For 12 Hrs]","3.192","2.28","50","100000","jap","48064fbd-7874-4014-9bfc-8f0fa54217ea"
"youtube","🇮🇶 YouTube Unique Views - Iraq [RAV™] [Refill: 90 Days] [Max: 100K] [Start Time: 0-1 Hour] [Speed: 200-1000/Day] ♻️","4.9","3.5","500","100000","jap","48505628-46a6-48a1-b862-57b8b866738e"
"youtube","Youtube Views [Refill: Lifetime] [Max: 1M] [Start Time: 0 - 3 Hrs] [Speed: Up to 5K/D] 🔥💧⛔♻️","1.638","1.17","100","10000000","jap","49f2362f-8dbd-4e66-b474-4cbb2fa97a17"
"youtube","Youtube Live Stream Views [Max: 10K] [Start Time: Instant] [Speed: For 90 Minutes]","0.945","0.675","10","700000","jap","4c15c56b-89a5-4e09-966c-5e6640724926"
"youtube","Youtube Views [YOUTUBE SEO ADS] [+Likes &amp; Earnings] [Refill: Lifetime] [1 to 20 Mins Retention] [Max: 1M] [Start Time: 0-4 Hrs] [Speed: Up to 1K/D] 💧","4.4625","3.1875","500","5000","jap","4cde0baa-e590-4335-bf3c-145b1eea6e82"
"youtube","Romania Traffic from YouTube","0.6125","0.4375","500","1000000","jap","57cc3b2e-af03-4984-9e93-570cc6656463"
"youtube","Youtube Live Stream Views [HQ] [CONCURRENT - 12 Hours] [Max: 50K] [Start Time: Instant] [Speed: For 12 Hours]","21.112","15.08","50","50000","jap","5bc4117f-719b-496a-b566-184fcc4b568e"
"youtube","Youtube Live Stream Views [HQ] [CONCURRENT - 6 Hours] [Max: 50K] [Start Time: Instant] [Speed: For 6 Hours]","10.556","7.54","50","50000","jap","5be9647a-431c-42e1-a6b2-940334615ac4"
"youtube","Youtube Live Stream Views [HQ] [Max: 500K] [Start Time: Instant] [Speed: For 240 Minutes]","1.204","0.86","50","400000","jap","5bf05795-711f-4251-b21f-69a0e15ae11a"
"youtube","Youtube Views [Refill: 365D] [Max: 1M] [Start Time: 0 - 1 Hr] [Speed: Up to 10K/D] 💧","1.75","1.25","100","100000000","jap","35362874-7900-41c7-a772-3c904437859e"
"youtube","Youtube Live Stream Views [Max: 300K] [Start Time: Instant] [Speed: For 30 Minutes]","0.1849","0.1321","20","600000","jap","5ca723fd-a5f9-461c-9885-bce52abff6c3"
"youtube","Youtube Views [Refill: Lifetime] [Max: 10M] [Start Time: 0-1 Hr] [Speed: Up to 100K/D] 🔥","1.75","1.25","100","20000000","jap","38ec6cae-1cb1-48b9-beb5-2a9f36ff3524"
"youtube","Youtube ADS Views [LATIN AMERICA] [Lifetime Guaranteed] [Max: 10M] [Start Time: 72 Hours] [Speed: 50K/Day] ♻️","4.1594","2.971","3000","100000000","jap","5d5e6a1d-72f2-4806-b62f-821960f6df3f"
"youtube","Youtube Live Stream Views [Max: 10K] [Start Time: Instant] [Speed: For 150 Minutes]","1.575","1.125","50","400000","jap","64083634-b0b4-47be-9f1f-d8657cdb2169"
"youtube","Youtube Views [Refill: 365D] [Max: 100M] [Start Time: 0 - 3 Hrs] [Speed: Up to 25K/Day] 💧⛔","1.155","0.825","100","2000000","jap","64748bad-7901-4708-b2e6-5f19ec76f382"
"youtube","Youtube Likes [Refill: 30 Days] [Max: 50K] [Start Time: Instant] [Speed: FAST]  ♻️","2.52","1.8","10","50000","jap","67fb138b-b05e-470e-bbd3-cb07fca808c4"
"youtube","Youtube Views [NIGERIA &amp; GHANA] [Non Drop] [Max: 10K] [Start Time: 4 Hours] [Speed: 1K/Day]","7","5","500","500000","jap","69f8d5ac-cb45-4507-a061-5d15a43aa01e"
"youtube","🇵🇱Youtube ADS Views [POLAND] [Lifetime Guaranteed] [Max: 10M] [Start Time: 72 Hours] [Speed: 50K/Day] ♻️","7.056","5.04","3000","100000000","jap","69ca5de7-68bb-4eb2-8ecb-0a6353db641d"
"youtube","🇹🇷 Youtube Views [TURKEY] [ADS] [∞] [NEVER DROP] [Max: 999M] [Start Time: 72 Hours] [Speed: 20K/Day] 🔥","3.5","2.5","10000","1500000","jap","48fc6905-990d-4c19-b61a-7314cd0d3407"
"youtube","🇸🇳 YouTube Unique Views - Senegal [RAV™] [Refill: 90 Days] [Max: 100K] [Start Time: 0-1 Hour] [Speed: 200-1000/Day] ♻️","4.9","3.5","500","100000","jap","6a2b6a2e-ae56-4f4f-8181-cff2f3dec508"
"youtube","Youtube Native Views [Refill: ∞] [Min: 10K] [Max: 10M] [Start Time: 0 - 6 Hrs] [Speed: Up to 100K/D]","1.1375","0.8125","10000","2000000000","jap","6cd5b225-bf05-4ac0-a3e3-640bbabdb01b"
"youtube","Youtube Short Likes [Refill: 30D] [Max: 60K] [Start Time: 0-1 Hour] [Speed: 50K/Day]","1.75","1.25","10","200000","jap","c39b2f52-22f2-421e-bf3f-1ca0e8e99b03"
"youtube","Youtube Short Likes [Refill: 30 Days] [Max: 100K] [Start Time: 0-1 Hour] [Speed: 100K/Day]","7.4375","5.3125","10","75000","jap","c52af250-e39b-4289-9224-6eadeec06ad1"
"youtube","Youtube Video &amp; SHORTS Views [Max: 10M] [Refill: Lifetime] [Start Time: 0 - 6Hr] [Speed: 400K/Day]","1.75","1.25","10000","10000000","jap","bb0436d1-fad3-46b1-ae07-6829ce60be4e"
"youtube","🇵🇰 YouTube Unique Views - Pakistan [RAV™] [Refill: 90 Days] [Max: 100K] [Start Time: 0-1 Hour] [Speed: 200-1000/Day] ♻️","4.9","3.5","500","100000","jap","6db5cfb8-84df-46d4-8abe-b6fb9d2b1718"
"youtube","Youtube Views [🇷🇺 Suggested Views] [Max: 400K] [Refill: Lifetime] [Start Time: 0 - 6 Hrs] [Speed: Up to 50K/D] 💧⛔","2.0125","1.4375","100","550000","jap","7122a3c7-1cc5-4a4a-b12f-58436d49ba91"
"youtube","🇺🇸 YouTube USA Social Shares [From Facebook] [Refill: Lifetime] [Max: 10K] [Start Time: 0 - 1 Hour] [Speed: 10K/Day]","0.35","0.25","100","100000","jap","71c0ba4b-f033-43ee-b276-0eb2f39c0e3d"
"youtube","Youtube Views [100% External Source] [Refill: 30D] [5 to 20 Mins Retention] [Max: 10M] [Start Time: 0-2 Hrs] [Speed: Up to 1K/D] 💧","3.15","2.25","100","1000000000","jap","748fe549-4a69-4170-9388-545e62eb55d4"
"youtube","Youtube Likes [Refill: 30D] [Max: 100K] [Start Time: Instant] [Speed: Up to 100K/D] 💧⛔","7.4375","5.3125","10","100000","jap","e156974f-619a-4f75-9b9d-bbcf8e1695c9"
"youtube","Youtube Likes [Refill: 30D] [Max: 10K] [Start Time: 0 - 3 Hrs] [Speed: 5K/D] 💧♻️","1.3125","0.9375","10","10000","jap","5684ad13-cbdc-4b22-bc79-76be90bb8bf6"
"youtube","Youtube Likes [Refill: 30 D] [Max: 60K] [Start Time: 0-3 Hrs] [Speed: 50K/D] ♻️💧","1.75","1.25","10","200000","jap","33144261-0f57-42f1-a47b-e0619f15de73"
"youtube","Youtube Likes [Refill: 7D] [Max: 100K] [Start Time: 0-1 Hr] [Speed: 25K/Day] 💧♻️⛔","0.875","0.625","10","5000","jap","b6aff70d-241a-4fc4-8f11-29291688ccd6"
"youtube","Youtube Likes [Refill: No] [Max: 25K] [Start Time: 0 - 2 Hrs] [Speed:25K/D] ⛔💧","7.4375","5.3125","10","50000","jap","4bd4b3a7-069d-4c5c-b426-e28083dcccc3"
"youtube","Youtube Likes [Refill: 30D] [Max: 50K] [Start Time: 0 - 2 Hours] [Speed:50K/Day]💧","7.4375","5.3125","10","75000","jap","8a52cca5-111a-4aca-9e36-1a5042a97962"
"youtube","Youtube Likes [Refill: No] [Max: 500K] [Start Time: 0-3 Hours] [Speed: 50K/Day]💧","3.5","2.5","20","5000","jap","58cbb802-6408-4330-8638-83d37a0a7551"
"youtube","Youtube Likes [Refill: 30 Days] [Max: 175K] [Start Time: 0-1 Hour] [Speed: 20K/Day]","7.4375","5.3125","10","175000","jap","eba760ae-32c5-4cb3-916b-d02946a879dc"
"youtube","Youtube Likes [Refill: No] [Max: 25K] [Start Time: 0 - 1 Hours] [Speed: Up to 25K/Day]","8.75","6.25","10","25000","jap","8ff729b8-dac8-449b-80da-d6f2626e74d0"
"youtube","Youtube Likes [Refill: 30D] [Max: 1M] [Start Time: 0 - 3 Hrs] [Speed: Up to 100K/D] 💧 ♻️","2.1972","1.5694","20","1000000","jap","75d16a7d-0120-4ab0-82ae-93c5f3d56758"
"youtube","Youtube Google Likes [Refill: 30 Days] [Max: 800K] [Start Time: 0 - 6 Hours] [Speed: Up to 40K/Day]","3.5","2.5","20","5000","jap","5bcae32d-45bc-44b6-8add-775cb430eb6b"
"youtube","Youtube Community Post Likes [Refill: 30 D] [Max: 100K] [Start Time: 0 - 1 Hr] [Speed: 20K/Day] 💧","8.75","6.25","10","100000","jap","aa9216d0-d904-429e-86d8-6e658d410332"
"youtube","Youtube Community Post Likes [Refill: 30 Days] [Max: 100K] [Start Time: 1 Hour] [Speed: 10K/Day] ♻️","2.625","1.875","10","100000","jap","8b861c21-90f0-4a52-ae8a-b04208d4b438"
"youtube","Youtube Likes [5K] [300+ Likes Per Day] [1 Year Refill Guarantee]","7.4375","5.3125","50","100000","jap","6ad3d90b-f4ef-49ca-9230-204aa6294de2"
"youtube","Youtube Facebook Shares [Refill: 90 Days] [Max: 10K] [Start Time: 0-1 Hour] [Speed: 300/Day] ⚡💧♻️","0.875","0.625","100","10000","jap","5fdb257f-68ef-4d99-9cff-af1482556872"
"youtube","Youtube Twitter Shares [Refill: 90 Days] [Max: 10K] [Start Time: 0-1 Hour] [Speed: 300/Day] ⚡💧♻️","0.875","0.625","100","10000","jap","85dbbf4d-1cf0-4ea7-953d-108ce7f4fd45"
"youtube","Youtube Reddit Shares [Refill: 90 Days] [Max: 10K] [Start Time: 0-1 Hour] [Speed: 300/Day] ⚡💧♻️","0.875","0.625","100","10000","jap","faec8452-eb98-4622-87ed-ddfe8e2cda3f"
"youtube","Youtube Pinterest Shares [Refill: 90 Days] [Max: 10K] [Start Time: 0-1 Hour] [Speed: 300/Day] ⚡💧♻️","0.875","0.625","100","10000","jap","8bb68d2c-6e16-4dbf-91ef-5ef99fc462ca"
"youtube","Youtube Linkedin Shares [Refill: 90 Days] [Max: 10K] [Start Time: 0-1 Hour] [Speed: 300/Day] ⚡💧♻️","0.875","0.625","100","10000","jap","723a28dd-6786-4f1e-8271-25f5c8cce02b"
"youtube","Youtube Odnoklassniki Shares [Refill: 90 Days] [Max: 10K] [Start Time: 0-1 Hour] [Speed: 300/Day] ⚡💧♻️","0.875","0.625","100","10000","jap","8c763bc7-5da2-4242-b7d4-2eeab90600f5"
"youtube","Youtube Tumblr Shares [Refill: 90 Days] [Max: 10K] [Start Time: 0-1 Hour] [Speed: 300/Day] ⚡💧♻️","0.875","0.625","100","10000","jap","17a6c069-f8ea-40e9-b6da-75eae48aee54"
"youtube","Youtube Blogger Shares [Refill: 90 Days] [Max: 10K] [Start Time: 0-1 Hour] [Speed: 300/Day] ⚡💧♻️","0.875","0.625","100","10000","jap","4e7b8451-d7e6-40da-9bd8-8fe4af04a6a6"
"youtube","Youtube Comments [ENGLISH] [RANDOM Emoji] [Refill: 30D] [Max: 10K] [Start Time: 0 - 2 Hrs] [Speed: Up to 10K/D]💧","10.5","7.5","20","11000","jap","9fffb2be-8608-4d82-b53a-5b5d001cf909"
"youtube","Youtube Comments [ENGLISH - MALE] [RANDOM] [Refill: 30D] [Max: 10K] [Start Time: 0 - 2 Hrs] [Speed: Up to 10K/D]💧","10.5","7.5","20","11000","jap","73b18032-86c4-491f-af00-f890188292c2"
"youtube","Youtube Comments [ENGLISH - FEMALE] [RANDOM] [Refill: 30D] [Max: 10K] [Start Time: 0 - 2 Hrs] [Speed: Up to 10K/D]💧","10.5","7.5","20","11000","jap","34e54622-9ab3-4aea-9cb1-2c390c2e81bd"
"youtube","Youtube Comments [CUSTOM] [Max: 5K] [Start Time: 0 - 3 Hrs] [Speed: 500/D]","6.125","4.375","5","10000","jap","07f10234-e33e-4d64-9c15-666b749c387a"
"youtube","Youtube Comments [10 HQ Random Comments] [Max: 10] [Start Time: 0-1 Hour] [Finishes in 3 Hours]","1.75","1.25","1000","1000","jap","e9d7d709-d614-4202-be97-b3067c254ced"
"youtube","Youtube Arab Comments [10 HQ Random Comments] [Max: 10] [Start Time: 0-1 Hour] [Finishes in 3 Hours]","1.75","1.25","1000","1000","jap","8d8b57c1-1366-4d25-a9b9-d4026cebad7b"
"youtube","Youtube Comments [20 HQ Random Comments] [Max: 20] [Start Time: 0-1 Hour] [Finishes in 3 Hours]","3.5","2.5","1000","1000","jap","acb4525b-b0b9-430d-959a-2dedd5332d55"
"youtube","Youtube Arab Comments [20 HQ Random Comments] [Max: 20] [Start Time: 0-1 Hour] [Finishes in 3 Hours]","3.5","2.5","1000","1000","jap","bbbeb045-27bc-45d5-adad-30d8c7152d01"
"youtube","Youtube Views [1M] [R∞] [6H - 50K/Day]","1.2075","0.8625","100","10000000","jap","77f2a9a2-bbbb-4ce5-a390-5ef47b45d788"
"youtube","Youtube Comments [30 HQ Random Comments] [Max: 30] [Start Time: 0-1 Hour] [Finishes in 3 Hours]","5.25","3.75","1000","1000","jap","5f97db8f-3a73-4af4-b5e7-91e1b342c93f"
"youtube","Youtube Custom Comments [Refill: 30 Days] [Max: 10K] [Start Time: 1 Hour] [Speed: 1K/Day]","8.75","6.25","1","10000","jap","35cebbba-405e-41df-8d85-645b4aed9a29"
"youtube","🇮🇳 Youtube Premium Comments [Custom] [INDIA] [Refill: Lifetime] [Max: 50K] [Start Time: 0 - 6 Hours] [Speed: 20K/Day]","11.375","8.125","10","50000","jap","ac51c333-362d-491b-8370-a067c57302a6"
"youtube","🇮🇳 Youtube Premium Comments [Random + Hindi] [INDIA] [Refill: Lifetime] [Max: 50K] [Start Time: 0 - 6 Hours] [Speed: 20K/Day]","11.375","8.125","100","50000","jap","c844407e-0cc9-4be0-aee3-951d0fab8e6b"
"youtube","🇮🇳 Youtube Premium Comments [Random + English] [INDIA] [Refill: Lifetime] [Max: 50K] [Start Time: 0 - 6 Hours] [Speed: 20K/Day]","11.375","8.125","100","50000","jap","451e0457-1d45-49e6-a939-d273894e0fcf"
"youtube","🇮🇳 Youtube Premium Comments [Random + Punjabi] [INDIA] [Refill: Lifetime] [Max: 50K] [Start Time: 0 - 6 Hours] [Speed: 20K/Day]","11.375","8.125","100","50000","jap","4f9679a5-7f37-46c6-95bd-178574b1a27f"
"youtube","🇮🇳 Youtube Premium Comments [Custom + PUNJABI] [INDIA] [Refill: Lifetime] [Max: 50K] [Start Time: 0 - 6 Hours] [Speed: 20K/Day]","11.375","8.125","10","50000","jap","f18fc809-cc67-4f32-8a36-aa896d0ae40d"
"youtube","🇺🇸 Youtube USA Likes [Refill: 30 Days] [Max: 150K] [Start Time: 1 Hour [Speed: 200/Day] 💧 ♻️","7.245","5.175","10","200000","jap","78053d94-d656-492f-892b-9e4e705f6442"
"youtube","Youtube Comments [US | UK] [AI Generated] [Refill: 30D] [Max: 100K] [Start Time: 0 - 2 Hrs] [Speed: Up to 10K/D]💧","22.75","16.25","500","100000","jap","1b6e987d-e695-45ab-ae92-ab74f39fd99f"
"youtube","🇬🇧YouTube UNITED KINGDOM Comments [Refill: 30 Days] [Max: 500] [Start Time: 1 Hour] [Speed: 100/Day] ♻️","35","25","10","500","jap","c56df1bf-deab-46cb-9068-6e1bcba1e580"
"youtube","Youtube Comments [Auto Generate - AI] [Refill: 30D] [Max: 10K] [Start Time: 0 - 2 Hrs] [Speed: Up to 10K/D]💧","6.125","4.375","5","10000","jap","e1dbca0d-cef8-4382-8630-1be5e44fd9f1"
"youtube","🇷🇺YouTube RUSSIA Comments [Refill: 30 Days] [Max: 500] [Start Time: 1 Hour] [Speed: 100/Day] ♻️","35","25","10","500","jap","37eaaa7b-d514-4b85-b24d-37f8d1769a24"
"youtube","🇫🇷YouTube FRANCE Comments [Refill: 30 Days] [Max: 500] [Start Time: 1 Hour] [Speed: 100/Day] ♻️","35","25","10","500","jap","33de8035-93b0-4368-a668-08036d351265"
"youtube","🇺🇸YouTube USA Comments [Refill: 30 Days] [Max: 500] [Start Time: 1 Hour] [Speed: 100/Day]","35","25","10","500","jap","10819df5-df75-49f2-87f1-993168d06c0c"
"youtube","🇦🇿YouTube AZERBAIJAN Comments [Refill: 30 Days] [Max: 500] [Start Time: 1 Hour] [Speed: 100/Day] ♻️","35","25","10","500","jap","96a0f4a2-7e8a-4276-ade0-fe20ed9385ab"
"youtube","🇮🇹YouTube ITALY Comments [Refill: 30 Days] [Max: 500] [Start Time: 1 Hour] [Speed: 100/Day] ♻️","35","25","10","500","jap","f08c64e3-827e-4e40-aa31-3b418173205f"
"youtube","🇧🇷YouTube BRAZIL Comments [Refill: 30 Days] [Max: 500] [Start Time: 1 Hour] [Speed: 100/Day]","35","25","10","500","jap","b03066b7-ae0a-49e6-87e6-625f6b183b35"
"youtube","🇩🇪YouTube GERMANY Comments [Refill: 30 Days] [Max: 500] [Start Time: 1 Hour] [Speed: 100/Day] ♻️","35","25","10","500","jap","7605ee10-0a57-4d8d-986c-700d86025534"
"youtube","YouTube ARAB Comments [Refill: 30 Days] [Max: 500] [Start Time: 1 Hour] [Speed: 100/Day] ♻️","35","25","10","500","jap","83fecd10-e86a-4291-a8cb-9a5075597f60"
"youtube","🇵🇰YouTube PAKISTAN Comments [Refill: 30 Days] [Max: 500] [Start Time: 1 Hour] [Speed: 100/Day] ♻️","35","25","10","500","jap","2998c1b0-7df7-4d79-a4fd-54317773bd5b"
"youtube","🇹🇷YouTube TURKEY Comments [Refill: 30 Days] [Max: 5K] [Start Time: 1 Hour] [Speed: 1K/Day] ♻️","35","25","10","5000","jap","631d8ab6-e41f-462a-9a7c-3410f0a48b73"
"youtube","🇮🇹Youtube Comments [RANDOM] [ITALY] [Refill: No] [Max: 100] [Start Time: 0-1 Hour] [Speed: 100/Day]","43.75","31.25","10","250","jap","c07aa136-2919-4bf2-88e6-94f632f87e6f"
"youtube","🇷🇺Youtube Comments [RANDOM] [RUSSIAN] [LIFETIME GUARANTEED] [Max: 100] [Start Time: 0-1 Hour] [Speed: 100/Day]⚡⭐ ♻️","43.75","31.25","10","250","jap","79319439-3d3a-431d-9de8-8b8be1a7c32c"
"youtube","🇫🇷Youtube Comments [RANDOM] [FRANCE] [Refill: No] [Max: 100] [Start Time: 0-1 Hour] [Speed: 1.5K/Day]","43.75","31.25","10","250","jap","ab22dd93-bcd6-4984-8757-3357472ee5c9"
"youtube","🇺🇸Youtube Comments [RANDOM] [USA - FEMALE] [LIFETIME GUARANTEED] [Max: 500] [Start Time: 0-1 Hour] [Speed: 500/Day] ⚡⭐ ♻️","43.75","31.25","10","500","jap","ca1c7b3d-b2ba-43d9-b940-f2574030a467"
"youtube","🇮🇳Youtube Comments [RANDOM] [INDIA] [LIFETIME GUARANTEED] [Max: 100] [Start Time: 0-1 Hour] [Speed: 100/Day] ⚡⭐ ♻️","43.75","31.25","10","250","jap","0d6b901c-2f4e-4409-9df7-577c0e2db6de"
"youtube","🇯🇵Youtube Comments [RANDOM] [JAPAN] [LIFETIME GUARANTEED] [Max: 100] [Start Time: 0-1 Hour] [Speed: 100/Day]  ⚡⭐ ♻️","43.75","31.25","10","250","jap","1f1d8e2d-2aab-4ecc-8e06-c29dcdbb1ad4"
"youtube","🇩🇪Youtube Comments [RANDOM] [GERMANY] [Refill: No] [Max: 100] [Start Time: 0-1 Hour] [Speed: 100/Day] ⚡⭐","43.75","31.25","10","250","jap","f4233f6b-949f-4391-be10-0eff2c79f63a"
"youtube","🇧🇷Youtube Comments [RANDOM] [BRAZIL] [LIFETIME GUARANTEED] [Max: 250] [Start Time: 0-1 Hour] [Speed: 250/Day] ⚡⭐ ♻️","43.75","31.25","10","250","jap","e0d58a6f-11b3-4b4d-8f85-e7b91a9422c8"
"youtube","Youtube Comments [RANDOM] [HISPANIC] [Refill: No] [Max: 100] [Start Time: 0-1 Hour] [Speed: 100/Day] ⚡⭐","43.75","31.25","10","250","jap","fe30e50a-dc32-4790-92d7-000ef812afc0"
"youtube","🇩🇪Youtube Comments [CUSTOM] [GERMANY] [Refill: No] [Max: 100] [Start Time: 0-1 Hour] [Speed: 100/Day] ⚡⭐","61.25","43.75","10","250","jap","0b274d59-4250-4522-92ad-af1fd330c6a1"
"youtube","🇬🇧Youtube Comments [CUSTOM] [UK] [Refill: No] [Max: 100] [Start Time: 0-1 Hour] [Speed: 100/Day] ⚡⭐","61.25","43.75","10","250","jap","649923e0-3e72-4daf-88e3-67d05d4c34cc"
"youtube","Youtube Comments [CUSTOM] [HISPANIC] [Refill: No] [Max: 100] [Start Time: 0-1 Hour] [Speed: 100/Day] ⚡⭐","61.25","43.75","10","250","jap","064840f6-c84f-4dc4-9a3d-a834e5675c4e"
"youtube","🇺🇸Youtube Comments [CUSTOM] [USA - FEMALE] [LIFETIME GUARANTEED] [Max: 500] [Start Time: 0-1 Hour] [Speed: 500/Day] ⚡⭐ ♻️","61.25","43.75","10","500","jap","07433170-40c7-4c27-867d-193c5fe353f8"
"youtube","🇮🇹Youtube Comments [CUSTOM] [ITALY] [Lifetime Guaranteed] [Max: 100] [Start Time: 0-1 Hour] [Speed: 100/Day] ⚡⭐ ♻️","61.25","43.75","10","250","jap","db826699-b3b0-4fc1-8384-756bb889b000"
"youtube","🇷🇺Youtube Comments [CUSTOM] [RUSSIAN] [LIFETIME GUARANTEED] [Max: 100] [Start Time: 0-1 Hour] [Speed: 100/Day] ⚡⭐ ♻️","61.25","43.75","10","250","jap","fdf4abb7-a86c-4fac-839a-3d777d6b4fa6"
"youtube","🇫🇷Youtube Comments [CUSTOM] [FRANCE] [Refill: No] [Max: 100] [Start Time: 0-1 Hour] [Speed: 100/Day] ⚡⭐","61.25","43.75","10","250","jap","10db3f95-b9df-4b3f-8615-37a1ff70932e"
"youtube","🇯🇵Youtube Comments [CUSTOM] [JAPAN] [LIFETIME GUARANTEED] [Max: 100] [Start Time: 0-1 Hour] [Speed: 100/Day] ⚡⭐ ♻️","61.25","43.75","10","250","jap","0fe8546b-a522-41d3-8253-28152dd48d32"
"youtube","🇧🇷Youtube Comments [CUSTOM] [BRAZIL] [LIFETIME GUARANTEED] [Max: 100] [Start Time: 0-1 Hour] [Speed: 100/Day] ⚡⭐ ♻️","61.25","43.75","10","250","jap","dc1fdc1f-3ecc-4d89-9fc6-0da096139875"
"youtube","🇺🇸Youtube Comments [CUSTOM] [USA] [LIFETIME GUARANTEED] [Max: 2K] [Start Time: 0-1 Hour] [Speed: 2K/Day]⚡⭐ ♻️","70","50","10","2000","jap","b43e05ff-8b7a-4c41-b6c0-16265a3c2e6d"
"youtube","🇺🇸YouTube Comment Reply [CUSTOM] [USA] [LIFETIME GUARANTEED] [Max: 2K] [Start Time: 0-1 Hour] [Speed: 2K/Day] ⚡⭐ ♻️","70","50","10","2000","jap","b0796459-c21c-460b-b9c5-77d37f2cfb16"
"youtube","Youtube Pre-Premiere Waiting Views [RAV] [Startime: Instant] [Refill: No]⚡️⭐","4.9","3.5","1000","100000","jap","782f628b-bc14-4148-810e-20d5cf020f0b"
"youtube","Youtube Views [Refill: Lifetime] [Max: 10M] [Start Time: 0 - 2Hrs] [Speed: Up to 1K/Day] 💧♻️","1.2474","0.891","100","500000","jap","7888be47-690d-45da-85b4-a799319d9643"
"youtube","Youtube Live Stream Views [HQ] [CONCURRENT] [Max: 50K] [Start Time: Instant] [Speed: For 180 Mins]","3.15","2.25","10","2000000","jap","78c5e645-6564-4af0-8949-e2098687b6bf"
"youtube","Youtube Live Stream Views [90 Mins] [Max: 75K] [Start Time: Up to 5 Mins] [Speed: For 90 Minutes]","0.595","0.425","50","500000","jap","7acb49cf-ddc2-4bb3-85c3-f895d32fe452"
"youtube","🇭🇰Youtube Views [HONG KONG Discovery ADS] [ZERO DROP] [Max: 10M] [Start Time: 24 Hours] [Speed: 1M/Day] 🔥","5.544","3.96","10000","10000000","jap","7ad3c21b-c49e-4401-a507-cc02117d5008"
"youtube","🇪🇸 YouTube Unique Views - Spain [RAV™] [Refill: 90 Days] [Max: 100K] [Start Time: 0-1 Hour] [Speed: 200-1000/Day] ♻️","4.9","3.5","500","100000","jap","7c4eef56-4829-4f55-b553-731e00a3bee5"
"youtube","🇭🇷 YouTube Unique Views - Croatia [RAV™] [Refill: 90 Days] [Max: 100K] [Start Time: 0-1 Hour] [Speed: 200-1000/Day] ♻️","4.9","3.5","500","100000","jap","7cb3cb53-38f7-40da-901e-a4bf7cc1ef63"
"youtube","YouTube Social Shares [Refill: Lifetime] [Max: 10K] [Start Time: 0 - 1 Hour] [Speed: 10K/Day]","0.35","0.25","100","100000","jap","7e707b22-c6fd-4188-b316-62ad63c8e6b7"
"youtube","🇪🇸YouTube Unique Views - Spanish Speakers  [RAV™] [Refill: 90 Days] [Max: 100K] [Start Time: 0-1 Hour] [Speed: 500-2000/Day] ♻️","4.9","3.5","500","100000","jap","826ec9ac-a2fb-4712-b2aa-1cc260417a84"
"youtube","🇯🇵Youtube Views [JAPAN Discovery ADS] [ZERO DROP] [Max: 10M] [Start Time: 24 Hours] [Speed: 1M/Day] 🔥","7.5041","5.3601","10000","10000000","jap","8327ba87-d03d-49f8-ad0a-2f484cffba45"
"youtube","Youtube Live Stream Views [Max: 50K] [Start Time: Instant] [Speed: For 30 Minutes]","1.33","0.95","50","50000","jap","836e21b8-38cb-4fc1-9fa9-a925598cc9c8"
"youtube","Youtube Live Stream Views [Max: 75K] [Start Time: Instant] [Speed: For 30 Minutes]","0.8225","0.5875","50","500000","jap","83ccde42-80a9-4835-8223-0e0c49e45de8"
"youtube","🇲🇪 YouTube Unique Views - Montenegro [RAV™] [Refill: 90 Days] [Max: 100K] [Start Time: 0-1 Hour] [Speed: 200-1000/Day] ♻️","4.9","3.5","500","100000","jap","89deb2fd-2e40-4dbb-9940-f4682de9b3da"
"youtube","🇦🇺Youtube Views [AUSTRALIA Discovery ADS] [ZERO DROP] [Max: 10M] [Start Time: 24 Hours] [Speed: 1M/Day] 🔥","8.232","5.88","10000","10000000","jap","8ac73000-f229-46f5-9def-0a6d2004d12a"
"youtube","🇲🇲 YouTube Unique Views - Myanmar [RAV™] [Refill: 90 Days] [Max: 100K] [Start Time: 0-1 Hour] [Speed: 200-1000/Day] ♻️","4.9","3.5","500","100000","jap","8cda7a44-3512-420b-a127-c82870f3de14"
"youtube","Youtube Views [Refill: Lifetime] [Max: 50M] [Start Time: 0 - 2 Hours] [Speed: Up to 200K/Day] 💧","1.26","0.9","3000","10000000","jap","8ed38e76-2303-4332-bb84-7dae7e339034"
"youtube","🇲🇾Youtube Views [MALAYSIA Discovery ADS] [ZERO DROP] [Max: 10M] [Start Time: 24 Hours] [Speed: 1M/Day] 🔥","5.208","3.72","10000","10000000","jap","8f1cc6cb-1324-44a0-96b0-78bf2da1c1cd"
"youtube","Youtube Native Views [Refill: ∞] [Min: 1K] [Max: 10M] [Start Time: 0 - 6 Hrs] [Speed: Up to 5K/D]","1.575","1.125","1000","100000000","jap","9024ed8c-c499-4d2d-aa8f-fbf1ba88772b"
"youtube","Youtube Live Stream Views [120 Mins] [Max: 75K] [Start Time: Up to 5 Mins] [Speed: For 120 Minutes]","0.595","0.425","50","500000","jap","90587e50-d1bd-4388-b588-04ef4fc20771"
"youtube","Youtube Likes [Refill: 30D] [Max: 100K] [Start Time: 0-3 Hours] [Speed: 15K/Day]💧","0.504","0.36","10","5000","jap","90ed2f02-026d-47b1-8cc3-68a69a2697b3"
"youtube","Youtube Live Stream Views [MONETIZABLE] [Max: 100K] [Start Time: INSTANT] ⚡️⭐","4.9","3.5","1000","100000","jap","90f9a31f-02df-4d17-b335-863322c25afd"
"youtube","Youtube Live Stream Views [180 Mins] [Max: 75K] [Start Time: Up to 5 Mins] [Speed: For 180 Minutes]","5.075","3.625","50","500000","jap","9293f6ba-f4db-4ec3-8cc5-e07f51f39878"
"youtube","Youtube Subscribers [Refill: 30D] [Max: 5K] [Start Time: 0 - 3 Hrs] [Speed: Up to 200/D] 💧","21.84","15.6","50","10000","jap","97b272bc-5bc5-492b-b7b9-8879c8eec1a3"
"youtube","🇷🇺 YouTube Unique Views - Russia [RAV™] [Refill: 90 Days] [Max: 100K] [Start Time: 0-1 Hour] [Speed: 200-1000/Day] ♻️","4.9","3.5","500","100000","jap","97b29c53-68b8-465a-b02d-c78a2d52be0a"
"youtube","Youtube Likes [Refill: 30 Days] [Max: 500K] [Start Time: 0 - 3 Hours] [Speed: Up to 50K/Day] ♻️💧","3.85","2.75","20","5000","jap","97ce8475-6370-49aa-9d4f-aaab97db7e6f"
"youtube","Youtube Live Stream Views [Max: 300K] [Start Time: Instant] [Speed: For 90 Minutes]","0.5548","0.3963","20","600000","jap","a48fbc20-922f-40da-aa03-7365c996d25f"
"youtube","Youtube Subscribers [Refill: 90 Days - Auto Refill] [Max: 10K] [Start: 0 - 1 Hour] [Speed: Up to 300/Day]💧🔥","27.6675","19.7625","100","1000000","jap","a5ecf46b-779a-4a89-bb4c-ce017cdffbe3"
"youtube","Youtube Live Stream Views [HQ] [CONCURRENT - 60 Mins] [Max: 50K] [Start Time: Instant] [Speed: For 60 Minutes]","1.729","1.235","50","50000","jap","a5f46827-4ab6-4b5f-8a3d-c9b2211f4720"
"youtube","🇸🇾 YouTube Unique Views - Syria [RAV™] [Refill: 90 Days] [Max: 100K] [Start Time: 0-1 Hour] [Speed: 200-1000/Day] ♻️","4.9","3.5","500","100000","jap","a7e74305-d562-4e7c-9435-9ebde84a9882"
"youtube","Youtube Subscribers [Refill: 60 Days] [Max: 50K] [Start Time: 0 - 6 Hours] [Speed: Up to 200/Day] 🔥","36.96","26.4","50","100000","jap","a80e5aa2-46c3-4486-bafb-3bb4a020f4f9"
"youtube","Youtube SHORTS Views [Refill: Lifetime] [Max: 5M] [Start Time:0 -1 Hours] [Speed: 60K/Day]","1.435","1.025","100","5000000","jap","a8319c84-2d7d-4888-a1b2-676e77a90294"
"youtube","Youtube Live Stream Views [Max: 50K] [Start Time: Instant] [Speed: For 24 Hrs]","6.384","4.56","50","100000","jap","b3822c81-5262-47d5-92df-f5feaefee959"
"youtube","🇵🇹YouTube Unique Views - Portuguese Speakers  [RAV™] [Refill: 90 Days] [Max: 100K] [Start Time: 0-1 Hour] [Speed: 500-2000/Day] ♻️","4.9","3.5","500","100000","jap","b38f9397-b904-467a-930e-6515ded0c6ee"
"youtube","Youtube Views [Discovery ADS] [Max: 10M] [ZERO DROP] [Start Time: Up to 96 Hours] [Speed: 200K/Day] 🔥","2.6768","1.912","10000","10000000","jap","c6506646-29b2-44fa-92cc-04530980d88d"
"youtube","Youtube Live Stream Views [Max: 50K] [Start Time: Instant] [Speed: For 60 Minutes]","2.66","1.9","50","50000","jap","c66b70ce-05bb-4c9b-bfad-c1b7947d5da4"
"youtube","Youtube Likes [Refill: 30 Days] [Max: 2500K] [Start Time: 0-6 Hours] [Speed: 100K/Day]💧","2.8875","2.0625","10","100000","jap","c67f891e-ccda-437e-a89a-b9291f1b5a5b"
"youtube","Youtube Views [Refill: 365D] [Max: 100K] [Start Time: 0 - 1 Hr] [Speed: Up to 3K/D] 💧⛔️","1.225","0.875","10","2000000","jap","c69b2858-2a2f-4eb6-b33a-7e1148bcaf3a"
"youtube","🇭🇰Youtube ADS Views [HONG KONG] [R∞] [Lifetime Guaranteed] [Max: 10M] [Start Time: 72 Hours] [Speed: 50K/Day] ♻️","7.896","5.64","3000","100000000","jap","c6e6bff8-770c-45db-a4ca-0411fd930b98"
"youtube","🇹🇼 YouTube Social Shares [ Taiwan ]","2.072","1.48","50","100000","smmwiz","00312edd-ac5c-4441-b9e6-7f1b7453b63c"
"youtube","Youtube ADS Views [WW] [NON DROP] [Max: 10M] [Start Time: 6-74 Hours] [Finishes in 4-14 Days]","1.925","1.375","1000","10000000","jap","c7fb67dc-e7a3-4c9c-930b-ebfb712cc4b4"
"youtube","Youtube Germany Likes [Refill: 30 Days] [Max: 50K] [Start Time: 0- 15 Min] [Speed: 20k/Day]","3.003","2.145","10","100000","jap","d39d4fd8-ed7f-442a-808e-54c3bf1ddae0"
"youtube","Youtube Views [1M] [LIFETIME GUARANTEED] [1H - 2K/Day] 🔥🔥","1.6311","1.1651","100","1000000","jap","d504369a-8c9c-4ec0-9c15-11bc42923ae9"
"youtube","YouTube Social Shares from Linkedin [Lifetime Guaranteed] [Max: 10K] [Start Time: 1 Hour] [Speed: 300/Day] ♻️","1.05","0.75","100","100000","jap","d5442fbf-2827-4803-b3d9-6f5563b21746"
"youtube","Youtube Live Stream Views [HQ] [CONCURRENT - 15 Mins] [Max: 20K] [Start Time: Instant] [Speed: For 15 Minutes]","0.4113","0.2938","50","20000","jap","d6dbe6d2-8721-4cd4-9b16-a4be4ed8a6dd"
"youtube","Youtube Comment Reply [USA] [Created by AI] [Refill: 30D] [Max: 1K] [Start Time: 0-1 Hr] [Speed: 1K/D]","18.9","13.5","5","10000","jap","d71d9acf-201a-448a-b3c1-492156db89af"
"youtube","Youtube Views [External Source] [Refill: Lifetime] [1 to 5 Mins Retention] [Max: 1M] [Start Time: 0-2 Hrs] [Speed: Up to 2K/D] 💧","2.45","1.75","100","1000000000","jap","d729780d-9ef4-4adc-bad7-34d7c91c115f"
"youtube","Youtube Live Stream Views [Max: 250K] [Start Time: Instant] [Speed: For 2 Hours]","0.8512","0.608","20","250000","jap","d776d8a5-d991-4aba-8f78-f740ad8580e9"
"youtube","🇪🇬Youtube ADS Views [EGYPT] [Lifetime Guaranteed] [Max: 10M] [Start Time: 72 Hours] [Speed: 50K/Day] ♻️","7.056","5.04","3000","100000000","jap","d780eb4c-ff99-4f06-bccc-8cfaa5ded2d5"
"youtube","🇷🇺Youtube ADS Views [RUSSIA] [Lifetime Guaranteed] [Max: 10M] [Start Time: 72 Hours] [Speed: 50K/Day] ♻️","6.384","4.56","3000","100000000","jap","ddd19158-a146-4da6-bf87-186e08477793"
"youtube","Youtube Live Stream Views [150 Mins] [Max: 75K] [Start Time: Up to 5 Mins] [Speed: For 150 Minutes]","1.19","0.85","50","500000","jap","df1b7a02-3756-4f7d-8991-4d848af2d0f1"
"youtube","Youtube Subscribers [Refill: 30 Days] [Max: 100K] [Start Time: 1 Hour] [Speed: 20/Day]💧 ♻️","28.728","20.52","100","1000000","jap","df8a9dcc-5819-4c87-9ac2-1f30a8f420ac"
"youtube","🇯🇴 YouTube Unique Views - Jordan [RAV™] [Refill: 90 Days] [Max: 100K] [Start Time: 0-1 Hour] [Speed: 200-1000/Day] ♻️","4.9","3.5","500","100000","jap","dfadd413-8ccd-4d5e-9776-0f52bac6541d"
"youtube","Youtube Views [RAV-MTS™ + Engagement] [Refill: 90 Days] [Max: 500K] [Start Time: 0-1 Hour] [Speed: 2K/Day] ♻️","8.4","6","500","500000","jap","e67915a2-9744-4acb-853b-e838a632777b"
"youtube","Youtube Watch Time [60+ Mins Video] [Speed: 200/D] [Start Time: 0-1 Hrs] [Refill: 60D]","41.9825","29.9875","100","4000","jap","ef165b64-0427-4237-810c-17ff9c50be84"
"youtube","Youtube Live Stream Views [Max: 50K] [Start Time: Instant] [Speed: For 120 Minutes]","5.32","3.8","50","50000","jap","f0583a2c-c8c0-497e-b8db-5ec3e112b371"
"youtube","Youtube Views [Engagement] [Refill: Lifetime] [Speed: 10k/Day] [Start Time: 1Hour]🔥","2.8875","2.0625","50","2147483647","jap","f0a95458-9985-4d59-b2c3-b0e2fdd012b5"
"youtube","🇸🇬 YouTube Unique Views - Singapore [RAV™] [Refill: 90 Days] [Max: 100K] [Start Time: 0-1 Hour] [Speed: 200-1000/Day] ♻️","4.9","3.5","500","100000","jap","f0bc8896-8197-442e-a914-0590a27f6924"
"youtube","Youtube Aword Views [WW] [Max: 5Min Lenght] [NO DROP] [Min 500]","0.5635","0.4025","500000","10000000","jap","f11109ae-7158-4ab5-a572-c48565dae017"
"youtube","Youtube Live Stream Views [Max: 50K] [Start Time: Instant] [Speed: For 360 Minutes]","16.45","11.75","50","50000","jap","f2398c59-94d6-4b3a-8920-750e4abf08c6"
"youtube","Youtube Views [Auto-Refill: 30 Days] [Max: 10M][Start Time: 0-1 Hour] [Speed: 50K/Day]","1.925","1.375","100","10000000","jap","f24e1b7c-2007-4d52-a3e7-5e62e99bc938"
"youtube","Youtube Views [NON DROP - AFTER UPDATE] [Start Time: 0 - 1 Hour] [Speed: 5K/Day] 🔥","4.55","3.25","50","2147483647","jap","f8e61a44-3494-4abc-a0ec-a5a061dae1c2"
"youtube","Youtube Live Stream Views [HQ] [CONCURRENT - 24 Hours] [Max: 50K] [Start Time: Instant] [Speed: For 24 Hours]","40.04","28.6","50","50000","jap","f91ae4b7-68fe-4137-af22-9d3e5d4b856c"
"youtube","🇨🇿Czech Republic Traffic from YouTube [No Refill] [Max: 1M] [Start Time: 12 Hours] [Speed: 10K/Day]","0.6125","0.4375","500","1000000","jap","eaa3e894-edec-4e63-bb37-36adfdbece09"
"youtube","Egypt Traffic from YouTube","0.665","0.475","500","1000000","jap","ef447de2-41a6-40fa-a413-e3bbcfe22ae5"
"youtube","YouTube Live Viewers [15 minutes] [MIN 50]","0.364","0.26","50","1000","smmwiz","fc023bea-c056-4156-a2a4-5a934376080e"
"youtube","🇯🇵Japan Traffic from YouTube [Refill: No] [Max: 1M] [Start Time: 12 Hours] [Speed: 10K/Day]","0.6125","0.4375","500","1000000","jap","f746b6e0-242f-42dc-a551-abf40b62b133"
"youtube","🇮🇳India Traffic from YouTube [Refill: No] [Max: 1M] [Start Time: 12 Hours] [Speed: 10K/Day]","0.245","0.175","88","88888888","jap","fd54572f-cb0c-4408-b27e-1781048e501f"
"youtube","🇮🇹Italy Traffic from YouTube [No Refill] [Max: 1M] [Start Time: 12 Hours] [Speed: 10K/Day]","0.665","0.475","500","1000000","jap","ff5d9c48-0b97-4b92-8422-1d271b009af8"
"youtube","🇵🇾 YouTube Unique Views - Paraguay [RAV-GS™ - Real &amp; Active Views]","4.788","3.42","500","100000","smmwiz","f46a5ef2-1c37-4421-9a00-486cc3c605fe"
"youtube","Youtube Subscribers + Views [Real] [90 Days Refill] [5000-10000/D] [0-10/M]","33.6","24","100","1000000","smmwiz","0341df54-954c-4a14-9389-af8b38177bd9"
"youtube","🇮🇶 YouTube Social Shares [ Iraq ]","2.072","1.48","50","10000","smmwiz","0344699e-ff9d-425a-9f91-b23c681215a3"
"youtube","🇧🇬 YouTube Unique Views - Bulgaria [RAV-GS™ - Real &amp; Active Views]","4.788","3.42","500","100000","smmwiz","0426485d-5063-4024-89a4-5fb8455351d5"
"youtube","🇺🇸 Youtube USA Social Ads Views - [ 50k/day ] [ Non Drop, 30 Days Guaranteed ] 6-12 HRS","8.526","6.09","10000","10000000","smmwiz","049938ca-c7f0-409e-adbf-f5943236e0af"
"youtube","🇸🇻 YouTube Social Shares [ El Salvador ]","2.072","1.48","50","10000","smmwiz","049ca167-ba3b-49a2-9c59-e428823d538f"
"youtube","🇹🇼 YouTube Social Shares [ Taiwan ]","2.072","1.48","50","100000","smmwiz","05b9ca6d-356c-487e-950e-38bf9fe12d19"
"youtube","Sweden Traffic from YouTube","0.77","0.55","1000","1000000","smmwiz","05cf60f9-fb72-431b-86a0-224f0d273282"
"youtube","🇷🇺 YouTube Social Shares [ Russia ]","2.072","1.48","50","100000","smmwiz","060505ce-ec98-4f62-9099-42f8e5f818b2"
"youtube","🇹🇷 YouTube Unique Views - Turkey [RAV™ - Real &amp; Active Views]","4.956","3.54","500","100000","smmwiz","06bdd3b7-fadb-40cf-8b61-d65e0318e6ba"
"youtube","Youtube Subscribers - [ Max - 100k ] [ NO REFILL ] 0-6HRS","3.36","2.4","10","100000","smmwiz","06e5e218-d44b-4a9c-a909-3b04bd25e67c"
"youtube","Youtube Live Stream Views [15 Mins LIVE CONCURRENT] [UPTO 20K VIEWERS/SUPERFAST] INSTANT","1.414","1.01","100","100000","smmwiz","070595eb-8999-4d20-8af3-c2ab6b00e732"
"youtube","🇮🇹 YouTube Unique Views - Italy [RAV™ - Real &amp; Active Views]","4.956","3.54","500","100000","smmwiz","0742b7e9-743b-425e-a622-36ed69acb47c"
"youtube","🇶🇦 YouTube Unique Views - Qatar [RAV™ - Real &amp; Active Views]","4.956","3.54","500","100000","smmwiz","07f31ebb-b011-447b-92b7-5c54c7572587"
"youtube","🇲🇽 YouTube Unique Views - Mexico [RAV™ - Real &amp; Active Views]","4.956","3.54","500","100000","smmwiz","07f83b93-588d-478d-ae37-0b2a4984ae3a"
"youtube","🇲🇦 YouTube Unique Views - Morocco [RAV-GS™ - Real &amp; Active Views]","4.788","3.42","500","100000","smmwiz","0855e6ba-39d4-42f4-af74-6b3acee94e04"
"youtube","🇬🇷 YouTube Unique Views - Greece [RAV™ - Real &amp; Active Views]","4.956","3.54","500","100000","smmwiz","08ae67f9-61bd-4e7c-a240-fde87b414890"
"youtube","🇳🇬 YouTube Social Shares [ Nigeria ]","2.072","1.48","50","10000","smmwiz","0c574faa-b34d-4be7-b5fe-3a7b860fed6c"
"youtube","🇵🇪 YouTube Unique Views - Peru [RAV™ - Real &amp; Active Views]","4.956","3.54","500","100000","smmwiz","0dc09f9f-b79e-4943-b362-5dd8e673a972"
"youtube","📱 YouTube Mobile Views [ TRU™ Mobile ] [ 🌍 Worldwide ] [ Ads-Enabled ] ⚡","4.032","2.88","1000","1000000","smmwiz","0f2a32e9-6418-464a-86a5-a48824298606"
"youtube","Youtube Save Video To Playlist [Real] [World Wide] [1K/D] [0-1/H]","16.212","11.58","1","15000","smmwiz","0f56bd8d-0422-4748-904b-9856ffbf47d6"
"youtube","🇨🇦 YouTube Canada Adwords Views – [ Min – 5k ] [ Non Drop ] INSTANT","10.01","7.15","5000","1000000000","smmwiz","0f916a2a-8cc3-455e-a618-f502466cff80"
"youtube","🇷🇸 YouTube Social Shares [ Serbia ]","2.072","1.48","50","100000","smmwiz","0fad7b51-d727-492a-915f-3c72d5c34994"
"youtube","🇬🇷 YouTube Social Shares [ Greece ]","2.072","1.48","100","100000","smmwiz","1069979f-1d21-4669-b7c6-3c1080060bc7"
"youtube","Youtube Concurrent - Live Stream Views [360 MINUTES] [Superfast, Cheapest] INSTANT","3.136","2.24","50","300000","smmwiz","107813e1-1aa3-4646-8145-b4dbca3133a0"
"youtube","♛ YouTube Social Shares from Reddit","0.882","0.63","100","500000","smmwiz","12e23c82-4133-4ee6-89ab-c3cd74301921"
"youtube","Youtube Live Stream [ 240 Minute ] [ 70-100% Concurrent ] [ Cheapest In Market ]","4.522","3.23","50","500000","smmwiz","13001b8f-4e31-42d7-aed8-52b361b8a4f6"
"youtube","🇲🇲 YouTube Unique Views - Myanmar [RAV-GS™ - Real &amp; Active Views]","4.788","3.42","500","100000","smmwiz","137c58d7-fbee-40d6-8bdc-aef9f56ee093"
"youtube","Youtube Comments [RANDOM] [BRAZIL]","46.256","33.04","10","250","smmwiz","1483beed-9b52-4528-b5fd-b525c183f9a3"
"youtube","▶️  Youtube Views 𝑨𝐝𝘀 | Source: social crutches ⚡️100k-150k/D ⭐NON DROP⭐ 🔥","1.414","1.01","20000","5000000","smmwiz","14ef0104-31e6-4f1e-9095-23fa7eb61164"
"youtube","YouTube Native Ads Views | Speed: 100K+/day | Min 1K | Lifetime Refill","1.582","1.13","1000","100000000","smmwiz","182213b0-3b01-43e3-9602-e6d870ff2ac1"
"youtube","🇧🇩 YouTube Unique Views - Bangladesh [RAV-GS™ - Real &amp; Active Views]","4.788","3.42","500","100000","smmwiz","1920aa82-8216-4339-9965-cbe540b9326f"
"youtube","Youtube Native ADS Views - [ 100k-300k/day ] [ Min - 1k ] [ Lifetime Refill ] INSTANT","1.512","1.08","1000","1000000","smmwiz","1a4cf4fc-8b0a-41c1-8f60-3bb867f8e8d5"
"youtube","🇧🇷 YouTube Unique Views - Brazil [RAV-MTS™ - High Monetization Views]","9.562","6.83","500","100000","smmwiz","1a97f647-c7df-45a4-a201-b8dd9b941c01"
"youtube","YouTube Unique Views -  𝐀𝐫𝐚𝐛𝐢𝐜 𝐒𝐩𝐞𝐚𝐤𝐞𝐫𝐬 [RAV™ - Real &amp; Active Views]","4.956","3.54","500","100000","smmwiz","1d68b204-6fb0-4544-848f-37c8c2863728"
"youtube","🇩🇪 YouTube Unique Views - Germany [RAV™ - Real &amp; Active Views]","4.956","3.54","500","100000","smmwiz","1d87d553-8047-415a-91c1-921006f23f1c"
"youtube","🇮🇩 YouTube Unique Viewers - Indonesia [TRU™ Titan - Targeted Real Users]","10.892","7.78","500","100000","smmwiz","1ef95929-558c-4fcb-bb6d-4ea17ccfc1f2"
"youtube","Youtube Livestream Views [180 Minutes]","3.178","2.27","100","100000","smmwiz","1f750745-555a-4f56-98e7-7c178998a8ba"
"youtube","YouTube Unique Views [RAV-GS™ - Real &amp; Active Views] + Engagements","4.256","3.04","500","500000","smmwiz","20aa12cb-b5e8-4e19-80dd-e1a91f952968"
"youtube","Youtube Likes [Almost No Drop] [No Refill] [2K/H] [Instant]","4.2","3","10","100000","smmwiz","20b93029-61f3-4383-9cb1-a4965e87d847"
"youtube","🇩🇿 YouTube Social Shares [ Algeria ]","2.072","1.48","50","100000","smmwiz","20c5e675-edb4-4449-8e39-968fe03d5d6c"
"youtube","Youtube Likes [No Drop] [30 Days Refill] [100K/D] [Instant]","1.68","1.2","10","100000","smmwiz","20f2cbad-0e0a-446d-b995-9ecfa169ee75"
"youtube","🇳🇵 YouTube Social Shares [ Nepal ]","2.072","1.48","50","10000","smmwiz","2132131b-9dcc-4393-8ac0-82d45472818f"
"youtube","Youtube Community Like [100K] [30 Day Refill]","8.19","5.85","10","100000","smmwiz","214f1b90-68d9-4dfa-9f31-5bb0fe994e79"
"youtube","🇦🇱 YouTube Social Shares [ Albania ]","2.072","1.48","50","100000","smmwiz","21a52897-16fd-47e4-9562-6ecc480322bc"
"youtube","🇹🇭 YouTube Social Shares [ Thailand ]","2.072","1.48","50","100000","smmwiz","22b2d048-8a18-4be9-b0e6-f228e271bc74"
"youtube","🇧🇴 YouTube Unique Views - Bolivia [RAV™ - Real &amp; Active Views]","4.956","3.54","500","100000","smmwiz","22e7ee30-cde9-40a9-96cd-bb9f668c5538"
"youtube","Youtube Live Stream Views + Likes [1440 Minutes]","7.392","5.28","50","5000000","smmwiz","23033227-4704-41ac-ba80-39ca53502a52"
"youtube","Youtube Livestream Views [360 Minutes]","5.936","4.24","100","100000","smmwiz","23045196-5646-420f-9269-c27308cc8c9b"
"youtube","YouTube Live Stream Views S5 - [ 1440 Mins Live Watching ] INSTANT","34.496","24.64","50","500000","smmwiz","232f3b59-8709-4b42-b741-63e1b8283698"
"youtube","♛ YouTube Social Shares [ ~𝟑𝟎𝟎𝟎 𝐏𝐞𝐫 𝐃𝐚𝐲 ]","1.694","1.21","1000","250000","smmwiz","23cc0273-089d-416f-838f-ca66e8104a10"
"youtube","Youtube Live Stream Views [150 Minutes]","0.574","0.41","50","200000","smmwiz","24510248-47d8-4c6c-984f-1c90e4ce0318"
"youtube","🇦🇪 YouTube Social Shares [ UAE ]","2.072","1.48","50","100000","smmwiz","245a60c7-0cea-43f7-aadb-3ed57d7ef412"
"youtube","Youtube Live Chat Custom Comments [Live Stream / Premiere / Video Waiting To Be Published] [Mix - World]","3.318","2.37","5","5000","smmwiz","246b7b4c-f283-46f5-b2df-dac75486d0a6"
"youtube","🇦🇷 YouTube Social Shares [ Argentina ]","2.072","1.48","50","100000","smmwiz","2551241c-23fe-4ff7-b8f6-275c35f9514a"
"youtube","Youtube Live Stream Views [90 Minutes]","0.35","0.25","50","200000","smmwiz","2562a9ee-4098-4d53-9f8a-832c2b9811f6"
"youtube","♛ YouTube Social Shares from Embed 💎","0.882","0.63","100","500000","smmwiz","266bdbed-2e81-4998-8a48-c0daa53bd86d"
"youtube","🇲🇽 YouTube Unique Views - Mexico [RAV-GS™ - Real &amp; Active Views]","4.788","3.42","500","100000","smmwiz","27f07b03-39d8-418b-b5d1-12f289de44e8"
"youtube","YouTube Live Views [Stay 90 Minutes] [⚡Instant] [⭐Guaranteed Direct]","5.586","3.99","50","500000","smmwiz","2850794f-73c5-4b77-b78e-ca2b265e39f4"
"youtube","🇧🇦 YouTube Unique Views - Bosnia and Herzegovina [RAV™ - Real &amp; Active Views]","4.956","3.54","500","100000","smmwiz","2a254c80-dfe8-4713-b17b-72a1cde77ed0"
"youtube","Youtube Ultra Native Fast Views|20-50 k daily||Start 0-30 min| Lifetime Guaranteed|Min 5k","0.952","0.68","5000","1000000","smmwiz","2a48ec84-b81a-483b-aece-7b1b6570bee0"
"youtube","🇵🇹 YouTube Social Shares [ Portugal ]","2.072","1.48","50","100000","smmwiz","2a867ea8-5406-4bc1-a2af-576567cc3657"
"youtube","YouTube Live Stream Viewers - [Concurrent Viewers for 30 Mins+] [Stable, Fastest, Cheapest] INSTANT","3.696","2.64","50","40000","smmwiz","2acee3e5-53b6-437d-a59a-ce5d5554a187"
"youtube","🇧🇷 YouTube Social Shares [ Brazil ]","2.072","1.48","50","100000","smmwiz","2ad8537a-71fd-48fb-a1b3-2ec6844eea36"
"youtube","🇩🇿 YouTube Social Shares [ Algeria ]","2.072","1.48","50","100000","smmwiz","2be92a4b-0d02-4abe-aa89-4a5230144dd6"
"youtube","🇹🇭 YouTube Social Shares [ Thailand ]","2.072","1.48","50","100000","smmwiz","2d694bf9-c678-4ca7-8e24-3f021327b046"
"youtube","🇵🇹 YouTube Social Shares [ Portugal ]","2.072","1.48","50","100000","smmwiz","2d828776-5436-4bcd-b672-b6b9d22d8ad8"
"youtube","🇫🇷 YouTube Unique Views - France [RAV-GS™ - Real &amp; Active Views]","4.788","3.42","500","100000","smmwiz","2f29d0bc-22ef-4840-8f93-064eb86b31e2"
"youtube","🇩🇴 YouTube Unique Views - Dominican Republic [RAV-GS™ - Real &amp; Active Views]","4.788","3.42","500","100000","smmwiz","2f516fd3-4deb-44f1-a49b-fc323951e822"
"youtube","Youtube Likes [No Drop] [30 Days Refill] [5K/H] [Instant]","0.504","0.36","10","5000","smmwiz","30c0763a-e10d-405f-9b44-b0e4e17ffd38"
"youtube","UK Traffic from YouTube [LQ]","0.238","0.17","88","88888888","smmwiz","30c3a016-afdb-4f74-aae5-88300801ab00"
"youtube","YouTube Unique Views - 𝐅𝐫𝐞𝐧𝐜𝐡 𝐒𝐩𝐞𝐚𝐤𝐞𝐫𝐬 [RAV-MTS™ - High Monetization Views]","9.562","6.83","500","100000","smmwiz","30e3a52a-6638-4014-99c8-0565c75b3ec6"
"youtube","🇧🇬 YouTube Unique Views - Bulgaria [RAV™ - Real &amp; Active Views]","4.956","3.54","500","100000","smmwiz","31ad0f42-18e0-4a90-9b4a-1eb49e069fc8"
"youtube","Youtube Likes [Emergency 2] [No Drop] [R30] [5K/D] [Instant]","11.76","8.4","10","5000","smmwiz","31da8025-b15f-485a-8cd6-7e583af6a033"
"youtube","Youtube Native Ads Views [Min 5K] [Lifetime Guarantee] [200-500K/D] [0-12/H]","1.47","1.05","5000","100000000","smmwiz","32ab01a4-8515-4749-9f83-1fa7ad349696"
"youtube","Youtube Subscribers [No Refill] [100K/D] [Super Instant]","0.392","0.28","200","100000","smmwiz","32b81113-d988-467d-90a6-f863b461a6c1"
"youtube","Youtube Livestream Views | 150-250 Viewers | Valid For All Streams | 60 Minutes","0.406","0.29","100","2000","smmwiz","32bc2ac4-9328-45e7-849e-3e1ac2bd69b7"
"youtube","🇮🇳 YouTube Unique Viewers - India [TRU™ Titan - Targeted Real Users]","10.892","7.78","500","100000","smmwiz","3330cc2f-e7ae-4d4a-8154-186c08eaa256"
"youtube","Pakistan Traffic from YouTube [LQ]","0.238","0.17","88","88888888","smmwiz","344b90fe-9f31-4588-9f6a-44c7dfcfdba6"
"youtube","🇵🇪 YouTube Social Shares [ Peru ]","2.072","1.48","50","10000","smmwiz","363da735-46f0-45cf-8334-527d14264b02"
"youtube","🔥 YouTube CTR Search Views For Videos [ 120+ Sec Retention] [Custom Keywords]","122.472","87.48","100","1000","smmwiz","367fb8c9-0478-41f6-afa1-c5882a24ab6b"
"youtube","🇲🇲 YouTube Unique Views - Myanmar [RAV™ - Real &amp; Active Views]","4.956","3.54","500","100000","smmwiz","3745e8d5-1c46-407b-8380-72d5e0b47470"
"youtube","🇧🇴 YouTube Social Shares [ Bolivia ]","2.072","1.48","50","10000","smmwiz","37781879-52dd-40a8-b382-4039c865ddfb"
"youtube","Youtube Live Stream Upvotes Option 2 [Instant] [Speed 5k/D] [Max 5k]","4.732","3.38","5","50000","smmwiz","37a1e976-dd6c-436b-9dab-15929300560c"
"youtube","Youtube Comment Likes - [ Max - 100k ] [ UPVOTES ] [ 30 Days Refill ] INSTANT","1.232","0.88","10","100000","smmwiz","38761959-ed4f-4617-95a1-d181838454a7"
"youtube","🇹🇷 YouTube Unique Viewers - Turkey [TRU™ Titan - Targeted Real Users]","10.892","7.78","500","100000","smmwiz","38d25def-3963-496a-bd7e-84472865c4ad"
"youtube","🇸🇦 YouTube Social Shares [ Saudi Arabia ]","2.072","1.48","50","100000","smmwiz","38f363c2-fe3a-4891-ab9a-a3efba47904f"
"youtube","YouTube Live Stream Views - [ Premium Quality ] [ Good For Ranking ] [ 30 Mins Live Watching ] INSTANT","1.26","0.9","50","500000","smmwiz","395f3037-38a8-43d6-9dcd-3bcd4b7fa52e"
"youtube","Youtube Live Stream Views [720 Minutes]","2.828","2.02","50","50000","smmwiz","39d1b2dd-a863-4bdd-a524-cf7972c84504"
"youtube","🔥 YouTube CTR Search Views For Videos [ ~60 Sec Retention] [Custom Keywords]","61.236","43.74","100","1000","smmwiz","3b40415a-5761-40f8-b9c0-21654b09db07"
"youtube","🇧🇪 YouTube Unique Viewers - Belgium [TRU™ Titan - Targeted Real Users]","10.892","7.78","500","100000","smmwiz","3b4f18d5-ebb0-497e-bcfc-41ff20bc5a8b"
"youtube","Youtube Live Stream Views - [Min - 5K] [120+ Minutes - Live Concurrent] [High Watching; Reliable] 𝗜𝗡𝗦𝗧𝗔𝗡𝗧","6.272","4.48","5000","1000000","smmwiz","3c5526f2-1087-4161-bee5-230cac763360"
"youtube","YouTube Live Stream - (30-Minute Concurrent Viewers) (20K Max) (Instant)","0.518","0.37","10","500000","smmwiz","3caa112d-3dd1-47aa-8a53-64c3026c0996"
"youtube","Youtube Native Ads Views [Min 500K] [Lifetime Guarantee] [200-500K/D] [0-12/H]","0.98","0.7","500000","100000000","smmwiz","3db7905b-314e-4349-83ad-2f0022c3619e"
"youtube","🇬🇧 YouTube Social Shares [ UK ]","2.072","1.48","50","100000","smmwiz","3dcc0597-cbae-4b8a-b54e-01de4c3c3768"
"youtube","Youtube Likes [30 Days Refill] [5K/D] [Instant]","3.192","2.28","50","5000","smmwiz","3ed235b0-865c-4db5-81b0-670eb64d68e9"
"youtube","Youtube Concurrent - Live Stream Views [180 MINUTES] [CHEAPEST] [MAX - 50k] INSTANT","5.656","4.04","50","50000","smmwiz","3f5c4596-9e58-4118-ad20-70dac4652edb"
"youtube","Youtube Live Stream [ 100% Concurrent - 240 Minutes ] Lowest Rate","5.964","4.26","50","500000","smmwiz","3fe52241-e999-467b-8c28-e3c788f913ea"
"youtube","🇷🇸 YouTube Unique Views - Serbia [RAV-GS™ - Real &amp; Active Views]","4.788","3.42","500","100000","smmwiz","3fea7b6d-dd29-4fc6-b341-b040639e0d58"
"youtube","Youtube Native Ads Views [Min 20K] [Lifetime Guarantee] [200-500K/D] [0-12/H]","1.596","1.14","20000","100000000","smmwiz","3ffc567e-dd84-4140-aeb8-711b0a5fdad4"
"youtube","All-in-one Youtube (with subscription)","132.72","94.8","50","5000","smmwiz","4024676f-6b2d-4d92-961e-832cc6f9a5b0"
"youtube","YouTube Live Viewers - [ Stay 30 min ] [ ⭐Direct Provider ] ⚡ Fast Increase","0.784","0.56","20","20000","smmwiz","4032f5ca-16bf-426d-9f3c-463468e8955e"
"youtube","Indonesia Traffic from YouTube","0.56","0.4","500","1000000","smmwiz","403693eb-998f-45c5-90ab-ec37731f068a"
"youtube","🇴🇲 YouTube Unique Views - Oman [RAV™ - Real &amp; Active Views]","4.956","3.54","500","100000","smmwiz","41cbbcec-b342-43d7-8e72-cb1948c8f768"
"youtube","🇦🇴 YouTube Social Shares [ Angola ]","2.072","1.48","50","10000","smmwiz","421d955a-cea8-42c8-aa83-b436d63a68ac"
"youtube","Youtube Native ADS Views - [ 100k-300k/day ] [ Min - 10k ] [ Lifetime Refill ] INSTANT","1.05","0.75","10000","100000000","smmwiz","428d9dc8-6dae-47e7-bba5-eaba48a355fc"
"youtube","🇱🇦 YouTube Unique Views - Laos [RAV-GS™ - Real &amp; Active Views]","4.788","3.42","500","100000","smmwiz","43753527-c655-4796-a4e2-960fa6951632"
"youtube","🇨🇴 YouTube Social Shares [ Colombia ]","2.072","1.48","50","100000","smmwiz","458c1f4f-b740-447c-a876-8729531f3344"
"youtube","🇷🇴 YouTube Social Shares [ Romania ]","2.072","1.48","50","100000","smmwiz","45b6129b-0ace-45e0-b03e-936bd735679d"
"youtube","Youtube Random Comments [Real] [World Wide] [1K/D] [0-1/H]","32.928","23.52","1","15000","smmwiz","45d4fba0-aff4-4ea1-a756-cb5112d73ce1"
"youtube","🇹🇼 YouTube Unique Viewers - Taiwan [TRU™ Titan - Targeted Real Users]","10.892","7.78","500","100000","smmwiz","460554ec-ac53-4668-95db-45097f61bbd1"
"youtube","🇶🇦 YouTube Unique Views - Qatar [RAV-GS™ - Real &amp; Active Views]","4.788","3.42","500","100000","smmwiz","4618dc29-5fbc-4c95-aaf2-74f542e2c388"
"youtube","🇺🇾 YouTube Social Shares [ Uruguay ]","2.072","1.48","50","10000","smmwiz","4624e43b-7f75-429b-a51f-0fc371644fa3"
"youtube","Youtube Likes [30 Days Refill] [1K/D] [0-1/H] [Cheap Service]","0.504","0.36","10","2000","smmwiz","46fb422f-0c37-416c-af8e-bd7b8a9ac096"
"youtube","🇹🇿 YouTube Unique Views - Tanzania [RAV™ - Real &amp; Active Views]","4.956","3.54","500","100000","smmwiz","4883e289-789b-4dfc-8cab-f813e0385b0e"
"youtube","🇨🇦 YouTube Social Shares [ Canada ]","2.072","1.48","50","100000","smmwiz","4b9988d3-33f4-4a5a-bcec-bd05c10adbb7"
"youtube","🇹🇭 YouTube Unique Views - Thailand [RAV™ - Real &amp; Active Views]","4.956","3.54","500","100000","smmwiz","4cb17b90-84c0-4b4c-9a4f-7e743d2e8bd2"
"youtube","🇲🇰 YouTube Social Shares [ North Macedonia ]","2.072","1.48","50","100000","smmwiz","4cb1dc48-69e7-4a34-bd3b-304f24cb3448"
"youtube","Youtube Concurrent - Live Stream Views [60 MINUTES] [CHEAPEST] [MAX - 50k] INSTANT","1.89","1.35","100","50000","smmwiz","4dc1c85d-0c59-4bbc-b0ec-e9c82541fc3b"
"youtube","Youtube Concurrent - Live Stream Views [90 MINUTES] [CHEAPEST] [MAX - 50k] INSTANT","2.828","2.02","50","50000","smmwiz","4e4de35e-5e81-4741-ab75-86234e8c62a6"
"youtube","🇺🇦 YouTube Social Shares [ Ukraine ]","2.072","1.48","50","100000","smmwiz","4f0befef-9210-44b3-ac2f-7ec06e6b92ae"
"youtube","Youtube Shorts Likes [ HQ Quality ] [ Instant Superfast ] [ Speed 5k/hr ] 30 Days Refill ♻️","0.252","0.18","10","10000","smmwiz","4f5cadb8-a195-4257-8f01-cf9594a17370"
"youtube","♛ YouTube Social Shares from 카카오스토리 - KakaoTalk 💎","0.882","0.63","100","500000","smmwiz","5071222b-7b10-4d13-b498-4d20116006f5"
"youtube","Youtube Comment Likes - [ Max - 50k ] [ 10k-20k/day ] [ 30 Days Refill ] INSTANT","0.7","0.5","10","100000","smmwiz","50b09ea9-91e4-4dbd-8826-c1c36215008f"
"youtube","🇭🇰 YouTube Unique Views - Hong Kong [RAV™ - Real &amp; Active Views]","4.956","3.54","500","100000","smmwiz","5356755f-f240-48df-b715-b850442d9d95"
"youtube","🇮🇶 YouTube Unique Views - Iraq [RAV™ - Real &amp; Active Views]","4.956","3.54","500","100000","smmwiz","53e2d065-71b5-463a-be97-ae832b9b8261"
"youtube","🇰🇪 YouTube Social Shares [ Kenya ]","2.072","1.48","50","100000","smmwiz","5413d42b-3c7e-478a-aa1a-4f9cab76de3b"
"youtube","Youtube Comments [CUSTOM] [UNITED STATES]","64.764","46.26","10","1000","smmwiz","54571999-b162-41d2-94e4-319e86e15822"
"youtube","NEW - YouTube Live Stream [✔ 12 Hours Concurrent Viewers] [Super Cheap] INSTANT","11.746","8.39","10","500000","smmwiz","546001ed-3e41-4d72-b7ac-52e34045a14f"
"youtube","YouTube Views - [ Real &amp; Active ] [ Source: Google Search Ads ] INSTANT","6.594","4.71","500","250000","smmwiz","551798de-435f-4c15-a46a-79db7a233a09"
"youtube","Youtube CUSTOM Comments [FEMALE] [UNITED STATES]","64.764","46.26","10","500","smmwiz","55502030-95bc-4125-9e6f-b2f7598fcb1b"
"youtube","♛ YouTube Social Shares from Stumbleupon","0.882","0.63","100","500000","smmwiz","5690cd11-d169-4a54-8ac0-3cb62af50822"
"youtube","Youtube Livestream Views | 150-250 Viewers | Valid For All Streams | 120 Minutes","0.644","0.46","100","2000","smmwiz","5786f8e4-0d23-416c-9e41-1c475ebcfaed"
"youtube","Pakistan Traffic from YouTube","0.56","0.4","500","1000000","smmwiz","57a70401-ba81-4961-8862-3538d3a3dcc7"
"youtube","🇩🇿 YouTube Unique Views - Algeria [RAV-GS™ - Real &amp; Active Views]","4.788","3.42","500","100000","smmwiz","57d41b7b-03cc-4bdb-aabe-0267d4285737"
"youtube","YouTube Live Viewers - [ Stay 2 Hour ] [ ⭐Direct Provider ] ⚡ Fast Increase","3.92","2.8","20","20000","smmwiz","57dda451-1679-4d29-abad-f961ac80460a"
"youtube","YouTube Unique Views - 𝐆𝐞𝐫𝐦𝐚𝐧 𝐒𝐩𝐞𝐚𝐤𝐞𝐫𝐬[RAV™ - Real &amp; Active Views]","4.956","3.54","500","100000","smmwiz","5a28bc09-c84e-4052-80f5-232a092edd00"
"youtube","♛ YouTube Social Shares from Odnoklassniki","0.882","0.63","100","500000","smmwiz","5b4befc0-b14f-4a12-8496-a3a3b7c9cfae"
"youtube","YouTube Live Views [Stay 2 hours] [⚡Instant] [⭐Guaranteed Direct]","7.588","5.42","50","500000","smmwiz","5b4c37c4-0a37-4be3-945a-41b2c7b2dd84"
"youtube","Youtube Native Ads Views [Special Service] [High Speed] [Lifetime Guarantee] [500K+/D] [0-4/H]","1.848","1.32","10000","100000000","smmwiz","5c8502d5-39de-4261-9b5f-6e1683dad526"
"youtube","Youtube Livestream Views [60 Minutes]","0.994","0.71","100","100000","smmwiz","5ce20963-c7a3-49ce-ab62-34732b48253f"
"youtube","🇵🇱 YouTube Social Shares [ Poland ]","2.072","1.48","50","100000","smmwiz","5cf8a723-c07a-435c-91c8-04df65693745"
"youtube","Youtube Views [No Drop] [World Wide] [Lifetime Guaranteed] [1-5K/D] [0-12/H] [Cheapest in the Market]","0.812","0.58","1000","10000000","smmwiz","5d056194-1c7b-4f46-a2fb-2a64e931d2b7"
"youtube","🇰🇷 YouTube Unique Views - South Korea [RAV™ - Real &amp; Active Views][Premium Traffic]","10.094","7.21","500","100000","smmwiz","5d3f0ba2-a1fc-4c56-9b91-12bfebec1e78"
"youtube","Youtube Concurrent - Live Stream Views [720 MINUTES] [CHEAPEST] [MAX - 50k] INSTANT","22.582","16.13","50","50000","smmwiz","5de3f998-24e4-4e1e-b9d6-09e282b0dff0"
"youtube","YouTube Views - [ Non Drop ] [ 5k/day ] [ Lifetime Guaranteed ] SUPER INSTANT","3.696","2.64","100","1000000","smmwiz","5df7c52e-8d82-465f-9ca5-3fbc123191ac"
"youtube","Czech Republic Traffic from YouTube","0.56","0.4","500","1000000","smmwiz","5e0a7bb9-2a1f-4246-a86f-f95cba2cbd7e"
"youtube","🇸🇳 YouTube Unique Views - Senegal [RAV™ - Real &amp; Active Views]","4.956","3.54","500","100000","smmwiz","5e1c4e96-87fe-4ee0-85a6-d8ed74110ee2"
"youtube","YouTube Community Post Likes","9.786","6.99","10","100000","smmwiz","5e1f1b4e-8788-44aa-a441-e4941bfd859b"
"youtube","Youtube Views [Retention: 3+ Minutes] [Lifetime Warranty] [200-1K/D] [0-6/H]","6.048","4.32","50","10000000","smmwiz","5e234eed-229c-4516-8d05-598e9a5d18fe"
"youtube","🇩🇿 YouTube Unique Views - Algeria [RAV™ - Real &amp; Active Views]","4.956","3.54","500","100000","smmwiz","5e2e645b-2af5-4bda-89bd-234349c90d2e"
"youtube","Youtube CUSTOM France Comments","64.764","46.26","10","250","smmwiz","5e530c4b-fc6b-43d6-bd74-fabc0c73d82f"
"youtube","NEW - YouTube Live Stream [✔ 60 Minute Concurrent Viewers] [Super Cheap] INSTANT","0.994","0.71","10","500000","smmwiz","5e5ab007-9d26-4a73-858f-52da222be483"
"youtube","YouTube Live Viewers - [ Stay 60 min ] [ ⭐Direct Provider ] ⚡ Fast Increase","1.568","1.12","20","20000","smmwiz","5f31ea5d-7302-40e5-b103-b7b2851b248a"
"youtube","🇵🇪 YouTube Unique Views - Peru [RAV-GS™ - Real &amp; Active Views]","4.788","3.42","500","100000","smmwiz","5f5050d5-81f5-4a24-8cc6-857bcd378947"
"youtube","Youtube Live Stream [15 Minutes] [ Concurrent ] [ Cheapest In Market ]","0.28","0.2","50","50000","smmwiz","5f63a34d-d71c-47d7-adae-e08491a0eadb"
"youtube","Argentina Traffic from YouTube","0.56","0.4","500","1000000","smmwiz","5f71cdc3-1688-4b7b-a1b7-b1aea143683c"
"youtube","🇸🇾 YouTube Social Shares [ Syria ]","2.072","1.48","50","10000","smmwiz","5f8d9c27-6fd9-4ffe-9aec-4a37406e09ff"
"youtube","Youtube Comments [RANDOM] [UNITED STATES]","55.51","39.65","10","2000","smmwiz","5f928afc-e13e-4cf4-946a-b5dbec65ccbf"
"youtube","Youtube Live Chat Custom Comments [Live Stream / Premiere / Video Waiting To Be Published] [USA]","3.318","2.37","5","5000","smmwiz","5f9bb24c-b46d-4839-8ef2-d9526ffcf879"
"youtube","YouTube Unique Views [RAV™ - Real &amp; Active Views] + Engagements","4.424","3.16","500","500000","smmwiz","60a7b37b-33b4-4ad3-a399-59d64ae4cc0b"
"youtube","Youtube Shares [Real] [World Wide] [1K/D] [0-1/H]","28.56","20.4","1","15000","smmwiz","62f9c3b1-474b-473f-b55e-6f76ec80d191"
"youtube","Youtube Live Stream Upvotes Option 1 [Instant] [Speed 5k/D] [Max 5k]","4.732","3.38","5","50000","smmwiz","62fb75a1-1840-43af-aac5-6aac5fd4c40c"
"youtube","Youtube Live Stream Views + Likes [15 Minutes]","0.084","0.06","50","5000000","smmwiz","639c6b82-9976-4593-ab48-94257e811a15"
"youtube","♛ YouTube Social Shares from Blogger","0.882","0.63","100","500000","smmwiz","643edfa2-1dda-426b-b96f-3d95e1a363b0"
"youtube","🇦🇲 YouTube Unique Viewers - Armenia [TRU™ Titan - Targeted Real Users]","10.892","7.78","500","100000","smmwiz","645540a4-7c62-494e-b7b5-5f789f069953"
"youtube","🇲🇰 YouTube Social Shares [ North Macedonia ]","2.072","1.48","50","100000","smmwiz","65812ba1-9842-4987-bdf5-a1c927bb6f2f"
"youtube","🇦🇫 YouTube Unique Views - Afghanistan [RAV™ - Real &amp; Active Views]","4.956","3.54","500","100000","smmwiz","65c9eee6-9eb7-4b48-a8e1-99816c3003cb"
"youtube","🇧🇩 YouTube Unique Viewers - Bangladesh [TRU™ Titan - Targeted Real Users]","10.892","7.78","500","100000","smmwiz","67060d39-20b5-48c8-b836-e42c9c0c9a64"
"youtube","YouTube Live Stream Views - [ Premium Quality ] [ Good For Ranking ] [ 6 Hours Live Watching ] INSTANT","15.064","10.76","50","500000","smmwiz","672a7cb2-ebb4-40f3-a12e-ea7d6ec27520"
"youtube","🇹🇼 YouTube Social Shares [ Taiwan ]","2.072","1.48","50","100000","smmwiz","00312edd-ac5c-4441-b9e6-7f1b7453b63c"
"youtube","Youtube Costum Comments [World Wide] [R30] [1-5K/D] [0-1/H]","2.352","1.68","5","1000","smmwiz","683a5cd5-b8bf-4a1b-b46c-6b0e2ae56c55"
"youtube","📱 YouTube Mobile Views [ TRU™ Mobile ] [ 🇺🇸 USA ] [ Ads-Enabled ] ⚡","12.096","8.64","1000","1000000","smmwiz","686e93af-7ab3-4da0-80dd-b05169ab5c4b"
"youtube","Youtube Live Stream [ 100% Concurrent - 90 Minutes ] Lowest Rate","0.546","0.39","50","500000","smmwiz","68a56af9-f6b6-4d1a-ac82-d46d7631dd4b"
"youtube","Youtube Livestream Views [720 Minutes]","11.858","8.47","100","100000","smmwiz","69fe0b9e-8c60-4d25-99b6-c9f4713d4f34"
"youtube","YouTube Subscribers","3","2","100","50000","jap","d95d139b-7d65-4d1d-b341-d2f9d8526787"
"youtube","YouTube Likes","0.8","0.5","50","100000","jap","afd13685-4c4c-4cd1-9e79-0ce2f2063d9c"
"youtube","YouTube Live Viewers - [ Stay 15 min ] [ ⭐Direct Provider ] ⚡ Fast Increase","0.392","0.28","20","20000","smmwiz","6b1d4fff-1742-4611-a98c-2bccc6f183a6"
"youtube","🇰🇼 YouTube Unique Views - Kuwait [RAV-GS™ - Real &amp; Active Views]","4.788","3.42","500","100000","smmwiz","6c2d7004-91d1-4b6b-96ec-e584d89399ee"
"youtube","🇮🇱 YouTube Unique Views - Israel [RAV™ - Real &amp; Active Views]","4.956","3.54","500","100000","smmwiz","6c3c631e-cb9f-4f73-97d1-b4b8bf039e28"
"youtube","Philippines Traffic from YouTube","0.56","0.4","500","1000000","smmwiz","6c40c462-b996-47a0-90a1-def4d3688794"
"youtube","🇨🇴 YouTube Social Shares [ Colombia ]","2.072","1.48","50","100000","smmwiz","6c4684f6-c0fe-4811-80f8-d448abe8ef58"
"youtube","🇮🇹 YouTube Unique Views - Italy [RAV™] [Refill: 90 Days] [Max: 100K] [Start Time: 0-1 Hour] [Speed: 200-1000/Day] ♻️","4.9","3.5","500","100000","jap","0094d9eb-e2ae-4da8-b9f2-86d3ef8ea7c1"
"youtube","YouTube Social Shares from Tumblr [Lifetime Guaranteed] [Max: 10K] [Start Time: 1 Hour] [Speed: 300/Day] ♻️","1.05","0.75","100","100000","jap","00ed34b2-fdbe-4e9c-8b09-9bb00f63c415"
"youtube","YouTube Live Views [Stay 6 hours] [⚡Instant] [⭐Guaranteed Direct]","23.142","16.53","50","500000","smmwiz","6c55e669-fba5-4ca9-810e-72b9f536b5fe"
"youtube","Youtube Views - [ NATIVE ADS ] [ Min - 20k ] [ 500k/day ] [ Non Drop ] [ 60 Days Guaranteed ] INSTANT","1.638","1.17","10000","100000000","smmwiz","6c6574f5-aa05-4a5d-aaa6-f6307d9c92cd"
"youtube","France Traffic from YouTube","0.56","0.4","500","1000000","smmwiz","6cb4498d-59b1-4560-84fe-53f4ffe2b0f2"
"youtube","🇵🇦 YouTube Unique Views - Panama [RAV-GS™ - Real &amp; Active Views]","4.788","3.42","500","100000","smmwiz","6d7b086e-21c6-44fc-840b-1d8e5c0de5b3"
"youtube","🇭🇷 YouTube Unique Views - Croatia [RAV-GS™ - Real &amp; Active Views]","4.788","3.42","500","100000","smmwiz","6d92f3fa-6c8a-493f-9932-478635b7a4db"
"youtube","Youtube Live Stream Views [100% Concurrent] [15 Minutes]","0.168","0.12","10","100000","smmwiz","6d963a82-55f0-440e-bb89-4f1687f10901"
"youtube","Youtube Random Comments - [ High Quality ] [ Lifetime Guaranteed ] 0-8 HRS","28.56","20.4","1","10000","smmwiz","6dc0acc5-6a46-44f0-ad9f-decfa179475a"
"youtube","Youtube Live HR Concurrent Views | 180 Minutes | USA &amp; UK Traffic","18.816","13.44","500","30000","smmwiz","6de24fd5-24f9-4161-ace5-504980d08870"
"youtube","🇮🇹 YouTube Unique Viewers - Italy [TRU™ Titan - Targeted Real Users]","10.892","7.78","500","100000","smmwiz","6e01e3bc-9562-4a48-a700-0e3108f420fb"
"youtube","🇺🇾 YouTube Unique Views - Uruguay [RAV-GS™ - Real &amp; Active Views]","4.788","3.42","500","100000","smmwiz","6e0e28cc-a90f-451c-a6af-b500f2a23d08"
"youtube","🇧🇷💎 YouTube Unique Views [Real &amp;amp; Active] [Monetization Views] [Brazil]⚡️⚡️","20.16","14.4","500","100000","smmwiz","6ecc3977-2abf-442c-a381-f34473cc5ac9"
"youtube","Youtube Live Stream Views [6 Hours] ⚡⚡⚡","2.03","1.45","50","2000000","jap","01ac1ed2-67ac-4d2a-ab3c-fbd88566b91d"
"youtube","🇧🇴 YouTube Social Shares [ Bolivia ]","2.072","1.48","50","10000","smmwiz","6f25f9ee-4d75-4b48-9b52-376883fc953f"
"youtube","Youtube Native ADS Views - [ 100k-300k/day ] [ Min - 100k ] [ Lifetime Refill ] INSTANT","0.924","0.66","100000","100000000","smmwiz","704e7d72-3225-4b28-95b8-0f6b6f77ed14"
"youtube","Youtube Live Stream Views [1440 Minutes]","5.6","4","50","50000","smmwiz","70518b2f-23e1-4f4b-bf02-2160a05d82aa"
"youtube","🇨🇦 YouTube Unique Views - Canada [RAV-GS™ - Real &amp; Active Views]","4.788","3.42","500","100000","smmwiz","70c54ee7-15d0-42d8-b0f3-53b215e30ebf"
"youtube","YouTube Live Stream Views S5 - [ 360 Mins Live Watching ] INSTANT","1.89","1.35","50","500000","smmwiz","71fe23d6-50c5-4db4-ad12-82c9bdc1b4da"
"youtube","🇲🇽 YouTube Social Shares [ Mexico ]","2.072","1.48","50","100000","smmwiz","72217769-c72f-474c-b426-72443cde7208"
"youtube","🇫🇷 YouTube Social Shares [ France ]","2.072","1.48","50","100000","smmwiz","72413b84-0677-4d51-befe-2a400a5fab9f"
"youtube","Youtube Views [100% Suggested] [Refill: 30D] [5 to 20 Mins Retention] [Max: 10M] [Start Time: 0-2 Hrs] [Speed: Up to 2K/D] 💧","3.5035","2.5025","100","2147483647","jap","02b1afca-8937-4dde-a154-3a58bb791271"
"youtube","Youtube Views [Max: 1M] [Refill: Non Drop] [Start Time: 0 - 1 Hour] [Speed: 250K/Day]","1.54","1.1","100","1000000","jap","02b36cac-194b-40ba-88d9-c5d941ad95f1"
"youtube","🇶🇦 YouTube Social Shares [ Qatar ]","2.072","1.48","50","10000","smmwiz","725d403b-8b6e-4dc9-b9c2-becd7ea00d7f"
"youtube","🇸🇳 YouTube Social Shares [ Senegal ]","2.072","1.48","50","10000","smmwiz","7573ae32-c6d7-409f-8b39-d9316925541e"
"youtube","🇦🇿 YouTube Unique Viewers - Azerbaijan [TRU™ Titan - Targeted Real Users]","10.892","7.78","500","100000","smmwiz","75a4ab2e-7b88-4741-bf3f-df85b8d34b3c"
"youtube","🇪🇸 YouTube Social Shares [ Spain ]","2.072","1.48","50","100000","smmwiz","75aa7157-97be-4b7e-a8ac-75becb180529"
"youtube","Iran Traffic from YouTube","0.56","0.4","500","1000000","smmwiz","7691c6c6-bfef-441a-aa06-4eaa6fb90b43"
"youtube","🇨🇦 YouTube Unique Views - Canada [RAV-MTS™ - High Monetization Views]","9.562","6.83","500","100000","smmwiz","76a76f32-98ac-4b91-a1d1-83992bcd2b26"
"youtube","Youtube Views [1-10 MINS RETENTION] [NON DROP] [Max: 10M] [Start Time: 3 Hours] [Speed: 20K-200K/Day]","2.8","2","100","1000000","jap","03f17943-a9dc-4125-b2a4-cecdb7ffb384"
"youtube","Youtube Views [Refill: 365D] [Max: 1M] [Start Time: 0 - 3 Hrs] [Speed: Up to 5K/D] 💧⛔♻️","0.9625","0.6875","100","1000000","jap","03f280a8-2087-46d3-b737-b3cfa14406c5"
"youtube","🇨🇷 YouTube Unique Views - Costa Rica [RAV™ - Real &amp; Active Views]","4.956","3.54","500","100000","smmwiz","78e32bc7-a771-4632-9c64-99326f73c4c2"
"youtube","Youtube Views - [ NATIVE ADS ] [ Min - 3k ] [ 500k/day ] [ Non Drop ] [ 60 Days Guaranteed ] INSTANT","1.974","1.41","3000","100000000","smmwiz","7904adc1-92fc-4643-aba6-189ac119ad2d"
"youtube","🇲🇦 YouTube Social Shares [ Morocco ]","2.072","1.48","50","100000","smmwiz","7a47ec6c-6707-41b5-92cb-5793de516b90"
"youtube","🇬🇹 YouTube Social Shares [ Guatemala ]","2.072","1.48","50","10000","smmwiz","7a897788-1237-4613-b9d5-e3bc8ce7ecac"
"youtube","Youtube Live Stream Views - [Min - 5K] [360+ Minutes - Live Concurrent] [High Watching; Reliable] 𝗜𝗡𝗦𝗧𝗔𝗡𝗧","18.816","13.44","5000","1000000","smmwiz","7a9a8359-a8a8-41f0-9ba5-08046a81fbf7"
"youtube","🇹🇼 YouTube Unique Views - Taiwan [RAV™ - Real &amp; Active Views]","4.956","3.54","500","100000","smmwiz","7aa0fe90-7222-497b-a3da-8c913c9fe01e"
"youtube","Youtube Concurrent - Live Stream Views [120 MINUTES] [Superfast, Cheapest] INSTANT","1.064","0.76","50","300000","smmwiz","7be7310f-ed75-4cc6-a725-15e6e8e16d3c"
"youtube","Youtube Likes [No Refill] [10-20K/D] [Instant]","4.2","3","50","500000","smmwiz","7d034e08-675a-411c-9f3f-99239d3bf677"
"youtube","Youtube USA Likes [Refill: 30 Days] [Max: 100K] [Start Time: 1 Hour] [Speed: 50/Day] 💧 ♻️","14.49","10.35","10","5000","jap","086b0204-9c1a-44b4-9a4d-b884f060c77b"
"youtube","Youtube Livestream Views [90 Minutes]","1.764","1.26","100","100000","smmwiz","7e2e37cf-2bcb-4d37-8def-47fb12da303d"
"youtube","🇰🇭 YouTube Unique Views - Cambodia [RAV™ - Real &amp; Active Views]","4.956","3.54","500","100000","smmwiz","7e44d123-8f43-4a34-9219-be11b48cc301"
"youtube","🇧🇬 YouTube Social Shares [ Bulgaria ]","2.072","1.48","50","100000","smmwiz","7e915476-2f04-4890-bd9e-5428aecb831c"
"youtube","Youtube Community Post Likes [World Wide] [R30] [1-5K/D] [0-1/H]","0.98","0.7","10","100000","smmwiz","7eb2b99a-dc67-47ff-a1f2-a310404c3fda"
"youtube","YouTube Unique Views - 𝐆𝐞𝐫𝐦𝐚𝐧 𝐒𝐩𝐞𝐚𝐤𝐞𝐫𝐬 [RAV-GS™ - Real &amp; Active Views]","4.788","3.42","500","100000","smmwiz","7eb69e22-ddc1-45b2-a6a5-b70dd325ece2"
"youtube","Youtube Likes [Refill: 30D] [Max: 50K] [Start Time: Instant] [Speed: Up to 50K/D] 💧♻️","2.1","1.5","20","3000","jap","09c3bc6d-4904-4b33-9735-23b13278b910"
"youtube","Youtube Subscribers [Refill: 30 Days] [Max: 100K] [Start Time: 0 - 6 Hours] [Speed: Up to 20K/Day] 🔥","43.47","31.05","50","100000","jap","0a2831d3-2c0a-4e14-bfd6-cf5d3d9aded4"
"youtube","🇬🇧 YouTube Unique Views - Great Britain [RAV™ - Real &amp; Active Views]","4.956","3.54","500","100000","smmwiz","7fc3fa3f-74b7-42c6-9321-7e7c1da8f2a9"
"youtube","YouTube Live Stream Views S5 - [ 60 Mins Live Watching ] INSTANT","1.89","1.35","50","50000","smmwiz","80032f10-28de-4c7e-b78d-de121fa818e9"
"youtube","Youtube Likes - [ Max - 50k ] [ 25k/day ] [ 30 Days Refill ] INSTANT","8.19","5.85","10","75000","smmwiz","80f01b98-ae9b-479a-a1fa-bd239eb32276"
"youtube","Youtube Views [ADS] [Refill: No Drop] [Start Time: 0 - 6 Hours] [Speed: 500K/Day]","1.729","1.235","25000","2147483647","jap","0b95e110-fc55-40c5-b437-3c84f997e351"
"youtube","Youtube HQ Subscribers [Refill: 30D] [Max: 8K] [Start Time: 0 - 1 Hrs] [Speed: Up to 200/D] 🔥💧","25.935","18.525","50","30000","jap","0bacc616-24c7-4af6-afeb-6446ed8d20f2"
"youtube","🇦🇱 YouTube Unique Views - Albania [RAV™] [Refill: 90 Days] [Max: 100K] [Start Time: 0-1 Hour] [Speed: 200-1000/Day] ♻️","4.9","3.5","500","100000","jap","0c3576cb-0654-4116-bda3-0d6e40a29a34"
"youtube","Youtube Views [Refill: 30D] [1 to 3 Mins Retention] [Max: 1M] [Start Time: 0-2 Hrs] [Speed: Up to 500/D] 💧","1.925","1.375","100","1000000000","jap","0c649d1d-e00a-4167-bd51-43fd607507d2"
"youtube","🇲🇰 YouTube Unique Views - North Macedonia [RAV-GS™ - Real &amp; Active Views]","4.788","3.42","500","100000","smmwiz","cefc4704-31a6-4b61-a715-6486b1d657bd"
"youtube","🇺🇸 YouTube Unique Viewers - USA [TRU™ Titan - Targeted Real Users]","16.128","11.52","500","100000","smmwiz","822ae416-5445-46da-8f6b-207bdbc92b1d"
"youtube","🇧🇷 YouTube Social Shares [ Brazil ]","2.072","1.48","50","100000","smmwiz","824a60e2-2e7c-4d1c-809c-4e1f878abaa3"
"youtube","Youtube Likes [Emergency] [No Drop] [R30] [20K/D] [Instant]","8.4","6","10","50000","smmwiz","8334c860-008c-418f-8d07-8c5f1ec48909"
"youtube","Youtube Views [Refill: 365D] [Max: 3M] [Start Time: 0 - 2 Hrs] [Speed: Up to 3M/D] 💧","1.3475","0.9625","40000","5000000","jap","0d6dce2c-5bf2-4638-af11-f6ed4ecd7de7"
"youtube","Youtube Concurrent - Live Stream Views [150 MINUTES] [CHEAPEST] [MAX - 50k] INSTANT","4.704","3.36","50","50000","smmwiz","837d165d-9e22-40c5-ac77-5ebf2d9bffb5"
"youtube","▶️  Youtube View Native 𝑨𝐝𝘀 | G30 - Min 10k [Real Users] ⭐NON DROP⭐ 🔥","1.582","1.13","10000","3000000","smmwiz","838621e3-2df2-472c-981d-5b4209effea4"
"youtube","🗣️ YouTube Unique Viewers - French Speakers [TRU™ Titan - Targeted Real Users]","10.892","7.78","500","100000","smmwiz","8393c06b-b77b-4585-bfad-27c0f60ead92"
"youtube","YouTube Unique Views [RAV-MMS™ - Music Monetization Views] + Engagements","4.956","3.54","500","500000","smmwiz","83ac0865-e1b7-4921-881d-1a34d85e3edf"
"youtube","Youtube Native ADS Views - [ 100k-300k/day ] [ Min - 200k ] [ Lifetime Refill ] INSTANT","0.91","0.65","200000","100000000","smmwiz","848e4ae4-a812-4ac0-bf9f-fa3ebdb789e4"
"youtube","YouTube Native Ads Views | Speed: 100K+/day | Min 100K | Lifetime Refill","1.134","0.81","100000","100000000","smmwiz","849fcd08-36af-43a2-b650-5e753b672028"
"youtube","🇯🇵 YouTube Unique Viewers - Japan [TRU™ Titan - Targeted Real Users]","10.892","7.78","500","100000","smmwiz","84ebb997-f2c3-4cad-8918-8eb608852451"
"youtube","Youtube Likes [Refill: 30 Days] [Max: 100K] [Start Time: 0-12 Hours] [Speed: 50K/Day] ♻️","2.8875","2.0625","10","100000","jap","0ece684c-eaba-4324-bf69-6d35839d6cf7"
"youtube","Youtube Live Stream Views [Super HQ] [Max: 50K] [Start Time: Instant] [Speed: For 180 Mins]","1.575","1.125","50","50000","jap","0edbe80e-7742-43c2-98e2-9da7c6d34589"
"youtube","Youtube Live Stream Views [HIGH RANKING] [Max: 500K] [Start Time: Instant] [Speed: For 6 Hrs]","5.161","3.6864","50","500000","jap","0edeeedc-a657-4634-9104-241425ba654f"
"youtube","Youtube Views [Refill: Lifetime] [Max: 100M] [Start Time: 0 - 6 Hrs] [Speed: 1K/Day] 💧","1.2474","0.891","100","500000","jap","0f56893b-35cc-4e14-a89d-2f980ca2dc26"
"youtube","Youtube Likes [R30] [1K/H] [Instant]","0.168","0.12","10","20000","smmwiz","872e13d9-3b76-4005-ac0c-410cb4037c84"
"youtube","🇵🇱 YouTube Unique Views - Poland [RAV™ - Real &amp; Active Views]","4.956","3.54","500","100000","smmwiz","f49faa06-6a67-43dd-81fa-1a53373d7fbb"
"youtube","Youtube Adword Views [Refill: ∞] [Min: 50K] [Max: 1M] [Start Time: 12 - 36 Hrs] [Speed: Up to 100K/D]","1.0238","0.7313","100000","1000000","jap","1051b2fe-79ca-4bcb-a456-e2d513d4ef38"
"youtube","Youtube Live Stream Views [Max: 50K] [Start Time: Instant] [Speed: For 30 Minutes]","0.133","0.095","50","100000","jap","10c1ee41-c60e-4023-9aee-493ffdf43540"
"youtube","🇺🇸 Youtube USA Likes [Refill: 30D] [Max: 100K] [Start Time: 0 - 3 Hrs] [Speed: 2K/D] 💧","4.6025","3.2875","10","20000","jap","10f7e28f-0b36-412e-b341-a3bcdc606d47"
"youtube","Youtube Live Stream Views [Max: 50K] [Start Time: Instant] [Speed: For 1440 Minutes]","65.52","46.8","50","50000","jap","111f2988-9b7d-4f35-8da8-f323cec9a2c8"
"youtube","🇬🇧Youtube Views [UK Discovery ADS] [ZERO DROP] [Max: 10M] [Start Time: 24 Hours] [Speed: 1M/Day] 🔥","8.316","5.94","10000","10000000","jap","1129e809-f087-49ec-b6cb-1a383c8236e3"
"youtube","Youtube Suggested Views [Refill: Lifetime] [Max: 50K] [Start Time: 0 - 1 Hour] [Speed: 3K/Day] 💧🔥","1.54","1.1","100","10000000","jap","113350e9-f482-4b39-ac2b-6c84f60f1c36"
"youtube","🇬🇷 YouTube Unique Views - Greece [RAV™] [Refill: 90 Days] [Max: 100K] [Start Time: 0-1 Hour] [Speed: 200-1000/Day] ♻️","4.9","3.5","500","100000","jap","114f15a8-e3e9-4f20-9edb-c1caa8e574b2"
"youtube","Youtube Live Stream Views + Likes [30 Minutes]","0.154","0.11","50","5000000","smmwiz","8810bb77-1b38-4e22-8934-31a969b0ef6c"
"youtube","🇸🇾 YouTube Unique Views - Syria [RAV-GS™ - Real &amp; Active Views]","4.788","3.42","500","100000","smmwiz","8865efdf-050f-4ce4-b939-1eacf003299b"
"youtube","Youtube Live Stream [ 100% Concurrent - 1440 Minutes ] Lowest Rate","31.36","22.4","50","500000","smmwiz","8884e47a-a14f-4756-ae2d-367a609aa7fa"
"youtube","🇸🇳 YouTube Unique Views - Senegal [RAV-GS™ - Real &amp; Active Views]","4.788","3.42","500","100000","smmwiz","893a64a9-5f04-41cd-a350-2d105cdcfcf7"
"youtube","Youtube Native Ads Views [Min 10K] [Lifetime Guarantee] [200-500K/D] [0-12/H]","1.68","1.2","10000","100000000","smmwiz","894c8b10-7eed-42cd-86ec-c5985751f7c0"
"youtube","Youtube Subscribe [Max: 10K] [Refill: 365 Days] [Start Time: 0 - 1 Hour] [Speed: 200/Day]","69.7872","49.848","100","100000","jap","1243909b-52d1-43a8-b2cc-fb7772c383f9"
"youtube","🇺🇸 YouTube USA Social Shares [From Twitter] [Refill: Lifetime] [Max: 10K] [Start Time: 0 - 1 Hour] [Speed: 10K/Day]","0.35","0.25","100","100000","jap","1257a76a-81aa-4881-8b12-557427febbd9"
"youtube","UK Traffic from YouTube","0.56","0.4","500","1000000","smmwiz","89ee728e-04ba-404b-842c-6ae19558cf2c"
"youtube","India Traffic from YouTube","0.56","0.4","500","1000000","smmwiz","89f4a939-e95f-420c-8422-ec13801e213f"
"youtube","🇦🇪 YouTube Unique Views - United Arab (UAE) [RAV-GS™ - Real &amp; Active Views]","4.788","3.42","500","100000","smmwiz","89f8c916-3eff-4ec1-aabf-c05cd653f52d"
"youtube","🇷🇺 YouTube Social Shares [ Russia ]","2.072","1.48","50","100000","smmwiz","8a1311f2-c1e2-4fc8-9168-25168158bd1d"
"youtube","🇪🇨 YouTube Social Shares [ Ecuador ]","2.072","1.48","50","100000","smmwiz","8a20d012-ea66-4d79-aa4c-e04e2b9600e6"
"youtube","Youtube Likes [Real] [Emergency 3] [Natural Increase] [R30] [200-2K/D] [0-1/H]","16.128","11.52","50","10000","smmwiz","8b5178ff-43d8-405a-9e9f-5c604920a8bb"
"youtube","Youtube Comments [CUSTOM] [100] [KOREA]","64.764","46.26","10","100","smmwiz","8b721dc2-6718-4b7c-8f71-316a3b71f35a"
"youtube","Youtube Live Stream Views [LQ] [CONCURRENT - 12 Hours] [Max: 50K] [Start Time: Instant] [Speed: For 12 Hours]","20.3","14.5","50","50000","jap","1458b434-ba07-47d7-bd32-65aefe317505"
"youtube","Youtube Bangladesh Native Views [Guarantee: Lifetime] [5-10K/D] [0-1/H]","5.39","3.85","500","100000","smmwiz","67e6a584-aa01-4284-90d0-0202d6ee717a"
"youtube","Youtube Live Stream Concurrent Views [HR] [ 1000 Quantity = 1000 Viewers | [ Stay For 60 Minutes ] INSTANT","0.574","0.41","10","100000","smmwiz","8b81e010-0d00-492e-9b35-7bd72bca9146"
"youtube","🇴🇲 YouTube Social Shares [ Oman ]","2.072","1.48","50","10000","smmwiz","8bfb60f5-95c8-421b-bfed-52f423bdafaa"
"youtube","🇰🇷 YouTube Social Shares [ South Korea ]","2.072","1.48","50","100000","smmwiz","8c705a54-85d2-4522-90ee-b0076aae7e0a"
"youtube","Youtube Live Stream Views - [Min - 5K] [90+ Minutes - Live Concurrent] [High Watching; Reliable] 𝗜𝗡𝗦𝗧𝗔𝗡𝗧","4.704","3.36","5000","1000000","smmwiz","8d928ef2-e508-4622-8588-f934c481ddd3"
"youtube","🇰🇪 YouTube Social Shares [ Kenya ]","2.072","1.48","50","100000","smmwiz","8d92adb4-eda6-41eb-811b-641012d886fc"
"youtube","🇺🇸 YouTube USA Social Shares [From Reddit] [Refill: Lifetime] [Max: 10K] [Start Time: 0 - 1 Hour] [Speed: 10K/Day]","0.35","0.25","100","100000","jap","15f91fa7-2f0a-4ceb-b2b7-d51edf2872ab"
"youtube","YouTube Social Shares [From Pinterest] [Refill: Lifetime] [Max: 10K] [Start Time: 0 - 1 Hour] [Speed: 10K/Day]","0.35","0.25","100","100000","jap","1618f634-854c-43a3-839a-a3c260351fcb"
"youtube","Youtube Views [Eastern Europe] [LIFETIME GUARANTEED] [Max: 10M] [Start Time: 0-1 Hour] [Speed: 200K/Day] ⚡️💧♻️⭐","1.638","1.17","100","10000000","jap","162f47a7-82d6-4d4c-b0fb-e50d638f9998"
"youtube","Youtube Italian Likes [Refill: 30 Days] [Max: 50K] [Start Time: 0- 15 Min] [Speed: 20k/Day]","3.003","2.145","10","100000","jap","169867f3-a5f8-4c3d-9146-d4291c66cbe0"
"youtube","Youtube Live Stream Views [HIGH RANKING] [Max: 500K] [Start Time: Instant] [Speed: For 90 Minutes]","1.2902","0.9216","50","500000","jap","1729d490-7492-402b-8b8d-399e6f7982de"
"youtube","Youtube Views [Refill: 90 Days] [Max: 20K] [Start Time: 0 - 6 Hours] [Speed: Up to 1K/Day] 🔥","1.6975","1.2125","100","1000000","jap","17c4b908-8867-49ce-a6f3-680c42307c42"
"youtube","YouTube Live Stream Views S5 - [ 90 Mins Live Watching ] INSTANT","0.63","0.45","50","500000","smmwiz","8de894fa-f2a3-4ed4-8c9d-9a5d654a6de2"
"youtube","Youtube Native Ads Views [Min 1M] [Lifetime Guarantee] [200-500K/D] [0-12/H]","0.952","0.68","1000000","100000000","smmwiz","8f157c6c-c026-4fb0-a8b3-ee324b0f4512"
"youtube","Youtube Adwords Views [Min 500] [No Duration Limit] [1-5K/D] [0-72/H]","0.966","0.69","500","10000000","smmwiz","8f884ec7-7f79-46a4-9eeb-fc543a12ffe4"
"youtube","YouTube Live Stream - (3-Hours Concurrent Viewers) (20K Max) (Instant)","3.066","2.19","10","500000","smmwiz","8f93d627-000c-4c2a-8249-78d92cbcac75"
"youtube","Youtube Views[Refill: No] [Max: 1M] [Start Time: 1 Hour] [Speed: 40K/Day]","1.05","0.75","40","300000","jap","17f16bf0-c6c5-435c-b3a1-ce6d6563bbe6"
"youtube","🇩🇪 YouTube Unique Views - Germany [RAV™ - Real &amp; Active Views]","4.2","3","500","100000","jap","18476600-2132-4036-b802-828b3546ba6c"
"youtube","Youtube Live Stream Views [HQ] [CONCURRENT] [Max: 50K] [Start Time: Instant] [Speed: For 60 Mins]","1.05","0.75","10","2000000","jap","18694f27-c2b5-4488-9102-b8899e76abd3"
"youtube","Youtube Views [Refill: 90 Days] [Max: 20K] [Start Time: 0 - 8 Hours] [Speed: 1K/Day]","1.4875","1.0625","50","1000000000","jap","18aa4fd4-3983-4b53-ad9d-a971328b82e8"
"youtube","🇦🇱 YouTube Unique Views - Albania [RAV™ - Real &amp; Active Views]","4.956","3.54","500","100000","smmwiz","913aa2a5-ab41-4631-9cff-c33e32353322"
"youtube","Youtube Live Stream Views + Likes [240 Minutes]","1.218","0.87","50","5000000","smmwiz","92974b92-a5f0-4559-a0fa-2defc2b59dcb"
"youtube","Youtube Comments [LQ] [CUSTOM] [Refill: 30D] [Max: 200K] [Start Time: 0 - 3 Hrs] [Speed: 20K/D]","5.6963","4.0688","5","1000000","jap","19cccfaa-48af-4e00-8f89-987b8fe2b5c7"
"youtube","🇵🇪 YouTube Unique Views - Peru [RAV™] [Refill: 90 Days] [Max: 100K] [Start Time: 0-1 Hour] [Speed: 200-1000/Day] ♻️","4.9","3.5","500","100000","jap","1a2bda36-6b5b-4aad-836a-9af9b35ec808"
"youtube","Youtube Views [Trending Views] [ZERO DROP] [Max: 10M] [Start Time: 72 Hours] [Speed: 10M/Day]🔥🔥🔥","1.9075","1.3625","10000","10000000","jap","1aa6abf8-b7a7-41f8-99bb-a507add9be44"
"youtube","🇭🇺 YouTube Unique Views - Hungary [RAV™ - Real &amp; Active Views]","4.956","3.54","500","100000","smmwiz","9336b35b-27e4-478e-a3e7-500e1c7c1e83"
"youtube","🇮🇳 Youtube AdWords Views - [ Min - 1M ] [ Speed - 100k/day ] [ Life Time Guaranteed ] 24-72 HRS","0.798","0.57","1000000","2147483647","smmwiz","937d1efd-f33c-4324-94a3-80e3d30a0a8e"
"youtube","🇨🇴 YouTube Unique Views - Colombia [RAV™ - Real &amp; Active Views]","4.956","3.54","500","100000","smmwiz","93890acd-6935-4f49-b06b-297d7ce14ce3"
"youtube","♛ YouTube Social Shares from Facebook","0.882","0.63","100","500000","smmwiz","93ae9d69-fa5f-4b6a-b232-fa4242d91d5b"
"youtube","YouTube Live Stream Viewers - [Concurrent Viewers for 120 Mins+] [Stable, Fastest, Cheapest] INSTANT","14.742","10.53","50","40000","smmwiz","93b29889-efcf-4a91-b591-81253125602b"
"youtube","🇬🇷 YouTube Unique Views - Greece [RAV-GS™ - Real &amp; Active Views]","4.788","3.42","500","100000","smmwiz","93b60d65-cb6b-4ee3-a32f-d09935c43f13"
"youtube","🇻🇪 YouTube Social Shares [ Venezuela ]","2.072","1.48","50","100000","smmwiz","93bc0b34-47af-42b5-a8ef-75144d6faac7"
"youtube","Youtube Shares - [ 5k-10k/day ] [ Life Time Guaranteed ] 0-3 Hours","2.31","1.65","500","100000","smmwiz","93d4ee28-0dcd-4d89-abc2-01aaa28ce683"
"youtube","YouTube Comment Reply [Refill: No] [Max: 10K] [Start Time: 0-1 Hr] [Speed: 10K/D]","6.51","4.65","5","1000000","jap","1b3d13f8-4ac9-4997-bafb-9ee721f11347"
"youtube","Youtube Likes [EMERGENCY / LOW DROP] [Refill: 30 Days] [Max: 10K] [Start Time: 0-3 Hrs] [Speed: 10K/D] ♻️💧","2.45","1.75","10","75000","jap","1b54e9c6-e311-4a52-8c17-836e806c61b8"
"youtube","🇯🇵 YouTube Social Shares [ Japan ]","2.072","1.48","50","100000","smmwiz","9491ae73-5fa9-4652-90fa-074f9d5d2796"
"youtube","Youtube Subscribers [No Refill] [10-20K/D] [Instant]","3.36","2.4","10","500000","smmwiz","94a2d243-ca20-4bc2-bcb6-64075315e0cb"
"youtube","♛ Youtube - Custom Comments [ INDIAN ] [ Max - 10k ] [ 2k/day ] Start 1-6HRS","125.44","89.6","10","250","smmwiz","9528a823-7a8e-4224-ac42-6fc877e1c56d"
"youtube","🇹🇷 YouTube Unique Views - Turkey [RAV-GS™ - Real &amp; Active Views]","4.788","3.42","500","100000","smmwiz","954d8beb-470d-48d5-a9b1-1be3181106b0"
"youtube","🇬🇧 YouTube Unique Views - United Kingdom [RAV™ - Real &amp; Active Views]","4.2","3","500","100000","jap","1ce76ad3-665f-4332-879a-56af4c61b6a7"
"youtube","Youtube Views [Auto-Refill: 100 Days] [Max: 10M] [Start Time: 72 Hours] [Speed: 4M/Day] ♻️🔥🔥","1.9075","1.3625","10000","10000000","jap","1d496297-2b83-4427-859d-32988ec4070f"
"youtube","Youtube HR Views [Works With Restricted and Embed Off Videos] [Lifetime Guarantee] [5-10K/D] [0-1/H]","1.68","1.2","100","1000000","smmwiz","962f460c-56a5-4ebd-a979-06d3f1dfd920"
"youtube","🇨🇿 YouTube Social Shares [ Czech Republic ]","2.072","1.48","50","100000","smmwiz","968f76c0-aeef-43fc-b726-c9362888b0ba"
"youtube","🇬🇪 YouTube Unique Views - Georgia [RAV™ - Real &amp; Active Views]","4.956","3.54","500","100000","smmwiz","9807085e-c3bc-4fd5-ae89-38d967c4e385"
"youtube","🇪🇨 YouTube Unique Views - Ecuador [RAV™] [Refill: 90 Days] [Max: 100K] [Start Time: 0-1 Hour] [Speed: 200-1000/Day] ♻️","4.9","3.5","500","100000","jap","1e7e838a-bd49-49bb-9850-b8b26ac12f23"
"youtube","Youtube Live Stream Views [HIGH RANKING] [Max: 500K] [Start Time: Instant] [Speed: For 12 Hrs]","10.3219","7.3728","50","500000","jap","1ee0e79d-3589-48ff-951e-ff7478b81a9e"
"youtube","Youtube Views [RAV-MMS™ + Engagement] [Refill: 90 Days] [Max: 500K] [Start Time: 0-1 Hour] [Speed: 20K/Day]","4.9","3.5","500","500000","jap","1eef1d0e-ef8d-4b19-bc19-fc70c83fb1c8"
"youtube","🇺🇸 YouTube Custom Comments [USA] [S2]","117.6","84","10","2000","smmwiz","982774b1-4fb4-4643-933e-51cdb98e3383"
"youtube","Youtube Live Stream Views [180 Minutes]","0.7","0.5","50","200000","smmwiz","9957928c-1481-4966-a4e5-142ff2f7edfc"
"youtube","🇵🇦 YouTube Unique Views - Panama [RAV™ - Real &amp; Active Views]","4.956","3.54","500","100000","smmwiz","9976d7db-be92-4fbb-90b4-b0884e9abe8b"
"youtube","🇮🇳 Youtube Random Indian Comments - [ Max - 15k ] [ 1k-3k/day ] 0-24 HRS","9.8","7","20","15000","smmwiz","999e96d7-d9f5-4f20-b2ce-54390f68f5eb"
"youtube","Youtube Live Stream [ 100% Concurrent - 150 Minutes ] Lowest Rate","1.078","0.77","50","500000","smmwiz","9a6837b2-70cd-4372-8545-190c1c102a3c"
"youtube","🇮🇷 YouTube Social Shares [ Iran ]","2.072","1.48","50","100000","smmwiz","9a71808d-7fe5-47f2-8249-66b27b1c0be3"
"youtube","[BETA] - ⭐ Youtube Unique Views [Exrenal Ads] [Real &amp; Active]","2.03","1.45","4000","100000","smmwiz","9ab9dd87-2ef0-461b-9e43-0cfb5e24d0b9"
"youtube","Netherlands Traffic from YouTube","0.56","0.4","500","1000000","smmwiz","9adfc1bf-05a9-4960-852b-dc0ac52d4317"
"youtube","🇴🇲 YouTube Social Shares [ Oman ]","2.072","1.48","50","10000","smmwiz","9bd4e42b-bad9-4c82-b7f7-53b1a4466686"
"youtube","♛ YouTube Social Shares from WhatsApp 💎","0.882","0.63","100","500000","smmwiz","9bddaa19-4958-4283-aae6-02a907f0f8b6"
"youtube","Youtube Views - [ NATIVE ADS ] [ Min - 40k ] [ 500k/day ] [ Non Drop ] [ 60 Days Guaranteed ] INSTANT","1.512","1.08","40000","100000000","smmwiz","9bf3c8d5-d390-4c80-8ad2-1bef06cecab5"
"youtube","Romania Traffic from YouTube [LQ]","0.238","0.17","88","88888888","smmwiz","9d71418c-c8b1-4d5e-8682-cefae2838b6b"
"youtube","🇵🇾 YouTube Social Shares [ Paraguay ]","2.072","1.48","50","10000","smmwiz","9d7d8882-3275-4855-981f-5897df51c55d"
"youtube","Youtube Views + Likes + Ads Click","34.58","24.7","100","15000","smmwiz","9daf380d-f091-418d-a471-8fab981ef63b"
"youtube","🇰🇷 YouTube Custom Comments [South-Korea]","88.914","63.51","10","85","smmwiz","9e87ed29-0ed4-43a4-b62b-9b4904058ae3"
"youtube","🇸🇳 YouTube Social Shares [ Senegal ]","2.072","1.48","50","10000","smmwiz","9ecb4577-6bb1-44a2-8b97-3b53fff9a613"
"youtube","Thailand Traffic from YouTube","0.56","0.4","500","1000000","smmwiz","9fd20b42-f263-475d-bde4-175757637d40"
"youtube","🇵🇭 YouTube Unique Viewers - Philippines [TRU™ Titan - Targeted Real Users]","10.892","7.78","500","100000","smmwiz","9fe67dbe-0ef2-4a5c-84c2-98ccb0f4a47a"
"youtube","🇱🇾 YouTube Unique Views - Libya [RAV-GS™ - Real &amp; Active Views]","4.788","3.42","500","100000","smmwiz","a06313b0-da0a-4002-9e66-de0ed39f2db3"
"youtube","Youtube Live Stream Views [Max: 300K] [Start Time: Instant] [Speed: For 3 Hours]","1.1096","0.7926","20","600000","jap","23f2f605-2ba7-458c-973a-d89f633216c5"
"youtube","🇺🇸 Youtube USA Subscribers [Refill: 30D] [Max: 100K] [Start Time: 0 - 1H] [Speed: 10K/D]💧","35.805","25.575","100","1000000","jap","24083992-3817-4269-b580-91683bb3d289"
"youtube","🇨🇱 YouTube Unique Views - Chile [RAV™ - Real &amp; Active Views]","4.956","3.54","500","100000","smmwiz","a0e0d909-6cef-49c9-a8df-aa13ef19a577"
"youtube","YouTube Unique Views - 𝐒𝐩𝐚𝐧𝐢𝐬𝐡 𝐒𝐩𝐞𝐚𝐤𝐞𝐫𝐬[RAV™ - Real &amp; Active Views]","4.956","3.54","500","100000","smmwiz","a0e2626a-5a22-4696-9051-28a97a4eb9e9"
"youtube","🇯🇵 YouTube Unique Views - Japan [RAV-MTS™ - High Monetization Views]","9.562","6.83","500","100000","smmwiz","a0eae4ae-a654-46aa-9e67-58cb678603e4"
"youtube","🇯🇴 YouTube Social Shares [ Jordan ]","2.072","1.48","50","10000","smmwiz","a1fa5a3e-acab-4d71-8ebe-3a2439f5d32e"
"youtube","🇻🇳 YouTube Social Shares [ Vietnam ]","2.072","1.48","50","100000","smmwiz","a4384915-2df9-4ceb-87d6-a16ff729d680"
"youtube","Poland Traffic from YouTube","0.56","0.4","500","1000000","smmwiz","a47415a5-4f3e-4b79-b972-60034d2f27ea"
"youtube","YouTube Social Shares [From Reddit] [Refill: Lifetime] [Max: 10K] [Start Time: 0 - 1 Hour] [Speed: 10K/Day]","0.35","0.25","100","100000","jap","25930ac9-6c8b-48e0-ba6d-e25623183b4d"
"youtube","Youtube Concurrent - Live Stream Views [90 MINUTES] [Superfast, Cheapest] INSTANT","0.784","0.56","50","300000","smmwiz","a477f629-790c-448b-a0d2-192c8178353e"
"youtube","🇺🇿 YouTube Unique Viewers - Uzbekistan [TRU™ Titan - Targeted Real Users]","10.892","7.78","500","100000","smmwiz","a5c7ec6d-06e6-4a5e-9203-83dfbc3e7b29"
"youtube","Youtube Live Stream Views [120 Minutes]","0.476","0.34","50","200000","smmwiz","a681ef4e-f74e-43f3-9950-93368e38cfe2"
"youtube","Youtube Live Stream Views + Likes [60 Minutes]","0.308","0.22","50","5000000","smmwiz","a6989546-4c88-4e4d-99dc-928cd48ccc5f"
"youtube","🇳🇱 YouTube Social Shares [ Netherlands ]","2.072","1.48","50","100000","smmwiz","a6cdeecd-8a0a-4d53-a546-976a0f25cfa0"
"youtube","Egypt Traffic from YouTube","0.56","0.4","500","1000000","smmwiz","a6ddc8a5-f575-4515-89e3-adfab80fe202"
"youtube","Youtube Comment Likes [Real] [World Wide] [1K/D] [0-1/H]","7.896","5.64","1","15000","smmwiz","a721e2ce-2e1e-4406-a738-2fe43cebc890"
"youtube","Youtube Live Stream [ 100% Concurrent - 60 Minutes ] Lowest Rate","0.336","0.24","50","500000","smmwiz","a7a3b289-9565-4230-9e20-d9e22d8b1bc6"
"youtube","Youtube Live Stream Views [Max: 75K] [Start Time: Instant] [Speed: For 360 Minutes]","10.15","7.25","50","500000","jap","25d12326-460e-4bcc-9f5b-80c04661277e"
"youtube","Japan Traffic from YouTube","0.56","0.4","500","1000000","smmwiz","a836ec58-81e4-435b-b6b8-4c461f677c57"
"youtube","YouTube Views [Monetizable + Revenue] [Non Drop] [Lifetime Guaranteed] [5-10K/Day] [0-1/H]","2.688","1.92","100","1000000","smmwiz","a83a56c5-fe5b-48aa-894c-83834f1b12be"
"youtube","Hong Kong Traffic from YouTube","0.56","0.4","500","1000000","smmwiz","a8411390-5e41-49c8-880f-c180580e3060"
"youtube","🇦🇴 YouTube Social Shares [ Angola ]","2.072","1.48","50","10000","smmwiz","a84f7464-8182-4efa-8f3b-e9c8c875e186"
"youtube","Germany Traffic from YouTube","0.56","0.4","500","1000000","smmwiz","a8563e5b-c550-4b74-80a8-6e697eea8bbf"
"youtube","🇲🇺 YouTube Social Shares [ Mauritius ]","2.072","1.48","50","10000","smmwiz","a9644267-1f4d-43fe-a2bc-074d9a0b03a6"
"youtube","Youtube Likes [No Drop] [30 Days Refill] [1K/H] [Instant]","0.28","0.2","10","1000","smmwiz","a9be1fc8-addc-4271-8f86-85e1b8a9296d"
"youtube","🇻🇪 YouTube Social Shares [ Venezuela ]","2.072","1.48","50","100000","smmwiz","a9c88285-07cf-40e9-b6e8-0a4adde14ee6"
"youtube","YouTube Unique Views - 𝐄𝐧𝐠𝐥𝐢𝐬𝐡 𝐒𝐩𝐞𝐚𝐤𝐞𝐫𝐬 [RAV-GS™ - Real &amp; Active Views]","9.912","7.08","500","100000","smmwiz","aabd94a9-e109-4314-812c-c31ba2f93fa2"
"youtube","ID 3006 Youtube Ultra Native Fast Views|20-50 k daily||Start 0-3 h | Lifetime Guaranteed|Min 3k","0.994","0.71","3000","1000000","smmwiz","ab020a01-9ccc-4ac0-8836-eeea8ce127f8"
"youtube","Canada Traffic from YouTube [LQ]","0.238","0.17","88","88888888","smmwiz","ab0739ca-1aba-4a9a-91aa-08dff05f80c5"
"youtube","🇰🇷 YouTube Unique Views - South Korea [RAV-GS™ - Real &amp; Active Views][Premium Traffic)]","9.912","7.08","500","100000","smmwiz","abbdd2a1-4022-42c4-bb57-7f7da2879d29"
"youtube","🇷🇴 YouTube Unique Views - Romania [RAV-GS™ - Real &amp; Active Views]","4.788","3.42","500","100000","smmwiz","abd9225b-8224-4ca9-b6ed-632179cc873c"
"youtube","Vietnam Traffic from YouTube [LQ]","0.238","0.17","88","88888888","smmwiz","abe547f9-9e80-43c1-ad9a-e232c5169685"
"youtube","YouTube Live Stream Viewers - [Concurrent Viewers for 720 Mins+] [Stable, Fastest, Cheapest] INSTANT","86.24","61.6","50","40000","smmwiz","acd74e82-46e3-44d2-9ce3-1b13cf2f3d19"
"youtube","Youtube Comments [CUSTOM] [BRAZIL]","64.764","46.26","10","250","smmwiz","ace9f77e-c66c-43f3-8020-670687927b18"
"youtube","🇵🇷 YouTube Unique Views - Puerto Rico [RAV™ - Real &amp; Active Views]","4.956","3.54","500","100000","smmwiz","ad2146e9-7bdb-4f99-ac6c-032fdfde0de8"
"youtube","Youtube Live Stream [ 100% Concurrent - 30 Minutes ] Lowest Rate","0.742","0.53","50","500000","smmwiz","b08383f9-b68e-477a-81b9-0fa719f41b19"
"youtube","🇳🇵 YouTube Unique Views - Nepal [RAV™] [Refill: 90 Days] [Max: 100K] [Start Time: 0-1 Hour] [Speed: 200-1000/Day] ♻️","4.9","3.5","500","100000","jap","27f0897f-6b67-4939-b8b2-7f31c9f5a032"
"youtube","▶️ Youtube View Native 𝑨𝐝𝘀 [Real Users] Min 40k | NON DROP | Speed 1M+/D","1.33","0.95","40000","20000000","smmwiz","b0f35cc3-ca2f-4018-bdbe-51fc1457556b"
"youtube","🗣️ YouTube Unique Viewers - Spanish Speakers [TRU™ Titan - Targeted Real Users]","10.892","7.78","500","100000","smmwiz","b1370c5a-c021-42cc-ae4d-f5fdb05d7d85"
"youtube","YouTube Live Stream - (60-Minute Concurrent Viewers) (20K Max) (Instant)","1.022","0.73","10","500000","smmwiz","b138de1a-2e57-457a-91a9-87d6ecf15256"
"youtube","NEW - YouTube Live Stream [✔ 24 Hours Concurrent Viewers] [Super Cheap] INSTANT","23.492","16.78","10","500000","smmwiz","b1d1e8db-e7f0-47b6-83bb-53e9f18cf156"
"youtube","🇲🇲 YouTube Social Shares [ Myanmar ]","2.072","1.48","50","10000","smmwiz","b21f2bd9-c554-4fb4-af6d-c523047741d8"
"youtube","🇧🇬 YouTube Unique Views - Bulgaria [RAV™] [Refill: 90 Days] [Max: 100K] [Start Time: 0-1 Hour] [Speed: 200-1000/Day] ♻️","4.9","3.5","500","100000","jap","28c1fae8-006c-48a4-a047-4b2117d6f13c"
"youtube","🇦🇹 YouTube Unique Viewers - Austria [TRU™ Titan - Targeted Real Users]","10.892","7.78","500","100000","smmwiz","b2786e48-a36d-44c6-9395-d126eeb58dfa"
"youtube","🇹🇬 YouTube Social Shares [ Togo ]","2.072","1.48","50","10000","smmwiz","b31f6fc0-da1e-4643-9212-c50b580c501f"
"youtube","♛ YouTube Social Shares from Tumblr","0.882","0.63","100","500000","smmwiz","b3d42d7e-cddb-4791-958c-2e90937c42bb"
"youtube","🇯🇲 YouTube Unique Views - Jamaica [RAV-GS™ - Real &amp; Active Views]","4.788","3.42","500","100000","smmwiz","b3e25e57-dfe7-4c48-a4dd-703f0552d6ea"
"youtube","Youtube RANDOM France Comments","46.256","33.04","10","250","smmwiz","b518b500-ff11-4c53-9d4e-c9936572eb3f"
"youtube","🇦🇪 Youtube UAE Google Ads Views - [ 50k/day ] [ Non Drop, 30 Days Guaranteed ] 6-12 HRS","16.058","11.47","10000","10000000","smmwiz","b523c61a-0fb6-4631-a61c-ee762b28c08a"
"youtube","🇩🇴 YouTube Social Shares [ Dominican Republic ]","2.072","1.48","50","10000","smmwiz","b5287f55-fdcc-4d6b-8614-b080b9a44209"
"youtube","YouTube Live Viewers - [ Stay 24 Hour ] [ ⭐Direct Provider ] ⚡ Fast Increase","43.904","31.36","20","20000","smmwiz","b52f24ae-e882-432c-8e42-f900a75e5eb5"
"youtube","Youtube Real Subscribers [From Real Tasks] [No Drop] [Lifetime Guarantee] [3-10K/D] [0-24/H]","35.28","25.2","100","100000","smmwiz","b5d82c02-6854-435f-9d35-4c865f126db2"
"youtube","🇬🇭 YouTube Unique Views - Ghana [RAV-GS™ - Real &amp; Active Views]","4.788","3.42","500","100000","smmwiz","b5eac832-d952-42a9-8364-72e64195e802"
"youtube","🇻🇳 YouTube Unique Views - Viet Nam [RAV-MTS™ - High Monetization Views]","9.562","6.83","500","100000","smmwiz","b635626b-a16a-4848-8ae6-f0837d794f82"
"youtube","YouTube Live Views [Stay 60 Minutes] [⚡Instant] [⭐Guaranteed Direct]","3.808","2.72","50","500000","smmwiz","b7879c94-28c2-4abf-b059-be18c2a88b9b"
"youtube","🇮🇹 YouTube Social Shares [ Italy ]","2.072","1.48","50","100000","smmwiz","b9db6d20-df16-4d05-a208-47d57041c8ac"
"youtube","♛ YouTube Views - [ 10k/Day ] [ Lifetime Guaranteed ] INSTANT","1.176","0.84","100","300000","smmwiz","b9e493c6-058e-4483-b627-af083972a578"
"youtube","🇩🇪 YouTube Unique Views - Germany [RAV-GS™ - Real &amp; Active Views]","4.788","3.42","500","100000","smmwiz","bb2868b1-f716-4ded-bc36-41498af93ce8"
"youtube","🇹🇳 YouTube Unique Views - Tunisia [RAV™ - Real &amp; Active Views]","4.956","3.54","500","100000","smmwiz","bb736e33-56b6-4877-824d-32b007cc4400"
"youtube","🇹🇼Youtube ADS Views [TAIWAN] [Lifetime Guaranteed] [Max: 10M] [Start Time: 72 Hours] [Speed: 50K/Day] ♻️","7.056","5.04","3000","100000000","jap","2d32d38b-be03-4e1a-b600-d9314ae0bbf6"
"youtube","🇭🇷 YouTube Social Shares [ Croatia ]","2.072","1.48","100","100000","smmwiz","bcae0018-ad70-4640-8ec2-0abfdd63fbea"
"youtube","🇳🇱 YouTube Unique Views - Netherlands [RAV™ - Real &amp; Active Views]","4.956","3.54","500","100000","smmwiz","bcd0cdb3-d904-4e18-b929-3c6430f9e4fe"
"youtube","YouTube Unique Views - 𝐒𝐩𝐚𝐧𝐢𝐬𝐡 𝐒𝐩𝐞𝐚𝐤𝐞𝐫𝐬 [RAV-GS™ - Real &amp; Active Views]","4.788","3.42","500","100000","smmwiz","bce0792f-f687-49f9-83c8-16c9b33d073d"
"youtube","Youtube Livestream Views [RAV™] [Refill: No] [Start Time: Instant]","2.8","2","100000","500000","jap","2e8b4fbe-c763-4964-9da2-44a7a5258f96"
"youtube","Youtube Live Stream Views [Max: 10K] [Start Time: Instant] [Speed: For 12 Hours]","7.56","5.4","10","700000","jap","2f0a8d09-6227-4efe-816e-d90c1e9eb0a8"
"youtube","YouTube Social Shares [From Linkedin] [Refill: Lifetime] [Max: 10K] [Start Time: 0 - 1 Hour] [Speed: 10K/Day]","0.35","0.25","100","100000","jap","2f2fa767-6a15-4faf-ad60-46a38996da9a"
"youtube","🇱🇧 YouTube Unique Views - Lebanon [RAV™] [Refill: 90 Days] [Max: 100K] [Start Time: 0-1 Hour] [Speed: 200-1000/Day] ♻️","4.9","3.5","500","100000","jap","2ff5d5d6-f3bd-4ea8-a0d6-d0c4441e1ed5"
"youtube","Youtube Greece Native Views [Guarantee: Lifetime] [5-10K/D] [0-1/H]","5.474","3.91","500","100000","smmwiz","eddd1609-2ac8-4704-b0ea-327e2a1ff55f"
"youtube","Youtube Likes [ HQ Quality ] [ Instant Superfast ] [ Speed 5k/hr ] 30 Days Refill ♻️","0.252","0.18","10","10000","smmwiz","bf4ddd9b-33fd-4409-830b-72501ef52c73"
"youtube","🇷🇸 YouTube Unique Views - Serbia [RAV™ - Real &amp; Active Views]","4.956","3.54","500","100000","smmwiz","bf546476-d3df-40db-9ffb-2f1e987d92a4"
"youtube","🇹🇷 YouTube Social Shares [ Turkey ]","2.072","1.48","50","100000","smmwiz","cf060478-4f6c-476b-b7fb-309d27172ae0"
"youtube","Youtube Shares [LIFETIME GUARANTEE] [Max: 250K] [Start Time: 0-1 Hour] [Speed: 3K/Day] ⚡⚡⚡💧⭐ ♻️","1.575","1.125","1000","250000","jap","30962f50-804f-4a48-bced-d0439e122790"
"youtube","YouTube Social Shares from Stumbleupon [Lifetime Guaranteed] [Max: 10K] [Start Time: 1 Hour] [Speed: 300/Day] ♻️","1.05","0.75","100","100000","jap","31039341-cd2b-428f-8e86-6430b0ffe0ff"
"youtube","♛ YouTube Social Shares from Email 💎","0.882","0.63","100","500000","smmwiz","bff41dea-2794-4507-89ae-fe27ae7c99d0"
"youtube","Youtube Custom Comments - [ Fastest ] [ Instant ]","6.72","4.8","5","5000","smmwiz","c01b5487-93dd-4b2a-841b-3947fe1096ad"
"youtube","🇨🇱 YouTube Unique Views - Chile [RAV-GS™ - Real &amp; Active Views]","4.788","3.42","500","100000","smmwiz","c032f246-474a-4247-aff8-347ea31f0f2c"
"youtube","🇺🇸 YouTube USA Adwords Views – [ Min – 5k ] [ Non Drop ] INSTANT","10.01","7.15","5000","1000000000","smmwiz","c17cd2b1-1d45-4673-91a1-c9e1f62163ff"
"youtube","Brazil Traffic from YouTube [LQ]","0.238","0.17","88","88888888","smmwiz","c1882bc5-3ede-42b5-a421-36c56898fa26"
"youtube","▶️  Youtube View Native 𝑨𝐝𝘀 [Real Users] Min 5k | speed 1M+/D ⭐NON DROP⭐ 🔥","1.848","1.32","5000","20000000","smmwiz","c1947aef-696c-431a-811b-932e0a9a36dc"
"youtube","🇲🇦Youtube ADS Views [MOROCCO] [Lifetime Guaranteed] [Max: 10M] [Start Time: 72 Hours] [Speed: 50K/Day] ♻️","4.536","3.24","3000","100000000","jap","32a2e0c6-6159-4230-a789-88f3293f4b5f"
"youtube","Youtube Live Stream Views [Max: 300K] [Start Time: Instant] [Speed: For 2 Hours]","0.7398","0.5284","20","600000","jap","33d54881-2849-45bb-99fe-7ec18c465428"
"youtube","Youtube Live Stream Views [HQ] [Max: 500K] [Start Time: Instant] [Speed: For 720 Minutes]","3.7926","2.709","50","400000","jap","34fab9fe-32ff-41a9-974d-8e38197f7f8f"
"youtube","YouTube Unique Views - 𝐏𝐨𝐫𝐭𝐮𝐠𝐮𝐞𝐬𝐞 𝐒𝐩𝐞𝐚𝐤𝐞𝐫𝐬[RAV™ - Real &amp; Active Views]","4.956","3.54","500","100000","smmwiz","c2987175-c70a-4c1c-9d3d-be54e4cc4737"
"youtube","🇵🇭 YouTube Social Shares [ Philippines ]","2.072","1.48","50","100000","smmwiz","c36b18f1-fc52-4a02-9968-b8e3507b5ed6"
"youtube","Youtube ADS Views [NEVER DROP] [Max: 10M] [Min: 10K] [Start Time: 96 Hours] [Speed: 200K/Day] 🔥🔥","2.268","1.62","20000","100000000","jap","36e49787-9792-4144-8f04-2a87f81a9513"
"youtube","Youtube Views [Trending Views] [ZERO DROP] [Max: 100M] [Start Time: 72 Hours] [Speed: Up to 30M/Day]🔥🔥🔥","2.1879","1.5628","10000","100000000","jap","3716a765-1582-4664-a8b2-04a744923ab4"
"youtube","🇻🇪 YouTube Unique Views - Venezuela [RAV-GS™ - Real &amp; Active Views]","4.788","3.42","500","100000","smmwiz","c4b15d77-9c2c-4e1a-b746-a5f12d98e37c"
"youtube","Vietnam Traffic from YouTube","0.56","0.4","500","1000000","smmwiz","c4b8136f-0c7e-4730-9071-153131215111"
"youtube","🇦🇿 YouTube Unique Views - Azerbaijan [RAV™] [Refill: 90 Days] [Max: 100K] [Start Time: 0-1 Hour] [Speed: 200-1000/Day] ♻️","4.9","3.5","500","100000","jap","37291084-7efb-4272-a7fb-56f869617922"
"youtube","🇧🇾Youtube Views [Belarus] [Refill: Non Drop] [Max: 1M] [Start Time: 1 Hour] [Speed: 20K/Day] ⚡♻️","2.8","2","40","300000","jap","375b2e42-9507-4350-a7ed-83f95218cb06"
"youtube","Youtube Likes [Emergency 4] [No Drop] [R30] [10K/D] [Instant]","1.386","0.99","10","20000","smmwiz","c6617604-2cf9-44b0-ac1d-a602466c80c5"
"youtube","Youtube Live Stream [100% Concurrent] [240 Minutes]","4.522","3.23","50","100000","smmwiz","c67403ac-ae1d-4ea3-88c0-6cb33c532e0e"
"youtube","🇹🇷 YouTube Unique Views - Turkey [RAV-MTS™ - High Monetization Views]","9.562","6.83","500","100000","smmwiz","c675875e-e6c4-4445-a16e-3ecf90a7f7bf"
"youtube","WorldWide Traffic from YouTube","0.294","0.21","500","1000000","smmwiz","c76b3dc9-8450-4455-ba38-f98c11b37dca"
"youtube","Youtube Live Stream Views [Max: 75K] [Start Time: Instant] [Speed: For 120 Minutes]","3.325","2.375","50","500000","jap","398f740e-08d4-4eef-99af-d9ae08c1f9e1"
"youtube","Youtube Live Stream Views [HQ] [Max: 500K] [Start Time: Instant] [Speed: For 90 Minutes]","0.4742","0.3387","50","400000","jap","39c7d457-097f-4634-add9-dbf266b99553"
"youtube","Youtube Views [Discovery ADS] [HIGH ENGAGEMENT] [ZERO DROP] [Max: 10M] [Start Time: 72 Hours] [Speed: 50K/Day]","2.6712","1.908","10000","10000000","jap","39d9bf01-9200-49fc-836a-5ffb754a49cb"
"youtube","Israel Traffic from YouTube","0.56","0.4","500","1000000","smmwiz","c76b8e64-c8d5-48db-8aab-c9ffbcbd0402"
"youtube","🇵🇭 YouTube Unique Views - Philippines [RAV™] [Refill: 90 Days] [Max: 100K] [Start Time: 0-1 Hour] [Speed: 200-1000/Day] ♻️","4.9","3.5","500","100000","jap","3b7317d8-4d60-40dd-9764-8e4dc82e90f9"
"youtube","🇬🇪 YouTube Unique Views - Georgia [RAV™] [Refill: 90 Days] [Max: 100K] [Start Time: 0-1 Hour] [Speed: 200-1000/Day] ♻️","4.9","3.5","500","100000","jap","3c2f2c35-4f49-425b-a47f-c47a4464d8ba"
"youtube","🇻🇪 YouTube Unique Views - Venezuela [RAV™ - Real &amp; Active Views]","4.956","3.54","500","100000","smmwiz","cad99fc7-aa99-4dcb-8f07-3d5345d5ff58"
"youtube","🇸🇮 YouTube Unique Views - Slovenia [RAV-GS™ - Real &amp; Active Views]","4.788","3.42","500","100000","smmwiz","cb178860-931b-4726-b9bb-f1924e9f528a"
"youtube","🇰🇷💎 YouTube Unique Views [Real &amp;amp; Active] [Monetization Views] [South Korea]⚡️⚡️","25.2","18","1000","100000","smmwiz","cb2e4db6-1c1d-4992-933a-f95ad9f8c16b"
"youtube","🇮🇳 Youtube AdWords Views - [ Min - 300k ] [ Speed - 100k/day ] [ Life Time Guaranteed ] 24-72 HRS","0.966","0.69","300000","2147483647","smmwiz","cbf15b06-865a-432a-96c6-d00f224cbbec"
"youtube","Bangladesh Traffic from YouTube","0.56","0.4","500","1000000","smmwiz","d33cb418-28fe-4890-aec1-ca271b3f995e"
"youtube","Netherlands Traffic from YouTube [LQ]","0.238","0.17","88","88888888","smmwiz","ccbe60cf-335f-4311-900c-1c974a95e053"
"youtube","Youtube Concurrent - Live Stream Views [150 MINUTES] [Superfast, Cheapest] INSTANT","1.33","0.95","50","300000","smmwiz","ccfc596f-bf3a-410b-9e6a-bb74450004cd"
"youtube","🇸🇦 YouTube Social Shares [ Saudi Arabia ]","2.072","1.48","50","100000","smmwiz","cd09815f-d641-4238-94ec-371e35509413"
"youtube","Turkey Traffic from YouTube","0.56","0.4","500","1000000","smmwiz","cd270361-f143-4e6b-b749-c12d6f10dfee"
"youtube","Youtube Views [Min 10K] [%0 Drop] [ [Lifetime Guarantee] [20-100K/D] [0-6/H]","1.218","0.87","10000","100000000","smmwiz","cdc59461-63a4-4657-b8b5-65f9dbd5f590"
"youtube","Youtube RANDOM Russian Comments","46.256","33.04","10","250","smmwiz","cde6a5c1-c7df-4f33-94d8-a68fc3845362"
"youtube","Youtube Watchtime [2-3 Minutes] + Likes [Real] [World Wide] [1K/D] [0-1/H]","24.528","17.52","1","15000","smmwiz","ce3f5fad-2004-42e5-8794-58b4702c7466"
"youtube","🇺🇸 Youtube USA Google Ads Views - [ 50k/day ] [ Non Drop, 30 Days Guaranteed ] 6-12 HRS","16.548","11.82","10000","10000000","smmwiz","ce99164a-5348-4d09-9d94-91861d035ba2"
"youtube","Youtube Concurrent - Live Stream Views [60 MINUTES] [Superfast, Cheapest] INSTANT","0.56","0.4","50","300000","smmwiz","cec4d068-efdc-4635-8751-9cc6fac2def2"
"youtube","YouTube - Views [Retention 20 sec]","3.052","2.18","100","300000","smmwiz","bb473101-1a1b-4281-a71e-92af4314e485"
"youtube","🇬🇪 YouTube Unique Views - Georgia [RAV-GS™ - Real &amp; Active Views]","4.788","3.42","500","100000","smmwiz","0192b230-3953-4cc0-920e-4f9e62b4c0b9"
"youtube","🇮🇶 YouTube Social Shares [ Iraq ]","2.072","1.48","50","10000","smmwiz","056e0de3-9db1-4076-a2a4-6ed0fba0eaae"
"youtube","Youtube Views [50s to 3m retention] [+few Likes] [Refill: 60 Days] [Max: 100M] [Start Time: 8 Hours] [Speed: 200K/Day] ♻️","1.9075","1.3625","5000","100000000","jap","41a2621a-63bd-4d17-b71b-79b1f0ee437a"
"youtube","Youtube Live Stream Views [HQ] [CONCURRENT] [Max: 50K] [Start Time: Instant] [Speed: For 240 Mins]","4.2","3","10","2000000","jap","41ef7226-9f71-47c6-ab9a-2eecd0a1dab5"
"youtube","Youtube Views [Refill: No] [Max: 100M] [Start Time: 24 Hours] [Speed: 30K/Day]","1.225","0.875","200","100000000","jap","420b570b-38c4-4dc0-acad-c4a8fc739d47"
"youtube","YouTube Unique Views - Arabic Speakers [RAV™] [Refill: 90 Days] [Max: 100K] [Start Time: 0-1 Hour] [Speed: 500-2000/Day] ♻️","4.9","3.5","500","100000","jap","4241d8e2-0738-4ce6-a899-027f71492185"
"youtube","🇯🇲 YouTube Unique Views - Jamaica [RAV™] [Refill: 90 Days] [Max: 100K] [Start Time: 0-1 Hour] [Speed: 200-1000/Day] ♻️","4.9","3.5","500","100000","jap","4248229f-c620-426c-93e9-2463f4efb675"
"youtube","Youtube Comments [VN] [Created by AI] [Refill: 30D] [Max: 100K] [Start Time: 0-1 Hr] [Speed: 10K/D]","9.765","6.975","10","100000","jap","4257e46c-b736-4de4-955b-a8d6f3cbf68b"
"youtube","Youtube Live Stream Views [HQ] [CONCURRENT] [Max: 50K] [Start Time: Instant] [Speed: For 15 Mins]","0.2625","0.1875","10","2000000","jap","4525eef8-6597-4c22-9184-1069dfa1f200"
"youtube","Youtube Live Stream UpVote [OPTION 1] [Max: 5K] [Start Time: INSTANT] [Speed: 5K/Day]","5.67","4.05","5","50000","jap","4732fac1-e5fd-4723-9080-25fb27f50830"
"youtube","Youtube Live Stream Views [Max: 75K] [Start Time: Instant] [Speed: For 15 Minutes]","0.4113","0.2938","50","500000","jap","47508ac9-a305-46fd-b68f-28ca4a65cb2b"
"youtube","🇯🇵 YouTube Unique Views - Japan [RAV™ - Real &amp; Active Views] [Refill: 90 Days] [Max: 100K] [Start Time: 0-1 Hour] [Speed: 200-1000/Day]","4.34","3.1","500","100000","jap","47c6c2bc-5dfe-440b-aef1-55735a03557d"
"youtube","🇬🇧Youtube ADS Views [UK] [Lifetime Guaranteed] [Max: 10M] [Start Time: 72 Hours] [Speed: 50K/Day] ♻️","9.576","6.84","3000","100000000","jap","491f4833-a73e-4320-b48f-b8f340608823"
"youtube","Youtube Live Stream Views [Max: 250K] [Start Time: Instant] [Speed: For 24 Hours]","10.2144","7.296","20","250000","jap","495a05cc-2f98-4ab1-9726-d2eb19263131"
"youtube","Youtube Livestream Views [60 Min]","1.078","0.77","100","60000","smmwiz","af0a44ff-c503-4558-a289-79a13e1c0e0a"
"youtube","Youtube Livestream Views [90 Min]","0.546","0.39","100","60000","smmwiz","1b45dfd0-760a-4a97-bceb-0d696d5f82af"
"youtube","Youtube Livestream Views [120 Min]","2.156","1.54","100","60000","smmwiz","9f3e90dc-b08f-4608-a17c-12657f6dafbb"
"youtube","Youtube Livestream Views [180 Min]","3.234","2.31","100","60000","smmwiz","cfc2c730-b39c-4fd7-80b1-a06844f6e95f"
"youtube","Youtube Livestream Views [360 Min]","6.454","4.61","100","60000","smmwiz","c031f5df-e6c1-462a-aba0-3f5c613938f7"
"youtube","Youtube Livestream Views [720 Min]","12.908","9.22","100","60000","smmwiz","9bce882a-4062-4ceb-9478-7c759d01a424"
"youtube","Youtube Livestream Views [1440 Min]","25.816","18.44","100","60000","smmwiz","a36045c4-9fad-4e6a-bbbb-4a79f79dc13e"
"youtube","Youtube Views [Refill: 365D] [Max: 1M] [Start Time: 0 - 3 Hrs] [Speed: Up to 5K/D] 💧⛔♻️","1.302","0.93","100","10000000","smmwiz","75f74a7e-a1b9-4939-af40-1963956e80da"
"youtube","Youtube Views [100% REAL] [Refill: Lifetime] [Max: 10M] [Start Time: 0 - 2Hrs] [Speed: Up to 1K/Day] 💧♻️","1.666","1.19","100","3000","smmwiz","c244c7de-9091-4a6f-9869-1997e7223283"
"youtube","🇺🇸 YouTube USA AUTO Social Shares from 16 Sources! [High-Speed]","1.26","0.9","100","100000","smmwiz","e2c0b399-4e43-4db9-8ac0-fc7b7d13ac39"
"youtube","YouTube AUTO Social Shares from 16 Sources! [High-Speed]","1.008","0.72","100","100000","smmwiz","53b6a2ff-93dc-4feb-a3e2-22c868247180"
"youtube","YouTube AUTO Social Shares from Embed","0.952","0.68","100","100000","smmwiz","0a792db9-ef86-4c95-9c1e-7d01d6b633f8"
"youtube","YouTube AUTO Social Shares from WhatsApp","0.952","0.68","100","100000","smmwiz","723c553b-a793-4de3-9c09-31482719a1b9"
"youtube","YouTube AUTO Social Shares from Naver","4.704","3.36","100","80000","smmwiz","190cc454-3e5a-4c68-99dc-c694c4f7d815"
"youtube","YouTube AUTO Social Shares from KakaoTalk - 카카오스토리","0.952","0.68","100","100000","smmwiz","f8d66d78-1b22-4885-af26-7b63409f9b2b"
"youtube","YouTube AUTO Social Shares from Facebook","0.952","0.68","100","100000","smmwiz","20f5f436-cb83-4856-87a2-0127c8eda573"
"youtube","YouTube AUTO Social Shares from Twitter","0.952","0.68","100","100000","smmwiz","34cc5b5c-2151-4b42-8bc3-212393792337"
"youtube","Youtube Promotion [HQ] [ADS] [NEVER DROP] [Refill: No] [Start Time: 1-48 Hours] [Speed: 4 to 5 Days]","33.6","24","1","1","jap","4a4b386f-6b77-4a76-993c-306ba3010a4d"
"youtube","Youtube Live Stream Views [LQ] [CONCURRENT - 30 Mins] [Max: 50K] [Start Time: Instant] [Speed: For 30 Minutes]","0.8225","0.5875","50","50000","jap","4a6e016a-8050-48d4-be80-7d89052a88b5"
"youtube","Youtube Views [Refill: 365D] [Max: 50M] [Start Time: 0 - 1 Hr] [Speed: Up to 200K/D] 💧","1.2474","0.891","100","500000","jap","4bb32e5c-f80d-42c9-b215-f8ecb9fe5fdb"
"youtube","YouTube AUTO Social Shares from Reddit","0.952","0.68","100","100000","smmwiz","f94ba649-456a-4814-be88-e7d048a1c95d"
"youtube","YouTube AUTO Social Shares from Pinterest","0.952","0.68","100","100000","smmwiz","9f61aef2-62e3-4c63-bf47-8419d9d97423"
"youtube","YouTube AUTO Social Shares from Linkedin","0.952","0.68","100","100000","smmwiz","397ee41a-72e8-44d3-b4e3-a1b91133cda0"
"youtube","YouTube AUTO Social Shares from Tumblr","0.952","0.68","100","100000","smmwiz","b89e94cd-7898-4a5c-9529-c6d1f7562faf"
"youtube","YouTube AUTO Social Shares from Odnoklassniki","0.952","0.68","100","100000","smmwiz","9d7e23d3-7e37-4c3e-bfd0-8945eaf293bf"
"youtube","YouTube AUTO Social Shares from Blogger","0.952","0.68","100","100000","smmwiz","7310b1d8-0351-460e-8316-31f39ded9939"
"youtube","YouTube AUTO Social Shares from Stumbleupon","0.952","0.68","100","100000","smmwiz","a11b38a0-384a-44ee-95f3-becd4d2ff7cf"
"youtube","YouTube AUTO Social Shares from Vkontakte","0.952","0.68","100","100000","smmwiz","5c13e7f1-90c8-45f3-9b3b-3c59f0c55397"
"youtube","YT Views 50K ( up watch time ) 🆕","5.04","3.6","50000","100000","smmwiz","bc78267f-f710-46f4-9877-fc2d19ba984f"
"youtube","YT Views 20K ( up watch time ) 🆕","5.88","4.2","20000","100000","smmwiz","8bb49ce5-9ec8-41a2-a33f-7dee5219d16f"
"youtube","YouTube Views fast increase ⏱️","6.216","4.44","1000","1000000","smmwiz","f8cab2fe-ca4b-4944-aa7d-de63b5d5b7f6"
"youtube","Youtube Views [High Engagement] [Refill: 30 Days - Auto refill Daily] [Max: 100M] [Start Time: 0 - 1 Hour] [Speed: 300K - 5M/Day] 🔥🔥","1.9075","1.3625","1000","100000000","jap","4bdb82cf-1e7a-4667-af3a-dffe7c209539"
"youtube","Youtube Live Stream Views [HIGH RANKING] [Max: 500K] [Start Time: Instant] [Speed: For 15 Days]","309.6576","221.184","50","500000","jap","4e7f483a-2054-4a84-a85a-3620ff1e37db"
"youtube","YouTube Custom Comments [🇩🇪 Germany] [Max: 50]","409.5","292.5","4","50","smmwiz","45cf386b-6645-44f2-be7b-5f8abc29ffc8"
"youtube","YouTube Custom Comments [🇫🇷 France] [Max: 50]","409.5","292.5","4","50","smmwiz","fd2401dc-91c7-4b07-8c7b-2654640b1517"
"youtube","🇹🇷 YouTube Unique Views - Turkey [RAV™] [Refill: 90 Days] [Max: 100K] [Start Time: 0-1 Hour] [Speed: 200-1000/Day] ♻️","4.9","3.5","500","100000","jap","510ff0bb-4d05-47a1-871e-9c7b3a98fd8d"
"youtube","YouTube Social Shares [From Vkontakte] [Refill: Lifetime] [Max: 10K] [Start Time: 0 - 1 Hour] [Speed: 10K/Day]","0.35","0.25","100","100000","jap","5149248d-34ea-44ca-992f-8792b6dae0f9"
"youtube","Youtube Likes [Refill: 30D] [Max: 100K] [Start Time: Instant] [Speed: Up to 25K/D] 💧♻️","0.35","0.25","10","10000","jap","515a24ed-5b31-4d08-b56f-35cac3c94c80"
"youtube","Youtube Views [Refill: No] [Max: 10M] [Start Time: 6 Hours] [Speed: 500K/Day] 🔥🔥🔥","1.512","1.08","100","100000000","jap","52610359-dc20-45a8-a026-0c3e34882317"
"youtube","Youtube Native Views [Refill: ∞] [Min: 5K] [Max: 10M] [Start Time: 0 - 6 Hrs] [Speed: Up to 50K/D]","1.575","1.125","5000","100000000","jap","52fe2c45-dcfc-40ac-ad53-21b63cb4b846"
"youtube","Youtube Live Stream Views [24HOURS] [100-300 VIEWS]","3.675","2.625","1000","20000","jap","53916fe9-a478-4786-8c6c-cc357af1454e"
"youtube","Youtube Live Stream Views [3 Hours] ⚡⚡⚡","1.0063","0.7188","50","2000000","jap","540980e1-dba4-412a-aef5-da91b2a45018"
"youtube","Youtube Comment Reply [JAPAN] [Created by AI] [Refill: 30D] [Max: 1K] [Start Time: 0-1 Hr] [Speed: 1K/D]","18.9","13.5","5","10000","jap","54fc1c81-7593-48d7-8aae-7842a7b4edd6"
"youtube","Youtube Nigeria Video Views [100K🇳🇬","5.572","3.98","500","500000","smmwiz","1c2eee19-e849-4cbb-a316-a1e27e705bf0"
"youtube","Youtube Nigeria Comments [5K]🇳🇬","27.846","19.89","50","5000","smmwiz","cafbd413-11fb-4650-8412-9b25dc083501"
"youtube","Youtube Nigeria Comments [SHORTS] [5K]🇳🇬","27.846","19.89","50","5000","smmwiz","f7fa0161-ce07-4809-857d-44d6e7bd33a9"
"youtube","Youtube Nigeria Comments [COMMUNITY POST] [5K]🇳🇬","34.818","24.87","50","5000","smmwiz","cc0a16c4-3447-471e-a535-ba17129bcc4a"
"youtube","Youtube Nigeria Video Likes [5K]🇳🇬","13.93","9.95","50","5000","smmwiz","6c0d55aa-56a7-4e94-b6f8-5cca58c7d019"
"youtube","Youtube Live Stream Views [HIGH RANKING] [Max: 500K] [Start Time: Instant] [Speed: For 3 Hrs]","2.5805","1.8432","50","500000","jap","55c5aa52-f1fc-4085-9ee0-0e77794f3353"
"youtube","Youtube Nigeria Subscribers [5K]🇳🇬","55.692","39.78","100","5000","smmwiz","4fa5bb55-54ec-43ea-9127-0b647458ab3e"
"youtube","Youtube Nigeria Comments [UNIQUE VOTES] [5K]🇳🇬","27.846","19.89","50","5000","smmwiz","0c242142-bb98-40d8-97c0-bbd79c35ab62"
"youtube","Youtube Live Stream Views [LQ] [CONCURRENT - 3 Hours] [Max: 50K] [Start Time: Instant] [Speed: For 3 Hours]","5.075","3.625","50","50000","jap","58598aba-4787-46f0-9d2b-dfc850eb958f"
"youtube","🇻🇪 YouTube Unique Views - Venezuela [RAV™] [Refill: 90 Days] [Max: 100K] [Start Time: 0-1 Hour] [Speed: 200-1000/Day] ♻️","4.9","3.5","500","100000","jap","58cff0e6-0605-4bec-bd38-b9159aba1181"
"youtube","Youtube Live Stream Views [HQ] [Max: 500K] [Start Time: Instant] [Speed: For 15 Minutes]","0.079","0.0564","50","400000","jap","59812f72-cce9-4bf0-8dbb-06c22ac87340"
"youtube","Youtube Indian Likes [Refill: 30 Days] [Max: 50K] [Start Time: 0- 15 Min] [Speed: 20k/Day]","3.003","2.145","10","100000","jap","5acfee8c-e013-4287-8cba-a955afedac71"
"youtube","Youtube Views [Refill: 180 Days] [Max: 100M] [Start Time: 0 - 1 Hour] [Speed: 20K/Day] ♻️","2.45","1.75","50","2147483647","jap","5ae7d1e5-f368-40c4-a81f-fce57de1f123"
"youtube","YouTube Social Shares from Odnoklassniki [Lifetime Guaranteed] [Max: 10K] [Start Time: 1 Hour] [Speed: 300/Day] ♻️","1.05","0.75","100","100000","jap","5b646dc9-992f-4416-bb70-2072981dd88c"
"youtube","Youtube Germany Native Views [Guarantee: Lifetime] [5-10K/D] [0-1/H]","5.88","4.2","500","100000","smmwiz","ce3befc7-547c-4ec6-b610-8f41e9901747"
"youtube","Youtube United Kingdom Native Views [Guarantee: Lifetime] [5-10K/D] [0-1/H]","7.476","5.34","500","100000","smmwiz","7b28738f-42ea-4f96-ad1f-c24d32557cd3"
"youtube","YouTube Social Shares from Pinterest [Lifetime Guaranteed] [Max: 10K] [Start Time: 1 Hour] [Speed: 300/Day] ♻️","1.05","0.75","100","100000","jap","5d805cc9-6c87-4569-ad1a-ec7536542515"
"youtube","Youtube Views [Refill: 30D] [Max: 1M] [Start Time: 0 - 24 Hrs] [Speed: Up to 30K/D] 🔥","1.3125","0.9375","1000","100000000","jap","19e218c4-ad70-4e0f-9c58-a4194eaf81e7"
"youtube","🇮🇳 YouTube Unique Views - India [RAV™] [Refill: 90 Days] [Max: 100K] [Start Time: 0-1 Hour] [Speed: 200-1000/Day] ♻️","4.9","3.5","500","100000","jap","5db500db-ed24-4acf-b597-bb311f960325"
"youtube","Youtube Comment Likes [Max: 100K]  [Refill: 30D] [Start Time: 0 - 1 Hr] [Speed: 500/D] ♻️","5.376","3.84","10","100000","jap","5e691451-8eee-4e9e-92bf-fea08a881c64"
"youtube","Youtube Views [Refill: Auto for 30 Days] [Max: 100M] [Start Time: 1 Hour] [Speed: 200K/Day]","1.75","1.25","100","100000000","jap","9103c90a-8204-42a1-bb86-ceb243a45ac7"
"youtube","Youtube ADS Views [NEVER DROP] [Max: 100M] [Start Time: 12 Hours] [Speed: 30K/Day]","1.75","1.25","100000","100000000","jap","3b3467bb-0156-4496-a47c-fe441ed1e12f"
"youtube","🇩🇪Youtube Views [GERMANY Discovery ADS] [ZERO DROP] [Max: 10M] [Start Time: 24 Hours] [Speed: 1M/Day] 🔥","8.0478","5.7484","10000","10000000","jap","5ee51b2a-a7ed-4479-921a-2041a06b89ea"
"youtube","Youtube Views [Suggested Views] [Max: 1M] [Refill: Non Drop] [Start Time: 0 - 1 Hour] [Speed: 10K/Day]","1.75","1.25","100","1000000","jap","8a766a6e-4122-4c4c-936c-35b951a4cbf2"
"youtube","Youtube Live Stream Views [Max: 300K] [Start Time: Instant] [Speed: For 15 Minutes]","0.0924","0.066","20","600000","jap","5fde2b42-c07e-4d36-b5c3-a6c982d2f34d"
"youtube","Youtube Subscribers [Refill: 30 Days] [Max: 10K] [Start Time: 0 - 2 Hours] [Speed: 100/Day]","27.6675","19.7625","100","1000000","jap","5ffc8005-cc29-4da0-935c-64eaff3966b4"
"youtube","Youtube Views [Max: 200M] [Start Time: 0-12 Hrs] [Speed: 500K/Day]","3.5","2.5","100","2000000000","jap","2bfe4ce3-1c8f-4799-a196-64d4f722c10c"
"youtube","Youtube Live Stream Views [HQ] [CONCURRENT - 3 Hours] [Max: 50K] [Start Time: Instant] [Speed: For 3 Hours]","5.278","3.77","50","50000","jap","60920a4a-7309-476c-b9c9-c9169efd74ae"
"youtube","Youtube Views [Refill: Lifetime] [1 to 3 Mins Retention] [Max: 1M] [Start Time: 0-2 Hrs] [Speed: Up to 500/D] 💧","1.575","1.125","100","1000000000","jap","60f7aae7-3a20-4547-b803-fdd0ab272a21"
"youtube","Youtube Views [RAV™ + Engagement] [Refill: 90 Days] [Max: 500K] [Start Time: 0-1 Hour] [Speed: 2K/Day] ♻️","4.375","3.125","500","500000","jap","3b17d574-48c3-4b50-8cbd-f82fa7a2f62a"
"youtube","Youtube Views [Lifetime Warranty] [1.5-2K/D] [0-1/H]","1.148","0.82","100","100000000","smmwiz","d781058f-ebf7-46e4-b521-b6e234712bc0"
"youtube","Youtube Views [Lifetime Warranty] [3-4K/D] [0-1/H]","1.344","0.96","100","10000000","smmwiz","439fcfb0-a087-4ce5-aa06-cfa5053032fe"
"youtube","Youtube Views [Lifetime Warranty] [5-6K/D] [0-1/H]","1.386","0.99","100","100000000","smmwiz","40da7329-f1ee-420d-8621-a8832098c8d3"
"youtube","Youtube Views [Lifetime Warranty] [10-12K/D] [0-1/H]","1.05","0.75","100","10000000","smmwiz","7acb51ea-0bd3-4c19-9769-a7d0cf43c14a"
"youtube","Youtube Views [Lifetime Warranty] [100-500K/D] [0-1/H]","1.498","1.07","10000","100000000","smmwiz","64f93fe5-c437-45b6-946e-4530ce7e7bb7"
"youtube","Youtube Views [RAV-MMS™ + Engagement] [Refill: 90 Days] [Max: 500K] [Start Time: 0-1 Hour] [Speed: 20K/Day]","4.9","3.5","500","500000","jap","61b77b03-848e-4253-9715-a635420c9253"
"youtube","Youtube Live Stream Views [HIGH RANKING] [Max: 500K] [Start Time: Instant] [Speed: For 24 Hrs]","20.6438","14.7456","50","500000","jap","61e6b8c8-dbb0-42b9-8789-14f794fbcd21"
"youtube","Youtube Live Stream Views [Max: 10K] [Start Time: Instant] [Speed: For 360 Minutes]","3.5875","2.5625","10","700000","jap","622ee834-d7bc-4900-b4a6-1b3c091e53fd"
"youtube","YouTube Unique Views [RAV™] + Engagements [Refill: 90 Days] [Max: 500K] [Start Time: 0-1 Hour] [Speed: 500-2000/Day] ♻️","4.375","3.125","500","500000","jap","cb930f07-79c2-4cee-88eb-3e6b2520a41b"
"youtube","Youtube Comment Reply [KOREA] [Created by AI] [Refill: 30D] [Max: 1K] [Start Time: 0-1 Hr] [Speed: 1K/D]","18.9","13.5","5","10000","jap","63887d6f-1810-4d1e-a087-d8a901c5a4d1"
"youtube","🇺🇸 Youtube USA Subscribers [Refill: 30 Days] [Max: 100K] [Start Time: 1 Hour] [Speed: 20/Day]💧 ♻️","27.6675","19.7625","100","1000000","jap","63918b2c-9e8c-4fe8-a382-c8c44938ac24"
"youtube","🇩🇿 YouTube Unique Views - Algeria [RAV™] [Refill: 90 Days] [Max: 100K] [Start Time: 0-1 Hour] [Speed: 200-1000/Day] ♻️","4.9","3.5","500","100000","jap","63b4cfd6-e64a-4045-ad92-e6b06f4d8924"
"youtube","Youtube Likes [Refill: 30 Days] [Max: 35K] [Start Time: Instant] [Speed: 15k/Day] ♻️","3.08","2.2","10","200000","jap","63d92b84-89c6-4674-8e74-2a2df42c45a9"
"youtube","Youtube Views [Start Time: 0 - 12 Hour] [Speed: 1M] [R30]","1.925","1.375","1000","1000000","jap","c93624bd-6422-4385-b42f-1a0af20d3cff"
"youtube","Youtube Live Stream Views [Max: 300K] [Start Time: Instant] [Speed: For 60 Minutes]","0.3699","0.2642","20","600000","jap","647e9a8c-77ad-4105-a241-38e83b609272"
"youtube","🇺🇸🇬🇧 Youtube Comments [Random] [US - UK] [NON DROP] [Max: 5K] [Start Time: 1 Hour] [Speed: 5K/Day] 🔥","20.16","14.4","500","500000","jap","64b87870-c4a8-4f4e-ac1c-c3dee9f36d0c"
"youtube","🇧🇩 YouTube Unique Views - Bangladesh [RAV™] [Refill: 90 Days] [Max: 100K] [Start Time: 0-1 Hour] [Speed: 200-1000/Day] ♻️","4.9","3.5","500","100000","jap","65f90224-a6c4-4fe2-8b70-1f28ff988730"
"youtube","Youtube Live Stream Views [HQ] [CONCURRENT - 30 Mins] [Max: 50K] [Start Time: Instant] [Speed: For 30 Minutes]","0.8554","0.611","50","50000","jap","662e1080-6d71-472d-8d67-d585414d0365"
"youtube","Youtube Views [SOCIAL ADS] [WW] [Max: 100M] [Min: 1K] [Start Time: 0 - 48 Hours] [Speed: 1M/Day] 🔥","0.9625","0.6875","200000","100000000","jap","66976125-c254-44d2-b7c1-5b224d2c42cc"
"youtube","YouTube Live Stream Views | %100 Concurrent | 15 Minutes Viewers","0.238","0.17","10","500000","smmwiz","a873b5cc-3b68-4168-ba76-7d1d8c87ec47"
"youtube","YouTube Live Stream Views | %100 Concurrent | 30 Minutes Viewers","0.462","0.33","10","500000","smmwiz","a4a7bfe2-55f4-41f8-903f-e9c9ca96f86d"
"youtube","YouTube Live Stream Views | %100 Concurrent | 60 Minutes Viewers","0.91","0.65","10","500000","smmwiz","7f479d0c-a2ba-45bc-bea6-4f36ada48bb7"
"youtube","YouTube Live Stream Views | %100 Concurrent | 90 Minutes Viewers","1.344","0.96","10","500000","smmwiz","f3603176-b51d-4fed-bc7d-f1223190f8d5"
"youtube","🇷🇺 Youtube Likes [RUSSIAN] [Refill: 30 Days] [Max: 50K] [Start Time: 0-1 Hour] [Speed: 30/Day] ♻️","3.85","2.75","20","5000","jap","66feef1a-e755-49ab-b608-4da7b6050a71"
"youtube","YouTube Live Stream Views | %100 Concurrent | 120 Minutes Viewers","1.806","1.29","10","500000","smmwiz","f7ef7d94-f067-488c-b2de-0a329b234010"
"youtube","YouTube Live Stream Views | %100 Concurrent | 180 Minutes Viewers","2.254","1.61","10","500000","smmwiz","fc1f4129-d461-45d5-acf6-7ace5a1b6a70"
"youtube","YouTube Live Stream Views | %100 Concurrent | 360 Minutes Viewers","2.688","1.92","10","500000","smmwiz","180ae819-2018-471f-8823-2018dd156231"
"youtube","YouTube Live Stream Views | %100 Concurrent | 720 Minutes Viewers","3.556","2.54","10","500000","smmwiz","1dbf27da-8e89-4e23-99f8-2d8f3aeb7649"
"youtube","YouTube Live Stream Views | %100 Concurrent | 1440 Minutes Viewers","5.376","3.84","10","500000","smmwiz","a2615b64-293d-4731-8ff5-e0c074d07408"
"youtube","YouTube Live Stream Views | %100 Concurrent | 720 Minutes","63.728","45.52","25","1000","smmwiz","02597432-38d1-4059-8b0a-5b2df0451eb6"
"youtube","🇺🇸 YouTube Random Comments [USA]","40.768","29.12","10","8000","smmwiz","6fe50032-def5-47a3-acf1-f4653190b81a"
"youtube","🇰🇷 YouTube Random Comments [South-Korea]","32.928","23.52","10","6000","smmwiz","a3172687-02c3-4824-a9d7-74029ca9a7ec"
"youtube","Youtube Comments [JAPAN] [Created by AI] [Refill: 30D] [Max: 10K] [Start Time: 0-1 Hr] [Speed: 10K/D]","18.9","13.5","10","10000","jap","689ca024-a48c-42b0-93be-d0ab912ed354"
"youtube","Youtube Live Stream Views [30 Mins] [Max: 75K] [Start Time: Up to 5 Mins] [Speed: For 30 Minutes]","0.8225","0.5875","50","500000","jap","68a10143-626d-4643-8cec-c326af2491c8"
"youtube","Youtube NATIVE ADS Views [Refill: Lifetime] [Max: 10M] [Start Time: 6 - 12 Hrs] [Speed: 1M/D]","1.3125","0.9375","20000","100000000","jap","9c26735e-a204-4044-9b05-32704de4e140"
"youtube","Youtube Views [NATIVE ADS] [WW] [Restricted Links] [Min: 30K] [Start Time: 0 - 18 Hours] [Speed: 1M/Day] 🔥","1.75","1.25","30000","20000000","jap","0efdf7d4-3b2e-4bfa-85cb-ad13c987021e"
"youtube","Youtube Live Stream Views [4 Hours] ⚡⚡⚡","1.3423","0.9588","50","2000000","jap","69c004d6-8115-48bb-8ea0-94a5c2cc3e09"
"youtube","Youtube Likes [Refill: 30D] [Max: 5K] [Start Time: 0-3 Hrs] [Speed: 5K/Day]💧","0.42","0.3","10","5000","jap","6b3e478c-9566-4f6a-8c54-723e23981307"
"youtube","🇮🇩 YouTube Views - Indonesia [ADS] [Refill: Lifetime] [Start Time: 12 - 48 Hours] [Speed: Up to 20K/Day]","4.375","3.125","3000","100000000","jap","26fd194d-f7c9-467a-8e68-f7a8e35e0c0f"
"youtube","Youtube Live Stream Views [24 Hours] ⚡⚡⚡","8.085","5.775","50","2000000","jap","6c6e7a02-300c-4961-b93f-434cc901aaa0"
"youtube","Youtube Views [For Music Videos] [Start Time: 0 - 6 Hrs] [Refill: 30D] [Speed: Up to 500K/D]","2.1875","1.5625","10000","10000000","jap","785e7e84-2721-4269-beab-d04b57b8074c"
"youtube","Youtube Views [For News Videos] [Start Time: 0 - 6 Hrs] [Refill: 30D] [Speed: Up to 500K/D]","2.625","1.875","10000","10000000","jap","939b0e79-66d9-4d96-8ce6-512e9be353e6"
"youtube","Youtube Views [For Political Videos] [Start Time: 0 - 6 Hrs] [Refill: 30D] [Speed: Up to 500K/D]","2.625","1.875","10000","10000000","jap","f565f485-03c1-4fcf-9e8b-42be75f25444"
"youtube","Youtube Views [For Sports Videos] [Start Time: 0 - 6 Hrs] [Refill: 30D] [Speed: Up to 500K/D]","2.625","1.875","10000","10000000","jap","fbea897c-74a6-4e75-9abd-078cf225991c"
"youtube","Youtube Views [For Podcasts Videos] [Start Time: 0 - 6 Hrs] [Refill: 30D] [Speed: Up to 500K/D]","2.625","1.875","10000","10000000","jap","21c3b769-4c01-4a27-bb26-e9bb908be69e"
"youtube","Youtube Views [For Entertainment Videos] [Start Time: 0 - 6 Hrs] [Refill: 30D] [Speed: Up to 500K/D]","2.625","1.875","10000","10000000","jap","462cf185-f7cc-4125-b837-b19c38505401"
"youtube","YouTube Live Viewers [30 minutes] [MIN 50]","0.714","0.51","10","1000","smmwiz","484c7791-0e36-4cca-b8d4-e583b6ca14dd"
"youtube","YouTube Live Viewers [60 minutes] [MIN 50]","1.414","1.01","10","1000","smmwiz","08ffbd77-95a4-4311-b9c9-6f0e62a38fb8"
"youtube","YouTube Live Viewers [90 minutes] [MIN 50]","2.1","1.5","10","1000","smmwiz","46d2c37c-6310-46b0-b14e-e4c463e8483d"
"youtube","YouTube Live Viewers [120 minutes] [MIN 50]","2.8","2","10","1000","smmwiz","009a2d9b-e113-4d20-84b4-74da2eae85cf"
"youtube","YouTube Live Viewers [150 minutes] [MIN 50]","4.186","2.99","10","1000","smmwiz","f491e878-8623-4e4e-825b-35b3f3a329fa"
"youtube","YouTube Live Viewers [6 hours] [MIN 50]","4.186","2.99","10","1000","smmwiz","321ecb76-70aa-4824-bd46-aca66f2dd15a"
"youtube","YouTube Live Viewers [12 hours] [MIN 50]","8.358","5.97","10","1000","smmwiz","7385bffb-3080-4972-bc2b-e577658ae369"
"youtube","YouTube Live Viewers [12 hours] [MIN 50]","16.688","11.92","10","1000","smmwiz","7e98e223-22ca-40f2-9504-1d0d813eef42"
"youtube","YouTube Live Viewers [24 hours] [MIN 50]","33.348","23.82","10","1000","smmwiz","26677d89-632b-4711-9f88-ba44d6d30714"
"youtube","Youtube Live Stream Views [Max: 75K] [Start Time: Instant] [Speed: For 720 Minutes]","17.5","12.5","50","500000","jap","912d676f-b983-4a43-a749-fb1eb5daed4c"
"youtube","Youtube Live Stream Views [Max: 75K] [Start Time: Instant] [Speed: For 1440 Minutes]","35","25","50","500000","jap","04817900-bce7-4f9a-93f3-36240a83e72d"
"youtube","Youtube Live Stream Views [Max: 250K] [Start Time: Instant] [Speed: For 30 Minutes]","0.2128","0.152","20","250000","jap","6e63fc01-29cb-466f-af4a-30881807cac1"
"youtube","🇹🇷 Youtube  Views [TURKEY] NO DROP] [Max: 10M] [Start Time: 72 Hours] [Speed: 50K/Day] ♻️","2.3625","1.6875","100","100000","jap","6e66da3a-0c42-4ab7-aa4f-64ff7075d29e"
"youtube","Youtube Live Stream Views [Max: 250K] [Start Time: Instant] [Speed: For 90 Minutes]","0.6384","0.456","20","250000","jap","6eeb5f41-cc3d-402f-b562-790e08ad0da3"
"youtube","Youtube Views [External Ads] [Max: 10M] [Start Time: 0 - 3 Hrs] [Speed: Up to 175K/Day]","1.54","1.1","100","10000000","jap","6f08eb35-146b-4259-ac40-7d7f45d00daa"
"youtube","Youtube Subscribers [Real] [No Drop] [Lifetime Guarantee] [100-200/D] [0-24/H]","50.4","36","100","1000000","smmwiz","1e20d419-e09c-4a8d-80b4-ce4fa86161c5"
"youtube","Youtube Live Stream Views [Max: 300K] [Start Time: Instant] [Speed: For 12 Hours]","4.4386","3.1704","20","600000","jap","70129ca4-7863-4a5d-9ed2-0a7a117ec118"
"youtube","Youtube Views [FOR OLD VIDEOS] [+Likes &amp; Earnings] [Refill: Lifetime] [1 to 3 Mins Retention] [Max: 1M] [Start Time: 0-4 Hrs] [Speed: Up to 100K/D] 💧","2.2575","1.6125","5000","10000000","jap","705d5218-9061-4445-81a1-60d68d7fbe03"
"youtube","🇸🇩 YouTube Unique Views - Sudan [RAV™] [Refill: 90 Days] [Max: 100K] [Start Time: 0-1 Hour] [Speed: 200-1000/Day] ♻️","4.9","3.5","500","100000","jap","7061ddd6-9b85-4b39-9e44-bfc340274a5f"
"youtube","Youtube Comment Likes [Refill: 30D] [Max: 75K] [Start Time: 0-1 Hour] [Speed: Up to 25K/Day]","10.92","7.8","10","100000","jap","70d372e9-3b78-4648-841d-3bd47880c740"
"youtube","Youtube Views [No Drop] [Lifetime Warranty] [1-2K/D] [0-6/H]","1.344","0.96","50","10000000","smmwiz","413922e5-3434-4a45-b676-6a32e157c540"
"youtube","🇵🇹 YouTube Unique Views - Portugal [RAV™] [Refill: 90 Days] [Max: 100K] [Start Time: 0-1 Hour] [Speed: 200-1000/Day] ♻️","4.9","3.5","500","100000","jap","724aa163-48ee-4e1e-978c-241fa29595aa"
"youtube","Youtube Live Stream Views [Max: 3K] [Start Time: Instant] [Speed: For 60 Minutes]","6.125","4.375","100","3000","jap","7b621830-1e77-458a-ba7c-f80a9fd5f248"
"youtube","Youtube Live Stream Views [Max: 3K] [Start Time: Instant] [Speed: For 180 Minutes]","19.25","13.75","100","3000","jap","027bfaae-84a9-48b1-a7d2-e0f36633c96f"
"youtube","Youtube Live Stream Views [Max: 3K] [Start Time: Instant] [Speed: For 360 Minutes]","35","25","10","3000","jap","09059875-25f8-44ee-9bae-da685550d7de"
"youtube","Youtube Live Stream Views [HQ] [CONCURRENT] [Max: 50K] [Start Time: Instant] [Speed: For 30 Days]","756","540","10","2000000","jap","7b8688af-217f-4a17-bf1a-484e85997158"
"youtube","Youtube Views [Refill: Lifetime] [Max: 10M] [Start Time: 0 - 2 Hours] [Speed: Up to 200K/Day] 💧⛔️","3.2375","2.3125","100","1000000","jap","737b6058-073c-4512-9814-65e7d382951d"
"youtube","🇨🇦Youtube ADS Views [CANADA] [Lifetime Guaranteed] [Max: 10M] [Start Time: 72 Hours] [Speed: 50K/Day] ♻️","9.576","6.84","3000","100000000","jap","73dbfa7f-ac68-4d4d-b609-78a026baeb56"
"youtube","Youtube Live Stream Views [LQ] [CONCURRENT - 24 Hours] [Max: 50K] [Start Time: Instant] [Speed: For 24 Hours]","38.5","27.5","50","50000","jap","80f3f55d-75ab-4261-868f-87f346ba170f"
"youtube","Youtube Live Stream Views [HIGH RANKING] [Max: 500K] [Start Time: Instant] [Speed: For 30 Days]","619.3152","442.368","50","500000","jap","740e17b5-8cad-47fb-9766-21034caff8cb"
"youtube","Youtube Live Stream UpVote [OPTION 2] [Max: 5K] [Start Time: INSTANT] [Speed: 5K/Day]","5.67","4.05","5","50000","jap","74143570-dbec-4a39-9613-005a825ab395"
"youtube","Youtube Live Stream Views [Max: 10M] [Start Time: INSTANT] [FAST]","7.875","5.625","100","1000000","jap","d1a6649a-c210-4747-adf6-c8533f17bad0"
"youtube","Youtube Live Stream Views [60 minutes] [Refill: No] [Max: 200K] [Start Time: Instant]","1.75","1.25","1000","200000","jap","4e222753-28ef-465c-9fae-9236e3053538"
"youtube","Youtube Live Stream Views [10 minutes] [High % of Concurrent Viewers] [Max: 100K] [Start Time: Instant]","0.4375","0.3125","1000","200000","jap","e0d9900d-9057-42c2-bc67-042d21c9166a"
"youtube","Youtube Subscribers [Refill: 30D] [Max: 100K] [Start Time: 0 - 3 Hrs] [Speed: Up to 100D] 💧","36.75","26.25","50","10000","jap","1e07fa6b-4706-4134-9613-5ad742b9cae9"
"youtube","Youtube Subscribers [Refill: 30D] [Max: 100K] [Start Time: 0 - 3 Hrs] [Speed: Up to 100/D] 💧⛔","17.5","12.5","5","100000","jap","29cb74a6-efb9-4f18-b55d-0107a3a4fcda"
"youtube","Youtube Subscribers [Refill: HIGH DROP - NO REFILL] [Max: 50K] [Start Time: 1 Hour] [Speed: 20K/Day]","4.375","3.125","10","100000","jap","7f98b3d0-beb4-4c39-bce7-bc69123d3ab5"
"youtube","🇳🇱 YouTube Unique Views - Netherlands [RAV™] [Refill: 90 Days] [Max: 100K] [Start Time: 0-1 Hour] [Speed: 200-1000/Day] ♻️","4.9","3.5","500","100000","jap","74c938fc-bbff-41d0-8fe1-41a670c0b2fb"
"youtube","YouTube Social Shares from Facebook [Lifetime Guaranteed] [Max: 10K] [Start Time: 1 Hour] [Speed: 300/Day] ♻️","1.05","0.75","100","100000","jap","74dad4ca-4cd0-4ab7-a3f6-17ec9048ec9c"
"youtube","🇲🇦🇪🇬Youtube Subscribers [EGYPT &amp; MOROCCO] [Refill: No] [Max: 50K] [Start Time: 6 Hours] [Speed: 100/Day]","84","60","100","5000","jap","2c7a7efa-57cf-4d73-82d8-a9f0f3df77ab"
"youtube","🇳🇬🇬🇭Youtube Subscribers [NIGERIA &amp; GHANA] [Refill: No] [Max: 1K] [Start Time: 1 Hour] [Speed: 100/Day]","70","50","100","5000","jap","833cdc79-cc86-424e-a335-cf6a3adc2a34"
"youtube","Youtube Likes EMERGENCY [Refill: 30D] [Max:20K] [Start Time: 0 - 2 Hrs] [Speed: Up to 5K/D] 💧♻️⛔","7.4375","5.3125","10","200000","jap","c1d97aaa-71ec-453e-8f40-c6afea5b5fb4"
"youtube","Youtube Likes [Refill: No] [Max: 100K] [Start Time: Instant] [Speed: Up to 100K/D] 💧⛔","7.4375","5.3125","10","100000","jap","c06b00e7-fa4d-4692-88bc-6f5e43556ed7"
"youtube","Youtube Live Stream Views + Likes [7 Days]","53.76","38.4","50","5000000","smmwiz","00747c86-9e7d-407b-a8b0-f9821220f477"
"youtube","Youtube Live Stream Views + Likes [30 Days]","221.76","158.4","50","5000000","smmwiz","cfb3cf09-8a59-4f6d-8e0d-082d532f6910"
"youtube","Youtube Likes [Refill: 30 Days] [Max: 100K] [Start Time: 0-1 Hour] [Speed: 50K/Day]","1.75","1.25","10","200000","jap","6f4b84c1-3d0c-4b44-8a73-548323ad201a"
"youtube","Youtube Likes [FAST] [Refill: No] [Max: 50K] [Start Time: 0-1 Hour] [Speed: FAST]","1.75","1.25","10","200000","jap","64ca1dc7-97b4-48fd-adee-0db4724a1659"
"youtube","Youtube Likes [FAST] [Refill: No Refill] [Max: 55K] [Start Time: 0-1 Hour] [Speed: FAST]","7.4375","5.3125","10","100000","jap","6e8a0d15-fada-4067-9e27-85b44c88ee9b"
"youtube","Youtube Likes [Refill: 30D] [Max: 300K] [Start Time: 0-6 Hours] [Speed: 10K/Day]💧","3.5","2.5","10","5000000","jap","675fcd50-8e28-4239-99e6-1647b5851fdb"
"youtube","Youtube Views [Refill: 365D] [Max: 5M] [Start Time: 0 - 1 Hr] [Speed: Up to 10K/D] 💧","1.05","0.75","100","150000","jap","7603be63-c75e-4c2c-a700-bc7ae2065b33"
"youtube","Youtube Likes [Refill: Lifetime] [Start Time: 0 - 1 Hour] [Speed: 5K/Day]","7.4375","5.3125","10","75000","jap","eda30fcb-cacb-4f42-90f4-06d05f095734"
"youtube","Youtube Native Ads Views [No Drop] [Min 3K] [Lifetime Guarantee] [100-200K+/D] [0-4/H]","2.156","1.54","3000","100000000","smmwiz","0c1059e2-a63a-4b62-b36d-c57e55035db0"
"youtube","Youtube Native Ads Views [No Drop] [Min 10K] [Lifetime Guarantee] [100-200K+/D] [0-4/H]","1.848","1.32","10000","100000000","smmwiz","16ca2128-7928-4f6c-8b62-a840d42b3bb8"
"youtube","Youtube Native Ads Views [No Drop] [Min 40K] [Lifetime Guarantee] [100-200K+/D] [0-4/H]","1.68","1.2","40000","100000000","smmwiz","c48975df-e48c-4acb-ad1c-d0c70157a702"
"youtube","Youtube Comments [VIETNAM] [Created by AI] [Refill: 30D] [Max: 10K] [Start Time: 0-1 Hr] [Speed: 10K/D]","18.9","13.5","10","10000","jap","77755e4b-fec0-4d69-9394-aeb9632a8820"
"youtube","Youtube Watch Time [60+ Mins Video] [Speed: 20K/D] [Start Time: 12 - 24 Hrs] [Refill: 30D]","22.75","16.25","100","20000","jap","be8e6acb-367e-4434-94e2-e34104a82d6c"
"youtube","Youtube Watch Time [120+ Mins Video] [Speed: 20K/D] [Start Time: 12 - 24 Hrs] [Refill: 30D]","35","25","100","20000","jap","834ce746-1e72-4080-b398-ff021674cbc3"
"youtube","Youtube Watch Time [1 Views = 1 Hr] [Max: 10K] [Speed: 3K/D] [Start Time: 12 - 24 Hrs] [Refill: 30D]","45.5","32.5","5","10000","jap","2116bb4c-4fb1-4eca-877e-0fb3ac84a93b"
"youtube","Youtube Watch Time [Any Length Video] [Speed: 2K Hr/D] [Start Time: 0-4 Hrs] [Refill: 365D] 🔥","50.75","36.25","500","5000","jap","9250db58-9fc7-4bd4-8ad1-d1c73043bf20"
"youtube","Youtube Subscribers [Refill: 30D] [Max: 5K] [Start Time: 0 - 3 Hrs] [Speed: Up to 100/D] 💧♻️","37.044","26.46","50","9999","jap","77b16ec6-08d4-45e9-a673-442ef61d7689"
"youtube","Youtube Comment Likes [UPVOTES] [Refill: No] [Max: 50K] [Start Time: 1-2 Hours] [Speed: 5K-10K/Day] ⚡💧","5.25","3.75","10","100000","jap","d59fa90e-bdf1-4f90-80c9-f941ece9b444"
"youtube","Youtube Comment Likes [Refill: No] [Max: 30K] [Start Time: 0-1 Hour] [Speed: FAST]","5.25","3.75","10","100000","jap","eb9200e7-c493-475c-a472-6df11c2a709f"
"youtube","Youtube Comments [ENGLISH] [RANDOM] [Refill: 30D] [Max: 10K] [Start Time: 0 - 2 Hrs] [Speed: Up to 10K/D]💧","10.5","7.5","20","11000","jap","26339e69-8451-41dd-9c98-72fa5f45e5d6"
"youtube","Youtube Custom Comments [Max: 100K] [Start Time: 1 Hour] [Speed: 30K/Day]","7.875","5.625","10","100000","jap","06bc0cc0-c57b-473a-85e1-bd62f4c6455b"
"youtube","Youtube Colombia Native Views [Guarantee: Lifetime] [5-10K/D] [0-1/H]","3.934","2.81","1000","100000","smmwiz","cadb2023-e1c6-42ab-b06a-95c86dda6625"
"youtube","Youtube Indonesia Native Views [Guarantee: Lifetime] [5-10K/D] [0-1/H]","3.206","2.29","1000","100000","smmwiz","9e7c7d3f-c2ed-4012-9c8a-8da88c86af5f"
"youtube","Youtube Egypt Native Views [Guarantee: Lifetime] [5-10K/D] [0-1/H]","3.332","2.38","1000","100000","smmwiz","2c70733a-e6a1-47c1-b977-33d4a5c559d6"
"youtube","Youtube Brazil Native Views [Guarantee: Lifetime] [5-10K/D] [0-1/H]","3.85","2.75","1000","100000","smmwiz","12fc995d-c55b-4955-99ae-3e7b1ca7d406"
"youtube","Youtube Iraq Native Fast Views [Guarantee: Lifetime] [5-10K/D] [0-1/H]","3.85","2.75","1000","100000","smmwiz","90ccfdd0-a3f5-46e2-90e5-d5f88eaafa72"
"youtube","Youtube Philippines Native Views [Guarantee: Lifetime] [5-10K/D] [0-1/H]","4.186","2.99","1000","100000","smmwiz","b9acb2de-558a-4286-be14-8ade38380ea3"
"youtube","Youtube South Korean Native Views [Guarantee: Lifetime] [5-10K/D] [0-1/H]","4.62","3.3","1000","100000","smmwiz","0e59ba1e-ac5e-4397-a4eb-8b74f864c110"
"youtube","Youtube Vietnam Native Views [Guarantee: Lifetime] [5-10K/D] [0-1/H]","4.62","3.3","1000","100000","smmwiz","bc9659f9-e2dc-4ced-8c29-583feec7b2e9"
"youtube","Youtube Japan Native Views [Guarantee: Lifetime] [5-10K/D] [0-1/H]","5.124","3.66","500","100000","smmwiz","64e72ccd-ea32-4634-aa7f-15276da292ae"
"youtube","Youtube Jamaica Native Views [Guarantee: Lifetime] [5-10K/D] [0-1/H]","5.124","3.66","500","100000","smmwiz","3629db4e-795c-4147-bba8-eada368aa6f8"
"youtube","Youtube Singapore Native Views [Guarantee: Lifetime] [5-10K/D] [0-1/H]","5.39","3.85","500","100000","smmwiz","72fe309d-6670-4d88-86f8-978d6af81618"
"youtube","Youtube Spain Native Views [Guarantee: Lifetime] [5-10K/D] [0-1/H]","6.412","4.58","500","100000","smmwiz","bb093d60-39d6-4cb9-abfa-6a92759df9e9"
"youtube","Youtube Italy Native Views [Guarantee: Lifetime] [5-10K/D] [0-1/H]","6.412","4.58","500","100000","smmwiz","a86b4f34-c695-4a20-a2a3-83976b996f93"
"youtube","Youtube Canada Native Views [Guarantee: Lifetime] [5-10K/D] [0-1/H]","6.412","4.58","500","100000","smmwiz","6386c736-1e50-4847-b5ca-ea25205a8b2d"
"youtube","Youtube China Native Views [Guarantee: Lifetime] [5-10K/D] [0-1/H]","6.412","4.58","500","100000","smmwiz","955acbeb-4fda-490a-bd90-f5ec7c990ee5"
"youtube","Youtube France Native Views [Guarantee: Lifetime] [5-10K/D] [0-1/H]","6.72","4.8","500","100000","smmwiz","9e2bc3e6-108d-4dcb-9e48-58eebdf0557c"
"youtube","Youtube Poland Native Views [Guarantee: Lifetime] [5-10K/D] [0-1/H]","6.58","4.7","500","100000","smmwiz","3e5705ea-437b-4bf3-9e2d-01a408a73233"
"youtube","Youtube USA Native Views [Guarantee: Lifetime] [5-10K/D] [0-1/H]","6.832","4.88","500","100000","smmwiz","9b1a156b-e6cc-480c-a65a-3ed391e8c45b"
"youtube","🇬🇧Youtube Comments [RANDOM] [UK] [Refill: No] [Max: 100] [Start Time: 0-1 Hour] [Speed: 100/Day] ⚡⭐","43.75","31.25","10","250","jap","1773edb9-f3aa-4720-b15f-977c2e1c4bca"
"youtube","Youtube Comments [RANDOM] [ARAB] [Refill: No] [Max: 100] [Start Time: 0-1 Hour] [Speed: 100/Day] ⚡⭐","52.5","37.5","10","250","jap","741b16d5-f9e1-4df9-94f5-603fd27f49f5"
"youtube","🇺🇸Youtube Comments [RANDOM] [USA] [LIFETIME GUARANTEED] [Max: 2K] [Start Time: 0-1 Hour] [Speed: 2K/Day] ⚡⭐ ♻️","52.5","37.5","10","2000","jap","e9e922ae-ab18-4eb8-9c34-7df5ec912c22"
"youtube","🇮🇳Youtube Comments [CUSTOM] [INDIA] [LIFETIME GUARANTEED] [Max: 100] [Start Time: 0-1 Hour] [Speed: 100/Day] ⚡⭐⚡⭐ ♻️","61.25","43.75","10","250","jap","da8413b2-ae8d-4317-bd90-4567cf9fe020"
"youtube","Youtube Comments [CUSTOM] [ARAB] [Refill: No] [Max: 100] [Start Time: 0-1 Hour] [Speed: 100/Day]","70","50","10","250","jap","e7c03b91-b041-4f28-92d9-3c59b3a540f8"
"youtube","Youtube Mexico Native Views [Guarantee: Lifetime] [5-10K/D] [0-1/H]","6.832","4.88","500","100000","smmwiz","18a0c2af-5918-4af3-9163-ce5a4731c8d8"
"youtube","Youtube Thailand Native Views [Guarantee: Lifetime] [5-10K/D] [0-1/H]","7.182","5.13","500","100000","smmwiz","4a0fd8a4-c59b-4230-ab03-aa3bf7b342af"
"youtube","Youtube Malaysia Native Views [Guarantee: Lifetime] [5-10K/D] [0-1/H]","7.182","5.13","500","100000","smmwiz","852d3e9b-c169-4b36-b525-135d4f65fb39"
"youtube","Youtube Australia Native Views [Guarantee: Lifetime] [5-10K/D] [0-1/H]","7.672","5.48","500","100000","smmwiz","a930dc06-2e9d-425b-9aee-eb55d03d18fa"
"youtube","Youtube Saudi Arabia Native Views [Guarantee: Lifetime] [5-10K/D] [0-1/H]","10.248","7.32","500","100000","smmwiz","9a39dd16-bf20-44e1-9dc6-dde58fdf3a41"
"youtube","Youtube Netherlands Native Views [Guarantee: Lifetime] [5-10K/D] [0-1/H]","11.536","8.24","500","100000","smmwiz","23c0b262-fa83-4630-beb0-1ee6d2a06f82"
"youtube","Youtube Watchtime [30 Days Refill] [15 Minutes+ Video] [No Drop] [1000=125 Hours] [200-400H/D] [Instant]","20.16","14.4","100","32000","smmwiz","2d40d8c2-18c3-45bd-8a1a-d26937690adf"
"youtube","Youtube Watchtime [30 Days Refill] [30 Minutes+ Video] [No Drop] [1000=250 Hours] [200-400H/D] [Instant]","25.2","18","100","16000","smmwiz","7c1f201e-73f5-46ef-b83b-f5e1d5294eee"
"youtube","🇲🇰 YouTube Unique Views - North Macedonia [RAV™] [Refill: 90 Days] [Max: 100K] [Start Time: 0-1 Hour] [Speed: 200-1000/Day] ♻️","4.9","3.5","500","100000","jap","792de9a8-d79e-453b-8ece-636d1b55192a"
"youtube","Youtube Adword Views [Refill: ∞] [Min: 1M] [Max: 50M] [Start Time: 12 - 36 Hrs] [Speed: Up to 300K/D]","0.6825","0.4875","500000","10000000","jap","7a0304fd-5306-484f-941a-8bb9a6a8f3c5"
"youtube","Youtube Live Stream Views [Max: 3K] [Start Time: Instant] [Speed: For 120 Minutes]","10.15","7.25","100","3000","jap","7a4285de-762e-4964-926d-b6aa456416bd"
"youtube","Youtube Views [Related Videos - Real Active Views] [Refill: 30 Days] [Max: 100K] [Start Time: 1 Hour] [Speed: 2K/Day] ♻️","1.925","1.375","100","10000000","jap","7a441396-ecef-4b80-bd8d-8832a3bf393f"
"youtube","Youtube Watchtime [30 Days Refill] [40 Minutes+ Video] [No Drop] [1000=1000 Hours] [200-400H/D] [Instant]","41.16","29.4","100","4000","smmwiz","144ebc6b-b9e7-40e3-ad36-aebacdac0082"
"youtube","Youtube Watchtime [30 Days Refill] [60 Minutes+ Video] [No Drop] [1000=1000 Hours] [200-400H/D] [Instant]","41.16","29.4","100","4000","smmwiz","98b931bb-bf58-46a4-94ca-aaa51d74d073"
"youtube","🇷🇺 Youtube Shorts Views [Russia] [Refill: 45 Days] [Max: 1M] [Start Time: 1 Hour] [Speed: 20K/Day] ⚡♻️","2.1","1.5","40","85000","jap","7af88955-19e8-4b39-85d0-fd0eb9881fd3"
"youtube","Youtube Live Stream Views [Max: 50K] [Start Time: Instant] [Speed: For 180 Minutes]","0.798","0.57","50","100000","jap","7ba93940-08cf-4be7-bd05-f261128fd501"
"youtube","Youtube Native Views [Refill: ∞] [Min: 100] [Max: 10M] [Start Time: 0 - 6 Hrs] [Speed: Up to 5K/D]","1.6625","1.1875","100","100000000","jap","7bada92b-e034-47ce-897c-2df356f76d9d"
"youtube","Youtube Likes [Lifetime Guaranteed] [Max: 100K] [Start Time: 1 Hour] [Speed: 2K/Day] ♻️","3.85","2.75","20","100000","jap","7bfcb3f5-be5c-4bff-9e8a-246cf9b1dafb"
"youtube","🇵🇾 YouTube Unique Views - Paraguay [RAV™] [Refill: 90 Days] [Max: 100K] [Start Time: 0-1 Hour] [Speed: 200-1000/Day] ♻️","4.9","3.5","500","100000","jap","7d3f853b-05bb-4f30-af82-bfeed89dd963"
"youtube","Youtube Live Stream Views [Max: 3K] [Start Time: Instant] [Speed: For 24 Hrs]","1.6328","1.1663","10","3000","jap","7e0c426d-b9ea-4782-9d81-eca3cd7fd65d"
"youtube","Youtube Likes [Refill: 30 Days] [Max: 5K] [Start Time: 1 Hour] [Speed: 100/Day] 💧 ♻️","6.93","4.95","10","20000","jap","7e324dd1-490f-48d1-bcbe-28954ad8a27e"
"youtube","🇱🇦 YouTube Unique Views - Laos [RAV™] [Refill: 90 Days] [Max: 100K] [Start Time: 0-1 Hour] [Speed: 200-1000/Day] ♻️","4.9","3.5","500","100000","jap","7f1747d4-e11b-4b1e-a751-1c5029ffbc08"
"youtube","Youtube Comments [Random] [Max: 200] [Start Time: 0-24 Hours] [Speed: 100/Day] [Refill: 30 Days]","33.6","24","20","1000","jap","7f21f201-d298-40c7-91e3-4b35d003a5df"
"youtube","🇮🇳Youtube ADS Views [INDIA] [Lifetime Guaranteed] [Max: 10M] [Start Time: 72 Hours] [Speed: 50K/Day] ♻️","4.725","3.375","3000","100000000","jap","7f573384-1533-4cdb-aa42-b8667b537beb"
"youtube","Youtube Live Stream Views [Max: 10K] [Start Time: Instant] [Speed: For 60 Minutes]","0.63","0.45","10","700000","jap","7fa13e98-c6e9-4d29-b136-296c5b469d1c"
"youtube","Youtube Views [FOR NEW VIDEOS] [+Likes &amp; Earnings] [Refill: Lifetime] [1 to 3 Mins Retention] [Max: 1M] [Start Time: 0-4 Hrs] [Speed: Up to 100K/D] 💧","2.2575","1.6125","3000","10000","jap","7ff18c1c-35f4-4d52-8135-b6322a1dc754"
"youtube","Youtube Live Stream Views [Max: 50K] [Start Time: Instant] [Speed: For 120 Minutes]","0.532","0.38","50","100000","jap","818dbc00-ebca-48c8-8f4e-7b67f37409fd"
"youtube","Youtube Views [Refill: 30 Days] [Max: 1M] [Start Time: 1 Hour] [Speed: 20K/Day] ♻️","2.485","1.775","50","2147483647","jap","82b21a06-d98c-42db-a00a-a20db87d6385"
"youtube","Youtube Views [For Gaming Videos] [Start Time: 0 - 6 Hrs] [Refill: 30D] [Speed: Up to 500K/D]","2.3625","1.6875","10000","10000000","jap","82bd824a-64ee-48c3-9401-ef66271cd501"
"youtube","Youtube Community Poll Votes [Start Time: 0 - 8 Hours] [Max: 10K] [Refill: Non Drop] [Speed: 100/Day]","67.2","48","10","10000","jap","82e8c969-dfe1-4c9e-abbd-e5dd18b0bb48"
"youtube","Youtube Likes [Refill: 30D] [Max: 300K] [Start Time: 0-6 Hours] [Speed: 10K/Day]💧","3.325","2.375","10","20000","jap","8310e5ae-b50f-42d8-bfcc-55ad2bf9dbd1"
"youtube","Youtube Views [LIFETIME GUARANTEED] [Max: 10M] [Start Time: 0-4 Hours] [Speed: Up to 5M/Day] ⚡️💧♻️","1.9075","1.3625","10000","1000000000","jap","8409731d-9f8b-4bd8-8f56-adce67fc8ad4"
"youtube","YouTube Social Shares from Vkontakte [Lifetime Guaranteed] [Max: 10K] [Start Time: 1 Hour] [Speed: 300/Day] ♻️","1.05","0.75","100","100000","jap","840d8582-8a94-471f-8fc9-b98982b0bc73"
"youtube","🇪🇸Youtube ADS Views [SPAIN] [Lifetime Guaranteed] [Max: 10M] [Start Time: 72 Hours] [Speed: 50K/Day] ♻️","8.736","6.24","3000","100000000","jap","847b0e37-fc05-4f34-b6e0-fac2375bb441"
"youtube","Youtube Live Stream Views [Super HQ] [Max: 50K] [Start Time: Instant] [Speed: For 240 Mins]","2.1","1.5","25","50000","jap","8604ddc7-40e8-4a93-9a88-77671c9bbe84"
"youtube","Youtube Subscribers [Refill: 30D] [Max: 1M] [Start Time: 0 - 12 Hrs] [Speed: Up to 10K/D] 💧♻️","32.55","23.25","100","100000","jap","87d6c332-d77e-4c8c-8887-a23eb6885917"
"youtube","🇪🇬 YouTube Unique Views - Egypt [RAV™] [Refill: 90 Days] [Max: 100K] [Start Time: 0-1 Hour] [Speed: 200-1000/Day] ♻️","4.9","3.5","500","100000","jap","87f608b4-fb53-4e9a-861f-eb813e8c12d1"
"youtube","Youtube Subscribers [Refill: 30 Days] [Max: 10K] [Start Time: 0-1 Hour] [Speed: Up to 200/Day] 💧","27.6675","19.7625","100","1000000","jap","8802c1e8-a5ef-49f3-94d2-fcf696672c23"
"youtube","🇸🇮 YouTube Unique Views - Slovenia [RAV™] [Refill: 90 Days] [Max: 100K] [Start Time: 0-1 Hour] [Speed: 200-1000/Day] ♻️","4.9","3.5","500","100000","jap","888fa6fb-e35c-4b92-b95f-873540433c73"
"youtube","Youtube Live Stream Views [Max: 10K] [Start Time: Instant] [Speed: For 120 Minutes]","1.26","0.9","10","700000","jap","8b71dc56-722d-41c9-826f-287dd6ca97fe"
"youtube","Youtube Live Stream Views [HQ] [CONCURRENT] [Max: 50K] [Start Time: Instant] [Speed: For 12 Hrs]","12.6","9","10","2000000","jap","8b76c271-7f17-403d-9917-c3844b8b7b32"
"youtube","🇰🇵🇰🇷Youtube Views [KOREA Discovery ADS] [ZERO DROP] [Max: 10M] [Start Time: 24 Hours] [Speed: 1M/Day] 🔥","8.4241","6.0172","10000","10000000","jap","8baf29bf-3402-406c-bfb5-5fddc04d3bc5"
"youtube","Youtube USA Likes [Refill: 30 Days] [Max: 50K] [Start Time: 0- 15 Min] [Speed: 20k/Day]","3.003","2.145","10","100000","jap","8bb446c7-b130-4e03-922f-530753331958"
"youtube","Youtube Views [Refill: Lifetime] [1 to 5 Mins Retention] [Max: 1M] [Start Time: 0-2 Hrs] [Speed: Up to 500/D] 💧","2.3153","1.6538","100","1000000000","jap","8bd1ca27-32d6-47c4-b757-0c112b0368ec"
"youtube","Youtube Live Stream Views [HQ] [Max: 500K] [Start Time: Instant] [Speed: For 120 Minutes]","0.6321","0.4515","50","400000","jap","8bf963b9-889f-4a9f-9552-3fe04d903ab1"
"youtube","Youtube Subscribers [Refill: 90D] [Max: 100K] [Start: 0 - 6 Hrs] [Speed: Up to 1K/D]💧🔥♻️","34.5374","24.6696","100","1000000","jap","8c295760-bd96-443b-a155-5923b83927fd"
"youtube","🇮🇳Youtube Views [INDIA Discovery ADS] [ZERO DROP] [Max: 10M] [Start Time: 24 Hours] [Speed: 1M/Day]🔥","5.796","4.14","10000","10000000","jap","8c81da2b-7577-466f-91ff-ec81961c1e32"
"youtube","Youtube Live Stream Views [Max: 50K] [Start Time: Instant] [Speed: For 15 Minutes]","0.0665","0.0475","50","100000","jap","8da2ee80-ed48-4cd6-91d3-4400dbf27c45"
"youtube","🇨🇷 YouTube Unique Views - Costa Rica [RAV™] [Refill: 90 Days] [Max: 100K] [Start Time: 0-1 Hour] [Speed: 200-1000/Day] ♻️","4.9","3.5","500","100000","jap","8e44223b-c54b-4701-a256-81f58a503a8d"
"youtube","Youtube Live Stream Views [15 Mins] [Max: 75K] [Start Time: Up to 5 Mins] [Speed: For 15 Minutes]","0.4113","0.2938","50","500000","jap","8fb55336-32ad-4ccd-aacf-38fc580aa21c"
"youtube","Youtube Views + Likes [Refill: 30 Days] [Max: 10M] [Start Time: 0 - 30 Mins] [Speed: 150K/Day] 💧🔥","1.2075","0.8625","100","550000","jap","90093bb3-475c-4b08-852a-e899b17e552d"
"youtube","🇻🇳Youtube Views [VIETNAM Discovery ADS] [ZERO DROP] [Max: 10M] [Start Time: 24 Hours] [Speed: 1M/Day] 🔥","4.536","3.24","10000","10000000","jap","908bc0f8-abff-45b9-9d21-acc32efc7a15"
"youtube","Youtube Pre-Premiere Waiting Views [RAV™] [Startime: Instant] [Refill: No]⚡️⭐","4.9","3.5","1000","100000","jap","90ca93b3-e6ad-449c-8e17-79b25061a9b4"
"youtube","🇨🇦 YouTube Unique Views - Canada [RAV™ - Real &amp; Active Views]","4.2","3","500","100000","jap","91590232-7898-4e7b-a099-b841e208a382"
"youtube","Youtube Live Stream Views [Max: 250K] [Start Time: Instant] [Speed: For 12 Hours]","5.1072","3.648","20","250000","jap","916a5641-fc34-4ec3-acf4-3662dd909cdb"
"youtube","Youtube Live Stream Views [HIGH RANKING] [Max: 500K] [Start Time: Instant] [Speed: For 15 Minutes]","0.215","0.1536","50","500000","jap","9236c11d-8785-43c2-b392-45dbeead59ca"
"youtube","🇰🇼 YouTube Unique Views - Kuwait [RAV™] [Refill: 90 Days] [Max: 100K] [Start Time: 0-1 Hour] [Speed: 200-1000/Day] ♻️","4.9","3.5","500","100000","jap","9243669d-be97-40a8-8d84-4ad4e8818ad8"
"youtube","🇸🇦Youtube Views [SAUDI ARABIA Discovery ADS] [ZERO DROP] [Max: 10M] [Start Time: 24 Hours] [Speed: 1M/Day] 🔥","8.4241","6.0172","10000","10000000","jap","9279f55f-528b-48d6-a459-a4a3546039ff"
"youtube","Youtube Live Stream Views [HQ] [CONCURRENT] [Max: 50K] [Start Time: Instant] [Speed: For 90 Mins]","1.575","1.125","10","2000000","jap","93d2c3ce-2667-48cf-838f-c3f8a07ce668"
"youtube","Youtube Comments [USA HQ] [CUSTOM] [Refill: 30D] [Max: 200K] [Start Time: 0 - 3 Hrs] [Speed: 20K/D]","8.9513","6.3938","10","1000000","jap","94c31b2f-d83a-4d55-ac8d-103daddf542f"
"youtube","Youtube Live Stream Views [LQ] [CONCURRENT - 60 Mins] [Max: 50K] [Start Time: Instant] [Speed: For 60 Minutes]","1.6625","1.1875","50","50000","jap","953b64b3-05f0-4178-91c5-c22d50d2432a"
"youtube","Youtube Custom Comments [Max: 5K] [Start Time: 1 Hour] [Speed: 5K/Day]","5.4432","3.888","5","5000","jap","95f17cb5-1c10-479e-b8af-71f9a184dca3"
"youtube","Youtube Custom Comments [Max: 5K] [Start Time: 1 Hour] [Speed: 5K/Day]","3.36","2.4","10","50000","jap","966f96cb-6e19-4767-abee-e066cee945a9"
"youtube","Youtube Short Likes [Refill: 30 D] [Max: 300K] [Start Time: 0-1 Hour] [Speed: 100K/Day]","3.85","2.75","20","5000","jap","969f7910-ca1d-415d-b691-89dec086d4af"
"youtube","🇦🇫 YouTube Unique Views - Afghanistan [RAV™] [Refill: 90 Days] [Max: 100K] [Start Time: 0-1 Hour] [Speed: 200-1000/Day] ♻️","4.9","3.5","500","100000","jap","9719268e-40cc-4df5-ab4c-8a83e576e899"
"youtube","🇸🇦 YouTube Unique Views - Saudi Arabia [RAV™] [Refill: 90 Days] [Max: 100K] [Start Time: 0-1 Hour] [Speed: 200-1000/Day] ♻️","4.9","3.5","500","100000","jap","980ca293-3572-42d9-88ca-6e20c5ec6d9f"
"youtube","Youtube Live Stream Views [Max: 10K] [Start Time: Instant] [Speed: For 15 Minutes]","0.14","0.1","10","700000","jap","98792cc4-8954-4878-9e62-bd1b4b8bf446"
"youtube","YouTube Social Shares [From Twitter] [Refill: Lifetime] [Max: 10K] [Start Time: 0 - 1 Hour] [Speed: 10K/Day]","0.35","0.25","100","100000","jap","98d04a93-24c3-43cc-80af-6a57245ba225"
"youtube","Youtube Likes [Refill: 30 Days] [Max: 5K] [Start Time: 24 Hours] [Speed: 200/Day] ♻️","15.12","10.8","50","100000","jap","99521697-630f-4238-aeac-049152280158"
"youtube","🇧🇷Youtube Views [BRAZIL Discovery ADS] [ZERO DROP] [Max: 10M] [Start Time: 24 Hours] [Speed: 1M/Day] 🔥","7.4407","5.3148","10000","10000000","jap","99be55e0-c25e-4088-822e-fc68cd64f2fe"
"youtube","Youtube Live Stream Views [HIGH RANKING] [Max: 500K] [Start Time: Instant] [Speed: For 2 Hrs]","1.7203","1.2288","50","500000","jap","9ac4890d-4e4a-4f3e-bbf7-c252fb839e8f"
"youtube","🇧🇾Youtube Shorts Views [Belarus] [Refill: 45 Days] [Max: 1M] [Start Time: 1 Hour] [Speed: 20K/Day] ⚡♻️","2.2575","1.6125","40","85000","jap","9b4aafad-4572-4ea7-9a43-e7aa77bc7eec"
"youtube","🇹🇭Youtube Views [THAILAND Discovery ADS] [ZERO DROP] [Max: 10M] [Start Time: 24 Hours] [Speed: 1M/Day] 🔥","4.6368","3.312","10000","10000000","jap","9b7a29d8-01f6-4a7c-baff-a587fccea698"
"youtube","Youtube Views [Good For SEO] [Refill: No] [Max: 1M] [Start Time: 0 - 6 Hrs] [Speed: Up to 50K/Day] 💧","2.0125","1.4375","1000","100000","jap","9b9f8ba9-2b85-44a7-942b-4f9abc330aee"
"youtube","Youtube Views [Refill: Lifetime] [Max: 50M] [Start Time: 0 - 2 Hours] [Speed: Up to 5K/Day] 💧⛔♻️","1.33","0.95","100","100000","jap","9b9f91da-cc99-4be4-8a14-35c1f58349c1"
"youtube","Youtube Views [Refill: 180 Days] [Max: 1M] [Start Time: 5 Mins] [Speed: 15K/Day]","2.45","1.75","100","100000","jap","9be65ead-a246-4ec9-9c17-a9beefee866f"
"youtube","🇷🇺Youtube Views [Russia] [Refill: Non Drop] [Max: 1M] [Start Time: 1 Hour] [Speed: 100K/Day] ⚡♻️","2.8","2","40","85000","jap","9c099314-592b-4807-b885-440ab59bb626"
"youtube","Youtube Views [Refill: 365 Days] [Max: 1M] [Start Time: 0 - 1 Hour] [Speed: 1K/Day] ⛔💧🔥","0.735","0.525","100","1000000","jap","9c54087a-a207-4278-b79b-8cb827fd5e79"
"youtube","Youtube Views + Likes [Max: 5M] [Refill: 30 Days] [Start Time: 0 - 2 Hours] [Speed: Up to 200K/Day] 🔥","1.225","0.875","100","1000000","jap","9cc22028-6ed4-4483-8df1-d72401fe0790"
"youtube","Youtube Turkish Likes [Refill: 30 Days] [Max: 50K] [Start Time: 0- 15 Min] [Speed: 20k/Day]","3.003","2.145","10","100000","jap","9db77f81-5ae4-4346-94f2-d50b2e4da4ed"
"youtube","Youtube Live Stream Views [Max: 50K] [Start Time: Instant] [Speed: For 15 Minutes]","0.665","0.475","50","50000","jap","9e35e42a-8e7f-4b42-99f0-1e3af122be31"
"youtube","🇹🇼 YouTube Unique Views - Taiwan [RAV™] [Refill: 90 Days] [Max: 100K] [Start Time: 0-1 Hour] [Speed: 200-1000/Day] ♻️","4.9","3.5","500","100000","jap","9f3919ad-1d94-4c0a-bb5d-fc37964f63ec"
"youtube","Youtube ADS Views [LATIN AMERICA] [Lifetime Guaranteed] [Max: 10M] [Start Time: 48 Hours] [Speed: 500K/Day]","4.3428","3.102","50000","100000000","jap","9ffec205-3764-4696-a2e2-25bca012d2e8"
"youtube","Youtube Live Stream Views [Max: 50K] [Start Time: Instant] [Speed: For 90 Minutes]","0.399","0.285","50","100000","jap","a0307371-70bf-480c-99f2-14cbe8805b3a"
"youtube","Youtube Live Stream UpVote [OPTION 3] [Max: 5K] [Start Time: INSTANT] [Speed: 5K/Day]","5.67","4.05","5","50000","jap","a03df793-ff67-47b3-9c5e-b90348b05a3d"
"youtube","Youtube Views [BEST VALUE] [RAV-GS™ + Engagement] [Refill: 90 Days] [Max: 500K] [Start Time: 0-1 Hour] [Speed: 100K+/Day] ♻️🔥🔥","3.57","2.55","60000","500000","jap","a08dedd9-8f08-4a7c-89d6-8ca6e49ba14d"
"youtube","🇭🇺 YouTube Unique Views - Hungary [RAV™] [Refill: 90 Days] [Max: 100K] [Start Time: 0-1 Hour] [Speed: 200-1000/Day] ♻️","4.9","3.5","500","100000","jap","a1128865-f08b-4936-9e27-7cb6f46c8971"
"youtube","🇩🇪YouTube Unique Views - German Speakers [RAV™] [Refill: 90 Days] [Max: 100K] [Start Time: 0-1 Hour] [Speed: 500-2000/Day] ♻️","4.9","3.5","500","100000","jap","a1bfb05a-255f-46ed-8db2-6f9664975c73"
"youtube","Youtube Live Stream Views [Super HQ] [Max: 50K] [Start Time: Instant] [Speed: For 720 Mins]","6.3","4.5","25","50000","jap","a22f0546-1f9d-481b-ab11-01ab07862305"
"youtube","Youtube Native Views [Refill: ∞] [Min: 40K] [Max: 10M] [Start Time: 0 - 6 Hrs] [Speed: Up to 100K/D]","1.2268","0.8763","40000","10000000","jap","a26fd38e-4db2-41db-8b2b-214a006625a2"
"youtube","Youtube Live Views [Max: 1M] [Refill: No] [Start Time: 0 - 1 Hour] [Speed: Fast]","0.175","0.125","100","1000000","jap","a2faf224-6675-4e53-9afc-064b69ee88f2"
"youtube","Youtube Comments [Random] [WW] [NON DROP] [Max: 5K] [Start Time: 1 Hour] [Speed: 5K/Day] 🔥","13.944","9.96","500","500000","jap","a3fc1491-7e7c-466d-b2cc-cc020bb469a6"
"youtube","Youtube Live Stream Views [Max: 50K] [Start Time: Instant] [Speed: For 180 Minutes]","7.98","5.7","50","50000","jap","a4149888-cc08-4047-b7be-5816bcab4d4c"
"youtube","Youtube Live Stream Views [HQ] [Max: 500K] [Start Time: Instant] [Speed: For 180 Minutes]","0.9482","0.6773","50","400000","jap","a4648cd3-cb70-4354-b5a0-0564c621805e"
"youtube","Youtube Views [+Video Reach] [+Likes &amp; Earnings] [Refill: Lifetime] [1 to 10 Mins Retention] [Max: 1M] [Start Time: 0-4 Hrs] [Speed: Up to 20K/D] 💧","5.5125","3.9375","1000","100000","jap","a47b0c5b-ed58-4e8c-80cd-49bcb8a6cc21"
"youtube","Youtube Live Stream Views [Super HQ] [Max: 50K] [Start Time: Instant] [Speed: For 1440 Mins]","12.6","9","50","100000","jap","a4d32309-65a7-4e1b-b34a-cfed24d5516d"
"youtube","Youtube Live Stream Views [Max: 75K] [Start Time: Instant] [Speed: For 180 Minutes]","5.075","3.625","50","500000","jap","a50bed47-e93e-478d-95ef-9e83471ffeda"
"youtube","Youtube Native Views [Refill: ∞] [Min: 20K] [Max: 5M] [Start Time: 0 - 6 Hrs] [Speed: Up to 400K/D]","1.2782","0.913","500000","100000000","jap","a523707c-3832-4c09-b3c5-03d4df2d1dab"
"youtube","Youtube Live Stream Views [HQ] [CONCURRENT] [Max: 50K] [Start Time: Instant] [Speed: For 30 Mins]","0.525","0.375","10","2000000","jap","a8c3c0e1-2650-4575-9c61-440c27614474"
"youtube","Youtube ADS Views [Albania, Kosovo, Macedonia, Montenegro] [Lifetime Guaranteed] [Max: 10M] [Start Time: 72 Hours] [Speed: 50K/Day] ♻️","7.56","5.4","10000","100000000","jap","a9343f4c-bc88-4e69-ab3b-de110e94ac1d"
"youtube","Youtube Native Views [Refill: ∞] [Min: 1M] [Max: 10M] [Start Time: 0 - 6 Hrs] [Speed: Up to 100K/D]","0.9433","0.6738","1000000","100000000","jap","a96447c0-262b-4191-8667-5da81b87064f"
"youtube","🇰🇭 YouTube Unique Views - Cambodia [RAV™] [Refill: 90 Days] [Max: 100K] [Start Time: 0-1 Hour] [Speed: 200-1000/Day] ♻️","4.9","3.5","500","100000","jap","aacb4fc7-3e7b-48b8-b0ee-22140ed41677"
"youtube","🇵🇷 YouTube Unique Views - Puerto Rico [RAV™] [Refill: 90 Days] [Max: 100K] [Start Time: 0-1 Hour] [Speed: 200-1000/Day] ♻️","4.9","3.5","500","100000","jap","aade6d2a-94c7-440b-8774-060e63a6381e"
"youtube","🇵🇦 YouTube Unique Views - Panama [RAV™] [Refill: 90 Days] [Max: 100K] [Start Time: 0-1 Hour] [Speed: 200-1000/Day] ♻️","4.9","3.5","500","100000","jap","abfa5a7a-9bdd-4c88-ade5-cc7b39bbd85b"
"youtube","YouTube Social Shares from Blogger [Lifetime Guaranteed] [Max: 10K] [Start Time: 1 Hour] [Speed: 300/Day] ♻️","1.05","0.75","100","100000","jap","ae4d897e-8535-44e3-b817-571386754596"
"youtube","Youtube Live Stream Views [HIGH RANKING] [Max: 500K] [Start Time: Instant] [Speed: For 60 Minutes]","0.8602","0.6144","50","500000","jap","aeaedc67-1062-4e27-9ec7-d7d1c69304c8"
"youtube","🇴🇲 YouTube Unique Views - Oman [RAV™] [Refill: 90 Days] [Max: 100K] [Start Time: 0-1 Hour] [Speed: 200-1000/Day] ♻️","4.9","3.5","500","100000","jap","aee8c632-49a3-4e70-9c07-7bf9e177466d"
"youtube","Youtube Live Stream Views [Max: 75K] [Start Time: Instant] [Speed: For 150 Minutes]","1.19","0.85","50","500000","jap","afb3974f-6d50-4286-a24c-abe231dc335b"
"youtube","🇳🇮 YouTube Unique Views - Nicaragua [RAV™] [Refill: 90 Days] [Max: 100K] [Start Time: 0-1 Hour] [Speed: 200-1000/Day] ♻️","4.9","3.5","500","100000","jap","b048f07a-5a7a-4e72-a010-0de2a085fc9c"
"youtube","YouTube Social Shares [From Facebook] [Refill: Lifetime] [Max: 10K] [Start Time: 0 - 1 Hour] [Speed: 10K/Day]","0.35","0.25","100","100000","jap","b04a0586-f5cf-43d2-9cd2-023a92ef610a"
"youtube","Youtube Live Stream Views [Max: 250K] [Start Time: Instant] [Speed: For 15 Minutes]","0.1064","0.076","20","250000","jap","b04bcb43-162c-4e0d-8104-6e3c285b299f"
"youtube","Youtube Views [Watch Time 10+ Minutes] [Lifetime Warranty] [200-1K/D] [0-6/H]","16.128","11.52","50","10000000","smmwiz","02ab190e-b9f3-485f-9872-4b19a32b1a39"
"youtube","Youtube Subscribers [Real - No Drop] [30 Days Refill] [100-300/D] [0-12/H]","29.904","21.36","50","5000","smmwiz","2c80dc78-e4ab-436d-b67e-13c00e7cb75a"
"youtube","🇧🇪Youtube ADS Views [BELGIUM] [Lifetime Guaranteed] [Max: 10M] [Start Time: 72 Hours] [Speed: 50K/Day] ♻️","7.056","5.04","3000","100000000","jap","b0e3c711-f92e-44f8-ae7e-bc439b7bb2cd"
"youtube","🇰🇪 YouTube Unique Views - Kenya [RAV™] [Refill: 90 Days] [Max: 100K] [Start Time: 0-1 Hour] [Speed: 200-1000/Day] ♻️","4.9","3.5","500","100000","jap","b24ac578-3f05-4f63-8250-f4f6b1f4280a"
"youtube","Youtube Native Views [Refill: ∞] [Min: 100K] [Max: 10M] [Start Time: 0 - 6 Hrs] [Speed: Up to 100K/D]","0.9625","0.6875","100000","100000000","jap","b43cfcaa-03aa-44c8-8e19-5bc7ee571a3a"
"youtube","Youtube Arab Comments [30 HQ Random Comments] [Max: 30] [Start Time: 0-1 Hour] [Finishes in 3 Hours]","5.04","3.6","1000","1000","jap","b47db0a7-c3b6-4c37-a9f4-db17224d4068"
"youtube","Youtube Live Stream Views [LQ] [CONCURRENT - 6 Hours] [Max: 50K] [Start Time: Instant] [Speed: For 6 Hours]","10.15","7.25","50","50000","jap","b4f9fd60-41b0-4c1d-8c88-1bf63683b929"
"youtube","🇲🇳 YouTube Unique Views - Mongolia [RAV™] [Refill: 90 Days] [Max: 100K] [Start Time: 0-1 Hour] [Speed: 200-1000/Day] ♻️","4.9","3.5","500","100000","jap","b5235634-3ea4-4f8d-be26-8df79c2ddbd3"
"youtube","YouTube Costum Comments [Non Drop] [Lifetime Guaranteed] [5-10K/Day] [0-5/H]","3.36","2.4","50","50000","smmwiz","7c279bf9-a39a-47dd-b7d2-a45f8d2fe616"
"youtube","YouTube Short Costum Comments [Non Drop] [Lifetime Guaranteed] [5-10K/Day] [0-5/H]","3.36","2.4","50","50000","smmwiz","20bcc4b4-536f-4278-95cd-4858a2e9a7fc"
"youtube","Youtube Costum Comments [USA] [No Drop] [100-300/D] [0-6/H]","72.576","51.84","5","1000","smmwiz","b01a192f-313a-41c8-807e-742cf9c7d450"
"youtube","Youtube Random Comments [USA] [No Drop] [100-300/D] [0-6/H]","72.576","51.84","5","1000","smmwiz","88780137-fe23-4e82-b529-78b85594d6af"
"youtube","Youtube Emoji Comments [USA] [No Drop] [100-300/D] [0-6/H]","72.576","51.84","5","1000","smmwiz","d1b3595b-475e-46aa-8af1-d7726c66a8a2"
"youtube","Youtube Costum Comments [World Wide] [No Drop] [100-300/D] [0-6/H]","72.576","51.84","5","1000","smmwiz","7cb2cc53-ebf5-4a3d-8184-0eb33cda93be"
"youtube","Youtube Random Comments [World Wide] [No Drop] [100-300/D] [0-6/H]","72.576","51.84","5","1000","smmwiz","c1986765-c2c6-46d2-9fbd-1e838298d833"
"youtube","Youtube Emoji Comments [World Wide] [No Drop] [100-300/D] [0-6/H]","72.576","51.84","5","1000","smmwiz","ad6689e1-f333-461b-ae58-bed1726232e7"
"youtube","Youtube Live Stream Views [HQ] [Max: 500K] [Start Time: Instant] [Speed: For 360 Minutes]","1.806","1.29","50","400000","jap","b5b73a1c-4bba-47eb-8b8b-f47acd21d06a"
"youtube","Youtube Shorts Views [WW] [Refill: 45 Days] [Max: 2M] [Start Time: 1 Hour] [Speed: 20K/Day] ⚡♻️","1.225","0.875","40","300000","jap","b5c542d8-7e21-424f-852b-2cec228253a0"
"youtube","Youtube Live Stream Views [Max: 50K] [Start Time: Instant] [Speed: For 210 Minutes]","9.8","7","50","50000","jap","b6054b26-a92a-4fb4-9f9a-38a34cc0ecfa"
"youtube","Youtube Views [Refill: 365 Days] [Max: 1M] [Start Time: 0 - 1 Hour] [Speed: Up to 5K/Day] ⛔💧🔥","0.805","0.575","100","1000000","jap","b611edd0-6253-4914-af9e-baff11a33e82"
"youtube","🇲🇦 YouTube Unique Views - Morocco [RAV™] [Refill: 90 Days] [Max: 100K] [Start Time: 0-1 Hour] [Speed: 200-1000/Day] ♻️","4.9","3.5","500","100000","jap","b6156786-8744-4aef-b7b1-d0069bf3d584"
"youtube","🇳🇱Youtube ADS Views [NETHERLANDS] [Lifetime Guaranteed] [Max: 10M] [Start Time: 72 Hours] [Speed: 50K/Day] ♻️","7.056","5.04","3000","100000000","jap","b75766d2-6ef0-41ad-bd83-21c27ee1feff"
"youtube","🇮🇹Youtube ADS Views [ITALY] [Lifetime Guaranteed] [Max: 10M] [Start Time: 72 Hours] [Speed: 50K/Day]","8.225","5.875","3000","100000000","jap","b930ed5d-aa79-4a54-a66f-3784a2b29d45"
"youtube","Youtube Live Stream Views [Max: 10K] [Start Time: Instant] [Speed: For 240 Minutes]","2.52","1.8","10","700000","jap","b969d652-7e06-4d50-b29d-cda0a85af783"
"youtube","Youtube Comments [USA] [Created by AI] [Refill: 30D] [Max: 100K] [Start Time: 0-1 Hr] [Speed: 10K/D]","11.718","8.37","10","100000","jap","bb45c3cd-def9-4c99-b013-c7ca811394ee"
"youtube","Youtube Views [Refill: 365 Days] [Max: 10M] [Start Time: 0 - 1 Hour] [Speed: Up to 5K/Day] ⛔💧♻️","1.4875","1.0625","100","1000000000","jap","bb69df9c-f8d1-4ede-a098-1eaf05eb526b"
"youtube","🇭🇰 YouTube Unique Views - Hong Kong [RAV™] [Refill: 90 Days] [Max: 100K] [Start Time: 0-1 Hour] [Speed: 200-1000/Day] ♻️","4.9","3.5","500","100000","jap","bc1da605-b47d-4861-a307-88213dc30e0a"
"youtube","Youtube Live Stream Views [Max: 250K] [Start Time: Instant] [Speed: For 6 Hours]","2.5536","1.824","20","250000","jap","bc4f6116-dae8-4677-b002-7b4703ff660b"
"youtube","Youtube Live Stream Views [Max: 50K] [Start Time: Instant] [Speed: For 240 Minutes]","15.4","11","50","50000","jap","bcf07923-9663-4c2b-8bad-aa28d6964a05"
"youtube","YouTube Views [Non Drop] [Lifetime Guaranteed] [50-100K/Day] [0-1/H]","2.94","2.1","1000","10000000","smmwiz","91464b68-ab28-45f7-b793-5675394b8e53"
"youtube","YouTube Views [Non Drop] [Lifetime Guaranteed] [50-100K/Day] [0-1/H]","2.268","1.62","3000","10000000","smmwiz","d476f25e-f582-4619-bb41-4317e5dd39b1"
"youtube","🇸🇻 YouTube Unique Views - El Salvador [RAV™] [Refill: 90 Days] [Max: 100K] [Start Time: 0-1 Hour] [Speed: 200-1000/Day] ♻️","4.9","3.5","500","100000","jap","bd29dd4e-125e-4ac5-8076-9de22e181f80"
"youtube","YouTube Views [Non Drop] [Lifetime Guaranteed] [50-100K/Day] [0-1/H]","1.932","1.38","10000","10000000","smmwiz","656e3096-94b1-4e0a-b641-def80024da2d"
"youtube","🇧🇷 YouTube Unique Views - Brazil [RAV™] [Refill: 90 Days] [Max: 100K] [Start Time: 0-1 Hour] [Speed: 200-1000/Day] ♻️","4.9","3.5","500","100000","jap","bd9dc859-b465-48f3-9a94-fbcc6b427414"
"youtube","Youtube Views [RAV-GS™ + Engagement] [Refill: 90 Days] [Max: 500K] [Start Time: 0-1 Hour] [Speed: 2K/Day] ♻️","4.2","3","500","500000","jap","bdb4204f-699e-46aa-9d4e-3fd0ab00af5f"
"youtube","Youtube Views [Refill: 30 Days] [Max: 10M] [Retention: 30 Sec -4 Mins] [Start Time: 0-2 Hours] [Speed: 10K/Day] ♻️","1.512","1.08","100","500000","jap","be137c9c-3379-4269-990b-64c42ac37928"
"youtube","🇧🇦 YouTube Unique Views - Bosnia and Herzegovina [RAV™] [Refill: 90 Days] [Max: 100K] [Start Time: 0-1 Hour] [Speed: 200-1000/Day] ♻️","4.9","3.5","500","100000","jap","be85e18f-99e2-41fe-913b-ec40f64b2785"
"youtube","Youtube Views [High Engagement] [Refill: 30 D - Auto] [Min: 10K] [Max: 100M] [Start Time: 0 - 1 Hr] [Speed: 300K - 5M/D] 🔥🔥","1.575","1.125","5000","100000000","jap","bf56e051-dab4-4eb9-aecc-448950a475c7"
"youtube","Youtube Original Looking Views [Refill: 30 Days] [Max: 1M] [Start Time: 0 - 3 Hours] [Speed: Up to 100K/Day] 💧🔥","1.575","1.125","100","100000000","jap","bf8efa18-7d18-497c-bb46-f0cf63dd1109"
"youtube","Youtube Views [100% External Source] [Refill: 30D] [5 to 20 Mins Retention] [Max: 2M] [Start Time: 0-2 Hrs] [Speed: Up to 5K/D] 💧","3.9813","2.8438","1000","1000000000","jap","bfb1ac2d-3e77-4988-b8eb-d2d9946a5f6c"
"youtube","Youtube Live Stream Views [HQ] [CONCURRENT] [Max: 50K] [Start Time: Instant] [Speed: For 360 Mins]","6.3","4.5","10","2000000","jap","bfc015e9-b7d7-43b4-9692-34c5b6981004"
"youtube","Youtube Views [Auto Refill : 60 Days] [Lifetime Guaranteed] [Max: 10M] [Start Time: 0-1 Hour] [Speed: 75K/Day] ♻️","1.0325","0.7375","100","300000","jap","bff554a2-dc28-42c7-a1e0-de0dd298a9c6"
"youtube","Youtube Views [Refill: Lifetime] [Max: 100M] [Start Time: 0 - 6 Hrs] [Speed: Up to 75K/Day] 💧","1.2648","0.9034","2000","1000000","jap","bff7c2a1-3afa-4d17-9bf0-83149bfd739c"
"youtube","🇦🇴 YouTube Unique Views - Angola [RAV™] [Refill: 90 Days] [Max: 100K] [Start Time: 0-1 Hour] [Speed: 200-1000/Day] ♻️","4.9","3.5","500","100000","jap","bff94bed-f5b5-430b-b95c-3fe98c874b63"
"youtube","YouTube Views [No Drop] [Lifetime Guaranteed] [3-5K/Day] [0-12/H]","0.784","0.56","1000","10000000","smmwiz","a1b29ece-b9d1-40ab-a785-65592bc56531"
"youtube","YouTube Views [Suggested Source] [Lifetime Guaranteed] [2-3K/Day] [Instant]","1.064","0.76","100","10000000","smmwiz","f2108b34-dfa9-4dda-b0d0-dba51a0f905d"
"youtube","YouTube Views [Low Drop] [Lifetime Guaranteed] [2-3K/Day] [Instant]","1.092","0.78","100","10000000","smmwiz","bf4966bd-b6e4-4463-84ce-9819c399c550"
"youtube","Youtube Live Stream Views [Max: 50K] [Start Time: Instant] [Speed: For 360 Minutes]","1.596","1.14","50","100000","jap","c02d47d7-c76b-4654-a317-bea44ca8b360"
"youtube","YouTube Views [No Drop] [Lifetime Guaranteed] [5-10K/Day] [0-1/H]","1.47","1.05","100","100000000","smmwiz","4078c907-9606-4a84-a8e3-0adff888126c"
"youtube","🇲🇾 YouTube Unique Views - Malaysia [RAV™] [Refill: 90 Days] [Max: 100K] [Start Time: 0-1 Hour] [Speed: 200-1000/Day] ♻️","4.9","3.5","500","100000","jap","c07fc9a1-d9c0-46f5-96e8-be8c3bc420c2"
"youtube","YouTube Views [No Drop] [Lifetime Guaranteed] [5-10K/Day] [Instant]","1.848","1.32","100","10000000","smmwiz","715456e2-094c-4cd9-adf0-5cf8e19869ff"
"youtube","Youtube Views [No Drop] [Source Suggested + Browse + Search] [30 Days Auto Refill] [300-500/D] [Instant]","0.756","0.54","1000","1000000","smmwiz","0cbc1f8c-e2e8-4f61-b62f-e9900596368e"
"youtube","Youtube Views [No Drop] [Source Suggested + Browse + Search] [30 Days Auto Refill] [20-30K/D] [Instant]","0.812","0.58","100","1000000","smmwiz","132ee967-cb4e-4518-a478-6a1ad0c5a3f8"
"youtube","Youtube Views [No Drop] [Source Suggested] [30 Days Auto Refill] [50-70K/D] [Instant]","1.092","0.78","100","1000000","smmwiz","e0bcb9a4-a8cf-44eb-8cc0-3dbda853899a"
"youtube","Youtube Views [30 Days Refill] [Almost No Drop] [10-50K/D] [Instant]","0.952","0.68","100","10000000","smmwiz","4299c859-2a33-4d02-a77a-4cf14c49a609"
"youtube","Youtube Views [60 Days Refill] [Almost No Drop] [10-50K/D] [Instant]","0.966","0.69","100","10000000","smmwiz","ff45afb6-413e-48c9-914e-cf943f1f83a4"
"youtube","Youtube Views [90 Days Refill] [Almost No Drop] [10-50K/D] [Instant]","0.98","0.7","100","10000000","smmwiz","64858813-bd04-4ebd-aad4-68b935813c0b"
"youtube","Youtube Native Ads Views [No Drop] [Min 100K] [Lifetime Guarantee] [100-200K+/D] [0-4/H]","1.554","1.11","100000","100000000","smmwiz","9a58e61a-b330-4112-8dae-7fd063294042"
"youtube","Youtube Native Ads Views [No Drop] [Min 200K] [Lifetime Guarantee] [100-200K+/D] [0-4/H]","1.512","1.08","200000","100000000","smmwiz","a168ee01-5edc-4fac-a32b-a4396ba565e0"
"youtube","Youtube Native Ads Views [No Drop] [Min 500K] [Lifetime Guarantee] [100-200K+/D] [0-4/H]","1.344","0.96","500000","100000000","smmwiz","441288c4-bfd7-4ecc-b122-4a667551b761"
"youtube","Youtube Native Ads Views [No Drop] [Min 1M] [Lifetime Guarantee] [100-200K+/D] [0-4/H]","1.176","0.84","1000000","100000000","smmwiz","617c0817-b5f1-4b7d-93cb-36f1e229f1d5"
"youtube","🇭🇳 YouTube Unique Views - Honduras [RAV™] [Refill: 90 Days] [Max: 100K] [Start Time: 0-1 Hour] [Speed: 200-1000/Day] ♻️","4.9","3.5","500","100000","jap","c0f52416-2111-4bd0-9b6e-82a68186fa73"
"youtube","🇹🇳 YouTube Unique Views - Tunisia [RAV™] [Refill: 90 Days] [Max: 100K] [Start Time: 0-1 Hour] [Speed: 200-1000/Day] ♻️","4.9","3.5","500","100000","jap","c11afb52-8cb2-416e-99f6-02e378a571b8"
"youtube","Youtube Adword Views [Refill: ∞] [Min: 5M] [Max: 50M] [Start Time: 12 - 36 Hrs] [Speed: Up to 300K/D]","0.722","0.5157","500000","10000000","jap","c2477f45-d0e0-4c2e-aa5c-c3c313d3685d"
"youtube","Youtube Live Stream Views [Max: 10K] [Start Time: Instant] [Speed: For 180 Minutes]","1.8025","1.2875","10","700000","jap","c2a040fc-de05-4339-b12c-584e6ff1a613"
"youtube","🇱🇰 YouTube Unique Views - Sri Lanka [RAV™] [Refill: 90 Days] [Max: 100K] [Start Time: 0-1 Hour] [Speed: 200-1000/Day] ♻️","4.9","3.5","500","100000","jap","c2e57681-7a65-4e9e-ad0f-2a89bb9b5e31"
"youtube","Youtube Views [Refill: 60D] [Max: 1M] [Start Time: 0 - 6 Hrs] [Speed: Up to 200K/D] 💧","1.4875","1.0625","3000","2000000","jap","c39361c6-5b85-4f4d-9a4e-7a71f8b4c6db"
"youtube","🇮🇳 Youtube High Engagement Views Indian Views [Refill: 30 Days] [Start Time: 1 - 6 Hours] [Speed: Up to 5M/Day]","1.7325","1.2375","10000","100000000","jap","c3cd32db-028c-42ea-9ae1-dc5954b7fbc9"
"youtube","Youtube Views [Max: 1M] [Refill: Non Drop] [Start Time: 0 - 1 Hour] [Speed: 80K/Day]","1.925","1.375","100","1000000","jap","c3fea596-dd53-4f96-8219-d9fb15da8f2e"
"youtube","Youtube Views [100% Suggested] [Refill: 30D] [5 to 20 Mins Retention] [Max: 10M] [Start Time: 0-2 Hrs] [Speed: Up to 10K/D] 💧","3.9813","2.8438","100","1000000000","jap","c481278c-7026-4d79-8503-1ac5f0c89005"
"youtube","Youtube Azerbaijan Likes [Refill: 30 Days] [Max: 50K] [Start Time: 0- 15 Min] [Speed: 20k/Day]","3.003","2.145","10","100000","jap","c4abf875-66f8-4a8c-95c1-e68fd34a46b1"
"youtube","🇿🇦 YouTube Unique Views - South Africa [RAV™] [Refill: 90 Days] [Max: 100K] [Start Time: 0-1 Hour] [Speed: 200-1000/Day] ♻️","4.9","3.5","500","100000","jap","c4eb6ee7-fde6-4dd8-b5f4-8d0280dea936"
"youtube","Youtube Native Views [Refill: ∞] [Min: 40K] [Max: 20M] [Start Time: 0 - 6 Hrs] [Speed: Up to 2M/D]","1.2075","0.8625","40000","10000000","jap","c4f3e007-9736-4bb2-bf66-badafc143755"
"youtube","Youtube Views [Refill: 30D] [5 to 20 Mins Retention] [Max: 10M] [Start Time: 0-2 Hrs] [Speed: Up to 3K/D] 💧","3.4423","2.4588","100","1000000000","jap","c56c9ce7-40f2-414c-a2e7-5ab3f8b5cde1"
"youtube","Youtube Views [Discovery ADS] [ZERO DROP] [Max: 10M] [Start Time: 72 Hours] [Speed: 1M/Day] 🔥","2.6712","1.908","10000","10000000","jap","c5b25581-d21c-4ce0-aa9c-d603d7b914a4"
"youtube","Youtube Subscribers [No Refill] [30K/D] [Instant]","3.192","2.28","10","30000","smmwiz","ed0ce1be-edac-432e-ad7a-51b549c26219"
"youtube","🇦🇺Youtube ADS Views [AUSTRALIA] [Lifetime Guaranteed] [Max: 10M] [Start Time: 72 Hours] [Speed: 50K/Day] ♻️","9.576","6.84","3000","100000000","jap","c955f014-af7c-449a-b268-075e661f7725"
"youtube","Youtube Comments [KOREA] [Created by AI] [Refill: 30D] [Max: 10K] [Start Time: 0-1 Hr] [Speed: 10K/D]","18.9","13.5","10","10000","jap","c964d1a3-a448-4617-8aa6-3a708bd93d0d"
"youtube","🇸🇪 YouTube Unique Views - Sweden [RAV™] [Refill: 90 Days] [Max: 100K] [Start Time: 0-1 Hour] [Speed: 200-1000/Day] ♻️","4.9","3.5","500","100000","jap","c97fd6af-1c21-4baa-8002-107c2a69d7de"
"youtube","Youtube Comment Likes [No Refill] [Almost No Drop] [Instant]","4.2","3","10","100000","smmwiz","aeedb2ed-5a5b-46b0-9cfb-706034bface4"
"youtube","Youtube Comment Likes [30 Days Refill] [Almost No Drop] [Instant]","5.04","3.6","10","100000","smmwiz","2ec15599-44b5-4821-9fbb-66ba630aed20"
"youtube","Youtube Comments Created by AI | Auto-Generated Comments Based on Your Content | USA | R30","6.664","4.76","5","500000","smmwiz","f88911cd-1e0f-4a42-9d45-14e9f9dae136"
"youtube","Youtube Costum Comments | High Quality | USA | R30","6.664","4.76","5","500000","smmwiz","2b044709-75b6-4339-ab47-5b6bd2ae473e"
"youtube","Youtube Views [Max: 10M] [Refill: Non Drop] [Start: 0 - 1 Hour] [Speed: 500K/Day]","1.33","0.95","100","300000","jap","cca408f4-c836-4091-85ba-11d5dd3874ef"
"youtube","Youtube Views [MIXED AFRICAN COUNTRIES] [Non Drop] [Max: 500K] [Start Time: 4 Hours] [Speed: 10K/Day]","8.4","6","1000","1000000","jap","ccdb74d8-d46d-4d1c-aa00-ff8167ae7adc"
"youtube","Youtube Subscribers [Refill: 30 Days] [Max: 1M] [Start Time: 0 - 6 Hours] [Speed: Up to 50K/Day] 💧","40.1016","28.644","100","100000","jap","cd62bc02-8721-4804-b626-75cbe515f720"
"youtube","Youtube Views [HIGH RETENTION 8 TO 20 MINUTES] [Refill: 30 Days] [Max: 1M] [Start Time: 6 Hours] [Speed: 2K/Day] ♻️🔥🔥","2.52","1.8","5000","100000","jap","cd82128c-9a1a-41c5-baf1-232d71dc2ac6"
"youtube","Youtube Live Stream Views [HQ] [CONCURRENT] [Max: 50K] [Start Time: Instant] [Speed: For 120 Mins]","2.1","1.5","10","2000000","jap","cddc66fe-640f-4afd-9f06-b992adbec3cd"
"youtube","Youtube Short Likes [Refill: 30 Days] [Max: 20K] [Start Time: 0-1 Hour] [Speed: 10K/Day]","8.0325","5.7375","10","75000","jap","cde9431d-021f-41a5-bbc2-362c09fa66e5"
"youtube","Youtube Live Stream Views [Max: 250K] [Start Time: Instant] [Speed: For 60 Minutes]","0.4256","0.304","20","250000","jap","cf172521-4955-4c6c-a4f1-88e8fe0b6a33"
"youtube","🇦🇪 YouTube Unique Views - United Arab (UAE) [RAV™] [Refill: 90 Days] [Max: 100K] [Start Time: 0-1 Hour] [Speed: 200-1000/Day] ♻️","4.9","3.5","500","100000","jap","cf85b9dd-c550-4cb8-88db-5ee9c8005215"
"youtube","Youtube Native Views [Refill: ∞] [Min: 40K] [Max: 2M] [Start Time: 0 - 6 Hrs] [Speed: Up to 1M/D]","1.4749","1.0535","40000","100000000","jap","cfeae074-3924-4b12-9d90-d8b5cb7006c4"
"youtube","Youtube Live Stream Views [Max: 3K] [Start Time: Instant] [Speed: For 720 Minutes]","21.168","15.12","50","50000","jap","d08302c7-4705-40da-a613-348c74d0bcd3"
"youtube","YouTube Social Shares from Reddit [Lifetime Guaranteed] [Max: 10K] [Start Time: 1 Hour] [Speed: 300/Day] ♻️","1.05","0.75","100","100000","jap","d12ecf2a-8dab-4d56-bbb2-54633a96a40e"
"youtube","Pakistan Traffic from YouTube","0.6125","0.4375","500","1000000","jap","d19f831e-9c41-4b47-915c-8746dfbaea14"
"youtube","Youtube Live Stream Views [Max: 75K] [Start Time: Instant] [Speed: For 90 Minutes]","2.45","1.75","50","500000","jap","d27640aa-51bf-4cec-a1da-a8c732892b67"
"youtube","Youtube Views [100% External Source] [Refill: 30D] [5 to 20 Mins Retention] [Max: 2M] [Start Time: 0-2 Hrs] [Speed: Up to 2K/D] 💧","2.975","2.125","50","1000000000","jap","d28f0554-8e6d-44d4-87a5-50e1e0bfc920"
"youtube","Youtube Subscribers [Refill: 30 Days] [Max: 10K] [Start Time: 24 Hours] [Speed: 10/Day] ♻️","27.72","19.8","100","1000000","jap","d2957f93-e3ad-409b-bdd9-f263ea76f68d"
"youtube","Youtube Views [Refill: Lifetime] [Max: 10M] [Start Time: 0 - 1 Hour] [Speed: 200K/Day] 💧⛔️","2.4051","1.7179","100","1000000","jap","d3d4c722-815f-4618-a4c7-68fc9f9c9de2"
"youtube","🇫🇷YouTube Unique Views - French Speakers  [RAV™] [Refill: 90 Days] [Max: 100K] [Start Time: 0-1 Hour] [Speed: 500-2000/Day] ♻️","4.9","3.5","500","100000","jap","d427a625-0086-40b4-af05-4d70293d886f"
"youtube","Youtube ADS Views [Lifetime Guaranteed] [Max: 1M] [Start Time: 12 - 48 Hours] [Speed: 250K/Day]","1.4525","1.0375","10000","1000000","jap","d674062c-28b3-4c82-bea6-8f11618b8d11"
"youtube","Youtube Views [NO DROP] [FULL ENGAGEMENT] [FEW LIKES / SUBS / COMMENTS + GOOD EARNING] [Start Time: 1 - 4 Hrs] [Speed: 500K/Day] 🔥🔥🔥🔥","1.9334","1.381","20000","100000000","jap","d8095e05-fcc8-4a43-ae0a-ebb438771600"
"youtube","Youtube Live Stream Views [HQ] [Max: 500K] [Start Time: Instant] [Speed: For 60 Minutes]","0.3161","0.2258","50","400000","jap","d8678559-ace2-4871-9605-31481f17bc80"
"youtube","🇶🇦 YouTube Unique Views - Qatar [RAV™] [Refill: 90 Days] [Max: 100K] [Start Time: 0-1 Hour] [Speed: 200-1000/Day] ♻️","4.9","3.5","500","100000","jap","d8743f92-dd85-4f97-ba02-1a390719d8ca"
"youtube","Youtube Likes [Refill: 30 Days] [Max: 600K] [Start Time: 0-1 Hour] [Speed: INSTANT] ⚡💧 ♻️","8.568","6.12","10","75000","jap","d8c3c48e-f2aa-4642-a50c-e98f99008a11"
"youtube","🇧🇴 YouTube Unique Views - Bolivia [RAV™] [Refill: 90 Days] [Max: 100K] [Start Time: 0-1 Hour] [Speed: 200-1000/Day] ♻️","4.9","3.5","500","100000","jap","d8d3129b-fd0f-420e-8b8a-c85fb2d46787"
"youtube","Youtube Views [Stable] [Refill: Lifetime] [Max: 50M] [Start Time: 12 - 24 Hours] [Speed: 500K/Day]","1.6975","1.2125","100","10000000","jap","da0e45b5-c914-4a97-b6cc-b51ae7eae4f7"
"youtube","Youtube Arabic  Likes [Refill: 30 Days] [Max: 50K] [Start Time: 0- 15 Min] [Speed: 20k/Day]","3.003","2.145","10","100000","jap","da4207c1-85e4-4189-a92a-b180bc024015"
"youtube","Youtube Russian Likes [Refill: 30 Days] [Max: 50K] [Start Time: 0- 15 Min] [Speed: 20k/Day]","3.003","2.145","10","100000","jap","dadbf320-13a1-4c64-9e35-15247887a866"
"youtube","Youtube France Likes [Refill: 30 Days] [Max: 50K] [Start Time: 0- 15 Min] [Speed: 20k/Day]","3.003","2.145","10","100000","jap","dcb76f51-477f-4348-81eb-fea1eae0dfb4"
"youtube","🇺🇸 Youtube USA Likes [Refill: 30D] [Max: 500K] [Start Time: 0-3 Hours] [Speed: 50K/Day]💧","3.85","2.75","20","5000","jap","ddc48ec1-cdaa-4735-89c9-8cc82f78ea74"
"youtube","Youtube USA Views [REAL] [Start Time: 0 - 24 Hrs] [Refill: No Drop] [Speed: Up to 10K/D]","9.5157","6.7969","1000","1000000","jap","de602ecb-3667-4521-adaf-ba294dbcce1f"
"youtube","Youtube Live Stream Views [HQ] [Max: 500K] [Start Time: Instant] [Speed: For 1440 Minutes]","7.5852","5.418","50","400000","jap","de924d0a-8a59-40b7-b052-823f5526c28e"
"youtube","🇵🇹Youtube ADS Views [PORTUGAL] [Lifetime Guaranteed] [Max: 10M] [Start Time: 72 Hours] [Speed: 50K/Day] ♻️","7.896","5.64","3000","100000000","jap","dec0d1f8-3856-488d-8e4b-7bfa583793ee"
"youtube","Youtube Live Stream Views [Super HQ] [Max: 50K] [Start Time: Instant] [Speed: For 360 Mins]","3.15","2.25","50","100000","jap","dee8385e-750e-408d-a377-a87c92c0174b"
"youtube","🇪🇸Youtube Views [SPAIN Discovery ADS] [ZERO DROP] [Max: 10M] [Start Time: 24 Hours] [Speed: 1M/Day] 🔥","8.4252","6.018","10000","10000000","jap","def55468-881a-4deb-ac6b-bf4500f2b3e1"
"youtube","YouTube Views Native Social Ads | Speed: 50K+/day | Min 3M | Cancel Enable | Lifetime Refill ♻️","0.7","0.5","3000000","100000000","smmwiz","eee1cfb4-3bf6-4dd8-b8e2-0524c988d122"
"youtube","YouTube Views Native Social Ads | Speed: 50K+/day | Min 1M | Cancel Enable | Lifetime Refill ♻️","0.714","0.51","1000000","100000000","smmwiz","f04b5f92-7df5-461c-936a-607a71c764f5"
"youtube","YouTube Views Native Social Ads | Speed: 50K+/day | Min 500K | Cancel Enable | Lifetime Refill ♻️","0.728","0.52","500000","100000000","smmwiz","2d921012-461b-407f-bfd9-aa9c1028cd34"
"youtube","YouTube Views Native Social Ads | Speed: 50K+/day | Min 300K | Cancel Enable | Lifetime Refill ♻️","0.742","0.53","300000","100000000","smmwiz","518b66c0-49e6-466d-9897-6dda6d98a577"
"youtube","Youtube Views [Refill: 90 Days] [Max: 20K] [Start Time: 0 - 6 Hours] [Speed: Up to 3K/Day] 🔥","1.6975","1.2125","100","100000000","jap","e06bdcd5-b5c9-423a-9e59-ca548c7d919e"
"youtube","Youtube Views [Refill: 365D] [Max: 5M] [Start Time: 0 - 2 Hrs] [Speed: Up to 500K/D] 💧♻️","1.3475","0.9625","10000","500000","jap","e0cc2de3-c5d9-4589-a8ee-24e7d91196f6"
"youtube","Youtube Live Stream Views [Max: 10K] [Start Time: Instant] [Speed: For 30 Minutes]","0.315","0.225","10","700000","jap","e12280bd-120c-4dfc-8692-2074ecd92a38"
"youtube","YouTube Views Native Social Ads | Speed: 50K+/day | Min 200K | Cancel Enable | Lifetime Refill ♻️","0.756","0.54","200000","100000000","smmwiz","a1f698e3-2f28-4a56-abf0-ba694e934c59"
"youtube","YouTube Views Native Social Ads | Speed: 50K+/day | Min 100K | Cancel Enable | Lifetime Refill ♻️","0.798","0.57","100000","100000000","smmwiz","28512e55-16ef-4c32-8b2c-408159c39bf5"
"youtube","YouTube Views Native Social Ads | Speed: 50K+/day | Min 40K | Cancel Enable | Lifetime Refill ♻️","0.784","0.56","40000","100000000","smmwiz","09f3fce6-f0ee-4917-bc33-fc13b7470a91"
"youtube","YouTube Views Native Social Ads | Speed: 50K+/day | Min 30K | Cancel Enable | Lifetime Refill ♻️","0.812","0.58","30000","100000000","smmwiz","3862806f-66d3-4df9-a811-0468a8280fda"
"youtube","YouTube Views Native Social Ads | Speed: 50K+/day | Min 20K | Cancel Enable | Lifetime Refill ♻️","0.854","0.61","20000","100000000","smmwiz","cd4f9d38-210c-45ce-8889-8b3948ebd4f4"
"youtube","YouTube Views Native Social Ads | Speed: 50K+/day | Min 10K | Cancel Enable | Lifetime Refill ♻️","0.882","0.63","10000","100000000","smmwiz","9e2212c4-75ed-404c-b0b6-10b4a1e636f0"
"youtube","YouTube Views Native Social Ads | Speed: 50K+/day | Min 5K | Cancel Enable | Lifetime Refill ♻️","1.106","0.79","5000","100000000","smmwiz","522a5ed7-c6f1-4f84-ab2e-1c83894affa3"
"youtube","YouTube Views Native Social Ads | Speed: 10K+/day | Min 3K | Cancel Enable | Lifetime Refill ♻️","1.148","0.82","3000","100000000","smmwiz","38de137b-a580-49c0-80a3-8b8435112312"
"youtube","YouTube Views Native Social Ads | Speed: 10K+/day | Min 1K | Cancel Enable | Lifetime Refill ♻️","1.26","0.9","1000","10000000","smmwiz","22d41c43-644e-4fa3-8a02-5458e0e4745e"
"youtube","YouTube Views Native Social Ads | Speed: 10K+/day | Min 500 | Cancel Enable | Lifetime Refill ♻️","1.302","0.93","500","1000000","smmwiz","2e23d4aa-4124-4b43-8177-e325eb93a553"
"youtube","YouTube Views Native Social Ads | Speed: 2-5K+/day | Min 100 | Cancel Enable | Lifetime Refill ♻️","1.33","0.95","100","1000000","smmwiz","1226f925-d28b-4c68-b85a-d3a72b9a26e5"
"youtube","🇨🇴 YouTube Unique Views - Colombia [RAV™] [Refill: 90 Days] [Max: 100K] [Start Time: 0-1 Hour] [Speed: 200-1000/Day] ♻️","4.9","3.5","500","100000","jap","e26fad1b-33e1-4fa5-98f2-482136b001e8"
"youtube","Youtube Native Views [Refill: ∞] [Min: 500K] [Max: 5M] [Start Time: 0 - 6 Hrs] [Speed: Up to 200K/D]","1.0227","0.7305","500000","100000000","jap","e361e4b4-d69e-46d9-a22f-f64c13dad8b8"
"youtube","Youtube Shares [LIFETIME GUARANTEE] [Max: 150K] [Start Time: 0-1 Hour] [Speed: 1.5K/Day] ⚡💧⭐ ♻️","1.575","1.125","500","150000","jap","e3ef8af4-b4ce-4ead-bfed-8c127aaee557"
"youtube","🇩🇪Youtube ADS Views [GERMANY] [Lifetime Guaranteed] [Max: 10M] [Start Time: 72 Hours] [Speed: 50K/Day] ♻️","9.576","6.84","3000","100000000","jap","e3f0f2b9-1a72-4abf-a1c7-7e56bedecdb4"
"youtube","Youtube Watch Time [30+ Mins Video] [Speed: Up to 1K/D] [Start Time: 0 - 24 Hrs] [Refill: 30D]","29.12","20.8","100","4000","jap","e40fa705-aeac-4151-b11a-d6155c436782"
"youtube","Youtube Likes [Refill: 30] [Max: 10K] [Start Time: 0 - 3 Hrs] [Speed: 10K/D]💧","3.325","2.375","10","20000","jap","e426cb08-2a22-4509-9493-63c094b57bd2"
"youtube","Youtube Native Views [Refill: ∞] [Min: 500K] [Max: 10M] [Start Time: 0 - 6 Hrs] [Speed: Up to 100K/D]","0.9468","0.6763","500000","50000000","jap","e56d1a09-31d1-4b82-994e-96b55d29d33a"
"youtube","♛ YouTube Social Shares [ ~𝟏𝟓𝟎𝟎 𝐏𝐞𝐫 𝐃𝐚𝐲 ]","1.694","1.21","500","150000","smmwiz","d0403953-0084-494b-baa1-57d6a6261662"
"youtube","🇮🇩 YouTube Unique Viewers - Indonesia [TRU™ Titan - Targeted Real Users]","11.34","8.1","500","100000","smmwiz","d182a873-fc59-4047-90e6-ad9c242e5b0d"
"youtube","🇷🇴 YouTube Social Shares [ Romania ]","2.072","1.48","50","100000","smmwiz","d2882fdb-c9af-4bdf-aee0-6732aa16426c"
"youtube","Youtube Views [RAV-GS™ + Engagement] [Refill: 90 Days] [Max: 500K] [Start Time: 0-1 Hour] [Speed: 2K/Day] ♻️","4.2","3","500","500000","jap","e7157767-6f3f-4f27-a7f4-1cf1f10bc805"
"youtube","Youtube Brazil Likes [Refill: 30 Days] [Max: 50K] [Start Time: 0- 15 Min] [Speed: 20k/Day]","3.003","2.145","10","100000","jap","e751245b-3ae8-4248-b7d4-83db59fabf34"
"youtube","Youtube Views [Refill: No] [Max: 10K] [Start Time: 0 - 1 Hour] [Speed: 10K/Day]","0.756","0.54","100","99991","jap","e78efb54-0716-41a3-88c1-56c9c77cca45"
"youtube","Real Humans Youtube FEMALE Comments - RANDOM | Start: 0-1 hour | Cancel Button Enabled","21","15","5","200","smmwiz","d2aed8ec-4579-4b3d-8952-a88141a0e275"
"youtube","🇮🇩 YouTube Unique Views - Indonesia [RAV-MTS™ - High Monetization Views]","9.562","6.83","500","100000","smmwiz","d2b25390-7de7-4476-8953-807853579e2a"
"youtube","Worldwide Traffic from YouTube [LQ]","0.238","0.17","88","88888888","smmwiz","d2f0bcfd-29a3-45ce-a0a9-b4b02dc64a8a"
"youtube","🇱🇾 YouTube Unique Views - Libya [RAV™ - Real &amp; Active Views]","4.956","3.54","500","100000","smmwiz","d3043feb-219b-47ce-ae5e-0e802ad6a4c1"
"youtube","Youtube Live Stream Views [180 Mins LIVE CONCURRENT] [UPTO 20K VIEWERS/SUPERFAST] INSTANT","16.94","12.1","100","100000","smmwiz","d3292927-e2ae-434c-9958-bb1553038fe4"
"youtube","Youtube Watchtime [2-3 Minutes] [Real] [World Wide] [1K/D] [0-1/H]","16.212","11.58","1","15000","smmwiz","d398fd19-8f1a-41e2-b509-24b1b0066c0c"
"youtube","Youtube Live Stream Views [HQ] [CONCURRENT] [Max: 50K] [Start Time: Instant] [Speed: For 7 Days]","176.4","126","10","2000000","jap","e8e847f9-c34a-4204-b409-c762484a9605"
"youtube","Youtube Live Stream Views [Max: 300K] [Start Time: Instant] [Speed: For 6 Hours]","2.2193","1.5852","20","600000","jap","ea23696a-efbe-4430-be3e-84ff910f06f6"
"youtube","🇵🇱 YouTube Unique Views - Poland [RAV™ - HQ &amp; Active Views] [Refill: 90 Days] [Max: 100K] [Start Time: 0-1 Hour] [Speed: 200-1000/Day]","4.2","3","500","100000","jap","ea30c7c4-8b0d-4149-ad3b-fc3b7afa8070"
"youtube","Youtube Views [Refill: Lifetime] [Max: 100M] [Start Time: 0 - 6 Hrs] [Speed: Up to 800K/Day] 💧","1.4","1","40000","5000000","jap","ea4e5b4a-f086-43b4-800e-7c477a3cac20"
"youtube","🇱🇧 YouTube Social Shares [ Lebanon ]","2.072","1.48","50","10000","smmwiz","d3b951cd-8a57-45f3-8a2d-c2cd9da6d9d6"
"youtube","Youtube Live Stream Views [Max: 50K] [Start Time: Instant] [Speed: For 60 Minutes]","0.266","0.19","50","100000","jap","eb539b5b-d191-4d61-bbbf-0d689a57d76a"
"youtube","Youtube Live Stream Views [HIGH RANKING] [Max: 500K] [Start Time: Instant] [Speed: For 30 Minutes]","0.4301","0.3072","50","500000","jap","ec015340-cc89-4fd7-a856-44775021050c"
"youtube","🇪🇬 YouTube Social Shares [ Egypt ]","2.072","1.48","50","100000","smmwiz","d512038e-d269-437c-8440-435863abdecf"
"youtube","🇨🇳Youtube Views [CHINA Discovery ADS] [ZERO DROP] [Max: 10M] [Start Time: 24 Hours] [Speed: 1M/Day] 🔥","5.4348","3.882","10000","10000000","jap","ec8a6a61-4c8e-48df-9956-8569be98beaa"
"youtube","🇯🇵Youtube ADS Views [JAPAN] [Lifetime Guaranteed] [Max: 10M] [Start Time: 72 Hours] [Speed: 50K/Day] ♻️","7.896","5.64","3000","100000000","jap","ec94a521-e369-42a2-b589-d105804c286b"
"youtube","🇮🇩 YouTube Unique Views - Indonesia [RAV™] [Refill: 90 Days] [Max: 100K] [Start Time: 0-1 Hour] [Speed: 200-1000/Day] ♻️","4.9","3.5","500","100000","jap","eceab1ff-fe1a-4598-a306-a0a1f8197b07"
"youtube","Youtube Comment Reply [VIETNAM] [Created by AI] [Refill: 30D] [Max: 1K] [Start Time: 0-1 Hr] [Speed: 1K/D]","18.9","13.5","5","10000","jap","eceef1a5-f3d2-49bf-86f6-a2211247e021"
"youtube","Youtube Views [Refill: Lifetime] [Max: 50M] [Start Time: 0 - 4 Hrs] [Speed: Up to 100K/Day] 💧","1.6625","1.1875","3000","1000000","jap","edd32f33-14b4-4d54-a488-4c323c298d1e"
"youtube","Youtube Views [Refill: No] [HUGE DROP RATE] [Max: 10M] [Start Time: 0-2 Hours] [Speed: 50K/Day]","0.546","0.39","1000","10000000","jap","ee374622-86d7-44fc-9d44-9bbbd0281d51"
"youtube","🇳🇮 YouTube Unique Views - Nicaragua [RAV™ - Real &amp; Active Views]","4.956","3.54","500","100000","smmwiz","d5c05513-7e9e-4917-a6fe-161e21e6c311"
"youtube","Youtube Live Stream [100% Concurrent] [1440 Minutes]","27.104","19.36","50","100000","smmwiz","d6a8e692-4bf1-45ee-a0bd-b3c59059f53b"
"youtube","Youtube Likes [No Drop] [30 Days Refill] [10-20K/D] [Instant]","1.008","0.72","10","100000","smmwiz","d6a9791e-76fa-4b65-ac86-47dda78f1074"
"youtube","🇦🇺 YouTube Unique Views - Australia [RAV™ - Real &amp; Active Views] [Refill: 90 Days] [Max: 100K] [Start Time: 0-1 Hour] [Speed: 200-1000/Day]","4.2","3","500","100000","jap","ef317ffb-efcb-46ac-a758-c42bb2e3dca9"
"youtube","Youtube Live Stream Views [Max: 3K] [Start Time: Instant] [Speed: For 30 Minutes]","3.325","2.375","100","3000","jap","efd7f3e6-9444-4a3a-98ec-edc0f41d75b7"
"youtube","Youtube Likes + %50-100 Views From Google Search [Increase Watchtime] [No Drop] [30 Days Refill] [50K/D] [Instant]","4.704","3.36","50","100000","smmwiz","d6fd6e6a-95b7-47ed-b128-51fbb3994426"
"youtube","🇲🇾 YouTube Unique Views - Malaysia [RAV™ - Real &amp; Active Views]","4.956","3.54","500","100000","smmwiz","d80c55c5-a564-4070-b0ad-088e3a17f628"
"youtube","🇭🇺 YouTube Unique Views - Hungary [RAV-GS™ - Real &amp; Active Views]","4.788","3.42","500","100000","smmwiz","d8407d64-4785-45e8-b438-15b286a6a441"
"youtube","🇯🇴 YouTube Unique Views - Jordan [RAV™ - Real &amp; Active Views]","4.956","3.54","500","100000","smmwiz","d8fbb168-fc07-4cfd-9111-5779cdfa9eba"
"youtube","YouTube Live Stream - (12-Hours Concurrent Viewers) (20K Max) (Instant)","12.236","8.74","10","500000","smmwiz","d936509a-8b87-4d2b-b0cc-92b046a7e19c"
"youtube","Youtube RANDOM Comments  [FEMALE] [UNITED STATES]","46.256","33.04","10","500","smmwiz","d96649cc-d79d-4701-abef-d2b7e79838ae"
"youtube","Youtube Live Stream Views [Max: 50K] [Start Time: Instant] [Speed: For 720 Minutes]","32.9","23.5","50","50000","jap","f14d128c-4405-4ad5-8d74-945036cf0c77"
"youtube","Youtube Watchtime [60+ Minutes] [Refill: No] [Max: 2K] [Start Time: 0-2 Hours]","34.65","24.75","100","4000","jap","f1620bb3-a71d-477f-8738-09013c4a78d8"
"youtube","🇫🇷 YouTube Unique Views - France [RAV™] [Refill: 90 Days] [Max: 100K] [Start Time: 0-1 Hour] [Speed: 200-1000/Day] ♻️","4.9","3.5","500","100000","jap","f1694c0d-c341-4663-887b-ff79c49b29d0"
"youtube","🇩🇴 YouTube Unique Views - Dominican Republic [RAV™] [Refill: 90 Days] [Max: 100K] [Start Time: 0-1 Hour] [Speed: 200-1000/Day] ♻️","4.9","3.5","500","100000","jap","f22f7a9b-85ea-40e1-9444-687953a76659"
"youtube","🇵🇱 YouTube Unique Views - Poland  [RAV-MTS™ - High Monetization Views]","9.8","7","500","100000","smmwiz","da54d2f7-4204-4418-a9db-e9546155df4b"
"youtube","🇹🇭 YouTube Unique Views - Thailand [RAV-GS™ - Real &amp; Active Views]","4.788","3.42","500","100000","smmwiz","daa27f70-a95e-45f8-8064-ab7dfdde89ec"
"youtube","🇯🇴 YouTube Social Shares [ Jordan ]","2.072","1.48","50","10000","smmwiz","dc20a861-6bde-4301-9b2b-bd9442c68e7c"
"youtube","🇭🇷 YouTube Unique Views - Croatia [RAV™ - Real &amp; Active Views]","4.956","3.54","500","100000","smmwiz","dc378f44-61cf-475f-95ec-01913845c9df"
"youtube","🇫🇷 YouTube Social Shares [ France ]","2.072","1.48","50","100000","smmwiz","dc381caf-afcd-4e92-896f-62f613460905"
"youtube","🇱🇰 YouTube Unique Views - Sri Lanka [RAV™ - Real &amp; Active Views]","4.956","3.54","500","100000","smmwiz","dc4977f6-ff43-4257-a161-99e4d2936d1d"
"youtube","Youtube Comment Likes [UPVOTES] [NO REFILL] [Max: 1K] [Start Time: 0-1 Hour] [Speed: 1K/Day] ⚡💧","0.595","0.425","10","9999","jap","f32b370b-0672-4d3c-a491-3cea803b6723"
"youtube","Youtube Live Stream Views [Max: 250K] [Start Time: Instant] [Speed: For 3 Hours]","1.2768","0.912","20","600000","jap","f34a9aaf-05df-48a5-b403-a2da1109c362"
"youtube","Youtube Live Stream Views [HIGH RANKING] [Max: 500K] [Start Time: Instant] [Speed: For 7 Days]","144.5069","103.2192","50","500000","jap","f3a63ed1-3dd4-4f06-a74e-937e108d85d3"
"youtube","Youtube Views [External Source] [Refill: Lifetime] [Max: 1M] [Start Time: 0 - 3 Hrs] [Speed: Up to 5K/Day] 🔥🔥","1.05","0.75","100","300000","jap","f452d822-0135-482e-aa07-c35107215480"
"youtube","Youtube Livestream Views [ 90 Minutes Stable Concurrent Viewers ]","0.462","0.33","10","100000","smmwiz","dd8ad572-8564-4e6f-ae6e-dfb645907b5c"
"youtube","🇲🇾 YouTube Social Shares [ Malaysia ]","2.072","1.48","50","100000","smmwiz","ded95aae-98e0-4ca6-9ae2-731368d50804"
"youtube","🇧🇷 YouTube Unique Viewers - Brazil [TRU™ Titan - Targeted Real Users]","10.892","7.78","500","100000","smmwiz","df984b6f-5cc3-453c-8a2f-8981b5529b56"
"youtube","Youtube Likes [Almost No Drop] [30 Days Refill] [5K/H] [Instant]","1.68","1.2","10","10000","smmwiz","dfab3f6d-f3b1-4b3b-a980-d2012060780e"
"youtube","🇳🇵 YouTube Unique Views - Nepal [RAV-GS™ - Real &amp; Active Views]","4.788","3.42","500","100000","smmwiz","dfb2b343-1080-4848-8080-45c5444b5793"
"youtube","Youtube Views [Refill: 30 Days] [Max: 100M] [Start Time: 5 Hours] [Speed: 5K/Day] ♻️","1.4","1","100","300000","jap","f5ff71f2-14d4-4ad0-a38f-84b5dd3a5d16"
"youtube","Youtube Subscribers [Refill: 30 Days] [Max: 100K] [Start Time: 1 Hour] [Speed: 5K/Day]💧 ♻️","38.0184","27.156","100","100000","jap","f638349f-e983-47e0-b6cd-4c3b43ea1a48"
"youtube","Youtube Live Stream Views - INSTANT","0.63","0.45","1000","200000","smmwiz","e0811a77-aab5-4609-abdf-77b6cfbfb91e"
"youtube","YouTube Unique Views - 𝐆𝐞𝐫𝐦𝐚𝐧 𝐒𝐩𝐞𝐚𝐤𝐞𝐫𝐬 [RAV-MTS™ - High Monetization Views]","9.562","6.83","500","100000","smmwiz","e104f189-2b96-41f0-9949-27dff47617d5"
"youtube","Youtube Concurrent - Live Stream Views [30 MINUTES] [Superfast, Cheapest] INSTANT","0.28","0.2","50","200000","smmwiz","e1413153-74c1-4b6f-bd47-3abb3aebdee9"
"youtube","🇷🇸 YouTube Unique Views - Serbia [RAV™] [Refill: 90 Days] [Max: 100K] [Start Time: 0-1 Hour] [Speed: 200-1000/Day] ♻️","4.9","3.5","500","100000","jap","f815b579-ecd6-4e41-86cb-2abc00bd82f0"
"youtube","Youtube Live Stream Views [HIGH RANKING] [Max: 500K] [Start Time: Instant] [Speed: For 4 Hrs]","3.4406","2.4576","50","500000","jap","f82f0c2a-3426-4301-a554-3191c04fcb34"
"youtube","🇵🇱Youtube Views [POLAND Discovery ADS] [ZERO DROP] [Max: 10M] [Start Time: 24 Hours] [Speed: 1M/Day] 🔥","6.7392","4.8137","10000","10000000","jap","f8899fbc-79b0-4dac-a49b-74744ce3e358"
"youtube","Finland Traffic from YouTube","0.56","0.4","500","1000000","smmwiz","e29e5ff0-17d5-491c-90ce-b1159fc02d13"
"youtube","YouTube Live Stream Views S5 - [ 15 Mins Live Watching ] INSTANT","0.476","0.34","50","50000","smmwiz","e3984f53-f739-4eea-b25d-e2e51d90ac29"
"youtube","🇩🇴 YouTube Unique Views - Dominican Republic [RAV™ - Real &amp; Active Views]","4.956","3.54","500","100000","smmwiz","e3b02608-9708-4b21-98f9-2215d1b0efc4"
"youtube","Italy Traffic from YouTube","0.56","0.4","500","1000000","smmwiz","e3cb6c0c-0d38-4eea-8107-71f7eb8bb2b5"
"youtube","Youtube Pakistan Likes [Refill: 30 Days] [Max: 50K] [Start Time: 0- 15 Min] [Speed: 20k/Day]","3.003","2.145","10","100000","jap","f9b2c5a0-3dec-432b-9a92-bceb190a1396"
"youtube","🇸🇬 YouTube Unique Views - Singapore [RAV™ - Real &amp; Active Views]","4.956","3.54","500","100000","smmwiz","e3f4f35b-b343-4185-a838-e2316b696e34"
"youtube","🇮🇳 YouTube Unique Views - India [RAV-GS™ - Real &amp; Active Views]","4.788","3.42","500","100000","smmwiz","e3f7faa7-cab8-4360-a239-6691ebb34a5e"
"youtube","📱 YouTube Mobile Views [ TRU™ Mobile ] [ 🇰🇷 South Korea ] [ Ads-Enabled ] ⚡","15.12","10.8","1000","1000000","smmwiz","e3fc09d6-1cc1-4062-8bd5-91ca1964c841"
"youtube","🇩🇪 YouTube Unique Views - Germany [RAV-MTS™ - High Monetization Views]","9.562","6.83","500","100000","smmwiz","e3fe20d9-a03b-4b85-9db4-5665e24fd270"
"youtube","Youtube Subscribers - [ Max - 10k ] [ NO REFILL ] 0-6HRS","3.458","2.47","10","10000","smmwiz","e481c967-d323-4b33-8863-4ab1392aafa2"
"youtube","Youtube Native ADS Views - [ 100k-300k/day ] [ Min - 5k ] [ Lifetime Refill ] INSTANT","1.302","0.93","5000","100000000","smmwiz","e4ad18ea-aca6-4d7c-920e-367c718fb5b5"
"youtube","🇫🇷Youtube ADS Views [FRANCE] [Lifetime Guaranteed] [Max: 10M] [Start Time: 72 Hours] [Speed: 50K/Day] ♻️","8.736","6.24","3000","100000000","jap","fb64361f-86e8-4964-a9fd-a95f0bfd07eb"
"youtube","🇨🇳Youtube ADS Views [CHINA] [Lifetime Guaranteed] [Max: 10M] [Start Time: 72 Hours] [Speed: 50K/Day] ♻️","6.216","4.44","3000","100000000","jap","fc306573-4573-41c8-b331-4a7da13fe3a8"
"youtube","🇷🇴 YouTube Unique Views - Romania [RAV™] [Refill: 90 Days] [Max: 100K] [Start Time: 0-1 Hour] [Speed: 200-1000/Day] ♻️","4.9","3.5","500","100000","jap","fd5d82de-09be-4890-bd3d-2e97a556a7f8"
"youtube","💎 YouTube Unique Views [Real &amp;amp; Active] [Monetization Views] [S2]⚡️⚡️","8.064","5.76","1000","500000","smmwiz","e50b8776-66cf-4bca-bdc9-06f4e6b693f1"
"youtube","🇳🇱 YouTube Unique Views - Netherlands [RAV-MTS™ - High Monetization Views]","9.562","6.83","500","100000","smmwiz","e5dd80f0-c2c6-4ca2-a9d9-a3c2032cfadd"
"youtube","🇫🇷 YouTube Unique Views - France [RAV™ - Real &amp; Active Views]","4.956","3.54","500","100000","smmwiz","e720983a-0b42-42b6-81c3-bca7a989bbf8"
"youtube","🇫🇷Youtube Likes [FRANCE] [Max: 1K] [Refill: 30 Days] [Start Time: 0 - 12 Hours] [Speed: 50/Day]","208.6","149","10","200000","jap","fdf78a97-370e-46ab-b020-ad8511668020"
"youtube","YouTube Live Viewers - [ Stay 6 Hour ] [ ⭐Direct Provider ] ⚡ Fast Increase","10.976","7.84","20","20000","smmwiz","e7a9f423-07f2-4680-8c20-43fb630b8c13"
"youtube","Youtube Comments [RANDOM] [INDIAN]","46.256","33.04","10","250","smmwiz","e84c5207-84d5-47d7-8a9b-b4856c942085"
"youtube","Youtube Live Stream [ 100% Concurrent - 720 Minutes ] Lowest Rate","15.68","11.2","50","500000","smmwiz","e877ba98-4d6d-4985-9622-cb1ee36848fa"
"youtube","🇻🇳 Youtube Vietnam Google Ads Views - [ 20k-50k/day ] [ Non Drop, 30 Days Guaranteed ] 6-12 HRS","9.184","6.56","10000","10000000","smmwiz","e87d4fb2-3910-4f6c-8b55-19394e939a40"
"youtube","Youtube Live Stream Views [Max: 50K] [Start Time: Instant] [Speed: For 240 Minutes]","1.064","0.76","50","100000","jap","ff4c04f5-2ad8-4afd-aeb9-711cb406eb74"
"youtube","Youtube Views [Refill: 365D] [Max: 1M] [Start Time: 0 - 1 Hr] [Speed: Up to 25K/D] [Retention: Random] 💧🔥","1.26","0.9","100","1000000","jap","ff7a9f89-ba41-4551-85b4-d26cd7aebf19"
"youtube","YouTube Live Viewers - [ Stay 90 min ] [ ⭐Direct Provider ] ⚡ Fast Increase","3.136","2.24","20","20000","smmwiz","e9cf53b7-7ef4-4529-abec-ec60cd30a062"
"youtube","🇵🇭 YouTube Social Shares [ Philippines ]","2.072","1.48","50","100000","smmwiz","cf53ece4-4464-4c78-bf66-8b0b608a4ebe"
"youtube","🇮🇳 YouTube Social Shares [ India ]","2.072","1.48","50","10000","smmwiz","d06b133a-762c-42fd-ba55-692cee1fd456"
"youtube","🇵🇾 YouTube Unique Views - Paraguay [RAV™ - Real &amp; Active Views]","4.956","3.54","500","100000","smmwiz","d1f3dadc-1358-4695-b649-ece05dce2f48"
"youtube","♛ YouTube Social Shares from 16 Sources! [High-Speed] 💎","0.882","0.63","100","500000","smmwiz","d243d97b-4804-469c-b7aa-ced89e22bfe0"
"youtube","🇱🇧 YouTube Unique Views - Lebanon [RAV-GS™ - Real &amp; Active Views]","4.788","3.42","500","100000","smmwiz","d383df29-358b-4cf5-ac4a-d535927fadf4"
"youtube","YouTube Live Stream - (15-Minute Concurrent Viewers) (20K Max) (Instant)","0.28","0.2","10","500000","smmwiz","d45891a3-fa9b-4dfe-83ee-b45e7f44a05b"
"youtube","🇳🇱 YouTube Social Shares [ Netherlands ]","2.072","1.48","50","100000","smmwiz","d45a2708-5124-4bc6-a92b-18a2f9e8e7c2"
"youtube","🇪🇸 YouTube Unique Views - Spain [RAV™ - Real &amp; Active Views]","4.956","3.54","500","100000","smmwiz","d654a2a1-1fbc-460f-8579-879d642a5d98"
"youtube","Youtube Comments [CUSTOM] [100] [ARAB]","74.018","52.87","10","250","smmwiz","d6675f38-a603-44f2-aaaa-73d51a05dd74"
"youtube","Youtube Dislikes [Real] [World Wide] [1K/D] [0-1/H]","7.812","5.58","1","15000","smmwiz","d7d053e4-0e06-42bc-984e-9341b7a5cdc8"
"youtube","South Africa Traffic from YouTube","0.56","0.4","500","1000000","smmwiz","d8a4b6a7-6be5-431b-b698-4e6db86345b1"
"youtube","🌍 YouTube [ Any Country ] Adwords Views – [ Min – 5k ] [ Non Drop ] INSTANT","10.92","7.8","5000","1000000000","smmwiz","d9f4cc6a-c456-4d2c-bc35-5e2bb7bb60db"
"youtube","🇯🇵 YouTube Unique Views - Japan [RAV-GS™ - Real &amp; Active Views]","4.788","3.42","500","100000","smmwiz","d9ffaa28-1415-4465-8c52-47bb25537b05"
"youtube","🇦🇪 YouTube Social Shares [ UAE ]","2.072","1.48","50","100000","smmwiz","db40283d-a5ce-40b7-ad28-9ff48b30f258"
"youtube","🇬🇧 YouTube Unique Views - Great Britain [RAV-GS™ - Real &amp; Active Views]","4.788","3.42","500","100000","smmwiz","dbbb48b7-45da-47db-9f1a-49b189f9ec5b"
"youtube","Youtube Live Stream Views [24 Hours LIVE CONCURRENT] [UPTO 20K VIEWERS/SUPERFAST] INSTANT","135.17","96.55","100","100000","smmwiz","dc9cefc7-2e0c-4b59-89a3-1ce4825886f7"
"youtube","🇵🇱 YouTube Social Shares [ Poland ]","2.072","1.48","50","100000","smmwiz","dca56950-57b8-4efc-b73f-9441e8cc0dab"
"youtube","🇧🇬 YouTube Unique Views - Bulgaria  [RAV-MTS™ - High Monetization Views]","9.562","6.83","500","100000","smmwiz","dcd5ee5b-7701-493d-9cb9-0230bcaae054"
"youtube","Youtube Native ADS Views - [ 100k-300k/day ] [ Min - 500 ] [ Lifetime Refill ] INSTANT","1.554","1.11","500","1000000","smmwiz","dd01ad36-cf5b-4e83-81a6-b0fd7580e5c7"
"youtube","Youtube Livestream Views [150 Minutes]","2.968","2.12","100","100000","smmwiz","ddcea5f7-bd56-4b5a-ad52-32a0ec56dcd8"
"youtube","🇧🇦 YouTube Social Shares [ Bosnia and Herzegovina ]","2.072","1.48","50","10000","smmwiz","e0a2f07b-574d-4b4e-9ca4-60129f9395b4"
"youtube","Youtube Live Stream [180 Minute] [ 80-100% Concurrent ] [ Cheapest In Market ]","1.134","0.81","50","50000","smmwiz","e0ab1824-18d3-42d4-974f-8bf681ab80f9"
"youtube","Youtube Concurrent - Live Stream Views [360 MINUTES] [CHEAPEST] [MAX - 50k] INSTANT","11.298","8.07","50","50000","smmwiz","e0eb2d8e-e687-4e7e-be69-179188668fd2"
"youtube","🇨🇷 YouTube Unique Views - Costa Rica [RAV-GS™ - Real &amp; Active Views]","4.788","3.42","500","100000","smmwiz","e1d90f43-6a99-41a9-b93e-e80be3536f5b"
"youtube","YouTube Unique Views - 𝐅𝐫𝐞𝐧𝐜𝐡 𝐒𝐩𝐞𝐚𝐤𝐞𝐫𝐬 [RAV-GS™ - Real &amp; Active Views]","4.788","3.42","500","100000","smmwiz","e1e0465c-7936-4a1a-8a62-795004ef2f39"
"youtube","🇩🇴 YouTube Social Shares [ Dominican Republic ]","2.072","1.48","50","10000","smmwiz","e1f96a39-f601-48e8-91c1-e9ac356503a1"
"youtube","🇵🇹 YouTube Unique Views - Portugal [RAV™ - Real &amp; Active Views]","4.956","3.54","500","100000","smmwiz","e22dc3a9-1b5b-48dd-b77b-6c84553c7de5"
"youtube","🇵🇱 YouTube Unique Views - Poland [RAV-GS™ - Real &amp; Active Views]","4.788","3.42","500","100000","smmwiz","e3132ffc-877e-4044-93eb-377925bfacdc"
"youtube","🇲🇦 YouTube Social Shares [ Morocco ]","2.072","1.48","50","100000","smmwiz","e57fdc03-5dc5-4e4a-a93f-f7ef72441b3c"
"youtube","Youtube Google Adwords Views [Min 500] [Unlimited Video Length] [Lifetime Guarantee] [10-20K/D] [0-24/H]","6.3","4.5","500","10000000","smmwiz","e6b6809b-a8af-4438-866e-55d0e9412c39"
"youtube","Youtube Live Stream [ 100% Concurrent - 360 Minutes ] Lowest Rate","9.1","6.5","50","500000","smmwiz","e6c5e0e8-0085-42e0-8134-2704b99515e3"
"youtube","🇷🇸 YouTube Unique Viewers - Serbia [TRU™ Titan - Targeted Real Users]","10.892","7.78","500","100000","smmwiz","e6fa632e-42db-4988-acbe-12651dd1ac2c"
"youtube","🇵🇰 YouTube Unique Viewers - Pakistan [TRU™ Titan - Targeted Real Users]","10.892","7.78","500","100000","smmwiz","e7ed3104-7cbf-4922-87ad-4ec53fa80e40"
"youtube","YouTube Live Viewers - [ Stay 12 Hour ] [ ⭐Direct Provider ] ⚡ Fast Increase","21.952","15.68","20","20000","smmwiz","e806be41-234c-4a79-9377-9c4f2261949b"
"youtube","🇳🇱 YouTube Unique Views - Netherlands [RAV-GS™ - Real &amp; Active Views]","4.788","3.42","500","100000","smmwiz","e8f314ee-8c0f-4fdc-94f4-8ccad90f9ea5"
"youtube","Youtube Native ADS Views - [ 100k-300k/day ] [ Min - 1M ] [ Lifetime Refill ] INSTANT","0.868","0.62","1000000","100000000","smmwiz","e98515ae-9dc3-4484-b847-8d15364215b4"
"youtube","YouTube - Views [Retention 90 sec]","7.266","5.19","100","30000","smmwiz","ea708fde-ed38-4cfe-bc7f-eed0801c2e47"
"youtube","🗣️ YouTube Unique Viewers - English Speakers [TRU™ Titan - Targeted Real Users]","16.128","11.52","500","100000","smmwiz","eb83dcdb-eb66-4efa-9e36-fac573797732"
"youtube","USA Traffic from YouTube [LQ]","0.238","0.17","88","88888888","smmwiz","ebbbee4a-1938-4f9e-9a10-bedd2c12afdf"
"youtube","🇹🇭 YouTube Unique Views - Thailand [RAV-MTS™ - High Monetization Views]","9.562","6.83","500","100000","smmwiz","ec000440-edcc-4025-9525-64dba2cbc343"
"youtube","Youtube Live Stream Views - [Min - 5K] [30+ Minutes - Live Concurrent] [High Watching; Reliable] 𝗜𝗡𝗦𝗧𝗔𝗡𝗧","1.568","1.12","5000","1000000","smmwiz","ec89f979-a71e-46ff-86df-c6c5e569aa61"
"youtube","🇹🇳 YouTube Social Shares [ Tunisia ]","2.072","1.48","50","100000","smmwiz","ecda7fae-07b0-470b-a9ad-66038024b227"
"youtube","🇧🇩 YouTube Unique Views - Bangladesh [RAV™ - Real &amp; Active Views]","4.956","3.54","500","100000","smmwiz","ecffba37-cb79-4a7a-9cea-0ae1f9c3f147"
"youtube","♛ YouTube Social Shares from Linkedin","0.882","0.63","100","500000","smmwiz","ed25314c-9f4c-467f-9885-4e8398a517cc"
"youtube","Youtube Concurrent - Live Stream Views [180 MINUTES] [Superfast, Cheapest] INSTANT","1.568","1.12","50","300000","smmwiz","ed41650f-ab44-442a-bac8-513f77881c56"
"youtube","Youtube Native Ads Views [Min 3K] [Lifetime Guarantee] [200-500K/D] [0-12/H]","2.156","1.54","3000","100000000","smmwiz","ed5b170b-1629-4053-b195-5fa749c939ae"
"youtube","YouTube Live Stream Views - [ Premium Quality ] [ Good For Ranking ] [ 60 Mins Live Watching ] INSTANT","2.52","1.8","20","500000","smmwiz","ee02ddb7-f12e-4724-82c7-98225296c8cc"
"youtube","🔥 YouTube CTR Search Views For SHORTS [Custom Keywords]","52.92","37.8","100","1000","smmwiz","ee09f715-89db-4a28-945a-337e7282e632"
"youtube","South Korea Traffic from YouTube","0.56","0.4","500","1000000","smmwiz","ee2d99c4-2944-43aa-a760-eb72c4660354"
"youtube","YouTube Live Views [Stay 3 hours] [⚡Instant] [⭐Guaranteed Direct]","11.578","8.27","50","500000","smmwiz","ee36240d-fa14-48f0-8399-80609ed9d2e0"
"youtube","🇮🇳 Youtube AdWords Views - [ Min - 100k ] [ Speed - 100k/day ] [ Life Time Guaranteed ] 24-72 HRS","1.148","0.82","100000","2147483647","smmwiz","ef828bba-7eac-4e7b-8bba-1e382ca1a268"
"youtube","YouTube Unique Views [RAV-MTS™ - High Monetization Views] + Engagements","8.498","6.07","500","500000","smmwiz","f18fd72b-2720-4028-87ac-d813c5c858af"
"youtube","Youtube Live Stream Views [60 Minutes]","0.238","0.17","50","200000","smmwiz","f1bd4137-c876-4888-a084-4966f721781a"
"youtube","Youtube Live Stream [100% Concurrent] [720 Minutes]","13.552","9.68","50","100000","smmwiz","f2f1f6b2-a1b1-49dd-90b8-b1f61cb14717"
"youtube","Youtube Livestream Views [120 Minutes]","2.17","1.55","100","100000","smmwiz","f3249a15-f913-444c-9be0-8db8a4e7aea0"
"youtube","YouTube Unique Views - 𝐀𝐫𝐚𝐛𝐢𝐜 𝐒𝐩𝐞𝐚𝐤𝐞𝐫𝐬 [RAV-MTS™ - High Monetization Views]","9.562","6.83","500","100000","smmwiz","f44d0495-1b1f-4ad4-875a-444582333ca7"
"youtube","🇬🇹 YouTube Social Shares [ Guatemala ]","2.072","1.48","50","10000","smmwiz","f6a70d1c-6279-4828-84e8-9266621e5194"
"youtube","🇵🇾 YouTube Social Shares [ Paraguay ]","2.072","1.48","50","10000","smmwiz","f6d7df82-7725-4302-bc59-609dbbcea3ea"
"youtube","🇺🇾 YouTube Unique Views - Uruguay [RAV™ - Real &amp; Active Views]","4.956","3.54","500","100000","smmwiz","f7082db4-0cdb-47e5-8395-cf2693fde864"
"youtube","Youtube Concurrent - Live Stream Views [120 MINUTES] [CHEAPEST] [MAX - 50k] INSTANT","3.766","2.69","50","50000","smmwiz","faa9e71b-1b39-4e06-83c9-4af7155b9e96"
"youtube","🇧🇪 YouTube Unique Views - Belgium  [RAV-MTS™ - High Monetization Views]","9.562","6.83","500","100000","smmwiz","fac7d672-d283-4d24-a38e-7ced90025f1d"
"youtube","🇲🇲 YouTube Social Shares [ Myanmar ]","2.072","1.48","50","10000","smmwiz","faf8c385-176c-4703-8909-1a8e6349f5a8"
"youtube","🇲🇰 YouTube Unique Views - North Macedonia [RAV™ - Real &amp; Active Views]","4.956","3.54","500","100000","smmwiz","fbf67b50-c38e-44bc-bbc1-a130aa96d641"
"youtube","Youtube Live Stream Upvotes Option 2 [Instant] [Speed 5k/D] [Max 5k]","4.732","3.38","5","50000","smmwiz","fd52cfb9-47c6-4409-9bc1-f821917222f0"
"youtube","Youtube Live Stream Concurrent Views [HR] [ 1000 Quantity = 1000 Viewers | [ Stay For 2 hours ] INSTANT","1.134","0.81","10","100000","smmwiz","fd66c6e1-eb00-4242-bf02-6e0bfb7cb580"
"youtube","🇽🇰 YouTube Unique Viewers - Kosovo [TRU™ Titan - Targeted Real Users]","10.892","7.78","500","100000","smmwiz","fd94387b-509d-4541-9aa8-99c29439eb34"
"youtube","🇧🇪 YouTube Social Shares [ Belgium ]","2.072","1.48","50","100000","smmwiz","fe5dea83-d7c5-449c-b4ec-aaba302430b1"
"youtube","🗣️ YouTube Unique Viewers - German Speakers [TRU™ Titan - Targeted Real Users]","10.892","7.78","500","100000","smmwiz","fec28ee5-c47d-4a92-be7d-5391366ad94a"
"youtube","YouTube Live Views [Stay 12 hours] [⚡Instant] [⭐Guaranteed Direct]","39.9","28.5","50","500000","smmwiz","fff1c058-491b-4dbf-a153-e0e4618f4361"
"youtube","♛ YouTube Social Shares [ ~𝟏𝟎,𝟎𝟎𝟎+ 𝐏𝐞𝐫 𝐃𝐚𝐲 ]","1.414","1.01","5000","1000000","smmwiz","ea8a5caa-68cd-42d1-92e6-a067db008700"
"youtube","Youtube Live Stream [30 Minutes] [ Concurrent ] [ Cheapest In Market ]","0.252","0.18","50","50000","smmwiz","ea8e74d1-9f6b-493f-9322-edbe9e0c17e8"
"youtube","🇭🇰 YouTube Unique Views - Hong Kong [RAV-GS™ - Real &amp; Active Views]","4.788","3.42","500","100000","smmwiz","ea9cf4db-2642-4108-9bfb-232aa4bdb4fe"
"youtube","🇦🇷 YouTube Social Shares [ Argentina ]","2.072","1.48","50","100000","smmwiz","eae2343c-e490-4d08-b3d1-3700beeac95e"
"youtube","YouTube Live Views [Stay 24 hours] [⚡Instant] [⭐Guaranteed Direct]","79.8","57","50","500000","smmwiz","eb4d85ac-f97a-4b6e-b3ad-c87c6667143b"
"youtube","Youtube Subscribers + Increase Watchtime [30 Days Refill] [1K/D] [Instant]","23.016","16.44","100","10000","smmwiz","f4c1e9e5-c185-4741-a85e-8052ae2df44d"
"youtube","🇭🇺 YouTube Social Shares [ Hungary ]","2.072","1.48","50","100000","smmwiz","f5e0827a-bd60-41c0-a2b3-a7229029e6ef"
"youtube","🇯🇵 YouTube Social Shares [ Japan ]","2.072","1.48","50","100000","smmwiz","f73fbc49-2bdb-4174-a08a-3ebdbb69d2af"
"youtube","🇷🇸 YouTube Social Shares [ Serbia ]","2.072","1.48","50","100000","smmwiz","f73fd5fa-0a36-4140-a4a9-778f33873645"
"youtube","Youtube Short Views [No Drop] [Lifetime Guaranteed] [1-2K/D] [0-8/H]","1.344","0.96","50","10000000","smmwiz","f8423a6f-b960-4837-9c28-61cfecd477ff"
"youtube","🇲🇺 YouTube Social Shares [ Mauritius ]","2.072","1.48","50","10000","smmwiz","fb26774e-ae8a-42e3-beb2-c60db4b5692b"
"youtube","🇱🇧 YouTube Social Shares [ Lebanon ]","2.072","1.48","50","10000","smmwiz","fc79852f-2a37-4344-a39b-0f76776f11a1"
"youtube","Youtube RANDOM Japan Comments","46.256","33.04","10","250","smmwiz","fdd6035f-3825-4a23-9955-0859eb0e750a"
"youtube","Youtube Live Stream Views + Likes [360 Minutes]","1.848","1.32","50","5000000","smmwiz","fddd217f-3265-4cbe-8fea-3596561a3b6f"
"youtube","🇸🇩 YouTube Unique Views - Sudan [RAV-GS™ - Real &amp; Active Views]","4.788","3.42","500","100000","smmwiz","fee836a1-6b6d-40a3-b541-201063085bd3"
"youtube","🇧🇦 YouTube Unique Views - Bosnia and Herzegovina [RAV-GS™ - Real &amp; Active Views]","4.788","3.42","500","100000","smmwiz","fef3c696-ae01-4956-ae2f-39e0dcbdbc2b"
"youtube","YouTube Live Stream - (24-Hours Concurrent Viewers) (20K Max) (Instant)","24.472","17.48","10","500000","smmwiz","ff18b5b2-62a5-4e80-ab25-4e71d48b6ebb"
"youtube","Youtube Likes + %50-100 Views [Increase Watchtime] [No Drop] [Lifetime Guarantee] [50K/D] [Instant]","6.72","4.8","20","100000","smmwiz","ff1e8f7d-ba6b-4886-a7fe-53e29a079e00"
